ID;Tipo Defeito;Status;Squad;Nome;Sistema;Comunidade;Alvo;Criticidade;Criado Por;Data Criacao Item Backlog;Data Resolucao Item Backlog;Qtd
22628945;Teste Funcional;Em Refinamento;RC029 - Risco Social, Ambiental e Climático;Manter Parâmetro BACEN Anexo_04 - Situação Sicor 1493650Manter Parâmetro do BACEN - Situação SICOR (Anexo 4);SIRSA;Risco, Compliance e Adimplência;Testes Funcionais;Q1;Iclea da Silva Bernardes;02/01/2025;;1
22629467;Defeito;Implantado;CI009 - NOVO FUNDO DE INVESTIMENTOS (SIGFA Shield-SQ-4);SIGFA | Erro - Processamento de Fundos - movimento rejeitado na etapa Converte Resgate  ;SIGFA;Câmbio, Investimentos e Mercado de Capitais;Testes Funcionais;Q3;Luiz Eduardo Cerrato Costa;02/01/2025;24/03/2025;1
22631892;Teste Funcional;Implantado;CI009 - NOVO FUNDO DE INVESTIMENTOS (SIGFA Shield-SQ-4);"[CEGTI] | SIGFA | HU 19177251 - Não exibiu os campos ""CPF/CNPJ"" e ""Produto"" no envio e recebimento do SID01";SIGFA;Câmbio, Investimentos e Mercado de Capitais;Testes Funcionais;Q3;Marcio Fernandes Alves;03/01/2025;19/02/2025;1
22632626;Teste Funcional;Implantado;CI009 - NOVO FUNDO DE INVESTIMENTOS (SIGFA Shield-SQ-4);[CEGTI] | SIGFA | HU 19177251 - Erro ao tentar cancelar um adiantamento no resgate;SIGFA;Câmbio, Investimentos e Mercado de Capitais;Testes Funcionais;Q3;Marcio Fernandes Alves;03/01/2025;19/02/2025;1
22633223;Defeito;Implantado;FD010 - SIAVO - Controle Proj e desembolsos do FGTS;SIAVO - GEAVO - Inconsistência exibição de Pendência Validada - Contratação da Proposta;SIAVO;Fomento e Depósitos Judiciais;Testes Funcionais;Q1;Ana Paula Hutter Carvalho;03/01/2025;21/01/2025;1
22634606;Teste Funcional;Implantado;FD010 - SIAVO - Controle Proj e desembolsos do FGTS;"SIAVO - [Acompanhamento de Obras] Exibição indevida da mensagem ""A operação não foi enquadrada em nenhum parâmetro do sistema""";SIAVO;Fomento e Depósitos Judiciais;Testes Funcionais;Q1;Angelica Rodrigues da Silva Gomes;06/01/2025;31/03/2025;1
22637683;Teste Funcional;Em Refinamento;RC029 - Risco Social, Ambiental e Climático;Parametrização Manual das Regras de Avaliações de RSAC definidas pelo BACEN - Tipo de Cliente (Anexo_05) - C3 Alterar um Tipo de Cliente (Anexo 5);SIRSA;Risco, Compliance e Adimplência;Testes Funcionais;Q1;Iclea da Silva Bernardes;07/01/2025;;1
22637902;Teste Funcional;Em Refinamento;RC029 - Risco Social, Ambiental e Climático;Parametrização Manual das Regras de Avaliações de RSAC definidas pelo BACEN - Tipo de Risco Social (Anexo_06) - C3 Alterar um Tipo de Risco Social (Anexo 6);SIRSA;Risco, Compliance e Adimplência;Testes Funcionais;Q1;Iclea da Silva Bernardes;07/01/2025;;1
22638097;Teste Funcional;Em Refinamento;RC029 - Risco Social, Ambiental e Climático;Parametrização Manual das Regras de Avaliações de RSAC definidas pelo BACEN - Tipo de Risco Social (Anexo_06) - C1 - Consultar Parâmetro do BACEN - Tipo de Risco Social (Anexo 6);SIRSA;Risco, Compliance e Adimplência;Testes Funcionais;Q1;Iclea da Silva Bernardes;07/01/2025;;1
22639658;Defeito;Implantado;CI009 - NOVO FUNDO DE INVESTIMENTOS (SIGFA Shield-SQ-4);SIGFA | Erro - Consultas - Informes Sintético PF e Sintético PJ - Erro inesperado na consulta;SIGFA;Câmbio, Investimentos e Mercado de Capitais;Testes Funcionais;Q3;Thiago Pereira Gonzalez;07/01/2025;19/02/2025;1
22639732;Teste Funcional;Não Aceito;FD010 - SIAVO - Controle Proj e desembolsos do FGTS;SIAVO - [Acompanhamento de Obras] Inconsistências na tela Acompanhamento de Obras - Dados Contratuais;SIAVO;Fomento e Depósitos Judiciais;Testes Funcionais;Q1;Angelica Rodrigues da Silva Gomes;07/01/2025;;1
22643802;Teste Funcional;Implantado;MP024 - CAIXA Cartões;"Falhando o Caso de Teste ""CT_QLD_Validar_A_Exibicao_De_Mensagem_De_Atencao_Com_Cor_Amarela_Para_""Restricoes_Encontradas""_No_Comprovante_Para_Clientes_Com_Antifraude_E_CPF_Restrito""";SIPPG;Meios de Pagamento;Testes Funcionais;Q1;Mardeli Ribeiro Rocha;09/01/2025;17/01/2025;1
22643985;Defeito;Pronto;CR023 - SIREP;[DEFEITO] 22643985 - SIREP - GECRE  - Defeito no tratamento dos arquivos de contratação e alteração de convênio quando há tarifa habilitada;SIREP;Crédito Comercial e Agronegócio;Testes Funcionais;Q1;Diego Gustavo Detsch;09/01/2025;;1
22645350;Teste Funcional;Aceito;CA007 - PNC Plataforma;SIPNC - PLTF - Sprint 45 - MFE Página Inicial - Implementar Card de Links Úteis no MFE Página Inicial - divergências na funcionalidade;SIPNC;Canais Físicos;Testes Funcionais;Q4;Simone Hisae Fujita;09/01/2025;;1
22648445;Defeito;Pronto;BI006 - Estruturante;SICTM - Requisita recurso protegido;SICTM;Box Cidadania Digital;Testes Funcionais;Q2;Lino Hideki Requiao Shibasaki;10/01/2025;;1
22649099;Teste Funcional;Implantado;CI009 - NOVO FUNDO DE INVESTIMENTOS (SIGFA Shield-SQ-4);[CEGTI] | SIGFA | Erro - Não está atualizando registros na solicitação de movimentação;SIGFA;Câmbio, Investimentos e Mercado de Capitais;Testes Funcionais;Q3;Leandro Eiji Nisiyama;10/01/2025;17/02/2025;1
22649439;Teste Funcional;Implantado;CR053 - SICDT Time Mercúrio;"Falhando o Caso de Teste ""CTM_QLD_Gerar arquivo SIAPC""";SICDT;Crédito Comercial e Agronegócio;Testes Funcionais;Q3;Dener Lima Norte;12/01/2025;14/01/2025;1
22649894;Teste Funcional;Implantado;CI009 - NOVO FUNDO DE INVESTIMENTOS (SIGFA Shield-SQ-4);"[CEGTI] | SIGFA | Erro - Contratos PF ativados com sucesso no SICLI apresentam status ""Rejeitado"" ao processar arquivo de retorno no SIGFA";SIGFA;Câmbio, Investimentos e Mercado de Capitais;Testes Funcionais;Q3;Bruno Leao Alves da Silva;13/01/2025;17/02/2025;1
22654202;Defeito;Novo;CA026 - SIAVL - Modernização;SIAVL - Modernização - ACESSIBILIDADE - DEFEITO da tela Selecionar Tipo de Atendimento - ID 8;SIAVL;Canais Físicos;Testes Funcionais;Q3;Mariana Bargas Gueiros Granja;14/01/2025;;1
22654386;Defeito;Novo;CA026 - SIAVL - Modernização;SIAVL - Modernização - ACESSIBILIDADE - DEFEITO da tela Selecionar Tipo de Atendimento - ID 9;SIAVL;Canais Físicos;Testes Funcionais;Q3;Mariana Bargas Gueiros Granja;14/01/2025;;1
22654473;Defeito;Novo;CA026 - SIAVL - Modernização;SIAVL - Modernização - ACESSIBILIDADE - DEFEITO da tela Selecionar Tipo de Atendimento - ID 10;SIAVL;Canais Físicos;Testes Funcionais;Q3;Mariana Bargas Gueiros Granja;14/01/2025;;1
22654522;Defeito;Novo;CA026 - SIAVL - Modernização;eSIAVL - Modernização - ACESSIBILIDADE - DEFEITO da tela Selecionar Tipo de Atendimento - ID 11;SIAVL;Canais Físicos;Testes Funcionais;Q3;Mariana Bargas Gueiros Granja;14/01/2025;;1
22654594;Defeito;Novo;CA026 - SIAVL - Modernização;SIAVL - Modernização - ACESSIBILIDADE - DEFEITO da tela Selecionar Tipo de Atendimento - ID 12;SIAVL;Canais Físicos;Testes Funcionais;Q3;Mariana Bargas Gueiros Granja;14/01/2025;;1
22654976;Defeito;Novo;CA026 - SIAVL - Modernização;SIAVL - Modernização - ACESSIBILIDADE - Interactive controls must not be nested - ID 13;SIAVL;Canais Físicos;Testes Funcionais;Q3;Thiago Xavier de Almeida;14/01/2025;;1
22655001;Defeito;Novo;CA026 - SIAVL - Modernização;SIAVL - Modernização - ACESSIBILIDADE - Heading levels shoud only increase by one - ID 14;SIAVL;Canais Físicos;Testes Funcionais;Q3;Thiago Xavier de Almeida;14/01/2025;;1
22655040;Defeito;Novo;CA026 - SIAVL - Modernização;SIAVL - Modernização - ACESSIBILIDADE - All page content shoud be contained by landmarks - ID 15;SIAVL;Canais Físicos;Testes Funcionais;Q3;Thiago Xavier de Almeida;14/01/2025;;1
22655068;Defeito;Novo;CA026 - SIAVL - Modernização;"SIAVL - Modernização - ACESSIBILIDADE - Texto ""confirmar"" do botão que da continuidade ao fluxo (botão ""Confirmar"") sem contraste mínimo esperado - ID 16";SIAVL;Canais Físicos;Testes Funcionais;Q3;Thiago Xavier de Almeida;14/01/2025;;1
22655086;Defeito;Novo;CA026 - SIAVL - Modernização;"SIAVL - Modernização - ACESSIBILIDADE - Botão ""Confirmar"" não possui contraste mínimo não textual - ID 17";SIAVL;Canais Físicos;Testes Funcionais;Q3;Thiago Xavier de Almeida;14/01/2025;;1
22655595;Teste Funcional;Implantado;CB006 - Nova Solução de Protesto;GEQTI] - Defeito - SIMPR - TQS - HU22610076 - SIMPR - Mensagem negocial IP por demanda - Não exibe a mensagem relacionado a Batch fora do ar.;SIMPR;Cobrança e Operações Bancárias;Testes Funcionais;Q3;Dicson Pereira Tenorio de Araujo;14/01/2025;28/01/2025;1
22657999;Teste Funcional;Implantado;CB006 - Nova Solução de Protesto;GEQTI] - Defeito - SIMPR - TQS - HU22610076 - SIMPR - Mensagem negocial IP por demanda - Exibe mensagem não configurada quando reinicia a conexão;SIMPR;Cobrança e Operações Bancárias;Testes Funcionais;Q3;Dicson Pereira Tenorio de Araujo;15/01/2025;28/01/2025;1
22658359;Teste de Regressão;Implementado;FD010 - SIAVO - Controle Proj e desembolsos do FGTS;"SIAVO - [Propostas Selecionadas] Filtro ""PAC"" exibindo quantidade de propostas diferente da consulta na Base de Dados";SIAVO;Fomento e Depósitos Judiciais;Testes Funcionais;Q1;Angelica Rodrigues da Silva Gomes;15/01/2025;;1
22658433;Teste de Regressão;Novo;FD010 - SIAVO - Controle Proj e desembolsos do FGTS;"SIAVO - [Acompanhamento de Obras] Filtro ""Encerradas"" está considerando operações na situação ""Não Iniciada""";SIAVO;Fomento e Depósitos Judiciais;Testes Funcionais;Q1;Angelica Rodrigues da Silva Gomes;15/01/2025;;1
22659211;Teste Funcional;Novo;FD010 - SIAVO - Controle Proj e desembolsos do FGTS;SIAVO - [Importação Arquivo MDR] Número da Proposta não exibido no relatório de críticas ao enviar Valor de Financiamento/Investimento inválido;SIAVO;Fomento e Depósitos Judiciais;Testes Funcionais;Q1;Angelica Rodrigues da Silva Gomes;16/01/2025;;1
22661308;Defeito;Pronto;RC021 - Acompanhamento de Garantias;SIACG - Defeito Gravação de Histórico de Garantia;SIACG;Risco, Compliance e Adimplência;Testes Funcionais;Q3;Alice Perlingeiro Regula;16/01/2025;;1
22661371;Teste Funcional;Novo;FD010 - SIAVO - Controle Proj e desembolsos do FGTS;SIAVO - [Acompanhamento de Obras] Nome do Agente Promotor deixa de ser exibido após concluir a alteração;SIAVO;Fomento e Depósitos Judiciais;Testes Funcionais;Q1;Angelica Rodrigues da Silva Gomes;16/01/2025;;1
22662954;Defeito;Implantado;CI009 - NOVO FUNDO DE INVESTIMENTOS (SIGFA Shield-SQ-4);SIGFA | Erro - Tela Histórico de Processamento - busca por fundo com cadastro inativo não retorna registro e opções do campo de filtro não apresentadas;SIGFA;Câmbio, Investimentos e Mercado de Capitais;Testes Funcionais;Q3;Luiz Eduardo Cerrato Costa;17/01/2025;19/02/2025;1
22664056;Teste Funcional;Implantado;CI009 - NOVO FUNDO DE INVESTIMENTOS (SIGFA Shield-SQ-4);[CEGTI] | SIGFA | Erro - Mensagem de erro quando informa algum fundo na pesquisa avançada de transferência de titularidade;SIGFA;Câmbio, Investimentos e Mercado de Capitais;Testes Funcionais;Q3;Leandro Eiji Nisiyama;17/01/2025;19/02/2025;1
22667737;Teste Funcional;Novo;CA031 - PNC - Devs CAIXA;[GEQTI] - SIPNC - Conversão - Conversão - Crédito Salário - Autorizar Retenção com Senha - FrontEnd para MicroFrontEnd;SIPNC;Canais Físicos;Testes Funcionais;Q4;Waldir Bertholdo;21/01/2025;;1
22668355;Teste Funcional;Novo;FD010 - SIAVO - Controle Proj e desembolsos do FGTS;SIAVO - [Propostas Selecionadas] Ações disponíveis indevidamente para propostas arquivadas;SIAVO;Fomento e Depósitos Judiciais;Testes Funcionais;Q1;Angelica Rodrigues da Silva Gomes;21/01/2025;;1
22669210;Teste Funcional;Novo;FD010 - SIAVO - Controle Proj e desembolsos do FGTS;"SIAVO - [Propostas Selecionadas] Proposta no status ""Em Criação"" não está sendo arquivada";SIAVO;Fomento e Depósitos Judiciais;Testes Funcionais;Q1;Angelica Rodrigues da Silva Gomes;21/01/2025;;1
22669581;Teste Funcional;Implantado;CI009 - NOVO FUNDO DE INVESTIMENTOS (SIGFA Shield-SQ-4);[CEGTI] | SIGFA | Erro - Data de inicio e fim de contrato iguais no arquivo de Envio ao SICLI para contrato encerrado;SIGFA;Câmbio, Investimentos e Mercado de Capitais;Testes Funcionais;Q3;Bruno Leao Alves da Silva;21/01/2025;07/03/2025;1
22669771;Teste Funcional;Novo;FD010 - SIAVO - Controle Proj e desembolsos do FGTS;SIAVO - [Propostas Selecionadas] Ações disponíveis indevidamente para propostas vencidas;SIAVO;Fomento e Depósitos Judiciais;Testes Funcionais;Q1;Angelica Rodrigues da Silva Gomes;21/01/2025;;1
22671279;Defeito;Implantado;RC011 - Gravame de Garantias;SIACG - Gestão produto: Erro ao parametrizar garantias;SIACG;Risco, Compliance e Adimplência;Testes Funcionais;Q3;Cezario Rodrigues da Costa Neto;22/01/2025;24/02/2025;1
22672000;Teste Funcional;Implantado;MP032 - [PIX] SISPX - Pix Automático;"Falhando o Caso de Teste ""CT_QLD_Cen01_Consultar_Origem_de_Recebimento_da _Recorrencia""";SISPX;Meios de Pagamento;Testes Funcionais;Q3;Ana Paula Azevedo Goretti;22/01/2025;22/01/2025;1
22672421;Defeito;Novo;CA026 - SIAVL - Modernização;SIAVL - Modernização - ACESSIBILIDADE - DEFEITO da tela Identificação Positiva - ID 25;SIAVL;Canais Físicos;Testes Funcionais;Q3;Mariana Bargas Gueiros Granja;22/01/2025;;1
22672561;Defeito;Novo;CA026 - SIAVL - Modernização;SIAVL - Modernização - ACESSIBILIDADE - DEFEITO da tela Identificação Positiva - ID 26;SIAVL;Canais Físicos;Testes Funcionais;Q3;Mariana Bargas Gueiros Granja;22/01/2025;;1
22672936;Defeito;Novo;CA026 - SIAVL - Modernização;SIAVL - Modernização - ACESSIBILIDADE - DEFEITO da tela Identificação Positiva - ID 18;SIAVL;Canais Físicos;Testes Funcionais;Q3;Thiago Xavier de Almeida;23/01/2025;;1
22672940;Defeito;Novo;CA026 - SIAVL - Modernização;SIAVL - Modernização - ACESSIBILIDADE - DEFEITO da tela Identificação Positiva - ID 19;SIAVL;Canais Físicos;Testes Funcionais;Q3;Thiago Xavier de Almeida;23/01/2025;;1
22672945;Defeito;Novo;CA026 - SIAVL - Modernização;SIAVL - Modernização - ACESSIBILIDADE - DEFEITO da tela Identificação Positiva - ID 20;SIAVL;Canais Físicos;Testes Funcionais;Q3;Thiago Xavier de Almeida;23/01/2025;;1
22672949;Defeito;Novo;CA026 - SIAVL - Modernização;SIAVL - Modernização - ACESSIBILIDADE - DEFEITO da tela Identificação Positiva - ID 21;SIAVL;Canais Físicos;Testes Funcionais;Q3;Thiago Xavier de Almeida;23/01/2025;;1
22672954;Defeito;Novo;CA026 - SIAVL - Modernização;SIAVL - Modernização - ACESSIBILIDADE - DEFEITO da tela Identificação Positiva - ID 22;SIAVL;Canais Físicos;Testes Funcionais;Q3;Thiago Xavier de Almeida;23/01/2025;;1
22672961;Defeito;Novo;CA026 - SIAVL - Modernização;SIAVL - Modernização - ACESSIBILIDADE - DEFEITO da tela Identificação Positiva - ID 23;SIAVL;Canais Físicos;Testes Funcionais;Q3;Thiago Xavier de Almeida;23/01/2025;;1
22672964;Defeito;Novo;CA026 - SIAVL - Modernização;SIAVL - Modernização - ACESSIBILIDADE - DEFEITO da tela Identificação Positiva - ID 24;SIAVL;Canais Físicos;Testes Funcionais;Q3;Thiago Xavier de Almeida;23/01/2025;;1
22673901;Teste Funcional;Implantado;CI009 - NOVO FUNDO DE INVESTIMENTOS (SIGFA Shield-SQ-4);"[CEGTI] | SIGFA | Erro - Contratos de ativação e encerramento rejeitados no SICLI apresentam status ""Acatado"" ao processar arquivo de retorno no SIGFA";SIGFA;Câmbio, Investimentos e Mercado de Capitais;Testes Funcionais;Q3;Bruno Leao Alves da Silva;23/01/2025;07/03/2025;1
22674268;Defeito;Implantado;CI009 - NOVO FUNDO DE INVESTIMENTOS (SIGFA Shield-SQ-4);"SIGFA | Erro - Consulta lançamento em Liquidação Financeira com situação  ""Enviado"" para lançamento composto retornado com sucesso no processamento do SID05";SIGFA;Câmbio, Investimentos e Mercado de Capitais;Testes Funcionais;Q3;Luiz Eduardo Cerrato Costa;23/01/2025;03/04/2025;1
22675744;Defeito;Pronto;ES014 - Transações Multicanal e Comprovantes;SIMTX - Pix - Tratamento do timeout não impeditivo da tarefa de Envio de Pix;SIMTX;Estruturantes de TI;Testes Funcionais;Q4;Hellen Aparecida Souto Domingos;23/01/2025;;1
22678284;Defeito;Pronto;ES014 - Transações Multicanal e Comprovantes;SIMTX - Cancelamento de Pix - Validações da transação a ser cancelada;SIMTX;Estruturantes de TI;Testes Funcionais;Q4;Hellen Aparecida Souto Domingos;24/01/2025;;1
22678666;Defeito;Implantado;CI009 - NOVO FUNDO DE INVESTIMENTOS (SIGFA Shield-SQ-4);SIGFA | Erro - Sistema apresentou mais de um registro em Transações de Usuários para uma única solicitação de alteração em Cadastros - Roteiro Operacional - Alterar;SIGFA;Câmbio, Investimentos e Mercado de Capitais;Testes Funcionais;Q3;Luiz Eduardo Cerrato Costa;24/01/2025;07/03/2025;1
22682803;Teste Funcional;Implantado;CR023 - SIREP;[GEQTI] - SIREP - DEFEITO - MONKEY 16.3 - Erro no parâmetro de valor mínimo do recebível.;SIREP;Crédito Comercial e Agronegócio;Testes Funcionais;Q1;Van Kaiser Kankakee de Sousa Silva;28/01/2025;01/04/2025;1
22682959;Teste Funcional;Novo;CR023 - SIREP;[GEQTI] - SIREP - DEFEITO - MONKEY 16.3 - Erro no parâmetro Indicador de Cobrança de Tarifa de Cessão de Direitos Creditórios.;SIREP;Crédito Comercial e Agronegócio;Testes Funcionais;Q1;Van Kaiser Kankakee de Sousa Silva;28/01/2025;;1
22685649;Teste Funcional;Novo;FD010 - SIAVO - Controle Proj e desembolsos do FGTS;SIAVO - [Acompanhamento de Obras] Ícone de Editar detalhes da proposta exibido em duplicidade;SIAVO;Fomento e Depósitos Judiciais;Testes Funcionais;Q1;Angelica Rodrigues da Silva Gomes;28/01/2025;;1
22689187;Defeito;Novo;CA026 - SIAVL - Modernização;SIAVL - Modernização - ACESSIBILIDADE - DEFEITO da tela Realizar Negócio - ID 27;SIAVL;Canais Físicos;Testes Funcionais;Q3;Mariana Bargas Gueiros Granja;29/01/2025;;1
22689260;Defeito;Novo;CA026 - SIAVL - Modernização;SIAVL - Modernização - ACESSIBILIDADE - DEFEITO da tela Realizar Negócio - ID 28;SIAVL;Canais Físicos;Testes Funcionais;Q3;Mariana Bargas Gueiros Granja;29/01/2025;;1
22689695;Defeito;Novo;CA026 - SIAVL - Modernização;SIAVL - Modernização - ACESSIBILIDADE - DEFEITO da tela Realizar Negócio - ID 29;SIAVL;Canais Físicos;Testes Funcionais;Q3;Thiago Xavier de Almeida;30/01/2025;;1
22689703;Defeito;Novo;CA026 - SIAVL - Modernização;SIAVL - Modernização - ACESSIBILIDADE - DEFEITO da tela Realizar Negócio - ID 30;SIAVL;Canais Físicos;Testes Funcionais;Q3;Thiago Xavier de Almeida;30/01/2025;;1
22689719;Defeito;Novo;CA026 - SIAVL - Modernização;SIAVL - Modernização - ACESSIBILIDADE - DEFEITO da tela Realizar Negócio - ID 31;SIAVL;Canais Físicos;Testes Funcionais;Q3;Thiago Xavier de Almeida;30/01/2025;;1
22689730;Defeito;Novo;CA026 - SIAVL - Modernização;SIAVL - Modernização - ACESSIBILIDADE - DEFEITO da tela Realizar Negócio - ID 32;SIAVL;Canais Físicos;Testes Funcionais;Q3;Thiago Xavier de Almeida;30/01/2025;;1
22691085;Defeito;Implantado;CI009 - NOVO FUNDO DE INVESTIMENTOS (SIGFA Shield-SQ-4);SIGFA | Erro - Processamento de Fundos - Etapa Liquida Resgate - informações divergentes na composição da interface para o SID05;SIGFA;Câmbio, Investimentos e Mercado de Capitais;Testes Funcionais;Q3;Luiz Eduardo Cerrato Costa;30/01/2025;01/04/2025;1
22691243;Teste Funcional;Novo;CR023 - SIREP;[GEQTI] - SIREP - DEFEITO - MONKEY 16.3 - Erro ao cadastrar convênio com conceito abaixo do que foi parametrizado.;SIREP;Crédito Comercial e Agronegócio;Testes Funcionais;Q1;Van Kaiser Kankakee de Sousa Silva;30/01/2025;;1
22692132;Teste Funcional;Aceito;CA007 - PNC Plataforma;SIPNC - PLTF - Sprint 46 - MFE RELATORIOS/BFF - Templates: Listar Templates do Relatório (GET /templates) - divergências na funcionalidade;SIPNC;Canais Físicos;Testes Funcionais;Q4;Simone Hisae Fujita;30/01/2025;;1
22693437;Teste Funcional;Implantado;CI009 - NOVO FUNDO DE INVESTIMENTOS (SIGFA Shield-SQ-4);"[CEGTI] | SIGFA | Erro - Arquivo SIPDI não está ordenando ""cada Código produto seguir a ordem crescente por CPF/CNPJ do cliente""";SIGFA;Câmbio, Investimentos e Mercado de Capitais;Testes Funcionais;Q3;Leandro Eiji Nisiyama;31/01/2025;01/04/2025;1
22694857;Defeito;Implantado;CA020 - PNC Evolução II;SIPNC - EVL II - Sprint 12 - Extrato de Contas - Correções Diversas;SIPNC;Canais Físicos;Testes Funcionais;Q4;Leonardo Ullmann Correa;31/01/2025;20/03/2025;1
22695198;Teste Funcional;Implantado;CI009 - NOVO FUNDO DE INVESTIMENTOS (SIGFA Shield-SQ-4);[CEGTI] | SIGFA | Erro - Problema encontrado no momento da geração do arquivo do SIDEM;SIGFA;Câmbio, Investimentos e Mercado de Capitais;Testes Funcionais;Q3;Thiago Sousa Xavier;31/01/2025;01/04/2025;1
22697799;Defeito;Implantado;CI009 - NOVO FUNDO DE INVESTIMENTOS (SIGFA Shield-SQ-4);SIGFA | Erro - Inconsistência ao apresentar o resultado de busca que não retorna registro na Tela Roteiro Contábil - Pesquisa Avançada;SIGFA;Câmbio, Investimentos e Mercado de Capitais;Testes Funcionais;Q3;Luiz Eduardo Cerrato Costa;03/02/2025;24/03/2025;1
22702813;Defeito;Implementado;ES014 - Transações Multicanal e Comprovantes;SIMTX - Resolve Pendência - Erros no processamento;SIMTX;Estruturantes de TI;Testes Funcionais;Q4;Hellen Aparecida Souto Domingos;04/02/2025;;1
22706349;Defeito;Implantado;CR054 - SICDT Time Saturno;DE - SICDT - GEPCI01 - Recebimento de parcelas 723  ;SICDT;Crédito Comercial e Agronegócio;Testes Funcionais;Q3;Ana Emilia Mora Cruvinel;05/02/2025;14/02/2025;1
22710267;Defeito;Implantado;CI009 - NOVO FUNDO DE INVESTIMENTOS (SIGFA Shield-SQ-4);[POS-TQS] - SIGFA | Erro - Falha ao concluir a inclusão de solicitação de Transferência de Titularidade;SIGFA;Câmbio, Investimentos e Mercado de Capitais;Testes Funcionais;Q3;Luiz Eduardo Cerrato Costa;06/02/2025;07/03/2025;1
22726142;Teste Funcional;Em Refinamento;RC029 - Risco Social, Ambiental e Climático;Parametrização Manual das Regras de Avaliações de RSAC definidas pelo BACEN - Tipo de Risco Social (Anexo_06) - C3 Alterar um tipo de Risco Social - RN19;SIRSA;Risco, Compliance e Adimplência;Testes Funcionais;Q1;Iclea da Silva Bernardes;11/02/2025;;1
22728092;Teste Funcional;Implantado;CB006 - Nova Solução de Protesto;SIMPR - Demanda Técnica - GEQTI - Defeito - SIMPR - TQS - 22590145  - Histórico do título - Responsável pela alteração da situação não é exibido;SIMPR;Cobrança e Operações Bancárias;Testes Funcionais;Q3;Dicson Pereira Tenorio de Araujo;12/02/2025;16/04/2025;1
22733924;Defeito;Implantado;CI009 - NOVO FUNDO DE INVESTIMENTOS (SIGFA Shield-SQ-4);SIGFA | Erro - Cadastro de Cotas – Excluir – Exclusão para movimento “Processado” ou “Rejeitado”;SIGFA;Câmbio, Investimentos e Mercado de Capitais;Testes Funcionais;Q3;Thiago Pereira Gonzalez;13/02/2025;24/03/2025;1
22737061;Defeito;Novo;CA026 - SIAVL - Modernização;SIAVL - Modernização - ACESSIBILIDADE - DEFEITO da tela Histórico de Notas - ID 33;SIAVL;Canais Físicos;Testes Funcionais;Q3;Mariana Bargas Gueiros Granja;14/02/2025;;1
22737232;Defeito;Novo;CA026 - SIAVL - Modernização;SIAVL - Modernização - ACESSIBILIDADE - DEFEITO da tela Histórico de Notas - ID 34;SIAVL;Canais Físicos;Testes Funcionais;Q3;Mariana Bargas Gueiros Granja;14/02/2025;;1
22737365;Defeito;Novo;CA026 - SIAVL - Modernização;SIAVL - Modernização - ACESSIBILIDADE - DEFEITO da tela Histórico de Notas - ID 35;SIAVL;Canais Físicos;Testes Funcionais;Q3;Mariana Bargas Gueiros Granja;14/02/2025;;1
22737526;Defeito;Novo;CA026 - SIAVL - Modernização;SIAVL - Modernização - ACESSIBILIDADE - DEFEITO da tela Histórico de Notas - ID 36;SIAVL;Canais Físicos;Testes Funcionais;Q3;Mariana Bargas Gueiros Granja;14/02/2025;;1
22737650;Defeito;Novo;CA026 - SIAVL - Modernização;SIAVL - Modernização - ACESSIBILIDADE - DEFEITO da tela Histórico de Notas - ID 37;SIAVL;Canais Físicos;Testes Funcionais;Q3;Mariana Bargas Gueiros Granja;14/02/2025;;1
22737740;Defeito;Novo;CA026 - SIAVL - Modernização;SIAVL - Modernização - ACESSIBILIDADE - DEFEITO da tela Histórico de Notas - ID 38;SIAVL;Canais Físicos;Testes Funcionais;Q3;Mariana Bargas Gueiros Granja;14/02/2025;;1
22751561;Defeito;Implantado;CI009 - NOVO FUNDO DE INVESTIMENTOS (SIGFA Shield-SQ-4);SIGFA | Erro - Serviço Aplicação em Fundos de Investimento - valor da liquidação diferente do valor aplicado;SIGFA;Câmbio, Investimentos e Mercado de Capitais;Testes Funcionais;Q3;Luiz Eduardo Cerrato Costa;17/02/2025;24/03/2025;1
22756284;Teste Funcional;Implantado;CB006 - Nova Solução de Protesto;GEQTI] - Defeito - SIMPR - TQS - 22706961 - Alteração de variáveis exibidas no retorno dos IPs - Erro no valor de agencia_cedente;SIMPR;Cobrança e Operações Bancárias;Testes Funcionais;Q3;Dicson Pereira Tenorio de Araujo;18/02/2025;11/03/2025;1
22764293;Teste Funcional;Implantado;MP024 - CAIXA Cartões;CT_QLD_Editabilidade_e_Tipo_do_Campo_Unidade -  SIPPG - TAG PF - Consulta propostas. Consultas em ambiente de gestão. Item de Backlog 2235638;SIPPG;Meios de Pagamento;Testes Funcionais;Q1;Mardeli Ribeiro Rocha;19/02/2025;24/03/2025;1
22765728;Teste Funcional;Aceito;CA007 - PNC Plataforma;SIPNC - PLTF - MFE Trilha de Auditoria - Implementar Otimização na Consulta de Informações da Trilha de Auditoria - sem retorno de dados adicionais;SIPNC;Canais Físicos;Testes Funcionais;Q4;Simone Hisae Fujita;19/02/2025;;1
22774614;Teste de Regressão;Implantado;MP032 - [PIX] SISPX - Pix Automático;"Falhando o Caso de Teste ""CT_CERTIF_DF005_Manter_Recorrencia_Cadastrar_Recorrencia";SISPX;Meios de Pagamento;Testes Funcionais;Q3;Mardeli Ribeiro Rocha;21/02/2025;24/02/2025;1
22776394;Defeito;Pronto;ES014 - Transações Multicanal e Comprovantes;SIMTX - OPEN FINANCE - Valida Pix - Correções;SIMTX;Estruturantes de TI;Testes Funcionais;Q4;Hellen Aparecida Souto Domingos;21/02/2025;;1
22785968;Teste Funcional;Implantado;BO001 - Squad Desenvolvimento Pós Venda;[SPRINT 24] Listar contratos SINCR somente para as categorias Amortização/Liquidação de Crédito Consignado e Crédito Comercial;SIBKO;Box Esteira Digital Operações;Testes Funcionais;Q3;Ricardo Dias Leite Felix;24/02/2025;10/03/2025;1
22790407;Defeito;Preparado;FD010 - SIAVO - Controle Proj e desembolsos do FGTS;SIAVO - GEAVO - Inconsistências na Inclusão de Nova Proposta;SIAVO;Fomento e Depósitos Judiciais;Testes Funcionais;Q1;Thatianny Maciel da Hora;24/02/2025;;1
22798795;Defeito;Novo;ES014 - Transações Multicanal e Comprovantes;SIMTX - LEGADO LOTE - ASSINATURA MULTIPLA -- Autorização de Lote - Horário Limite;SIMTX;Estruturantes de TI;Testes Funcionais;Q4;Rosane Deganeli de Brito;26/02/2025;;1
22800867;Defeito;Preparado;CA020 - PNC Evolução II;SIPNC - EVL II - Renda Fixa - Pesquisa Ativo - corrigir máscara de apresentação das contas para o padrão NSGD;SIPNC;Canais Físicos;Testes Funcionais;Q4;Leonardo Ullmann Correa;26/02/2025;;1
22802678;Teste Funcional;Novo;CA031 - PNC - Devs CAIXA;[GEQTI] - SIPNC - Conversão - Débito Automático - Parte 2 - Lista de Contas - CPF- FrontEnd para MicroFront;SIPNC;Canais Físicos;Testes Funcionais;Q4;Waldir Bertholdo;26/02/2025;;1
22840093;Defeito;Novo;FD010 - SIAVO - Controle Proj e desembolsos do FGTS;SIAVO - GEAVO - Inconsistências em Propostas Selecionadas;SIAVO;Fomento e Depósitos Judiciais;Testes Funcionais;Q1;Thatianny Maciel da Hora;07/03/2025;;1
22840217;Defeito;Novo;CA026 - SIAVL - Modernização;SIAVL - Modernização - ACESSIBILIDADE - DEFEITO da tela Histórico de notas - editar nota de negociação - ID 43  ;SIAVL;Canais Físicos;Testes Funcionais;Q3;Mariana Bargas Gueiros Granja;07/03/2025;;1
22840289;Defeito;Novo;CA026 - SIAVL - Modernização;SIAVL - Modernização - ACESSIBILIDADE - DEFEITO da tela Histórico de notas - editar nota de negociação - ID 44  ;SIAVL;Canais Físicos;Testes Funcionais;Q3;Mariana Bargas Gueiros Granja;07/03/2025;;1
22840356;Defeito;Novo;CA026 - SIAVL - Modernização;SIAVL - Modernização - ACESSIBILIDADE - DEFEITO da tela Histórico de notas - editar nota de negociação - ID 45  ;SIAVL;Canais Físicos;Testes Funcionais;Q3;Mariana Bargas Gueiros Granja;07/03/2025;;1
22840704;Teste Funcional;Implantado;CI009 - NOVO FUNDO DE INVESTIMENTOS (SIGFA Shield-SQ-4);[CEGTI] | SIGFA | Erro - Tela Posição Fundo de Investimento apresenta valor da cota incorreto quando cadastrados várias cotas para o mesmo dia de movimento;SIGFA;Câmbio, Investimentos e Mercado de Capitais;Testes Funcionais;Q3;Leandro Eiji Nisiyama;07/03/2025;24/03/2025;1
22840808;Defeito;Novo;CA026 - SIAVL - Modernização;SIAVL - Modernização - ACESSIBILIDADE - DEFEITO da tela Histórico de notas - editar nota de negociação - ID 46  ;SIAVL;Canais Físicos;Testes Funcionais;Q3;Mariana Bargas Gueiros Granja;07/03/2025;;1
22840816;Teste Funcional;Implementado;CR023 - SIREP;[GEQTI] - SIREP - DEFEITO - HU 20490648 - Erro ao consultar convênio;SIREP;Crédito Comercial e Agronegócio;Testes Funcionais;Q1;Van Kaiser Kankakee de Sousa Silva;07/03/2025;;1
22840906;Defeito;Novo;CA026 - SIAVL - Modernização;SIAVL - Modernização - ACESSIBILIDADE - DEFEITO da tela Histórico de notas - editar nota de negociação - ID 47  ;SIAVL;Canais Físicos;Testes Funcionais;Q3;Mariana Bargas Gueiros Granja;07/03/2025;;1
22840989;Defeito;Novo;CA026 - SIAVL - Modernização;SIAVL - Modernização - ACESSIBILIDADE - DEFEITO da tela Histórico de notas - editar nota de negociação - ID 48  ;SIAVL;Canais Físicos;Testes Funcionais;Q3;Mariana Bargas Gueiros Granja;07/03/2025;;1
22841088;Defeito;Novo;CA026 - SIAVL - Modernização;SIAVL - Modernização - ACESSIBILIDADE - DEFEITO da tela Histórico de notas - editar nota de negociação - ID 49;SIAVL;Canais Físicos;Testes Funcionais;Q3;Thiago Xavier de Almeida;07/03/2025;;1
22841118;Defeito;Novo;CA026 - SIAVL - Modernização;SIAVL - Modernização - ACESSIBILIDADE - DEFEITO da tela Histórico de notas - editar nota de negociação - ID 50;SIAVL;Canais Físicos;Testes Funcionais;Q3;Thiago Xavier de Almeida;07/03/2025;;1
22841133;Defeito;Novo;CA026 - SIAVL - Modernização;SIAVL - Modernização - ACESSIBILIDADE - DEFEITO da tela Histórico de notas - editar nota de negociação - ID 51;SIAVL;Canais Físicos;Testes Funcionais;Q3;Thiago Xavier de Almeida;07/03/2025;;1
22841147;Defeito;Novo;CA026 - SIAVL - Modernização;SIAVL - Modernização - ACESSIBILIDADE - DEFEITO da tela Histórico de notas - editar nota de negociação - ID 52;SIAVL;Canais Físicos;Testes Funcionais;Q3;Thiago Xavier de Almeida;07/03/2025;;1
22841165;Defeito;Novo;CA026 - SIAVL - Modernização;SIAVL - Modernização - ACESSIBILIDADE - DEFEITO da tela Histórico de notas - editar nota de negociação - ID 53;SIAVL;Canais Físicos;Testes Funcionais;Q3;Thiago Xavier de Almeida;07/03/2025;;1
22851824;Defeito;Pronto;CR023 - SIREP;[DEFEITO] - 22851824 - SIREP - GECRE  - Defeito no cadastro de fornecedor via arquivo quando a conta for CAIXA;SIREP;Crédito Comercial e Agronegócio;Testes Funcionais;Q1;Diego Gustavo Detsch;10/03/2025;;1
22852242;Defeito;Implantado;CI009 - NOVO FUNDO DE INVESTIMENTOS (SIGFA Shield-SQ-4);SIGFA | Erro - Cadastro de Canais - Mensagem incorreta na tentativa de exclusão;SIGFA;Câmbio, Investimentos e Mercado de Capitais;Testes Funcionais;Q3;Thiago Pereira Gonzalez;10/03/2025;01/04/2025;1
22854327;Teste Funcional;Implantado;CB006 - Nova Solução de Protesto;SIMPR - Demanda Técnica - GEQTI] - Defeito - SIMPR - TQS - HU21970141 -  Sistema não exibe o botão de Menu - Release Versão 2.6.1;SIMPR;Cobrança e Operações Bancárias;Testes Funcionais;Q3;Dicson Pereira Tenorio de Araujo;10/03/2025;28/03/2025;1
22854694;Teste Funcional;Pronto;CB006 - Nova Solução de Protesto;GEQTI] - Defeito - SIMPR - TQS - HU21485480 -  Tela inicial não está atualizada (Não exibir a tela de Visualizar Títulos);SIMPR;Cobrança e Operações Bancárias;Testes Funcionais;Q3;Dicson Pereira Tenorio de Araujo;10/03/2025;;1
22854703;Teste Funcional;Implementado;CB006 - Nova Solução de Protesto;SIMPR - Demanda Técnica - GEQTI - Defeito - SIMPR - TQS - HU21485480 - Sistema não exibe a tela corretamente quando o usuário não tem permissão de acesso ao sistema;SIMPR;Cobrança e Operações Bancárias;Testes Funcionais;Q3;Dicson Pereira Tenorio de Araujo;10/03/2025;;1
22858523;Defeito;Implantado;CA006 - PNC Migração e Contas;SIPNC - MIGRAÇÃO 1 - SPRINT 93 - CADASTRO PF - Validação da Imagem - Documento de Identidade e Renda - cliente novo;SIPNC;Canais Físicos;Testes Funcionais;Q4;Georgia Carolina Bastos Correia;11/03/2025;22/04/2025;1
22866851;Teste Funcional;Implantado;CI009 - NOVO FUNDO DE INVESTIMENTOS (SIGFA Shield-SQ-4);[CEGTI] | SIGFA | Erro - Inconsistências na validação de Código de Classe e Código de Subclasse;SIGFA;Câmbio, Investimentos e Mercado de Capitais;Testes Funcionais;Q3;Leandro Eiji Nisiyama;12/03/2025;01/04/2025;1
22866952;Teste Funcional;Implantado;CI009 - NOVO FUNDO DE INVESTIMENTOS (SIGFA Shield-SQ-4);[CEGTI] | SIGFA | Erro - Inconsistências na validação dos campos Descrição do Fundo, Nome da Classe e Nome da Subclasse;SIGFA;Câmbio, Investimentos e Mercado de Capitais;Testes Funcionais;Q3;Leandro Eiji Nisiyama;12/03/2025;01/04/2025;1
22876306;Teste Funcional;Em Refinamento;RC029 - Risco Social, Ambiental e Climático;Parametrização Manter Parâmetro do BACEN (Anexo 13) - Expectativa de absorções e emissões de GEE C2 Incluir;SIRSA;Risco, Compliance e Adimplência;Testes Funcionais;Q1;Iclea da Silva Bernardes;14/03/2025;;1
22876685;Teste Funcional;Novo;RC029 - Risco Social, Ambiental e Climático;Parametrização Manter Parâmetro do BACEN (Anexo 13) - Expectativa de absorções e emissões de GEE C3 Alterar;SIRSA;Risco, Compliance e Adimplência;Testes Funcionais;Q1;Iclea da Silva Bernardes;14/03/2025;;1
22877361;Teste Funcional;Em Refinamento;RC029 - Risco Social, Ambiental e Climático;Parametrização Manter Parâmetro do BACEN (Anexo 12) - Histórico de absorções e emissões de GEE C3 Alterar;SIRSA;Risco, Compliance e Adimplência;Testes Funcionais;Q1;Iclea da Silva Bernardes;14/03/2025;;1
22877851;Teste Funcional;Em Refinamento;RC029 - Risco Social, Ambiental e Climático;Parametrização Manter Parâmetro do BACEN (Anexo 12) - Histórico de absorções e emissões de GEE C2 Incluir;SIRSA;Risco, Compliance e Adimplência;Testes Funcionais;Q1;Iclea da Silva Bernardes;14/03/2025;;1
22878203;Teste de Regressão;Novo;FD010 - SIAVO - Controle Proj e desembolsos do FGTS;SIAVO - [Importação Arquivo MDR] Exibição de mensagem incorreta ao enviar arquivo com Enquadramento não cadastrado na base;SIAVO;Fomento e Depósitos Judiciais;Testes Funcionais;Q1;Angelica Rodrigues da Silva Gomes;14/03/2025;;1
22878383;Teste de Regressão;Novo;FD010 - SIAVO - Controle Proj e desembolsos do FGTS;SIAVO - [Acompanhamento de Obras] Campo CNPJ do Agente Promotor não está sendo habilitado para edição;SIAVO;Fomento e Depósitos Judiciais;Testes Funcionais;Q1;Angelica Rodrigues da Silva Gomes;14/03/2025;;1
22878451;Teste Funcional;Em Refinamento;RC029 - Risco Social, Ambiental e Climático;Parametrização Manter Parâmetro do BACEN (Anexo 12) - Histórico de absorções e emissões de GEE C3 Alterar RN19;SIRSA;Risco, Compliance e Adimplência;Testes Funcionais;Q1;Iclea da Silva Bernardes;14/03/2025;;1
22878579;Defeito;Implantado;RC021 - Acompanhamento de Garantias;SIACG - Regra de alteração de garantia - SIACG deve refletir código de garantia do sistema de origem;SIACG;Risco, Compliance e Adimplência;Testes Funcionais;Q3;Alice Perlingeiro Regula;14/03/2025;24/03/2025;1
22878667;Teste Funcional;Em Refinamento;RC029 - Risco Social, Ambiental e Climático;Parametrização Manter Parâmetro do BACEN (Anexo 13) - Expectativa de absorções e emissões de GEE C3 Alterar RN19;SIRSA;Risco, Compliance e Adimplência;Testes Funcionais;Q1;Iclea da Silva Bernardes;14/03/2025;;1
22887810;Teste Funcional;Pronto;CB006 - Nova Solução de Protesto;"SIMPR - Demanda Técnica - GEQTI - Defeito - SIMPR - TQS - HU21485480 - Botão de direcionamento para Carteira Título, na Marca ""SIMPR - Módulo Protesto"" não implementado";SIMPR;Cobrança e Operações Bancárias;Testes Funcionais;Q3;Dicson Pereira Tenorio de Araujo;17/03/2025;;1
22894928;Teste Funcional;Preparado;CB006 - Nova Solução de Protesto;GEQTI] - Defeito - SIMPR - TQS - HU21485480 - Mensagem de usuário sem perfil só exibida após atualizar a página .;SIMPR;Cobrança e Operações Bancárias;Testes Funcionais;Q3;Dicson Pereira Tenorio de Araujo;18/03/2025;;1
22895087;Teste Funcional;Em Refinamento;RC029 - Risco Social, Ambiental e Climático;Parametrização Manter Parâmetro do BACEN (Anexo 14) - Tipo de Compensação de Emissões de GEE - C2 Incluir;SIRSA;Risco, Compliance e Adimplência;Testes Funcionais;Q1;Iclea da Silva Bernardes;18/03/2025;;1
22896025;Teste Funcional;Implantado;CR054 - SICDT Time Saturno;"Falhando o Caso de Teste ""CTM_QLD_Gerar arquivo SIAPC com contrato estornado com mensal""";SICDT;Crédito Comercial e Agronegócio;Testes Funcionais;Q3;Dener Lima Norte;18/03/2025;25/03/2025;1
22904368;Defeito;Implantado;CI009 - NOVO FUNDO DE INVESTIMENTOS (SIGFA Shield-SQ-4);SIGFA | Erro - Documento 5401 - Formato CNPJ do fundo;SIGFA;Câmbio, Investimentos e Mercado de Capitais;Testes Funcionais;Q3;Thiago Pereira Gonzalez;19/03/2025;25/03/2025;1
22907920;Teste Funcional;Implantado;CR054 - SICDT Time Saturno;"Falhando o Caso de Teste ""CTM_QLD_Inclusão de novo contrato e verificação do número nas telas do sistema.""";SICDT;Crédito Comercial e Agronegócio;Testes Funcionais;Q3;Dener Lima Norte;20/03/2025;25/03/2025;1
22908041;Defeito;Implantado;CI006 - NOVO FUNDO DE INVESTIMENTOS (SIGFA Sparta-SQ-1);[POS-TQS] - SIGFA -  Sprint 87 - SQ 01 -  Erro - Cadastro de Fundos - Alterar - Quadro Estrutura;SIGFA;Câmbio, Investimentos e Mercado de Capitais;Testes Funcionais;Q3;Thiago Pereira Gonzalez;20/03/2025;14/04/2025;1
22908260;Defeito;Implantado;CI009 - NOVO FUNDO DE INVESTIMENTOS (SIGFA Shield-SQ-4);[POS-TQS] - SIGFA | Erro - Cadastro de Fundos - aba “Estrutura” - Qtde de Classes;SIGFA;Câmbio, Investimentos e Mercado de Capitais;Testes Funcionais;Q3;Thiago Pereira Gonzalez;20/03/2025;03/04/2025;1
22909124;Defeito;Preparado;CA020 - PNC Evolução II;"SIPNC - EVL II - Autoriza Transações - Campos Mocados nas transações ""Estorno de Resgate""";SIPNC;Canais Físicos;Testes Funcionais;Q4;Leonardo Ullmann Correa;20/03/2025;;1
22928467;Defeito;Em Refinamento;CR047 - SICDT Motor de Evolução;DE - SICDT - GEPCI01 - Erro no retorno de simulação com múltiplas liberações;SICDT;Crédito Comercial e Agronegócio;Testes Funcionais;Q3;Ana Emilia Mora Cruvinel;24/03/2025;;1
22931439;Teste Funcional;Implantado;CI006 - NOVO FUNDO DE INVESTIMENTOS (SIGFA Sparta-SQ-1);[CEGTI] | SIGFA - Sprint 87 - SQ 01 -  HU 22283718 - Sistema não apresentou a lista com os registros em ordem numérica crescente por “Código”;SIGFA;Câmbio, Investimentos e Mercado de Capitais;Testes Funcionais;Q3;Thiago Sousa Xavier;25/03/2025;22/04/2025;1
22932466;Defeito;Implantado;CI006 - NOVO FUNDO DE INVESTIMENTOS (SIGFA Sparta-SQ-1);"[POS-TQS] - SIGFA | Erro - Consulta Transações de Usuários - sistema não registrou campo ""Tipo"" e registrou outros campos indevidamente para a funcionalidade Cadastro - Fundos de Investimento - Alterar";SIGFA;Câmbio, Investimentos e Mercado de Capitais;Testes Funcionais;Q3;Luiz Eduardo Cerrato Costa;25/03/2025;03/04/2025;1
22932878;Defeito;Implantado;CI006 - NOVO FUNDO DE INVESTIMENTOS (SIGFA Sparta-SQ-1);[POS-TQS] - SIGFA | Erro - Cadastro Estrutura de Fundos - Alterar - após alteração de nome na Estrutura sistema não refletiu as alterações na Aba Classe/Subclasse;SIGFA;Câmbio, Investimentos e Mercado de Capitais;Testes Funcionais;Q3;Luiz Eduardo Cerrato Costa;25/03/2025;01/04/2025;1
22933063;Defeito;Implantado;CI006 - NOVO FUNDO DE INVESTIMENTOS (SIGFA Sparta-SQ-1);[POS-TQS] - SIGFA | Erro - Falha ao excluir um Cadastro de Estrutura de Fundos;SIGFA;Câmbio, Investimentos e Mercado de Capitais;Testes Funcionais;Q3;Luiz Eduardo Cerrato Costa;25/03/2025;01/04/2025;1
22933380;Defeito;Pronto;CR023 - SIREP;[DEFEITO] 22933380 - SIREP - Cadastrar Convênio - O sistema não identifica/busca conta corrente da CAIXA da unidade do usuário logado;SIREP;Crédito Comercial e Agronegócio;Testes Funcionais;Q1;Diego Gustavo Detsch;25/03/2025;;1
22933746;Teste Funcional;Implantado;CR052 - SICDT Time Júpiter;"Falhando o Caso de Teste ""CT_QLD_Gerar arquivo SIAPC com contrato estornado com mensal"" ao executar o Registro de Execução de Teste ""CTM_QLD_Gerar arquivo SIAPC com contrato estornado com mensal""";SICDT;Crédito Comercial e Agronegócio;Testes Funcionais;Q3;Dener Lima Norte;25/03/2025;27/03/2025;1
22938355;Defeito;Implantado;CA004 - Agência Digital;[Clientes] ERROS Tela Cliente PF para entrega no 1º Trimestre de 2025;SIAVL;Canais Físicos;Testes Funcionais;Q3;Marcos Resende Debien;26/03/2025;25/04/2025;1
22946140;Defeito;Implementado;CR023 - SIREP;[DEFEITO] 22946140 - SIREP - MONKEY - DEFEITO NOS USUÁRIOS DO HISTÓRICO DE PLATAFORMA EXTERNA;SIREP;Crédito Comercial e Agronegócio;Testes Funcionais;Q1;Fabiana Baptista Pontes;27/03/2025;;1
22951871;Teste Funcional;Em Refinamento;RC029 - Risco Social, Ambiental e Climático;Parametrização Manter Parâmetro do BACEN (Anexo 15) - Situação para Existência de informação sobre absorções, emissões e compensações de GEE;SIRSA;Risco, Compliance e Adimplência;Testes Funcionais;Q1;Iclea da Silva Bernardes;28/03/2025;;1
22962193;Defeito;Preparado;CA020 - PNC Evolução II;SIPNC - EVL II - Renda Fixa - Posição Histórica PJ duplicando informações;SIPNC;Canais Físicos;Testes Funcionais;Q4;Leonardo Ullmann Correa;31/03/2025;;1
22963731;Teste de Regressão;Novo;FD010 - SIAVO - Controle Proj e desembolsos do FGTS;SIAVO - [Cadastro AF] Falha ao incluir Credenciamento com data da certificação no primeiro dia do mês;SIAVO;Fomento e Depósitos Judiciais;Testes Funcionais;Q1;Angelica Rodrigues da Silva Gomes;31/03/2025;;1
22963895;Teste de Regressão;Novo;FD010 - SIAVO - Controle Proj e desembolsos do FGTS;SIAVO - [Cadastro AF] Após inclusão de credenciamento não está sendo realizada atualização do ícone de alerta da aba;SIAVO;Fomento e Depósitos Judiciais;Testes Funcionais;Q1;Angelica Rodrigues da Silva Gomes;31/03/2025;;1
22964001;Teste de Regressão;Novo;FD010 - SIAVO - Controle Proj e desembolsos do FGTS;SIAVO - [Acompanhamento de Obras] Arquivo XLS exportado exibindo quantidade de operações diferente da exibida na tela;SIAVO;Fomento e Depósitos Judiciais;Testes Funcionais;Q1;Angelica Rodrigues da Silva Gomes;31/03/2025;;1
22967498;Defeito;Aceito;CA007 - PNC Plataforma;SIPNC - PLTF - Sprint 50 - API Relatórios - Ajuste dos endpoints de CRUD do Template, retirar restrição de verificação do idRelatorio na tabela PNCTB054;SIPNC;Canais Físicos;Testes Funcionais;Q4;Danilo Meira e Silva;01/04/2025;;1
22968285;Teste Funcional;Novo;CR023 - SIREP;[GEQTI] - SIREP - DEFEITO - HU 22812439  - Erro no telefone do fornecedor ao incluir convênio.;SIREP;Crédito Comercial e Agronegócio;Testes Funcionais;Q1;Van Kaiser Kankakee de Sousa Silva;01/04/2025;;1
22969179;Teste Funcional;Implantado;CI009 - NOVO FUNDO DE INVESTIMENTOS (SIGFA Shield-SQ-4);"[CEGTI] | SIGFA | Erro - Palavra ""Fundo"" foi apresentada com a primeira letra em minúsculo enquanto a palavra ""salvo"" foi apresentada com a primeira letra em maiúsculo";SIGFA;Câmbio, Investimentos e Mercado de Capitais;Testes Funcionais;Q3;Thiago Sousa Xavier;01/04/2025;03/04/2025;1
22970434;Defeito;Novo;ES014 - Transações Multicanal e Comprovantes;Exclusão de Transação de Concessionária do Lote - Informação incorreta no desfaz limite concessionaria;SIMTX;Estruturantes de TI;Testes Funcionais;Q4;Rosane Deganeli de Brito;01/04/2025;;1
22971050;Defeito;Implantado;CI006 - NOVO FUNDO DE INVESTIMENTOS (SIGFA Sparta-SQ-1);SIGFA | Sprint 87 - SQ 01 -  Erro - Não há registro das etapas do reprocessamento;SIGFA;Câmbio, Investimentos e Mercado de Capitais;Testes Funcionais;Q3;Marilia Pereira Sampaio;01/04/2025;14/04/2025;1
22971115;Defeito;Implantado;CI006 - NOVO FUNDO DE INVESTIMENTOS (SIGFA Sparta-SQ-1);[Produção] - SIGFA | Erro - Consulta posição apresentando valor da cota pendente de autorização;SIGFA;Câmbio, Investimentos e Mercado de Capitais;Testes Funcionais;Q3;Marilia Pereira Sampaio;01/04/2025;08/04/2025;1
22974554;Teste Funcional;Novo;CR023 - SIREP;[GEQTI] - SIREP - DEFEITO - HU 22388309 - Faltando acento da palavra Recebíveis na popup Aceite do Termo de Cessão.;SIREP;Crédito Comercial e Agronegócio;Testes Funcionais;Q1;Van Kaiser Kankakee de Sousa Silva;02/04/2025;;1
22975199;Defeito;Implantado;CI006 - NOVO FUNDO DE INVESTIMENTOS (SIGFA Sparta-SQ-1);SIGFA | Sprint 87 - SQ 01 -  Erro - Reprocessamento Rejeitado;SIGFA;Câmbio, Investimentos e Mercado de Capitais;Testes Funcionais;Q3;Thiago Pereira Gonzalez;02/04/2025;14/04/2025;1
22975294;Defeito;Implantado;CI006 - NOVO FUNDO DE INVESTIMENTOS (SIGFA Sparta-SQ-1);"[POS-TQS] - SIGFA | Sprint 87 - SQ 01 -  Erro - Reprocessamento de Fundos Incluir - sistema apresentando registros não esperados no combo ""Fundo de Investimento""";SIGFA;Câmbio, Investimentos e Mercado de Capitais;Testes Funcionais;Q3;Luiz Eduardo Cerrato Costa;02/04/2025;14/04/2025;1
22975361;Defeito;Implantado;CI006 - NOVO FUNDO DE INVESTIMENTOS (SIGFA Sparta-SQ-1);[POS-TQS] - SIGFA | Erro - Reprocessamento de Fundos Listar - sistema apresentando situação diferente da esperada para data de movimento Rejeitado no Reprocessamento;SIGFA;Câmbio, Investimentos e Mercado de Capitais;Testes Funcionais;Q3;Luiz Eduardo Cerrato Costa;02/04/2025;08/04/2025;1
22982465;Defeito;Pronto;ES014 - Transações Multicanal e Comprovantes;SIMTX - nullPointerException na Devolução de PIX;SIMTX;Estruturantes de TI;Testes Funcionais;Q4;Luiz Henrique Samejima;03/04/2025;;1
22982981;Defeito;Implantado;CI006 - NOVO FUNDO DE INVESTIMENTOS (SIGFA Sparta-SQ-1);SIGFA | Erro - Geração de arquivo ao SINAF - Fundo não processado;SIGFA;Câmbio, Investimentos e Mercado de Capitais;Testes Funcionais;Q3;Thiago Pereira Gonzalez;03/04/2025;28/04/2025;1
22990468;Defeito;Implantado;CI006 - NOVO FUNDO DE INVESTIMENTOS (SIGFA Sparta-SQ-1);[POS-TQS] - SIGFA - Sprint 87 - SQ 01 - Erro - Consulta Posição Consolidada aba Fundo de Investimento - sistema apresentou mais de um registro para um mesmo cotista;SIGFA;Câmbio, Investimentos e Mercado de Capitais;Testes Funcionais;Q3;Luiz Eduardo Cerrato Costa;04/04/2025;14/04/2025;1
22990612;Defeito;Implantado;CI006 - NOVO FUNDO DE INVESTIMENTOS (SIGFA Sparta-SQ-1);[POS-TQS] - SIGFA - Sprint 87 - SQ 01 -  Erro - Processamento de Fundos - após execução malha completa o sistema atribuiu um mesmo número de operação para duas movimentações distintas  ;SIGFA;Câmbio, Investimentos e Mercado de Capitais;Testes Funcionais;Q3;Luiz Eduardo Cerrato Costa;04/04/2025;14/04/2025;1
23010186;Defeito;Implantado;CA020 - PNC Evolução II;SIPNC - EVL II - Pé de Meia - correção de erros na consulta de contas e alteração de senha;SIPNC;Canais Físicos;Testes Funcionais;Q4;Leonardo Ullmann Correa;07/04/2025;15/04/2025;1
23011544;Defeito;Pronto;CA004 - Agência Digital;[Envio de Mensagens] Não envia mensagem de WhatsApp / Push quando não há registro com a chave do usuário;SIAVL;Canais Físicos;Testes Funcionais;Q3;Marcos Resende Debien;07/04/2025;;1
23011641;Defeito;Pronto;CA004 - Agência Digital;[Créditos da Unidade] Tela não está incluindo registro Chave de Envio do Usuário no banco de dados;SIAVL;Canais Físicos;Testes Funcionais;Q3;Marcos Resende Debien;07/04/2025;;1
23011688;Defeito;Pronto;CA004 - Agência Digital;[Créditos Push] Tela não está incluindo registro Chave de Envio da Unidade no banco de dados;SIAVL;Canais Físicos;Testes Funcionais;Q3;Marcos Resende Debien;07/04/2025;;1
23011714;Defeito;Pronto;CA004 - Agência Digital;[Créditos WhatsApp] Tela não está incluindo registro Chave de Envio da Unidade no banco de dados;SIAVL;Canais Físicos;Testes Funcionais;Q3;Marcos Resende Debien;07/04/2025;;1
23011739;Defeito;Pronto;CA004 - Agência Digital;[Créditos WhatsApp e Push] Mostrar apenas Equipes Ativas;SIAVL;Canais Físicos;Testes Funcionais;Q3;Marcos Resende Debien;07/04/2025;;1
23011821;Teste Funcional;Em Refinamento;RC029 - Risco Social, Ambiental e Climático;[GESQI] Parametrização Manter Parâmetro do BACEN (Anexo 16) - Manter Parâmetros Gerais - Tela A001;SIRSA;Risco, Compliance e Adimplência;Testes Funcionais;Q1;Iclea da Silva Bernardes;07/04/2025;;1
23011859;Defeito;Preparado;CA004 - Agência Digital;[Envio de Mensagens] Regras de Quarentenas Global e Produto não estão considerando WhatsApp e Push em conjunto;SIAVL;Canais Físicos;Testes Funcionais;Q3;Marcos Resende Debien;07/04/2025;;1
23012014;Teste Funcional;Em Refinamento;RC029 - Risco Social, Ambiental e Climático;[GESQI] Parametrização Manter Parâmetro do BACEN (Anexo 16) - Manter Parâmetros Gerais - Tela A002;SIRSA;Risco, Compliance e Adimplência;Testes Funcionais;Q1;Iclea da Silva Bernardes;07/04/2025;;1
23012095;Teste Funcional;Em Refinamento;RC029 - Risco Social, Ambiental e Climático;[GESQI] Parametrização Manter Parâmetro do BACEN (Anexo 16) - Manter Parâmetros Gerais - Tela A003;SIRSA;Risco, Compliance e Adimplência;Testes Funcionais;Q1;Iclea da Silva Bernardes;07/04/2025;;1
23016022;Teste Funcional;Novo;CB006 - Nova Solução de Protesto;GEQTI] - Defeito - SIMPR - TQS - HU22155179 - Melhoria da interface do sistema para os usuários - parte 2;SIMPR;Cobrança e Operações Bancárias;Testes Funcionais;Q3;Dicson Pereira Tenorio de Araujo;08/04/2025;;1
23019597;Defeito;Implantado;CI006 - NOVO FUNDO DE INVESTIMENTOS (SIGFA Sparta-SQ-1);[POS-TQS] - SIGFA | Erro - Tela Solicitações de Movimentação;SIGFA;Câmbio, Investimentos e Mercado de Capitais;Testes Funcionais;Q3;Thiago Pereira Gonzalez;09/04/2025;28/04/2025;1
23019709;Defeito;Implantado;CI006 - NOVO FUNDO DE INVESTIMENTOS (SIGFA Sparta-SQ-1);[POS-TQS] - SIGFA | Erro - Resgate por Operação Total rejeitado no processamento;SIGFA;Câmbio, Investimentos e Mercado de Capitais;Testes Funcionais;Q3;Thiago Pereira Gonzalez;09/04/2025;28/04/2025;1
23019719;Defeito;Em Desenvolvimento;CA006 - PNC Migração e Contas;SIPNC - MIGRAÇÃO 1 - SPRINT 95 - ERRO IMPRESSÃO DA FAA DA CONTA 1477 - CAUÇÃO PJ;SIPNC;Canais Físicos;Testes Funcionais;Q4;Georgia Carolina Bastos Correia;09/04/2025;;1
23021084;Defeito;Pronto;ES014 - Transações Multicanal e Comprovantes;SIMTX - Consulta Detalhe Assinatura Múltipla - Tratamento das transações XML;SIMTX;Estruturantes de TI;Testes Funcionais;Q4;Hellen Aparecida Souto Domingos;10/04/2025;;1
23021624;Defeito;Implementado;CI006 - NOVO FUNDO DE INVESTIMENTOS (SIGFA Sparta-SQ-1);[POS-TQS] - SIGFA | Erro - Inconsistência no Reprocessamento de movimento com transferência enviada/recebida;SIGFA;Câmbio, Investimentos e Mercado de Capitais;Testes Funcionais;Q3;Luiz Eduardo Cerrato Costa;10/04/2025;;1
23027010;Defeito;Implantado;CI006 - NOVO FUNDO DE INVESTIMENTOS (SIGFA Sparta-SQ-1);[POS-TQS] - SIGFA | Erro - Arquivo Balancete não gerado;SIGFA;Câmbio, Investimentos e Mercado de Capitais;Testes Funcionais;Q3;Thiago Pereira Gonzalez;11/04/2025;28/04/2025;1
23029292;Defeito;Implantado;CR053 - SICDT Time Mercúrio;"Falhando o Caso de Teste ""CT_QLD_Realizar_Pagamento_Parcela_Atrasada_Via_Boleto_Bancario"" ao executar o Registro de Execução de Teste ""CT_QLD_Realizar_Pagamento_Parcela_Atrasada_Via_Boleto_Bancario_(10)""";SICDT;Crédito Comercial e Agronegócio;Testes Funcionais;Q3;Dener Lima Norte;14/04/2025;25/04/2025;1
23034989;Defeito;Pronto;CI006 - NOVO FUNDO DE INVESTIMENTOS (SIGFA Sparta-SQ-1);[POS-TQS] - SIGFA | Erro - Arquivo SICLI - Data de inicio de contrato incorreta para contrato encerrado;SIGFA;Câmbio, Investimentos e Mercado de Capitais;Testes Funcionais;Q3;Thiago Pereira Gonzalez;15/04/2025;;1
23060187;Defeito;Em Desenvolvimento;RC021 - Acompanhamento de Garantias;TQS - ERRO - SIACG - desvinculação de nota vencida de contrato;SIACG;Risco, Compliance e Adimplência;Testes Funcionais;Q3;Elaine Campelo Araujo Freire;22/04/2025;;1
23062819;Defeito;Aceito;CA020 - PNC Evolução II;SIPNC - EVL II - Resumo do cliente - Correção da posição do cards de Pesquisa no scroll da página;SIPNC;Canais Físicos;Testes Funcionais;Q4;Aguida Nadja Marcenes Soares;23/04/2025;;1
23070584;Teste Funcional;Aceito;CA007 - PNC Plataforma;SIPNC - PLTF - Sprint 50 - API de Relatórios - Melhorias no Endpoint de Alteração de Relatório (PUT /relatorios/:idRelatorio)  - divergências na funcionalidade;SIPNC;Canais Físicos;Testes Funcionais;Q4;Simone Hisae Fujita;24/04/2025;;1
23074395;Defeito;Pronto;CA004 - Agência Digital;"[Menu Gerenciar / Submenu ""Quarentena Global""] Revisão do front-end";SIAVL;Canais Físicos;Testes Funcionais;Q3;Marcos Resende Debien;25/04/2025;;1
23076834;Defeito;Em Desenvolvimento;CI006 - NOVO FUNDO DE INVESTIMENTOS (SIGFA Sparta-SQ-1);[POS-TQS] - SIGFA | Erro - Balancete de fundos - Quantidade de cotas;SIGFA;Câmbio, Investimentos e Mercado de Capitais;Testes Funcionais;Q3;Thiago Pereira Gonzalez;25/04/2025;;1
23085091;Defeito;Novo;CR047 - SICDT Motor de Evolução;DE - SICDT - GECRE - SICDT x SIREP - Erro no tratamento do XML de convenio quando nao é enviado a tag de tarifa;SICDT;Crédito Comercial e Agronegócio;Testes Funcionais;Q3;Rozane Cerqueira Lacerda de Sousa;28/04/2025;;1
23089822;Teste de Regressão;Novo;;"Falhando o Caso de Teste ""CT_CERTIF_DF005_Manter_Recorrencia_Cadastrar_Recorrencia"" ao executar o Registro de Execução de Teste ""CT_CERTIF_DF005_Cadastrar_Recorrencia""";SISPX;Meios de Pagamento;Testes Funcionais;Q3;Absalon Teixeira do Rego Junior;29/04/2025;;1
23090814;Defeito;Em Refinamento;CI006 - NOVO FUNDO DE INVESTIMENTOS (SIGFA Sparta-SQ-1);[POS-TQS] - SIGFA | Erro - E-Financeira - campo vlrUltDiadomês;SIGFA;Câmbio, Investimentos e Mercado de Capitais;Testes Funcionais;Q3;Thiago Pereira Gonzalez;29/04/2025;;1
22628850;Defeito;Preparado;FG022 - Cadastro Mutuários;SICTR - Contr. Mensal - ajuste valor base consolid. após exclusão de pagto antecipado;SICTR;Fundos de Governo;Sem Atuação da GEQTI;Q1;Marcelo Lucindo de Souza;02/01/2025;;1
22629332;Defeito;Implantado;FG017 - SIFGG - Microcrédito;SIFGG - DTEC - Consultar Contatos - Recuperação e devolução de honra não mostra a data do pagamento da honra.;SIFGG;Fundos de Governo;Sem Atuação da GEQTI;Q3;Claudio Roberto de Carvalho;02/01/2025;31/03/2025;1
22629655;Defeito;Implantado;CI017 - Tesouraria - SISFIN-SP Sustentação legado;SISFIN/SP - CELCC01 - INDISPONIBILIDADE DE CONSULTA DO QTAA DENTRO DO SISFIN;SISFI;Câmbio, Investimentos e Mercado de Capitais;Sem Atuação da GEQTI;Q2;Karine Paula Barbosa Patroni;02/01/2025;08/01/2025;1
22629977;Defeito;Implantado;AI013 - SISEG, Componentes CIWEB e FGTS;BEMPF26 - Ajuste na rotina de recebimento do arquivo do SIUMP (323) de virada de ano;SIACI;Administração do Crédito Imobiliário;Sem Atuação da GEQTI;Q3;Michelly Ferreira da Silva;02/01/2025;07/01/2025;1
22630220;Teste Funcional;Implantado;CB003 - Cobrança Modernização;"Falhando o Caso de Teste ""CT_QLD_Construção 119 - Valores Lanç. C/ Corrente - Consultar conta_Apelido"" ao executar o Registro de Execução de Teste ""CT_QLD_Construção 119 - Valores Lanç. C/ Corrente - Consultar conta_CNPJ_Apelido""";SIGCB;Cobrança e Operações Bancárias;Sem Atuação da GEQTI;Q2;Vania Silveira Costa;02/01/2025;10/01/2025;1
22630302;Teste Funcional;Implantado;CB003 - Cobrança Modernização;"Falhando o Caso de Teste ""CT_QLD_Construção 119 - Valores Lanç. C/ Corrente - Consultar conta_PV""";SIGCB;Cobrança e Operações Bancárias;Sem Atuação da GEQTI;Q2;Vania Silveira Costa;02/01/2025;30/01/2025;1
22630584;Teste Funcional;Implantado;CB003 - Cobrança Modernização;"Falhando o Caso de Teste ""CT_QLD_Construção 120 - Valores Lanç. C/ Corrente - Detalhar conta_Ampliação""";SIGCB;Cobrança e Operações Bancárias;Sem Atuação da GEQTI;Q2;Vania Silveira Costa;02/01/2025;10/01/2025;1
22630847;Teste Funcional;Implantado;CD047 - Auditoria;SALA 01 - Módulo Planejamento - 22320859 - Inconsistência na Mensagem MN516 - Baixa;SIAUD;Clientes;Sem Atuação da GEQTI;Q3;Andre Luiz da Silva Lima;03/01/2025;20/01/2025;1
22631015;Teste Funcional;Implantado;CD047 - Auditoria;SALA 01 - Módulo Planejamento - HUs 22267124 e 22320859 – Inconsistência no filtro ao voltar à tela inicial - Média;SIAUD;Clientes;Sem Atuação da GEQTI;Q3;Andre Luiz da Silva Lima;03/01/2025;17/02/2025;1
22631017;Teste Funcional;Preparado;FD019 - Atualizador de Depósito Judicial;Falhando a funcionalidade Extrato(JJ0K) - Agencia exibida na tela diverge com a informada no banco de dados(TQS);SIJAD;Fomento e Depósitos Judiciais;Sem Atuação da GEQTI;Q4;Karla Pinheiro Leone;03/01/2025;;1
22631060;Teste Funcional;Preparado;FD019 - Atualizador de Depósito Judicial;Falhando a funcionalidade Saldo e Movimento do Dia(JJ2K) - Saldos(Total, Disponível e Bloqueado) divergentes com os informados no banco de dados(TQS);SIJAD;Fomento e Depósitos Judiciais;Sem Atuação da GEQTI;Q4;Karla Pinheiro Leone;03/01/2025;;1
22631062;Teste Funcional;Implementado;DC020 - Squad 3 - TLegado - SIDMF;"Falhando o Caso de Teste ""CT_QLD_FB_Gerar_Informe_Sintetico_Declaracao_IRPF_Prod_3701_AG_4488""";SIDMF;Depósitos e Captação;Sem Atuação da GEQTI;Q2;Marcio Wilson Galante;03/01/2025;;1
22631206;Defeito;Aceito;CI010 - PDI Fundos de investimento;SIPDI - Ocorrência funcionalidade não apresentada na tela de Funcionalidades (SIPDI Frontend);SIPDI;Câmbio, Investimentos e Mercado de Capitais;Sem Atuação da GEQTI;Q3;Hulianne Virginia Magalhaes S Martinho;03/01/2025;;1
22631417;Teste Funcional;Implementado;LT011 - Novos Jogos;Portal - Percentual da Tarifa de Serviço do Bolão Lotérico - Divergente do valor configurado no portal;SISPL;Loterias e Canais Parceiros;Sem Atuação da GEQTI;Q4;Helia Aparecida dos Santos;03/01/2025;;1
22631717;Defeito;Aceito;FD009 - SIAPO - Controle Orçamentário do FGTS;[QA] - Ordenação da tela Selecionar Dado Operacional dentro de Função de Cálculo não funciona;SIAPO;Fomento e Depósitos Judiciais;Sem Atuação da GEQTI;Q1;Rosangela Aparecida Menha;03/01/2025;;1
22631769;Defeito;Aceito;BR043 - Plataforma Core;22631769  SINBM [HU|Android] - Defeito - Erro na Atualização do aplicativo SIMOB 4.9.0 para a SINBM 5.9.0;SINBM;Box Relacionamento Digital;Sem Atuação da GEQTI;Q1;Daniela Santos;03/01/2025;;1
22631828;Defeito;Aceito;FD009 - SIAPO - Controle Orçamentário do FGTS;[QA] - Ordenação da tela Selecionar Índice dentro de Função de Cálculo não funciona;SIAPO;Fomento e Depósitos Judiciais;Sem Atuação da GEQTI;Q1;Rosangela Aparecida Menha;03/01/2025;;1
22632180;Defeito;Implantado;FG041 - SIFEP Financeiro;[SIFEP Financeiro] Erro na visualização do Extrato do Cotista;SIFEP;Fundos de Governo;Sem Atuação da GEQTI;Q1;Daniele Pereira de Oliveira;03/01/2025;21/02/2025;1
22632279;Defeito;Aceito;FD009 - SIAPO - Controle Orçamentário do FGTS;[QA] - Realizar padronização em Telas do sistema (menu Gerar);SIAPO;Fomento e Depósitos Judiciais;Sem Atuação da GEQTI;Q1;Ana Lucia Mendes de Souza Gomes;03/01/2025;;1
22632282;Defeito;Implantado;CD048 - Jurídico;SIJUR Intranet - Adequação campos Grupo de Assunto e Área Judicial                                                         ;SIJUR;Clientes;Sem Atuação da GEQTI;Q1;Jose Sotrati Junior;03/01/2025;17/04/2025;1
22632516;Teste Funcional;Implantado;CB003 - Cobrança Modernização;"Falhando o Caso de Teste ""CT_QLD_Construção_112_Pesquisar_liquidação_financeira_antigo_log/liquidação""";SIGCB;Cobrança e Operações Bancárias;Sem Atuação da GEQTI;Q2;Vania Silveira Costa;03/01/2025;10/01/2025;1
22632745;Defeito;Implantado;CA011 - SISAG Modernização - Micro Front-ends;[PLATAFORMA] - INCONSISTÊNCIAS IDENTIFICADAS NA HOMOLOGAÇÃO - INSS PROVA DE VIDA - PARTE I;SISAG;Canais Físicos;Sem Atuação da GEQTI;Q4;Fernanda Maria Marques Servio;03/01/2025;17/03/2025;1
22632842;Teste Funcional;Novo;PE019 - Autoatendimento Saúde;[CEGTI] - SIASC - QLD - Defeito - Atualização de beneficiário - Não é exibido o campo 'Finalidade' no documento PDF - Internet;SIASC;Pessoas;Sem Atuação da GEQTI;Q3;Keni Ferreira Kinup;03/01/2025;;1
22632903;Teste Funcional;Novo;PE019 - Autoatendimento Saúde;[CEGTI] - SIASC - QLD - Defeito - Atualização de beneficiário - Campo UF Naturalidade não é exibido na etapa Resumo - Internet;SIASC;Pessoas;Sem Atuação da GEQTI;Q3;Keni Ferreira Kinup;03/01/2025;;1
22634648;Teste Funcional;Implantado;CD048 - Jurídico;SIJUR Intranet - [Defeito] Botão Novo e Cadastrar Processo (Cadastrar novo expediente);SIJUR;Clientes;Sem Atuação da GEQTI;Q1;Ana Carolina de Sa Bezerra Nascimento;06/01/2025;01/04/2025;1
22635170;Teste Funcional;Aceito;DC003 - Squad C - NSGD SP;D02 - Disponibilizar o Tipo de Saldo e Sinal do Saldo ao SIDCX;SID02;Depósitos e Captação;Sem Atuação da GEQTI;Q3;Marcio Hideki Itasiki;06/01/2025;;1
22635658;Defeito;Pronto;PS005 - Tarifas - Gestão Financeira Pagtos Sociais;Defeito: Funcionalidade Transferências -  CSS fora do padrão;SISGF;Programas Sociais;Sem Atuação da GEQTI;Q1;Daniel Elias Araujo;06/01/2025;;1
22635859;Defeito;Pronto;PS005 - Tarifas - Gestão Financeira Pagtos Sociais;Defeito: Funcionalidade Transferências -  Consultar mês fatura;SISGF;Programas Sociais;Sem Atuação da GEQTI;Q1;Daniel Elias Araujo;06/01/2025;;1
22635867;Defeito;Pronto;PS005 - Tarifas - Gestão Financeira Pagtos Sociais;Defeito: Funcionalidade Transferências -  Consultar Faturas Filtros;SISGF;Programas Sociais;Sem Atuação da GEQTI;Q1;Daniel Elias Araujo;06/01/2025;;1
22636125;Teste Funcional;Novo;;"Falhando o Caso de Teste ""CTM_QLD_Gerar_Recibo_Integralizacao_FBFE1_Campos_Obrigatorios""";SIFES;Fomento e Depósitos Judiciais;Sem Atuação da GEQTI;Q3;Albertino de Jesus Oliveira;06/01/2025;;1
22636332;Defeito;Aceito;FD009 - SIAPO - Controle Orçamentário do FGTS;[QA ] - Padronizar botão de Modal - Exibição de Itens de Página e Símbolos e Logotipos;SIAPO;Fomento e Depósitos Judiciais;Sem Atuação da GEQTI;Q1;Ana Lucia Mendes de Souza Gomes;06/01/2025;;1
22636353;Teste Funcional;Implantado;CB003 - Cobrança Modernização;"Falhando o Caso de Teste ""CT_QLD_Construção_112_Pesquisar_liquidação_financeira_antigo_log/liquidação_Ampliação.1""";SIGCB;Cobrança e Operações Bancárias;Sem Atuação da GEQTI;Q2;Vania Silveira Costa;06/01/2025;10/01/2025;1
22636504;Teste Funcional;Implantado;FP003 - Execução Financeira;"DEFEITO EM TQS - SIAEF REVITALIZAÇÃO - Testes funcional - Tipo de Desembolso - Campo de inclusão  ""Sistema de Origem"" apresenta apenas a última letra do sistema selecionado na tela de consulta";SIAEF;Financeiro e Controladoria;Sem Atuação da GEQTI;Q3;Alisson Ferreira dos Santos;06/01/2025;30/01/2025;1
22636597;Teste Funcional;Implantado;FG011 - Conect. Social, Canal FGTS Digital, E-social;"Falhando o Caso de Teste ""CTM_QLD_Bloqueio_LG_SBOK"" ao executar o Registro de Execução de Teste ""CTM_QLD_Bloqueio_LG_SBOK_Windows 10 Enterprise_Firefox""";SICFD;Fundos de Governo;Sem Atuação da GEQTI;Q1;Michelle Maria da Silva;06/01/2025;12/02/2025;1
22636603;Teste Funcional;Implantado;FG011 - Conect. Social, Canal FGTS Digital, E-social;"Falhando o Caso de Teste ""CTM_QLD_Bloqueio_LG_SBOK"" ao executar o Registro de Execução de Teste ""CTM_QLD_Bloqueio_LG_SBOK_Windows 10 Enterprise_Firefox""";SICFD;Fundos de Governo;Sem Atuação da GEQTI;Q1;Michelle Maria da Silva;06/01/2025;12/02/2025;1
22636608;Teste Funcional;Implantado;FG011 - Conect. Social, Canal FGTS Digital, E-social;"Falhando o Caso de Teste ""CTM_QLD_Bloqueio_LG_SBEN"" ao executar o Registro de Execução de Teste ""CTM_QLD_Bloqueio_LG_SBEN_Windows 10 Enterprise_Firefox""";SICFD;Fundos de Governo;Sem Atuação da GEQTI;Q1;Michelle Maria da Silva;06/01/2025;12/02/2025;1
22636611;Teste Funcional;Implantado;FG011 - Conect. Social, Canal FGTS Digital, E-social;"Falhando o Caso de Teste ""CTM_QLD_Bloqueio_LG_SBEN"" ao executar o Registro de Execução de Teste ""CTM_QLD_Bloqueio_LG_SBEN_Windows 10 Enterprise_Firefox""";SICFD;Fundos de Governo;Sem Atuação da GEQTI;Q1;Michelle Maria da Silva;06/01/2025;12/02/2025;1
22637134;Defeito;Implantado;DC004 - Squad D - NSGD SP;D03 - CAW - Defeito na consulta de estoque quando a conta possui mais de um produto (DES/TQS);SID03;Depósitos e Captação;Sem Atuação da GEQTI;Q2;Marcio Hideki Itasiki;07/01/2025;04/04/2025;1
22637746;Teste de Regressão;Implantado;MP027 - [PIX] SIMPI - Mensageria e Integração;"Falhando o Caso de Teste ""CT_CERTIF_DF006_Excluir_Chave_CPF_Generico""";SIMPI;Meios de Pagamento;Sem Atuação da GEQTI;Q4;Mardeli Ribeiro Rocha;07/01/2025;07/01/2025;1
22637796;Defeito;Implantado;AI002 - Ativo, Passivo, FAR e Suporte Negócio;DEFEITO NA INCLUSAO DO TP 131 - Processo nº 5003342-16.2020.4.02.5116/RJ – CT 672580012333 – MARCIO LORA – RESIDENCIAL PARQUE DOS CAVALEIROS II – MACAE/RJ – APF 0192318-63;SIACI;Administração do Crédito Imobiliário;Sem Atuação da GEQTI;Q3;Robson Bento Macedo;07/01/2025;03/02/2025;1
22637820;Teste Funcional;Novo;LT011 - Novos Jogos;SISPL - TFL - ERRO ao ler QR-Code de bilhete não premiado.;SISPL;Loterias e Canais Parceiros;Sem Atuação da GEQTI;Q4;Dario Douglas Alves Araujo;07/01/2025;;1
22638458;Teste Funcional;Novo;DI008 - APP CAIXA - Investimentos;"Falhando o Caso de Teste ""CTM_QLD_ANDROID_Revisar_Preenchimento_Questionário de Perfil de Investidor_SemPerfil"" ao executar o Registro de Execução de Teste ""CTM_QLD_ANDROID_Revisar_Preenchimento_Questionário de Perfil de Investidor_Conservador""";SINBM;Box Conta Digital;Sem Atuação da GEQTI;Q1;Nathaly de Jesus Alexandrino;07/01/2025;;1
22638713;Defeito;Implantado;CD037 - SAC;SISOU - DEFEITO - SAC - Rotina Batch 03 penalidade categorização;SISOU;Clientes;Sem Atuação da GEQTI;Q3;Danielle Belo de Araujo Gomes;07/01/2025;27/01/2025;1
22639404;Defeito;Implantado;FG041 - SIFEP Financeiro;[SIFEP][FINANCEIRO][Balancete] - Impossibilidade de manter os Dados do Balancete;SIFEP;Fundos de Governo;Sem Atuação da GEQTI;Q1;Guilherme Coelho Penalva da Silva;07/01/2025;17/03/2025;1
22639769;Teste de Regressão;Implantado;MP026 - [PIX] SISPI - Pagamentos Instantâneos;"Falhando o Caso de Teste ""CT_CERTIF_DF007_CE_Enviar_Enviar_Pagamento_Instantaneo_Entre_Contas_Caixa_Campos_Obrigatorios""";SISPI;Meios de Pagamento;Sem Atuação da GEQTI;Q4;Mardeli Ribeiro Rocha;07/01/2025;09/01/2025;1
22640887;Teste Funcional;Adiado;LT003 - Canal Lotérico - Evoluções;[Backlog Requisito] CARRINHO_COMPRAS: A ordem das apostas registradas não estão na ordem impressas;SISPL;Loterias e Canais Parceiros;Sem Atuação da GEQTI;Q4;Marisa Yumi Takagi;08/01/2025;;1
22640911;Teste Funcional;Adiado;LT003 - Canal Lotérico - Evoluções;[Backlog Requisito] CARRINHO_COMPRAS: O botão Pagar Agora fica habilitado com nenhuma transação a pagar;SISPL;Loterias e Canais Parceiros;Sem Atuação da GEQTI;Q4;Marisa Yumi Takagi;08/01/2025;;1
22641277;Teste Funcional;Pronto;LT003 - Canal Lotérico - Evoluções;[Ambiente] CARRINHO_COMPRAS: Mensagem de erro na Devolução de PIX Saque e PIX Pagamento;SISPL;Loterias e Canais Parceiros;Sem Atuação da GEQTI;Q4;Marisa Yumi Takagi;08/01/2025;;1
22641658;Teste Funcional;Pronto;RC007 - Avaliação e Provisionamento de Crédito;SIAPC - Execução APCPB230  SQLCODE : - 805;SIAPC;Risco, Compliance e Adimplência;Sem Atuação da GEQTI;Q1;Amara Cristine Eleuterio Saleh Sleiman;08/01/2025;;1
22641679;Teste Funcional;Pronto;LT003 - Canal Lotérico - Evoluções;[Corrigido] CARRINHO_COMPRAS: Algumas transações de PIX Pagamento, Saque e Troco são apresentadas indevidamente na tabela 628;SISPL;Loterias e Canais Parceiros;Sem Atuação da GEQTI;Q4;Marisa Yumi Takagi;08/01/2025;;1
22642184;Teste Funcional;Novo;DI003 - APP CAIXA - Time 32;"[SINBM] [Tagueamento do Menu Principal] [HU22398951] [iOS] - QLD_DEF - Caso de Teste ""CT_QLD_Tagueamento_Menu_Principal_e_Submenus""";SINBM;Box Conta Digital;Sem Atuação da GEQTI;Q1;Maicon Ferreira Teixeira;08/01/2025;;1
22642214;Defeito;Aceito;FG028 - FGTS Digital;JAVA - Consulta Empregador => Aba Individualizações => Tomador Serviços.;SIFGD;Fundos de Governo;Sem Atuação da GEQTI;Q1;Matheus Keretzky Crusius;08/01/2025;;1
22642507;Teste Funcional;Implantado;FP042 - SIGOT;DEFEITO - SIGOT - DES - Reprocessamento Carga Dados ETL - Não está salvando corretamente no banco;SIGOT;Financeiro e Controladoria;Sem Atuação da GEQTI;Q2;Samuel Felipe Gomes de Sousa;08/01/2025;10/02/2025;1
22642513;Defeito;Implantado;PS033 - SIBEC - Módulo Qualificação de Direitos;SIBEC - PBI000000364922 - BEC#QC3D_ST001;SIBEC;Programas Sociais;Sem Atuação da GEQTI;Q3;Junilia Manzoli Freire Nascimento;08/01/2025;25/03/2025;1
22643874;Defeito;Implantado;FG026 - Migração e Convivência;FGTS DIGITAL - Ajuste no FUGPBA06 - arquivos de auditoria;SIFUG;Fundos de Governo;Sem Atuação da GEQTI;Q1;Rubens Bravo Goncalves;09/01/2025;17/02/2025;1
22644071;Teste Funcional;Implantado;CA009 - SISAG Automação Bancária;"Cadastramento/Troca de senha EO - Título da ""Tela Impedimento na Conferência de Assinatura"" diferente da documentação";SISAG;Canais Físicos;Sem Atuação da GEQTI;Q4;Adalberto Ribeiro Lima;09/01/2025;24/03/2025;1
22644254;Defeito;Aceito;TS002 - Webservice SIPGC;IB DEFEITO - ACEITO;SIPGC;TESTE;Sem Atuação da GEQTI;Q1;Delmario Prates Alves;09/01/2025;;1
22644354;Defeito;Em Desenvolvimento;BR028 - GERENCIADOR PJ DES5;SIGCX - Sustentação - Inclusão de Conta com numero de agência errada;SIGCX;Box Relacionamento Digital;Sem Atuação da GEQTI;Q4;Arthur Filipe Gaze Franca Stecanela Savi;09/01/2025;;1
22644470;Defeito;Novo;CD060 - OUVIDORIA;SISOU - OUV: DEFEITO (Consultar Forma de Recebimento de Resposta) Exportar em PDF/XLS;SISOU;Clientes;Sem Atuação da GEQTI;Q3;Augusto Cesar dos Santos Frota;09/01/2025;;1
22644610;Defeito;Novo;CD060 - OUVIDORIA;SISOU - OUV: DEFEITO (Consultar Forma de Recebimento de Resposta) Ausência de botão Inclusão de Formas de Recebimento de Resposta;SISOU;Clientes;Sem Atuação da GEQTI;Q3;Augusto Cesar dos Santos Frota;09/01/2025;;1
22644649;Defeito;Implantado;CD037 - SAC;SISOU - DEFEITO - SAC Unidade Envolvida;SISOU;Clientes;Sem Atuação da GEQTI;Q3;Danielle Belo de Araujo Gomes;09/01/2025;27/01/2025;1
22644686;Teste Funcional;Implantado;CB003 - Cobrança Modernização;"Falhando o Caso de Teste ""CT_QLD_Construção_111_ Incluir_liquidação_financeira_antigo_log_liquidação_online_Ampliação""";SIGCB;Cobrança e Operações Bancárias;Sem Atuação da GEQTI;Q2;Vania Silveira Costa;09/01/2025;10/01/2025;1
22644811;Teste Funcional;Novo;BE005 - Squad Biometria Fábrica - Sustentação;SIABM - Certif- Defeito - TQS - Incluir e alterar biometria - Sistema está gerando erro quando incluído somente biometria digital e facial;SIABM;Box Esteira Digital Segurança;Sem Atuação da GEQTI;Q3;Luis Antonio Higino;09/01/2025;;1
22644871;Teste Funcional;Preparado;CA009 - SISAG Automação Bancária;Efetua Cadastramento de Senha em MF- Inconsistência no Tamanho do Campo da Tela Nome do Titular da Conta da DI;SISAG;Canais Físicos;Sem Atuação da GEQTI;Q4;Almir de Oliveira Gomes;09/01/2025;;1
22645033;Defeito;Implantado;MP004 - APLICATIVO DE CARTÕES;6.4 A - erro cartão cadastrado está sumindo após fechar o app;SIACM;Meios de Pagamento;Sem Atuação da GEQTI;Q2;Eduardo Mitsuo Yoda;09/01/2025;03/02/2025;1
22645402;Teste Funcional;Preparado;CA009 - SISAG Automação Bancária;DESCONTO DE TARIFAS NSGD - RETORNO DO FOCO NA TELA.;SISAG;Canais Físicos;Sem Atuação da GEQTI;Q4;Gisele de Barros Cerqueira;09/01/2025;;1
22645462;Defeito;Implantado;BR028 - GERENCIADOR PJ DES5;SIGCX - Sustentação - Consulta do digitador a um DDA digitado retorna a tela inicial;SIGCX;Box Relacionamento Digital;Sem Atuação da GEQTI;Q4;Arthur Filipe Gaze Franca Stecanela Savi;09/01/2025;17/03/2025;1
22645467;Teste de Regressão;Implantado;MP028 - [PIX] DICT BACEN;"Falhando o Caso de Teste ""CT_CERTIF_DF001_Criar_chave_CPF_Generico""";SISPI;Meios de Pagamento;Sem Atuação da GEQTI;Q4;Mardeli Ribeiro Rocha;09/01/2025;21/01/2025;1
22645484;Teste Funcional;Aceito;CA009 - SISAG Automação Bancária;EFETUA CADASTRAMENTO DE SENHA EM MF - RELATÓRIO ATENDIMENTO AO CLIENTE - No RLAC a COLUNA OP CONTÁBIL APRESENTA DADOS DE TESTES INCONSISTENTES;SISAG;Canais Físicos;Sem Atuação da GEQTI;Q4;Almir de Oliveira Gomes;09/01/2025;;1
22645550;Defeito;Preparado;FG023 - FCVS Garantias;SINFS > Defeito - Erro na Critica de Número de Logradouro;SINFS;Fundos de Governo;Sem Atuação da GEQTI;Q1;Ivan Madeira Carvalho;09/01/2025;;1
22645799;Defeito;Implantado;CB007 - Manutenção de Tarifas;Correção das versões de front end com o Azure;SITMA;Cobrança e Operações Bancárias;Sem Atuação da GEQTI;Q1;Paulo Cesar Celestino da Costa;09/01/2025;09/04/2025;1
22645802;Defeito;Implantado;CB007 - Manutenção de Tarifas;Correção das versões de back end com o Azure;SITMA;Cobrança e Operações Bancárias;Sem Atuação da GEQTI;Q1;Paulo Cesar Celestino da Costa;09/01/2025;09/04/2025;1
22646012;Teste Funcional;Novo;PE020 - App Saúde CAIXA;[CEGTI] - SIMSC - iOS - Gerenciador de grupo familiar- Pedidos de  Cancelamento Dependente - Upload;SIMSC;Pessoas;Sem Atuação da GEQTI;Q3;Naim Ferreira dos Santos;10/01/2025;;1
22646027;Teste Funcional;Novo;PE020 - App Saúde CAIXA;[CEGTI] - SIMSC - iOS - Gerenciador de grupo familiar- Pedidos de  Cancelamento Dependente - Tela documentos;SIMSC;Pessoas;Sem Atuação da GEQTI;Q3;Naim Ferreira dos Santos;10/01/2025;;1
22646238;Teste Funcional;Pronto;PE020 - App Saúde CAIXA;[CEGTI] - Android - SIMSC - QLD - Solicitação de Cancelamento À PEDIDO - Tela Protocolo Cancelamento - Negrito;SIMSC;Pessoas;Sem Atuação da GEQTI;Q3;Fernando Rodrigues;10/01/2025;;1
22646253;Teste Funcional;Preparado;CA009 - SISAG Automação Bancária;[ZERO PAPEL]  - Reimpressão de comprovante - Ajuste nas transações pertinente a reimpressão de comprovante;SISAG;Canais Físicos;Sem Atuação da GEQTI;Q4;Cristiane Pedroso Araujo;10/01/2025;;1
22646387;Teste Funcional;Preparado;CA009 - SISAG Automação Bancária;SIDCE - Gravação do arquivo SIDCE em estrutura Local antes do envio ao B2B - CONTAS SIDEC NO ARQUIVO SIDCE INDEVIDAMENTE SEM DEP ATM DINHEIRO.;SISAG;Canais Físicos;Sem Atuação da GEQTI;Q4;Gisele de Barros Cerqueira;10/01/2025;;1
22646828;Teste Funcional;Pronto;PE020 - App Saúde CAIXA;[CEGTI] - Android - SIMSC - QLD - Tratamento de pendências - Tela Detalhes do Pedido - Cores;SIMSC;Pessoas;Sem Atuação da GEQTI;Q3;Fernando Rodrigues;10/01/2025;;1
22646867;Teste Funcional;Pronto;PE020 - App Saúde CAIXA;[CEGTI] - Android - SIMSC - QLD - Tratamento de pendências - Tela Histórico da situação - Área última atualização;SIMSC;Pessoas;Sem Atuação da GEQTI;Q3;Fernando Rodrigues;10/01/2025;;1
22646901;Teste Funcional;Pronto;PE020 - App Saúde CAIXA;[CEGTI] - Android - SIMSC - QLD - Tratamento de pendências - Tela de Regularização de pendência enviada com sucesso!;SIMSC;Pessoas;Sem Atuação da GEQTI;Q3;Fernando Rodrigues;10/01/2025;;1
22646928;Teste Funcional;Pronto;PE020 - App Saúde CAIXA;[CEGTI] - Android - SIMSC - QLD - Tratamento de pendências - Pedido_Regularizado;SIMSC;Pessoas;Sem Atuação da GEQTI;Q3;Fernando Rodrigues;10/01/2025;;1
22647134;Teste Funcional;Novo;DI004 - APP CAIXA - Time Plataforma;SINBM - HU22567469 - [Android] - QLD_DEF - RELEASE - 5.10.0 - Defeito na escrita tipo de conta com três pontos no final - para usuários com com PJ e PF;SINBM;Box Conta Digital;Sem Atuação da GEQTI;Q1;Edmilson Bernardinelli;10/01/2025;;1
22647492;Defeito;Aceito;CD060 - OUVIDORIA;SISOU - OUV: DEFEITO Não envio de SMS ao reclamante;SISOU;Clientes;Sem Atuação da GEQTI;Q3;Polyana Valerio Franco Leao;10/01/2025;;1
22647760;Defeito;Em Desenvolvimento;SG012 - Squad Gestão de Acesso;SIAAS - Erro ao gerar XML em Relatórios - MAPs Atualizadas - DES;SIAAS;Gestão de Identidade, Acesso e Antifraude;Sem Atuação da GEQTI;Q1;Jonas Feitosa Cavalcante;10/01/2025;;1
22647913;Teste Funcional;Implantado;FP010 - Revitalização do SIAEF;"DEFEITO EM TQS - SIAEF REVITALIZAÇÃO - Testabilidade de Requisito - Tipo de Desembolso - 3 Campos distintos com o mesmo rótulo "" Código "" na mesma página";SIAEF;Financeiro e Controladoria;Sem Atuação da GEQTI;Q3;Alisson Ferreira dos Santos;10/01/2025;24/03/2025;1
22648004;Teste Funcional;Aceito;CA009 - SISAG Automação Bancária;[ZERO PAPEL]  - Reimpressão de comprovante - mensagem de obrigatoriedade de campo indevidamente no display;SISAG;Canais Físicos;Sem Atuação da GEQTI;Q4;Cristiane Pedroso Araujo;10/01/2025;;1
22648188;Teste Funcional;Implantado;CA009 - SISAG Automação Bancária;Efetua Cadastramento/Troca de senha EF/Gera Autorização de Transação -  Problema na autorização (Grupo 2);SISAG;Canais Físicos;Sem Atuação da GEQTI;Q4;Adalberto Ribeiro Lima;10/01/2025;24/03/2025;1
22648381;Defeito;Preparado;BM001 - BPPMO01 - SISME;[DEFEITO] SISME - CARGA CRONOGRAMA - FALHA COM ARQUIVOS XLSB E XLS;SISME;Box Moradia Plataforma;Sem Atuação da GEQTI;Q1;Mauricio Assuncao Oliveira dos Santos;10/01/2025;;1
22648507;Teste Funcional;Pronto;LT011 - Novos Jogos;[JOGOS] Perfil Operador está permitindo o estorno de bolão MKP;SISPL;Loterias e Canais Parceiros;Sem Atuação da GEQTI;Q4;Taise Matos dos Santos Nunes;10/01/2025;;1
22648778;Teste Funcional;Novo;DI008 - APP CAIXA - Investimentos;"Falhando o Caso de Teste ""CT_QLD_Android_Consultar respostas do Questionário de Perfil de Investidor""";SINBM;Box Conta Digital;Sem Atuação da GEQTI;Q1;Nathaly de Jesus Alexandrino;10/01/2025;;1
22649065;Teste Funcional;Implantado;FP003 - Execução Financeira;"DEFEITO EM TQS - SIAEF REVITALIZAÇÃO - Testes funcional - Tipo de Desembolso - Mensagem ""Este registro já esta cadastrado"" não é apresentada";SIAEF;Financeiro e Controladoria;Sem Atuação da GEQTI;Q3;Alisson Ferreira dos Santos;10/01/2025;30/01/2025;1
22649808;Teste de Regressão;Implantado;CR019 - SIPEN Compliance;#SIPEN - Falha ao executar a concessão de crédito parcelado;SIPEN;Crédito Comercial e Agronegócio;Sem Atuação da GEQTI;Q3;Welden Souza de Aguiar;13/01/2025;14/01/2025;1
22650341;Defeito;Implantado;FG035 -  SIAFF - Fundos de Financiamento;Ajustes nos arquivos do FCO - Banco do Brasil;SIAFF;Fundos de Governo;Sem Atuação da GEQTI;Q1;Lucas Iglesias Maia;13/01/2025;04/02/2025;1
22650496;Teste Funcional;Pronto;LT003 - Canal Lotérico - Evoluções;Atendimento -  Pagar Agora - Entre com valor em Especie - Valor em espécie não permite valores acima da dezena de milhar(7 caracteres);SISPL;Loterias e Canais Parceiros;Sem Atuação da GEQTI;Q4;Welber Jose de Souza;13/01/2025;;1
22650800;Teste Funcional;Implementado;FP042 - SIGOT;Erro - Parametrizar_Rotinas_Reprocessamento_SINAF_Cadastrar_agendamento_Campos_obrigatórios_não_informados;SIGOT;Financeiro e Controladoria;Sem Atuação da GEQTI;Q2;Liomar Rodrigues Costa;13/01/2025;;1
22650814;Teste Funcional;Pronto;LT011 - Novos Jogos;SISPL - HMP - Erro - A cor do CABEÇALHO para a tela de apostas apresenta cor não conforme para a modalidade - BUILD 4.002.0.00.000.;SISPL;Loterias e Canais Parceiros;Sem Atuação da GEQTI;Q4;Dario Douglas Alves Araujo;13/01/2025;;1
22651245;Teste Funcional;Preparado;CA009 - SISAG Automação Bancária;[SIAPI] - Recebimento de Pagamento Avulso – Dentro do AI - Campo Nº Prest. está desalinhado.;SISAG;Canais Físicos;Sem Atuação da GEQTI;Q4;Ivete Valgas Wilbert;13/01/2025;;1
22651881;Defeito;Implantado;AI003 - Cobrança;CORREÇÃO DEFEITO - BOLETOS EMITIDOS COM TP 370 COM ISENÇÃO TOTAL DE MORA, TAXAS QUE DEVERIAM SER BAIXADAS COM TP 358, GERANDO DIFERENÇA A COBRAR;SIACI;Administração do Crédito Imobiliário;Sem Atuação da GEQTI;Q3;Robson Bento Macedo;13/01/2025;02/04/2025;1
22651986;Teste Funcional;Pronto;PE020 - App Saúde CAIXA;[CEGTI] - SIMSC - iOS - Gerenciador de grupo familiar- Tratamento pendência;SIMSC;Pessoas;Sem Atuação da GEQTI;Q3;Naim Ferreira dos Santos;13/01/2025;;1
22652221;Teste Funcional;Implantado;MP023 - CARTÃO DE CRÉDITO - INTERCÂMBIO;Defeito REL DMS 16289921: T5G4 -  Chargeback feito no Mastercom e rejeitado por 5000 incluiu segunda ocorrência do tipo 1 (Erro de incoming) e solucionou com 35 mas deveria gerar a ocorrência 35.;SIPCS;Meios de Pagamento;Sem Atuação da GEQTI;Q2;Cristina de Sousa Guimaraes;13/01/2025;27/03/2025;1
22652262;Teste Funcional;Implantado;CA009 - SISAG Automação Bancária;[SIAPI] - Recebimento de Pagamento Avulso – Fora do AI - Campos não estão sendo atualizados após Alteração.;SISAG;Canais Físicos;Sem Atuação da GEQTI;Q4;Ivete Valgas Wilbert;13/01/2025;24/03/2025;1
22652409;Teste Funcional;Aceito;BR048 - Serviços Financeiros;[SINBM][iOS] - DEFEITO - [HU22646116| Onboarding de Novas Atualizações do App 5.10.0;SINBM;Box Relacionamento Digital;Sem Atuação da GEQTI;Q1;Graziele Ferreira Dias;13/01/2025;;1
22652464;Defeito;Implantado;CD037 - SAC;SISOU - DEFEITO - SAC Rotina Batch 01 - Notifica por e-mail subsídios vencendo no dia;SISOU;Clientes;Sem Atuação da GEQTI;Q3;Danielle Belo de Araujo Gomes;13/01/2025;07/02/2025;1
22652466;Defeito;Implantado;CD037 - SAC;SISOU - DEFEITO - SAC Rotina Batch 02 - Notifica por e-mail subsídios vencidos;SISOU;Clientes;Sem Atuação da GEQTI;Q3;Danielle Belo de Araujo Gomes;13/01/2025;07/02/2025;1
22652467;Defeito;Implantado;CD037 - SAC;SISOU - DEFEITO - SAC Rotina Batch 04 - Notificar por e-mail sobre ocorrências vencidas;SISOU;Clientes;Sem Atuação da GEQTI;Q3;Danielle Belo de Araujo Gomes;13/01/2025;07/02/2025;1
22652468;Defeito;Implantado;CD037 - SAC;SISOU - DEFEITO - SAC Rotina Batch 09 - Notificar por e-mail sobre contestação de penalidade.;SISOU;Clientes;Sem Atuação da GEQTI;Q3;Danielle Belo de Araujo Gomes;13/01/2025;07/02/2025;1
22653193;Teste Funcional;Implantado;FP042 - SIGOT;DEFEITO - SIGOT -  DES - Reprocessamento Carga Dados ETL - Rotina de reprocessamento altera o carga dados;SIGOT;Financeiro e Controladoria;Sem Atuação da GEQTI;Q2;Samuel Felipe Gomes de Sousa;14/01/2025;11/02/2025;1
22653245;Defeito;Em Desenvolvimento;BF009 - APP HABITACAO - SIAME IOS;OD - Erro no upload de documentos;SIAME;Box Moradia PF;Sem Atuação da GEQTI;Q3;Lena Xavier de Souza;14/01/2025;;1
22653373;Defeito;Implantado;BF001 - APP HABITACAO - SIAME ANDROID;Lint - ConstructionInProgressFragmentArgs.kt;SIAME;Box Moradia PF;Sem Atuação da GEQTI;Q3;Roberto Davi Silva;14/01/2025;12/03/2025;1
22653404;Defeito;Implantado;BF001 - APP HABITACAO - SIAME ANDROID;Lint - PPPStep2FragmentArgs.kt;SIAME;Box Moradia PF;Sem Atuação da GEQTI;Q3;Roberto Davi Silva;14/01/2025;12/03/2025;1
22653465;Teste Funcional;Pronto;LT003 - Canal Lotérico - Evoluções;Carrinho de compras - PECs;SISPL;Loterias e Canais Parceiros;Sem Atuação da GEQTI;Q4;Patricia de Oliveira Santos;14/01/2025;;1
22653494;Defeito;Implantado;BF001 - APP HABITACAO - SIAME ANDROID;Lint - BaseShared.kt;SIAME;Box Moradia PF;Sem Atuação da GEQTI;Q3;Roberto Davi Silva;14/01/2025;12/03/2025;1
22653504;Defeito;Implantado;BF001 - APP HABITACAO - SIAME ANDROID;Lint - AcceptedSituationEnum.kt;SIAME;Box Moradia PF;Sem Atuação da GEQTI;Q3;Roberto Davi Silva;14/01/2025;12/03/2025;1
22653511;Defeito;Implantado;BF001 - APP HABITACAO - SIAME ANDROID;Lint - view/IncorporationActivity.kt;SIAME;Box Moradia PF;Sem Atuação da GEQTI;Q3;Roberto Davi Silva;14/01/2025;12/03/2025;1
22653520;Defeito;Implantado;BF001 - APP HABITACAO - SIAME ANDROID;Lint - ServicesActivity.kt;SIAME;Box Moradia PF;Sem Atuação da GEQTI;Q3;Roberto Davi Silva;14/01/2025;12/03/2025;1
22653538;Defeito;Implantado;BF001 - APP HABITACAO - SIAME ANDROID;Lint - BiometricActivity.kt;SIAME;Box Moradia PF;Sem Atuação da GEQTI;Q3;Roberto Davi Silva;14/01/2025;12/03/2025;1
22653545;Defeito;Implantado;BF001 - APP HABITACAO - SIAME ANDROID;Lint - HomeModule.kt;SIAME;Box Moradia PF;Sem Atuação da GEQTI;Q3;Roberto Davi Silva;14/01/2025;12/03/2025;1
22653554;Defeito;Implantado;BF001 - APP HABITACAO - SIAME ANDROID;Lint - DebugTermsAndDeclarationsContent.kt;SIAME;Box Moradia PF;Sem Atuação da GEQTI;Q3;Roberto Davi Silva;14/01/2025;12/03/2025;1
22653562;Defeito;Implantado;BF001 - APP HABITACAO - SIAME ANDROID;Lint - OnlineProposalActivity.kt;SIAME;Box Moradia PF;Sem Atuação da GEQTI;Q3;Roberto Davi Silva;14/01/2025;12/03/2025;1
22653573;Defeito;Implantado;BF001 - APP HABITACAO - SIAME ANDROID;Lint - ProposalFollowActivity.kt;SIAME;Box Moradia PF;Sem Atuação da GEQTI;Q3;Roberto Davi Silva;14/01/2025;12/03/2025;1
22653587;Defeito;Implantado;BF001 - APP HABITACAO - SIAME ANDROID;Lint - TermsAcceptancesActivity.kt;SIAME;Box Moradia PF;Sem Atuação da GEQTI;Q3;Roberto Davi Silva;14/01/2025;12/03/2025;1
22653666;Teste Funcional;Pronto;LT002 - Canal Lotérico - Sustentação;CARRINHO_COMPRAS: Ajuste da descrição da mensagem na tela Dinheiro;SISPL;Loterias e Canais Parceiros;Sem Atuação da GEQTI;Q4;Marisa Yumi Takagi;14/01/2025;;1
22653776;Teste Funcional;Implantado;CA009 - SISAG Automação Bancária;VALIDAÇÃO DE ENVELOPE ATM - HEADER LOG ÚNICO COM VALOR ZERADO;SISAG;Canais Físicos;Sem Atuação da GEQTI;Q4;Gisele de Barros Cerqueira;14/01/2025;24/03/2025;1
22653998;Defeito;Implantado;CD043 - Representatividade Externa;Defeitos encontrados durante execução dos testes;SIREX;Clientes;Sem Atuação da GEQTI;Q1;Luis Henrique de Seixas;14/01/2025;19/02/2025;1
22654102;Teste Funcional;Preparado;CA009 - SISAG Automação Bancária;VALIDAÇÃO DE ENVELOPE ATM - FOCO NO BOTÃO <F1>.;SISAG;Canais Físicos;Sem Atuação da GEQTI;Q4;Gisele de Barros Cerqueira;14/01/2025;;1
22654439;Defeito;Novo;BF007 - QUALIDADE E ACOES JUD - SISMH;Defeito de bug no tqs;SISMH;Box Moradia PF;Sem Atuação da GEQTI;Q1;Sara Cardoso da Silva;14/01/2025;;1
22654917;Teste Funcional;Preparado;CA009 - SISAG Automação Bancária;SISAGR alguns relatórios não respeitam espaçamento entre ultima linha e linha FIM DO RELATÓRIO;SISAG;Canais Físicos;Sem Atuação da GEQTI;Q4;William Santos Rocha;14/01/2025;;1
22655200;Teste Funcional;Adiado;LT003 - Canal Lotérico - Evoluções;[Requisito] Carrinho de compras - Arrecada GPS;SISPL;Loterias e Canais Parceiros;Sem Atuação da GEQTI;Q4;Patricia de Oliveira Santos;14/01/2025;;1
22655345;Defeito;Preparado;RC007 - Avaliação e Provisionamento de Crédito;[SIAPC] Erro atualização DEPARA;SIAPC;Risco, Compliance e Adimplência;Sem Atuação da GEQTI;Q1;Elder Miranda Guilherme;14/01/2025;;1
22655385;Teste Funcional;Pronto;LT003 - Canal Lotérico - Evoluções;[Requisito] Carrinho de compras - Pré pago;SISPL;Loterias e Canais Parceiros;Sem Atuação da GEQTI;Q4;Patricia de Oliveira Santos;14/01/2025;;1
22655398;Defeito;Pronto;ES014 - Transações Multicanal e Comprovantes;SICCO - Gravação na tabela de comprovante para Pagamento de Boleto Agendado do Lote;SICCO;Estruturantes de TI;Sem Atuação da GEQTI;Q1;Hellen Aparecida Souto Domingos;14/01/2025;;1
22655480;Teste Funcional;Pronto;LT002 - Canal Lotérico - Sustentação;[Requisito] CARRINHO_COMPRAS: A aplicação apresenta mensagem divergente da RN PIX SAQUE e PIX Troco na tela do Atendimento;SISPL;Loterias e Canais Parceiros;Sem Atuação da GEQTI;Q4;Marisa Yumi Takagi;14/01/2025;;1
22655561;Teste Funcional;Pronto;LT003 - Canal Lotérico - Evoluções;Carrinho de compras - IPVA MG - O sistema permite adicionar e pagar a mesma parcela mais de uma vez na mesma operação;SISPL;Loterias e Canais Parceiros;Sem Atuação da GEQTI;Q4;Michael Ferreira Fernandes;14/01/2025;;1
22655583;Teste Funcional;Pronto;LT002 - Canal Lotérico - Sustentação;[Requisito] CARRINHO_COMPRAS: Mensagem incompleta quando o valor do PIX é insuficiente para pagamento;SISPL;Loterias e Canais Parceiros;Sem Atuação da GEQTI;Q4;Marisa Yumi Takagi;14/01/2025;;1
22655602;Teste Funcional;Adiado;LT003 - Canal Lotérico - Evoluções;[Requisito] Carrinho de compras - Fatura avulsa cartão de crédito;SISPL;Loterias e Canais Parceiros;Sem Atuação da GEQTI;Q4;Patricia de Oliveira Santos;14/01/2025;;1
22655665;Teste Funcional;Pronto;LT003 - Canal Lotérico - Evoluções;[Requisito] Carrinho de compras - arrecada convênios;SISPL;Loterias e Canais Parceiros;Sem Atuação da GEQTI;Q4;Patricia de Oliveira Santos;14/01/2025;;1
22655733;Teste Funcional;Implantado;PS004 - SIPBF - Ateste Bolsa Familia;"Defeito - SIPBF - Online - Checagem de processamento informando ""momento"" incorreto quando da solicitação de novo processamento";SIPBF;Programas Sociais;Sem Atuação da GEQTI;Q1;Marcelo dos Santos Alves;14/01/2025;07/03/2025;1
22655776;Teste Funcional;Aceito;CA009 - SISAG Automação Bancária;DESCONTO DE TARIFAS NSGD - MENSAGEM PERMANECE SENDO EXIBIDA.;SISAG;Canais Físicos;Sem Atuação da GEQTI;Q4;Gisele de Barros Cerqueira;14/01/2025;;1
22655789;Teste Funcional;Preparado;CA009 - SISAG Automação Bancária;DESCONTO DE TARIFAS NSGD - RETORNO PARA O BOTÃO <F1>.;SISAG;Canais Físicos;Sem Atuação da GEQTI;Q4;Gisele de Barros Cerqueira;14/01/2025;;1
22655795;Teste Funcional;Aceito;CA009 - SISAG Automação Bancária;DESCONTO DE TARIFAS NSGD - VALIDAÇÃO DA TELA DO SERVIÇO;SISAG;Canais Físicos;Sem Atuação da GEQTI;Q4;Gisele de Barros Cerqueira;14/01/2025;;1
22656141;Teste Funcional;Novo;DI004 - APP CAIXA - Time Plataforma;SINBM - HU22602967 - ANDROID - QLD_DEF - Defeito - Menu Talão de Cheques Solicitar Android;SINBM;Box Conta Digital;Sem Atuação da GEQTI;Q1;Edmilson Bernardinelli;15/01/2025;;1
22656235;Teste Funcional;Novo;DI004 - APP CAIXA - Time Plataforma;SINBM - HU22602967 - ANDROID - QLD_DEF - Defeito Menu Talão de Cheques Sustar Provisoriamente Android;SINBM;Box Conta Digital;Sem Atuação da GEQTI;Q1;Edmilson Bernardinelli;15/01/2025;;1
22656268;Teste Funcional;Novo;DI004 - APP CAIXA - Time Plataforma;SINBM - HU22602967 - ANDROID - QLD_DEF - Defeito - Menu Transacões Transacões Canceladas Android;SINBM;Box Conta Digital;Sem Atuação da GEQTI;Q1;Edmilson Bernardinelli;15/01/2025;;1
22656314;Teste Funcional;Pronto;LT002 - Canal Lotérico - Sustentação;CARRINHO_COMPRAS: Não habilita o meio de pagamento crédito disponível para o cartão de crédito;SISPL;Loterias e Canais Parceiros;Sem Atuação da GEQTI;Q4;Marisa Yumi Takagi;15/01/2025;;1
22656318;Teste Funcional;Novo;DI004 - APP CAIXA - Time Plataforma;SINBM - HU22602967 - ANDROID - QLD_DEF - Defeito - Loterias Apostar na Mega Sena Android;SINBM;Box Conta Digital;Sem Atuação da GEQTI;Q1;Edmilson Bernardinelli;15/01/2025;;1
22656348;Teste Funcional;Novo;DI004 - APP CAIXA - Time Plataforma;SINBM - HU22602967 - ANDROID - QLD_DEF - Defeito - Loterias Como Apostar? Android;SINBM;Box Conta Digital;Sem Atuação da GEQTI;Q1;Edmilson Bernardinelli;15/01/2025;;1
22656378;Teste Funcional;Novo;FP033 - SIMCN;DEFEITO EM HMP - SIMCN - Campos do extrato não são apresentados conforme solicitação - Item 22112546;SIMCN;Financeiro e Controladoria;Sem Atuação da GEQTI;Q2;Samuel Felipe Gomes de Sousa;15/01/2025;;1
22656399;Defeito;Em Refinamento;FD009 - SIAPO - Controle Orçamentário do FGTS;[QA] - Problema na Geração de Peça com mais de um anexo;SIAPO;Fomento e Depósitos Judiciais;Sem Atuação da GEQTI;Q1;Ana Lucia Mendes de Souza Gomes;15/01/2025;;1
22656402;Teste Funcional;Novo;FP033 - SIMCN;DEFEITO EM HMP - SIMCN - Campos do extrato não são apresentados ao final da lista - Item 22112546;SIMCN;Financeiro e Controladoria;Sem Atuação da GEQTI;Q2;Samuel Felipe Gomes de Sousa;15/01/2025;;1
22657087;Teste Funcional;Adiado;CD047 - Auditoria;SALA 01 - Módulo Acompanhamento - Defeito na Indicação – Alta. (Atendimento adiado para que não haja impactos do planejamento do primeiro trimestre das entregas  21686651 e 21039192);SIAUD;Clientes;Sem Atuação da GEQTI;Q3;Andre Luiz da Silva Lima;15/01/2025;;1
22657360;Teste Funcional;Aceito;PE010 - Sou CAIXA;[CEGTI] - Web - SIGPM - QLD - Adiantamentos - Meses não estão sendo exibidos;SIGPM;Pessoas;Sem Atuação da GEQTI;Q1;Fernando Rodrigues;15/01/2025;;1
22657413;Teste Funcional;Implantado;CA008 - Gerenciador de Atendimento;[SIPNL - API] - emissao-senha - O sistema está concatenando o grupo de segmento na categoria de atendimento;SIPNL;Canais Físicos;Sem Atuação da GEQTI;Q3;Felipe Cavalcante de Andrade;15/01/2025;21/02/2025;1
22657414;Teste Funcional;Adiado;LT011 - Novos Jogos;[Novo Requisito] Registro de Bolões MKP e Bolão de Prateleira gerando duplo pagamento.;SISPL;Loterias e Canais Parceiros;Sem Atuação da GEQTI;Q4;Welber Jose de Souza;15/01/2025;;1
22657459;Teste Funcional;Pronto;LT003 - Canal Lotérico - Evoluções;CARRINHO_COMPRAS: O log é apresentado incompleto na tabela 628 para Saque Poupança Social Digital e Pagamento CAIXA TEM;SISPL;Loterias e Canais Parceiros;Sem Atuação da GEQTI;Q4;Marisa Yumi Takagi;15/01/2025;;1
22657660;Teste Funcional;Adiado;LT003 - Canal Lotérico - Evoluções;[Novo Requisitos] CARRINHO: Transação de jogos está chamando RME na tela de pagamento;SISPL;Loterias e Canais Parceiros;Sem Atuação da GEQTI;Q4;Emerson Rogerio Ferreira;15/01/2025;;1
22657764;Teste Funcional;Pronto;LT003 - Canal Lotérico - Evoluções;CARRINHO - Está indo para o arquivo PLD transações de Estorno de jogos;SISPL;Loterias e Canais Parceiros;Sem Atuação da GEQTI;Q4;Emerson Rogerio Ferreira;15/01/2025;;1
22657968;Teste de Regressão;Implantado;LT017 - Auditoria de Loterias;Erro na rotina ACLH2MZA devido inclusão F9 excluir e ajuste de Trevo.;SIACL;Loterias e Canais Parceiros;Sem Atuação da GEQTI;Q3;Flavio Luciano Campelo de Carvalho;15/01/2025;03/02/2025;1
22658319;Teste de Regressão;Implantado;CR040 - SIEMP Agro Sustentação;"Falhando o Caso de Teste ""CTA_CERTIF_Rotina_Online_Completa_Plano_Simples"" ao executar o Registro de Execução de Teste ""CTA_CERTIF_Rotina_Online_Completa""";SIEMP;Crédito Comercial e Agronegócio;Sem Atuação da GEQTI;Q3;Marcos Aurelio de Souza Oliveira;15/01/2025;26/03/2025;1
22658699;Teste Funcional;Pronto;LT003 - Canal Lotérico - Evoluções;Carrinho de compras - comprovante do PEC10 - tipo de pagamento;SISPL;Loterias e Canais Parceiros;Sem Atuação da GEQTI;Q4;Patricia de Oliveira Santos;15/01/2025;;1
22658713;Teste Funcional;Pronto;LT003 - Canal Lotérico - Evoluções;Carrinho de compras - NPC - Nome do tipo de pagamento em branco quando se paga com PIX;SISPL;Loterias e Canais Parceiros;Sem Atuação da GEQTI;Q4;Patricia de Oliveira Santos;15/01/2025;;1
22659172;Teste Funcional;Pronto;PE020 - App Saúde CAIXA;[CEGTI] - SIMSC - iOS - Reembolso e Autorização Prévia - Pedidos;SIMSC;Pessoas;Sem Atuação da GEQTI;Q3;Naim Ferreira dos Santos;16/01/2025;;1
22659743;Defeito;Aceito;FD009 - SIAPO - Controle Orçamentário do FGTS;[QA] - Padronizar campos com mensagem inferior com capacidade máxima de caracteres;SIAPO;Fomento e Depósitos Judiciais;Sem Atuação da GEQTI;Q1;Ana Lucia Mendes de Souza Gomes;16/01/2025;;1
22659804;Teste Funcional;Implantado;DI004 - APP CAIXA - Time Plataforma;[SINBM][iOS] - DEFEITO - Ajuste ícones dos Menus;SINBM;Box Conta Digital;Sem Atuação da GEQTI;Q1;Graziele Ferreira Dias;16/01/2025;08/04/2025;1
22659886;Defeito;Aceito;DI004 - APP CAIXA - Time Plataforma;SINBM [Defeito|Android] - Após a mensagem de recadastramento (pelo contador) se o usuário clica em ok e depois fecha a bottomsheet de login ele fica em uma tela sem saída.;SINBM;Box Conta Digital;Sem Atuação da GEQTI;Q1;Francisco Lima Figueiredo;16/01/2025;;1
22660381;Defeito;Aceito;FD009 - SIAPO - Controle Orçamentário do FGTS;"[QA] - Na tela ""Configurar Páginas de Sistema/Personalizadas"" Tratar largura das divs que contém inputs";SIAPO;Fomento e Depósitos Judiciais;Sem Atuação da GEQTI;Q1;Ana Lucia Mendes de Souza Gomes;16/01/2025;;1
22660464;Teste Funcional;Implantado;DC012 - Sustentação NSGD BR;SID52 - Correção do tratamento do arquivo de saldo médio para o primeiro dia útil do mês;SID52;Depósitos e Captação;Sem Atuação da GEQTI;Q3;Maria Eugenia de Paula Correa;16/01/2025;27/01/2025;1
22660858;Defeito;Aceito;FD009 - SIAPO - Controle Orçamentário do FGTS;"[QA] -  ""Limitador de Paginação"" (pageable) está sendo apresentado com corte na parte inferior da tela";SIAPO;Fomento e Depósitos Judiciais;Sem Atuação da GEQTI;Q1;Ana Lucia Mendes de Souza Gomes;16/01/2025;;1
22661253;Teste Funcional;Pronto;LT003 - Canal Lotérico - Evoluções;Carrinho de compras - DETRAN - O sistema permite adicionar e pagar a mesma parcela mais de uma vez na mesma operação;SISPL;Loterias e Canais Parceiros;Sem Atuação da GEQTI;Q4;Michael Ferreira Fernandes;16/01/2025;;1
22661479;Teste Funcional;Implementado;LT003 - Canal Lotérico - Evoluções;CARRINHO_COMPRAS: Quando tem estorno de Cartão de Crédito a aplicação não habilita o botão Pagar Agora;SISPL;Loterias e Canais Parceiros;Sem Atuação da GEQTI;Q4;Marisa Yumi Takagi;16/01/2025;;1
22661642;Teste Funcional;Implantado;PS004 - SIPBF - Ateste Bolsa Familia;Defeito - SIPBF - Online - Valores zerados nos totalizadores do PAGB com registro em indicador;SIPBF;Programas Sociais;Sem Atuação da GEQTI;Q1;Marcelo dos Santos Alves;16/01/2025;19/03/2025;1
22661657;Teste Funcional;Implantado;CA009 - SISAG Automação Bancária;[ZERO PAPEL] - Sistema não esta fazendo reimpressão de Tarifa de contrato SIPEN;SISAG;Canais Físicos;Sem Atuação da GEQTI;Q4;Cristiane Pedroso Araujo;16/01/2025;24/03/2025;1
22661662;Teste Funcional;Implantado;PS004 - SIPBF - Ateste Bolsa Familia;Defeito - SIPBF - BATCH - Valores divergentes nos totalizadores do definitivo PAB entre quantidade de registros e quantidade de famílias;SIPBF;Programas Sociais;Sem Atuação da GEQTI;Q1;Marcelo dos Santos Alves;16/01/2025;27/03/2025;1
22662106;Defeito;Implantado;FG026 - Migração e Convivência;FGTS DIGITAL - Ajuste na execução para finalização das situações 12 e 13;SIFUG;Fundos de Governo;Sem Atuação da GEQTI;Q1;Rubens Bravo Goncalves;17/01/2025;17/02/2025;1
22662334;Defeito;Implantado;CB013 - Sigilo Bancário e Execução de Ordens Judiciais;SISIBWEB - Verificar alguns apontamentos em DES;SISIB;Cobrança e Operações Bancárias;Sem Atuação da GEQTI;Q2;Daniela Rodrigues de Miranda;17/01/2025;18/02/2025;1
22663004;Teste Funcional;Pronto;LT003 - Canal Lotérico - Evoluções;Estorna_Transação: Apresenta mensagem já estornada de Cartão de Crédito mas não  imprime o comprovante;SISPL;Loterias e Canais Parceiros;Sem Atuação da GEQTI;Q4;Marisa Yumi Takagi;17/01/2025;;1
22663571;Teste Funcional;Novo;LT003 - Canal Lotérico - Evoluções;Erros no Paga Bilhete Premiado MKP digitado manualmente.;SISPL;Loterias e Canais Parceiros;Sem Atuação da GEQTI;Q4;Welber Jose de Souza;17/01/2025;;1
22663609;Teste Funcional;Adiado;LT003 - Canal Lotérico - Evoluções;[Requisito] CARRINHO_COMPRAS: O arquivo PLD apresenta transações de pagamento de prêmio e bilhete de troca;SISPL;Loterias e Canais Parceiros;Sem Atuação da GEQTI;Q4;Marisa Yumi Takagi;17/01/2025;;1
22663626;Teste Funcional;Preparado;CA009 - SISAG Automação Bancária;Efetua Cadastramento/Troca de senha EO - Exibição da mensagem de cancelamento de autorização gerencial fora dos padrões;SISAG;Canais Físicos;Sem Atuação da GEQTI;Q4;Adalberto Ribeiro Lima;17/01/2025;;1
22663739;Teste Funcional;Implementado;FP042 - SIGOT;Erro - Parametrizar_Rotinas_Reprocessamento_SINAF_Cadastrar_agendamento_Campos_obrigatórios_não_informados;SIGOT;Financeiro e Controladoria;Sem Atuação da GEQTI;Q2;Liomar Rodrigues Costa;17/01/2025;;1
22664015;Defeito;Implantado;FG018 - FGTS Digital Contábil;FGTS Digital - SIFGD - FG018 - [CONSIG] - Defeito FUNCIONALIDADE RELATÓRIO REPASSE CONSIGNADO - CONSOLIDADO;SIFGD;Fundos de Governo;Sem Atuação da GEQTI;Q1;Angelo Vinicius Rocha Santos;17/01/2025;24/03/2025;1
22664043;Defeito;Implantado;FG018 - FGTS Digital Contábil;FGTS Digital - SIFGD - FG018 - [CONSIG] - Defeito Funcionalidade Gera Arquivo Arrecadação Consignado DAE e FGTS Digital - DAU;SIFGD;Fundos de Governo;Sem Atuação da GEQTI;Q1;Angelo Vinicius Rocha Santos;17/01/2025;24/03/2025;1
22664061;Defeito;Implantado;FG018 - FGTS Digital Contábil;FGTS Digital - SIFGD - FG018 - [CONSIG] - Defeito FUNCIONALIDADE GERA MOVIMENTO FINANCEIRO;SIFGD;Fundos de Governo;Sem Atuação da GEQTI;Q1;Angelo Vinicius Rocha Santos;17/01/2025;24/03/2025;1
22664078;Defeito;Implantado;FG018 - FGTS Digital Contábil;FGTS Digital - SIFGD - FG018 - [CONSIG] - Defeito Funcionalidade Classifica Valor Consignado FGTS Digital a Transferir SIMCF - GTC;SIFGD;Fundos de Governo;Sem Atuação da GEQTI;Q1;Angelo Vinicius Rocha Santos;17/01/2025;24/03/2025;1
22664105;Defeito;Preparado;DC025 - Squad 4 - TTarifas - SIDCE;GEFAC02 - Defeito - Arquivo SISAG NSGD não importado nos testes de cruzamento de dados SISAG NSGD;SIDCE;Depósitos e Captação;Sem Atuação da GEQTI;Q1;Felipe Soares Lopes;17/01/2025;;1
22664198;Teste Funcional;Implantado;CA009 - SISAG Automação Bancária;RECEBIMENTO DE BOLETO DE COBRANÇA FORA AI - NÃO FINALIZANDO O RECEBIMENTO.;SISAG;Canais Físicos;Sem Atuação da GEQTI;Q4;Gisele de Barros Cerqueira;17/01/2025;24/03/2025;1
22664306;Defeito;Novo;CB002 - Cobrança;[SIGCB] - API Boletos - Divergência na linha digitável e barra da API x Impressão;SIGCB;Cobrança e Operações Bancárias;Sem Atuação da GEQTI;Q2;Bruno Humberto Nascimento Cardozo Faria;17/01/2025;;1
22664913;Teste Funcional;Pronto;LT011 - Novos Jogos;HU 22664913 - Portal - Resumo EFL -  Bolões da Super Sete são listados como Milionária na parte do Recebimento;SISPL;Loterias e Canais Parceiros;Sem Atuação da GEQTI;Q4;Hiago Henrique Felix Venceslau;20/01/2025;;1
22664992;Teste Funcional;Implantado;CB003 - Cobrança Modernização;"Falhando o Caso de Teste ""CT_QLD_Modernização do SIGCB - Construção 131 - Listar QRCODE - tela principal_Apelido""";SIGCB;Cobrança e Operações Bancárias;Sem Atuação da GEQTI;Q2;Vania Silveira Costa;20/01/2025;22/01/2025;1
22665014;Teste Funcional;Implantado;CB003 - Cobrança Modernização;"Falhando o Caso de Teste ""CT_QLD_Modernização do SIGCB - Construção 131 - Listar QRCODE - tela principal""";SIGCB;Cobrança e Operações Bancárias;Sem Atuação da GEQTI;Q2;Vania Silveira Costa;20/01/2025;22/01/2025;1
22665397;Teste Funcional;Preparado;CA009 - SISAG Automação Bancária;Efetua Cadastramento/Troca de senha EO - NÍVEL DE AUTORIDADE INSUFICIENTE - SAGGSR e SAGSUR  ;SISAG;Canais Físicos;Sem Atuação da GEQTI;Q4;Adalberto Ribeiro Lima;20/01/2025;;1
22665486;Defeito;Implantado;CD037 - SAC;SISOU - DEFEITO - Jornada de Resposta - Resposta com promessa;SISOU;Clientes;Sem Atuação da GEQTI;Q3;Danielle Belo de Araujo Gomes;20/01/2025;28/03/2025;1
22666087;Teste Funcional;Implantado;FP010 - Revitalização do SIAEF;"DEFEITO EM TQS - SIAEF REVITALIZAÇÃO - Testes funcional - Tipo de Desembolso - Sistema apresenta mensagem "" Operação realizada com sucesso"" quando inserimos um vinculo TD/CL totalmente em branco";SIAEF;Financeiro e Controladoria;Sem Atuação da GEQTI;Q3;Alisson Ferreira dos Santos;20/01/2025;24/03/2025;1
22666254;Teste Funcional;Implantado;FP010 - Revitalização do SIAEF;DEFEITO EM TQS - SIAEF REVITALIZAÇÃO - Testes funcional - Tipo de Desembolso - Vínculo TD/CL excluído permanece no banco após atualizar a página;SIAEF;Financeiro e Controladoria;Sem Atuação da GEQTI;Q3;Alisson Ferreira dos Santos;20/01/2025;24/03/2025;1
22666297;Teste Funcional;Preparado;CA009 - SISAG Automação Bancária;Levantamento Depósitos Judiciais / Operação 041 – TDA  - Tela sem Foco após a apresentação de mensagem.;SISAG;Canais Físicos;Sem Atuação da GEQTI;Q4;Ivete Valgas Wilbert;20/01/2025;;1
22666390;Teste Funcional;Preparado;CA009 - SISAG Automação Bancária;Valida Solicitação Eletrônica - Erro na funcao de parse de mascaras - SAGGSR, SAGSUR e SAGGRT  ;SISAG;Canais Físicos;Sem Atuação da GEQTI;Q4;Adalberto Ribeiro Lima;20/01/2025;;1
22666479;Teste Funcional;Implantado;FP010 - Revitalização do SIAEF;"DEFEITO EM TQS - SIAEF REVITALIZAÇÃO - Testes funcional - Tipo de Desembolso - Sistema apresenta mensagem ""Vinculação já cadastrada!""  em vez de ""Campo obrigatório"" e não permite cadastrar outras situações de desembolso";SIAEF;Financeiro e Controladoria;Sem Atuação da GEQTI;Q3;Alisson Ferreira dos Santos;20/01/2025;24/03/2025;1
22666551;Teste Funcional;Implantado;AC026 - Gestão de Pagamentos e Recebimentos;DEFEITO: SIACC - Teste funcional da demanda HU 22588789: Incluir Serviço - Tela de Lista, paginação zerada;SIACC;Arrecadação e Convênios;Sem Atuação da GEQTI;Q4;Fabio Luis Marinho Pereira;20/01/2025;20/01/2025;1
22666598;Teste Funcional;Pronto;LT003 - Canal Lotérico - Evoluções;[BACKLOG DE PRD] Abertura Conta: A aplicação solicita o CPF do cônjuge mas o campo foi retirado;SISPL;Loterias e Canais Parceiros;Sem Atuação da GEQTI;Q4;Marisa Yumi Takagi;20/01/2025;;1
22666672;Teste Funcional;Implantado;AC026 - Gestão de Pagamentos e Recebimentos;DEFEITO: SIACC - Teste funcional da demanda HU 22533334: Listar Serviço - No filtro ou pesquisar traz resultados diferentes do serviço digitado.;SIACC;Arrecadação e Convênios;Sem Atuação da GEQTI;Q4;Fabio Luis Marinho Pereira;20/01/2025;20/01/2025;1
22666778;Teste Funcional;Implantado;PS004 - SIPBF - Ateste Bolsa Familia;Defeito - SIPBF - Online - Checagem de processamento informando nome do programa PAB incorreto;SIPBF;Programas Sociais;Sem Atuação da GEQTI;Q1;Marcelo dos Santos Alves;20/01/2025;19/03/2025;1
22667171;Defeito;Implantado;DI004 - APP CAIXA - Time Plataforma;"SINBM [Defeito][iOS][CrashLitics] - Exceção fatal: NSInvalidArgumentException em ""HomeViewController.swift - Linha 425"" e ""CacheLocalService.swift - Linha 41"")";SINBM;Box Conta Digital;Sem Atuação da GEQTI;Q1;Francisco Lima Figueiredo;21/01/2025;08/04/2025;1
22667274;Teste Funcional;Implantado;CD047 - Auditoria;SALA 01 - Planejamento - Gestão Afastamento Auditor - Erro no Fluxo de Exceção FE1 - Alta;SIAUD;Clientes;Sem Atuação da GEQTI;Q3;Andre Luiz da Silva Lima;21/01/2025;10/02/2025;1
22668036;Teste Funcional;Adiado;LT003 - Canal Lotérico - Evoluções;[Ambiente e Massa] Cartão de Débito/Crédito: Não aceita pagar com a bandeira Visa e ELO;SISPL;Loterias e Canais Parceiros;Sem Atuação da GEQTI;Q4;Marisa Yumi Takagi;21/01/2025;;1
22668156;Teste Funcional;Implantado;CA009 - SISAG Automação Bancária;Efetua Cadastramento/Troca de senha EO - Relatório LTEA não imprime a linha AutorEletrGerencial  ;SISAG;Canais Físicos;Sem Atuação da GEQTI;Q4;Adalberto Ribeiro Lima;21/01/2025;24/03/2025;1
22668207;Teste Funcional;Aceito;FP034 - SINAFWEB;SINAFWEB - ERRO - DLE - Não há paginação e erro no contador.;SINAF;Financeiro e Controladoria;Sem Atuação da GEQTI;Q2;Daniel Baldi Ballon Sanches;21/01/2025;;1
22668346;Teste de Regressão;Implantado;MP026 - [PIX] SISPI - Pagamentos Instantâneos;"Falhando o Caso de Teste ""CT_CERTIF_DF023 - CE02 - Autorizacao_Invalida_Para_Acessar_Este_Recurso"" ao executar o Registro de Execução de Teste ""CT_CERTIF_DF023 - CE02 - Autorizacao_Invalida_Para_Acessar_Este_Recurso_(1)";SISPI;Meios de Pagamento;Sem Atuação da GEQTI;Q4;Mardeli Ribeiro Rocha;21/01/2025;26/02/2025;1
22668834;Defeito;Implantado;AI003 - Cobrança;BEMCC06 - AEJ - Crédito Imobiliário PJ - erros na informação UNO e no cadastramento Cliente/Rede em lote  ;SIACI;Administração do Crédito Imobiliário;Sem Atuação da GEQTI;Q3;Franceline Naves Arantes Cordoba;21/01/2025;28/03/2025;1
22669012;Teste Funcional;Implantado;AC026 - Gestão de Pagamentos e Recebimentos;DEFEITO: SIACC - Teste funcional da demanda HU 22663081: Listar Funcionalidade - No filtro ou pesquisar traz resultados diferentes do serviço digitado.;SIACC;Arrecadação e Convênios;Sem Atuação da GEQTI;Q4;Fabio Luis Marinho Pereira;21/01/2025;21/01/2025;1
22669081;Teste Funcional;Implantado;AC026 - Gestão de Pagamentos e Recebimentos;DEFEITO: SIACC - Teste funcional da demanda HU 22663081: Listar Funcionalidade - Tela de Lista, contagem de itens errado e paginação zerada.;SIACC;Arrecadação e Convênios;Sem Atuação da GEQTI;Q4;Fabio Luis Marinho Pereira;21/01/2025;21/01/2025;1
22669095;Teste Funcional;Pronto;LT011 - Novos Jogos;Relatório Resumo do operador  - Caracteres  no meio da palavra;SISPL;Loterias e Canais Parceiros;Sem Atuação da GEQTI;Q4;Taise Matos dos Santos Nunes;21/01/2025;;1
22669128;Teste Funcional;Preparado;CA009 - SISAG Automação Bancária;Reinicialização de IP - campo “Senha” fica habilitado indevidamente.;SISAG;Canais Físicos;Sem Atuação da GEQTI;Q4;Ana Lucia dos Santos Agrela;21/01/2025;;1
22669191;Teste Funcional;Implantado;AC026 - Gestão de Pagamentos e Recebimentos;DEFEITO: SIACC - Teste funcional da demanda HU 22663118: Excluir Funcionalidade - Usuario adm (gestor) impedido de alterar permissões apos msg informativa.;SIACC;Arrecadação e Convênios;Sem Atuação da GEQTI;Q4;Fabio Luis Marinho Pereira;21/01/2025;21/01/2025;1
22669302;Teste Funcional;Novo;CB013 - Sigilo Bancário e Execução de Ordens Judiciais;GEQTI - SISIB WEB  -  Campo protocolo tela desbloqueio aceita caracteres especiais;SISIB;Cobrança e Operações Bancárias;Sem Atuação da GEQTI;Q2;Rodrigo da Silva dos Reis Santos;21/01/2025;;1
22669316;Teste Funcional;Novo;CB013 - Sigilo Bancário e Execução de Ordens Judiciais;GEQTI - SISIB WEB  -  Campo protocolo tela desbloqueio total aceita preencher dados ilimitados;SISIB;Cobrança e Operações Bancárias;Sem Atuação da GEQTI;Q2;Rodrigo da Silva dos Reis Santos;21/01/2025;;1
22669387;Teste Funcional;Novo;CB013 - Sigilo Bancário e Execução de Ordens Judiciais;GEQTI - SISIB WEB  -  Campo tipo pessoa na tela transferência total aceita a digitação de CNPJ/CPF sem crítica;SISIB;Cobrança e Operações Bancárias;Sem Atuação da GEQTI;Q2;Rodrigo da Silva dos Reis Santos;21/01/2025;;1
22669501;Defeito;Implantado;SG009 - Squad Antifraude Cartões;SIPDC - Erro cálculo perfil;SIPDC;Gestão de Identidade, Acesso e Antifraude;Sem Atuação da GEQTI;Q2;Brunella Valverde Leao Rosa;21/01/2025;20/03/2025;1
22669536;Teste Funcional;Pronto;LT003 - Canal Lotérico - Evoluções;CARRINHO_COMPRAS: É inserido um pagamento em espécie indevidamente na tela do Atendimento quando apresenta a mensagem de agrupamento de pagamento exclusivo para dinheiro e saque;SISPL;Loterias e Canais Parceiros;Sem Atuação da GEQTI;Q4;Marisa Yumi Takagi;21/01/2025;;1
22669629;Teste Funcional;Novo;LT011 - Novos Jogos;SILCE - Data e hora divergente do comprovante impresso.;SISPL;Loterias e Canais Parceiros;Sem Atuação da GEQTI;Q4;Taise Matos dos Santos Nunes;21/01/2025;;1
22670377;Teste Funcional;Pronto;CB003 - Cobrança Modernização;"Falhando o Caso de Teste ""CT_QLD_Efetuar baixa operacional""";SIGCB;Cobrança e Operações Bancárias;Sem Atuação da GEQTI;Q2;Rodrigo da Silva dos Reis Santos;22/01/2025;;1
22670521;Teste Funcional;Pronto;PE020 - App Saúde CAIXA;[CEGTI] - SIMSC - iOS - Tratamento de pendência - Carregamento;SIMSC;Pessoas;Sem Atuação da GEQTI;Q3;Naim Ferreira dos Santos;22/01/2025;;1
22670595;Teste Funcional;Novo;BE005 - Squad Biometria Fábrica - Sustentação;SIABM - Certif-erro - TQS/DES - Validar cadastro - Sistema não exclui os motivos de inativação 5, 7, 13;SIABM;Box Esteira Digital Segurança;Sem Atuação da GEQTI;Q3;Luis Antonio Higino;22/01/2025;;1
22671391;Defeito;Implantado;CD037 - SAC;SISOU - DEFEITO -Parametrização - Categorização - Editar / Incluir categorização vigente;SISOU;Clientes;Sem Atuação da GEQTI;Q3;Danielle Belo de Araujo Gomes;22/01/2025;07/02/2025;1
22671452;Defeito;Implantado;ES022 - Administração de Dados e Banco de Dados;Pré-validação de modelo de dados à nível de referência - Ajustar funcionamento das regras de negócio 100, 096 e 098;SIAGT;Estruturantes de TI;Sem Atuação da GEQTI;Q1;Marcela Alicia Alarcon Gallardo;22/01/2025;21/03/2025;1
22671465;Defeito;Implantado;ES022 - Administração de Dados e Banco de Dados;Pré-validação de modelo de dados à nível de modelo - Ajustar funcionamento das regras de negócio 056 e 060;SIAGT;Estruturantes de TI;Sem Atuação da GEQTI;Q1;Marcela Alicia Alarcon Gallardo;22/01/2025;21/03/2025;1
22671475;Defeito;Implantado;ES022 - Administração de Dados e Banco de Dados;Pré-validação de modelo de dados à nível de coluna - Ajustar funcionamento da regra de negócio 078;SIAGT;Estruturantes de TI;Sem Atuação da GEQTI;Q1;Marcela Alicia Alarcon Gallardo;22/01/2025;21/03/2025;1
22671654;Teste Funcional;Implantado;AC026 - Gestão de Pagamentos e Recebimentos;DEFEITO: SIACC - Teste funcional da demanda HU 22663088: Listar Aplicação - Tela de Lista, contagem de itens errado e paginação zerada.;SIACC;Arrecadação e Convênios;Sem Atuação da GEQTI;Q4;Fabio Luis Marinho Pereira;22/01/2025;22/01/2025;1
22671674;Teste Funcional;Implantado;AC026 - Gestão de Pagamentos e Recebimentos;DEFEITO: SIACC - Teste funcional da demanda HU 22663088: Listar Aplicação - No filtro ou pesquisar traz resultados diferentes do serviço digitado.;SIACC;Arrecadação e Convênios;Sem Atuação da GEQTI;Q4;Fabio Luis Marinho Pereira;22/01/2025;22/01/2025;1
22671969;Teste Funcional;Pronto;LT003 - Canal Lotérico - Evoluções;Arrecada convênios;SISPL;Loterias e Canais Parceiros;Sem Atuação da GEQTI;Q4;Patricia de Oliveira Santos;22/01/2025;;1
22672059;Teste Funcional;Aceito;FP034 - SINAFWEB;SINAFWEB - ERRO - FLE - Consulta Documento;SINAF;Financeiro e Controladoria;Sem Atuação da GEQTI;Q2;Daniel Baldi Ballon Sanches;22/01/2025;;1
22672434;Teste Funcional;Preparado;CA009 - SISAG Automação Bancária;NU_VERSAO_REGISTRO da trilha está divergindo da versão gravada no Log Único 005 - Registro Tipo Nao Lancamento (DEC) ou (NSD) - Mantem talao de Cheque;SISAG;Canais Físicos;Sem Atuação da GEQTI;Q4;William Santos Rocha;22/01/2025;;1
22672570;Teste Funcional;Pronto;LT003 - Canal Lotérico - Evoluções;CARRINHO_COMPRAS: Ajuste na mensagem da tela do cheque;SISPL;Loterias e Canais Parceiros;Sem Atuação da GEQTI;Q4;Marisa Yumi Takagi;22/01/2025;;1
22672622;Teste Funcional;Adiado;LT003 - Canal Lotérico - Evoluções;[Requisito] CARRINHO_COMPRAS: Quando o segundo meio de pagamento é Saque Pagamento não é habilitado o botão na tela e no pinpad;SISPL;Loterias e Canais Parceiros;Sem Atuação da GEQTI;Q4;Marisa Yumi Takagi;22/01/2025;;1
22673829;Teste Funcional;Novo;BE005 - Squad Biometria Fábrica - Sustentação;"SIABM - CERTIF - Defeito - Consulta por pessoa LGPD - Título ""Relatório de Consulta Por Pessoa - Segurança“ não apresenta no arquivo JSON";SIABM;Box Esteira Digital Segurança;Sem Atuação da GEQTI;Q3;Larissa Leal Santos;23/01/2025;;1
22673891;Teste de Regressão;Implantado;CR019 - SIPEN Compliance;#SIPEN - Falha ao executar a concessão de crédito;SIPEN;Crédito Comercial e Agronegócio;Sem Atuação da GEQTI;Q3;Welden Souza de Aguiar;23/01/2025;29/01/2025;1
22674428;Teste Funcional;Aceito;PE010 - Sou CAIXA;[CEGTI] - Web - SIGPM - QLD - Banner Carrossel - Erro 404;SIGPM;Pessoas;Sem Atuação da GEQTI;Q1;Fernando Rodrigues;23/01/2025;;1
22674929;Teste Funcional;Novo;;Rotina SPL66MZA apresentou erro no programa SPLPB410.;SISPL;Loterias e Canais Parceiros;Sem Atuação da GEQTI;Q4;Flavio Luciano Campelo de Carvalho;23/01/2025;;1
22674947;Teste Funcional;Preparado;CA009 - SISAG Automação Bancária;BIT_63 Enviando 16 caracteres não esperados no Módulo Entrega Desbloqueio Talão de Cheques - ESSP - Mantem talao de Cheque;SISAG;Canais Físicos;Sem Atuação da GEQTI;Q4;William Santos Rocha;23/01/2025;;1
22675043;Teste Funcional;Novo;PE019 - Autoatendimento Saúde;[CEGTI] - SIASC - QLD - Defeito - Renovação de Dependente - Não é exibido o campo 'Motivo da Solicitação' no documento PDF - Intranet;SIASC;Pessoas;Sem Atuação da GEQTI;Q3;Keni Ferreira Kinup;23/01/2025;;1
22675083;Defeito;Novo;PE019 - Autoatendimento Saúde;[CEGTI] - SIASC - QLD - Defeito - Renovação de Dependente - Não é exibido o campo 'Motivo da Solicitação' no documento PDF - Internet;SIASC;Pessoas;Sem Atuação da GEQTI;Q3;Keni Ferreira Kinup;23/01/2025;;1
22675130;Teste Funcional;Pronto;PE020 - App Saúde CAIXA;[CEGTI] - Android - SIMSC - QLD - Tratamento de pendência - Inscrição de dependente - Documentos válidos porém app permite envio de novos;SIMSC;Pessoas;Sem Atuação da GEQTI;Q3;Fernando Rodrigues;23/01/2025;;1
22675212;Teste Funcional;Pronto;LT003 - Canal Lotérico - Evoluções;Botão de IMPRIMIR notificação na EFL está desabilitada Modelo de Registro de Defeito;SISPL;Loterias e Canais Parceiros;Sem Atuação da GEQTI;Q4;Taise Matos dos Santos Nunes;23/01/2025;;1
22675384;Teste Funcional;Adiado;LT003 - Canal Lotérico - Evoluções;[Requisito] Arrecada Convênios - Nomenclatura diferente;SISPL;Loterias e Canais Parceiros;Sem Atuação da GEQTI;Q4;Patricia de Oliveira Santos;23/01/2025;;1
22675477;Teste Funcional;Pronto;LT003 - Canal Lotérico - Evoluções;PEC10 impressão dos comprovantes selecionando duas contas;SISPL;Loterias e Canais Parceiros;Sem Atuação da GEQTI;Q4;Patricia de Oliveira Santos;23/01/2025;;1
22675540;Teste Funcional;Adiado;LT003 - Canal Lotérico - Evoluções;[Erro de ambiente] Consulta Saldo: Ao errar a senha do cartão é apresentado erro PRIN001;SISPL;Loterias e Canais Parceiros;Sem Atuação da GEQTI;Q4;Marisa Yumi Takagi;23/01/2025;;1
22675617;Teste Funcional;Novo;;"SINBM - HU22665512 - ANDROID - QLD_DEF - Defeito - Falhando o Caso de Teste ""CTM_QLD_Login_Cards_PJ_e_PF_Android""";SINBM;Box Conta Digital;Sem Atuação da GEQTI;Q1;Edmilson Bernardinelli;23/01/2025;;1
22675624;Teste Funcional;Adiado;LT003 - Canal Lotérico - Evoluções;[Backlog Demanda de Melhoria] CARRINHO_COMPRAS: A descrição da poupup do Atendimento está incompleto;SISPL;Loterias e Canais Parceiros;Sem Atuação da GEQTI;Q4;Marisa Yumi Takagi;23/01/2025;;1
22676146;Teste Funcional;Pronto;DI003 - APP CAIXA - Time 32;[SINBM] [HU 22182358] [Por Dentro] [Android] Tagueamento - Vinculação_QLD_DEF_Eventos;SINBM;Box Conta Digital;Sem Atuação da GEQTI;Q1;Andreia de Lima Campos;24/01/2025;;1
22676362;Teste Funcional;Implantado;PS032 - SIPDM - Investimentos Pe De Meia;[SIPDM - DEFEITO - BANCO - Defeito no Banco de dados] -  HU16 - JOB Atualizar Data de Nascimento não está funcionando conforme o esperado.;SIPDM;Programas Sociais;Sem Atuação da GEQTI;Q1;Rhayk Vinicius Damacena Alves;24/01/2025;03/02/2025;1
22676427;Teste Funcional;Pronto;CA009 - SISAG Automação Bancária;mensagem de obrigatoriedade MA001 está incorreta - Mantem talao de Cheque;SISAG;Canais Físicos;Sem Atuação da GEQTI;Q4;William Santos Rocha;24/01/2025;;1
22676475;Teste Funcional;Implantado;PS032 - SIPDM - Investimentos Pe De Meia;"[SIPDM - DEFEITO - CÓDIGO - CTM_07_QLD_FB_VALIDAR_CONTA_SELECIONADA_5_COM_INFORMAÇÃO_N ] -  HU01 - Os dados que estão com o campo Identificador com o status ""N"", esses dados acabam sendo processados também.";SIPDM;Programas Sociais;Sem Atuação da GEQTI;Q1;Rhayk Vinicius Damacena Alves;24/01/2025;03/02/2025;1
22676741;Defeito;Aceito;FG026 - Migração e Convivência;FGTS DIGITAL - HMP - Documento com situação ENVIADO em 07/01/2025;SIFUG;Fundos de Governo;Sem Atuação da GEQTI;Q1;Rubens Bravo Goncalves;24/01/2025;;1
22676857;Teste Funcional;Pronto;LT003 - Canal Lotérico - Evoluções;Comprovante  da notificação na TFL apresenta texto desalinhado.;SISPL;Loterias e Canais Parceiros;Sem Atuação da GEQTI;Q4;Taise Matos dos Santos Nunes;24/01/2025;;1
22677002;Defeito;Implantado;ES015 - Gestão de Aplicativos Móveis;Corretiva - Problema de conexão com o microserviço SIGAM-NEGOCIO-CACHE com o REDIS;SIGAM;Estruturantes de TI;Sem Atuação da GEQTI;Q1;Patrick Warley Telles da Silva;24/01/2025;26/03/2025;1
22677303;Teste Funcional;Pronto;LT003 - Canal Lotérico - Evoluções;Atendimento - Pagamento de jogo com PIX;SISPL;Loterias e Canais Parceiros;Sem Atuação da GEQTI;Q4;Taise Matos dos Santos Nunes;24/01/2025;;1
22677381;Teste Funcional;Pronto;LT003 - Canal Lotérico - Evoluções;[Requisito] Transações com nomenclaturas diferentes nos Relatórios e Atendimento.;SISPL;Loterias e Canais Parceiros;Sem Atuação da GEQTI;Q4;Garden Coraci Loriano das Neves;24/01/2025;;1
22677690;Teste Funcional;Adiado;LT003 - Canal Lotérico - Evoluções;[ERRO VERSÃO DE PRODUÇÃO] Paga FGTS: Está com a situação Pendente no SITAE;SISPL;Loterias e Canais Parceiros;Sem Atuação da GEQTI;Q4;Marisa Yumi Takagi;24/01/2025;;1
22677712;Teste Funcional;Implantado;PS032 - SIPDM - Investimentos Pe De Meia;[SIPDM - Código - Recepção do Arquivo de Retorno de Cadastro_Validar HEADER_Quantidade de Caracteres] - Erro ao validar atualizações do HEADER (cabeçalho do arquivo) - HU07;SIPDM;Programas Sociais;Sem Atuação da GEQTI;Q1;Eliane Francisca de Oliveira Ferreira;24/01/2025;27/01/2025;1
22677775;Defeito;Pronto;DC025 - Squad 4 - TTarifas - SIDCE;GEFAC02 - Defeito - Arquivo TITULARES - Ausência de contas de investigados;SIDCE;Depósitos e Captação;Sem Atuação da GEQTI;Q1;Felipe Soares Lopes;24/01/2025;;1
22678192;Teste Funcional;Implantado;PS032 - SIPDM - Investimentos Pe De Meia;[SIPDM - DEFEITO - CÓDIGO - CTM_09_QLD_FB_VALIDAR_REGISTRO_NA_BASE_DO_PDM_A_QUANTIDADE_DE_REGISTROS_PROCESSADOS_E_SALVOS ] -  HU01 Os campos QT_ACATADO e QT_REJEITADO não estão refletindo a quantidade de dados que foram registrados na base.;SIPDM;Programas Sociais;Sem Atuação da GEQTI;Q1;Rhayk Vinicius Damacena Alves;24/01/2025;03/02/2025;1
22678312;Teste Funcional;Implantado;PS032 - SIPDM - Investimentos Pe De Meia;[SIPDM - DEFEITO - CÓDIGO - CTM_11_QLD_FB_VALIDAR_ARQUIVO_COM_TEMPLATE_NÃO_ESPERADO ] -  HU01 Campo Conta vazio registrando CPF incorretamente;SIPDM;Programas Sociais;Sem Atuação da GEQTI;Q1;Rhayk Vinicius Damacena Alves;24/01/2025;03/02/2025;1
22678435;Defeito;Implantado;OF005 - SIINP - INICIADORA DE PAGAMENTOS;TQS - Motivo da rejeição não disponibilizado para visualização;SIINP;Box Open Finance;Sem Atuação da GEQTI;Q3;Miguel Batista da Silva Neto;24/01/2025;22/04/2025;1
22678734;Teste Funcional;Preparado;CA009 - SISAG Automação Bancária;Relatório Tabela de Parâmetros - LTTP - Campos estão fora do alinhamento - EO;SISAG;Canais Físicos;Sem Atuação da GEQTI;Q4;Ana Lucia dos Santos Agrela;24/01/2025;;1
22679776;Teste Funcional;Implantado;PS032 - SIPDM - Investimentos Pe De Meia;[SIPDM - Código - Recepção do Arquivo de Retorno de Cadastro_Validar CPFs Válidos no Banco de Dados do SIPDM] - Erro na Queue do banco de dados(arquivo de configuração) - HU07;SIPDM;Programas Sociais;Sem Atuação da GEQTI;Q1;Eliane Francisca de Oliveira Ferreira;27/01/2025;27/01/2025;1
22679912;Teste Funcional;Implantado;PS032 - SIPDM - Investimentos Pe De Meia;[SIPDM - Código - Recepção do Arquivo de Retorno de Cadastro_ Validar CPFs Válidos no Banco de Dados do SIPDM] - Tabela JOB_EXECUTION JE travada pelo banco de Dados - HU07;SIPDM;Programas Sociais;Sem Atuação da GEQTI;Q1;Eliane Francisca de Oliveira Ferreira;27/01/2025;27/01/2025;1
22680002;Teste Funcional;Implantado;PS032 - SIPDM - Investimentos Pe De Meia;[SIPDM - Código - Recepção do Arquivo de Retorno de Cadastro_Validar extensão do arquivo diferente de (.txt)] - Palavras cortadas no log do Control M - HU07;SIPDM;Programas Sociais;Sem Atuação da GEQTI;Q1;Eliane Francisca de Oliveira Ferreira;27/01/2025;27/01/2025;1
22680417;Teste Funcional;Implantado;PS032 - SIPDM - Investimentos Pe De Meia;[SIPDM - Código - Carga Base Inicial_Data de nascimento_Validar zeros a esquerda dos CPFs] - Erro na consulta dos CPFs sem os zeros a esquerda no Banco de Dados - HU15;SIPDM;Programas Sociais;Sem Atuação da GEQTI;Q1;Eliane Francisca de Oliveira Ferreira;27/01/2025;27/01/2025;1
22680463;Teste Funcional;Implantado;PS032 - SIPDM - Investimentos Pe De Meia;[SIPDM - Código - Carga Base Inicial_Data de Nascimento_Validar Registro de Beneficiários que NÃO Estejam Cadastrados no SIPDM] - Erro com CPFs que NÃO estão na base no SIPDM - HU15;SIPDM;Programas Sociais;Sem Atuação da GEQTI;Q1;Eliane Francisca de Oliveira Ferreira;27/01/2025;27/01/2025;1
22680557;Teste Funcional;Adiado;LT002 - Canal Lotérico - Sustentação;[Backlog Demanda de Melhoria] CARRINHO_COMPRAS: Informação incoerente referente ao pagamento de aposta e estorno da mesma;SISPL;Loterias e Canais Parceiros;Sem Atuação da GEQTI;Q4;Emerson Rogerio Ferreira;27/01/2025;;1
22680908;Defeito;Implantado;CD037 - SAC;SISOU - DEFEITO - Jornada de Registro - Minhas ocorrências registradas;SISOU;Clientes;Sem Atuação da GEQTI;Q3;Danielle Belo de Araujo Gomes;27/01/2025;07/02/2025;1
22680944;Defeito;Implantado;CD037 - SAC;SISOU - DEFEITO - Jornada de Registro - Duas ou mais categorizações;SISOU;Clientes;Sem Atuação da GEQTI;Q3;Danielle Belo de Araujo Gomes;27/01/2025;07/02/2025;1
22680983;Teste Funcional;Implantado;PS032 - SIPDM - Investimentos Pe De Meia;[SIPDM - Código - Carga Base Inicial_Data de nascimento_Validar CPF com letras] - Erro ao validar CPF com letras no banco de Dados;SIPDM;Programas Sociais;Sem Atuação da GEQTI;Q1;Eliane Francisca de Oliveira Ferreira;27/01/2025;27/01/2025;1
22681286;Teste Funcional;Implementado;LT003 - Canal Lotérico - Evoluções;NPC CAIXA - Tela de atendimento com vários pagamento e com pix troco;SISPL;Loterias e Canais Parceiros;Sem Atuação da GEQTI;Q4;Patricia de Oliveira Santos;27/01/2025;;1
22681665;Teste Funcional;Implantado;PS032 - SIPDM - Investimentos Pe De Meia;"[SIPDM - DEFEITO - CÓDIGO - CTM_03_QLD_FE_VALIDAR_RETORNO_QUANDO_O_CPF_NÃO_TIVER_CADASTRADO_NO_SIISO ] -  HU16 JOB Atualizar Data de Nascimento não está inserido a mensagem de ""Não retornou data de nascimento"" no LOG Control-M";SIPDM;Programas Sociais;Sem Atuação da GEQTI;Q1;Rhayk Vinicius Damacena Alves;27/01/2025;03/02/2025;1
22681770;Teste Funcional;Implantado;PS032 - SIPDM - Investimentos Pe De Meia;[SIPDM - DEFEITO - CÓDIGO - CTM_02_QLD_FB_VALIDAR_CONSULTA_DO_SIPDM_NA_BASE_DE_DADOS_DE_ESTUDANTES_QUE_NÃO_TEM_DATA_DE_NASCIMENTO_CADASTRADA ] -  HU16 Data de nascimento não sendo atualizada;SIPDM;Programas Sociais;Sem Atuação da GEQTI;Q1;Rhayk Vinicius Damacena Alves;27/01/2025;03/02/2025;1
22682075;Teste Funcional;Pronto;LT003 - Canal Lotérico - Evoluções;Pé de Meia: O cadastro de senha Pé de Meia é apresentado na tela do Atendimento com valor zerado e meio de pagamento habilitado;SISPL;Loterias e Canais Parceiros;Sem Atuação da GEQTI;Q4;Marisa Yumi Takagi;27/01/2025;;1
22682251;Defeito;Aceito;FD009 - SIAPO - Controle Orçamentário do FGTS;"[QA] - Função de Cálculo - Inclusão de passos de cálculo, após letra ""Z"" o sistema insere caracteres especiais";SIAPO;Fomento e Depósitos Judiciais;Sem Atuação da GEQTI;Q1;Rosangela Aparecida Menha;27/01/2025;;1
22683561;Teste Funcional;Novo;FP033 - SIMCN;DEFEITO EM HMP - SIMCN - Edição não expande a grid para alterar o campo na regra de conciliação automática - Item 22112546;SIMCN;Financeiro e Controladoria;Sem Atuação da GEQTI;Q2;Samuel Felipe Gomes de Sousa;28/01/2025;;1
22684470;Teste Funcional;Pronto;LT003 - Canal Lotérico - Evoluções;[Requisito -alteração HU]  CARRINHO_COMPRAS: Ajustar a mensagem alterada da HU 21247522;SISPL;Loterias e Canais Parceiros;Sem Atuação da GEQTI;Q4;Marisa Yumi Takagi;28/01/2025;;1
22684838;Defeito;Aceito;PS005 - Tarifas - Gestão Financeira Pagtos Sociais;Defeito: Funcionalidade Transferências;SISGF;Programas Sociais;Sem Atuação da GEQTI;Q1;Daniel Elias Araujo;28/01/2025;;1
22685242;Defeito;Implantado;CD048 - Jurídico;SIJUR-API Expediente: Erro ao salvar o expediente.;SIJUR;Clientes;Sem Atuação da GEQTI;Q1;Cleziana de Freitas Costa;28/01/2025;01/04/2025;1
22685502;Defeito;Aceito;FD009 - SIAPO - Controle Orçamentário do FGTS;[QA] - Função de Cálculo - Borda do campo Tipo de Período quando não preenchido fica parcialmente em vermelho;SIAPO;Fomento e Depósitos Judiciais;Sem Atuação da GEQTI;Q1;Rosangela Aparecida Menha;28/01/2025;;1
22685776;Defeito;Aceito;FG016 - SIFGM - APP FGTS;Bug iOS - Menor de idade está solicitando saque;SIFGM;Fundos de Governo;Sem Atuação da GEQTI;Q1;Edlene Alves Martins;28/01/2025;;1
22686484;Teste Funcional;Pronto;CB003 - Cobrança Modernização;"Falhando o Caso de Teste ""CT_QLD_Alteração_de_boleto_PADRÃO""";SIGCB;Cobrança e Operações Bancárias;Sem Atuação da GEQTI;Q2;Rodrigo da Silva dos Reis Santos;29/01/2025;;1
22687088;Defeito;Implantado;DC025 - Squad 4 - TTarifas - SIDCE;GEFAC02 - Defeito TQS - Divergência na quantidade de registros entre o arquivo EXTRATO e o arquivo ORIGEM_DESTINO;SIDCE;Depósitos e Captação;Sem Atuação da GEQTI;Q1;Felipe Soares Lopes;29/01/2025;22/04/2025;1
22687452;Teste Funcional;Implantado;PS032 - SIPDM - Investimentos Pe De Meia;[SIPDM - DEFEITO - CÓDIGO - CTM_08_QLD_FB_VALIDAR_NA_BASE_DO_PDM_A_QUANTIDADE_DE_REGISTROS_NO_ARQUIVO ] - Campo QT_TOTAL_REGISTRO não está refletindo com as linhas do arquivo;SIPDM;Programas Sociais;Sem Atuação da GEQTI;Q1;Rhayk Vinicius Damacena Alves;29/01/2025;03/02/2025;1
22687906;Defeito;Preparado;CD037 - SAC;SISOU - DEFEITO - SAC Integração SICLI - Consulta CPF;SISOU;Clientes;Sem Atuação da GEQTI;Q3;Danielle Belo de Araujo Gomes;29/01/2025;;1
22688611;Teste Funcional;Adiado;LT003 - Canal Lotérico - Evoluções;[Erro de ambiente - massa] RESET CAIXA TEM: Erro após informar o número do telefone [PRAU046];SISPL;Loterias e Canais Parceiros;Sem Atuação da GEQTI;Q4;Marisa Yumi Takagi;29/01/2025;;1
22688615;Teste Funcional;Implantado;PS032 - SIPDM - Investimentos Pe De Meia;SIPDM  - Banco - Verificação da atualização da modalidade do estudante no banco - Beneficiários com modalidade de ensino = 0 não são processados;SIPDM;Programas Sociais;Sem Atuação da GEQTI;Q1;Willian Gulgielmin;29/01/2025;04/04/2025;1
22688634;Teste Funcional;Adiado;LT003 - Canal Lotérico - Evoluções;[INFORMATIVO] CARRINHO_COMPRAS: Impressão do RESUMO DO ATENDIMENTO está caindo na tabela SPLTB906 com Código de serviço = 50101 - LOGON;SISPL;Loterias e Canais Parceiros;Sem Atuação da GEQTI;Q4;Emerson Rogerio Ferreira;29/01/2025;;1
22688787;Teste Funcional;Adiado;LT003 - Canal Lotérico - Evoluções;[Demanda de Melhoria] Carrinho de compras - Tela Atendimento - Não contempla outros produtos vendidos fora da TFL;SISPL;Loterias e Canais Parceiros;Sem Atuação da GEQTI;Q4;Michael Ferreira Fernandes;29/01/2025;;1
22688850;Defeito;Aceito;CI010 - PDI Fundos de investimento;[DEFEITO SIPDI TQS] - Consulta Consolidada de Saldo em Investimentos v.2 - Erro no conteúdo do registro de transação do SIPDI para o canal, quando o cliente não é o primeiro titular.;SIPDI;Câmbio, Investimentos e Mercado de Capitais;Sem Atuação da GEQTI;Q3;Marcos Vieira dos Santos;29/01/2025;;1
22688979;Defeito;Implantado;CI034 - Comércio exterior (SIEXC);SIEXC TQS - GEOTN - Erros - OPDO não chega no SIMEX teste / OPPARA não evolui para registro por erro de tarefa;SIEXC;Câmbio, Investimentos e Mercado de Capitais;Sem Atuação da GEQTI;Q1;Cinthia Yumi Maeda Isobe;29/01/2025;06/02/2025;1
22688989;Teste Funcional;Implantado;PS032 - SIPDM - Investimentos Pe De Meia;[SIPDM - Código - Recepção do Arquivo de Retorno de Cadastro_Validar Arquivo com CPFs Inexistentes no Banco de Dados] - Rotina gera 02 arquivos ao invés de um sendo um sem dados;SIPDM;Programas Sociais;Sem Atuação da GEQTI;Q1;Eliane Francisca de Oliveira Ferreira;29/01/2025;30/01/2025;1
22688998;Teste Funcional;Adiado;LT003 - Canal Lotérico - Evoluções;[Erro de Ambiente - DEADLOCK] Paga FGTS: Apresenta sem comunicação para os três tipos de saques de FGTS;SISPL;Loterias e Canais Parceiros;Sem Atuação da GEQTI;Q4;Marisa Yumi Takagi;29/01/2025;;1
22689034;Teste de Regressão;Implantado;LT010 - Loterias Canais Eletrônicos (site);SISPL - Erro na rotina SPL64MZA  - Programa SPLPB333;SISPL;Loterias e Canais Parceiros;Sem Atuação da GEQTI;Q4;Michele Martins Santos Alves;29/01/2025;03/02/2025;1
22689200;Defeito;Novo;CD060 - OUVIDORIA;SISOU - API - OUV Retorna os indicadores dos consoles de atendentes      ;SISOU;Clientes;Sem Atuação da GEQTI;Q3;Fernando Silva Paz;29/01/2025;;1
22689232;Defeito;Novo;CD060 - OUVIDORIA;SISOU - API - OUV Retorna as notificações - alertas de email      ;SISOU;Clientes;Sem Atuação da GEQTI;Q3;Fernando Silva Paz;29/01/2025;;1
22689237;Defeito;Aceito;CD060 - OUVIDORIA;SISOU - API - OUV Retorna as ocorrências      ;SISOU;Clientes;Sem Atuação da GEQTI;Q3;Fernando Silva Paz;29/01/2025;;1
22689240;Defeito;Aceito;CD060 - OUVIDORIA;SISOU - API - OUV Retorna as tarefas das ocorrências      ;SISOU;Clientes;Sem Atuação da GEQTI;Q3;Fernando Silva Paz;29/01/2025;;1
22689780;Teste Funcional;Implantado;CD047 - Auditoria;SALA 01 - Planejamento - Criação de Súmulas - Criar Súmula com PAINT Aberto - Crítico;SIAUD;Clientes;Sem Atuação da GEQTI;Q3;Andre Luiz da Silva Lima;30/01/2025;10/02/2025;1
22689840;Defeito;Implantado;CI033 - Fundo mútuo de privatização (SIFMP);SIFMP - Valor de resgate não enviado para pagamento no SISAG -0454.0001.90000043-8;SIFMP;Câmbio, Investimentos e Mercado de Capitais;Sem Atuação da GEQTI;Q2;Alisson Araujo de Lima;30/01/2025;20/02/2025;1
22690110;Teste Funcional;Adiado;LT003 - Canal Lotérico - Evoluções;[Erro Versão de Produção] Paga INSS: Pagamento pendente no SITAE;SISPL;Loterias e Canais Parceiros;Sem Atuação da GEQTI;Q4;Marisa Yumi Takagi;30/01/2025;;1
22690425;Teste Funcional;Implantado;PS032 - SIPDM - Investimentos Pe De Meia;"[SIPDM - Código - Atualização de informações de conta (coluna 5 contendo o valor ""S"") - Digito Verificador] - Falha ao atualizar o dígito verificador - HU02";SIPDM;Programas Sociais;Sem Atuação da GEQTI;Q1;Renan dos Santos Lopes;30/01/2025;03/02/2025;1
22690475;Teste Funcional;Implantado;PS032 - SIPDM - Investimentos Pe De Meia;[SIPDM - Código - Verificação da extensão do arquivo (Control-M)] - Erro ao iniciar carga pelo Control-M - HU02;SIPDM;Programas Sociais;Sem Atuação da GEQTI;Q1;Renan dos Santos Lopes;30/01/2025;03/02/2025;1
22690645;Teste Funcional;Novo;CD010 - Comunicação;SIGMS - Defeito - Erro na tela/relatório:  Processamento de arquivo - Motivo divergente na tela e no relatorio analitico;SIGMS;Clientes;Sem Atuação da GEQTI;Q1;Gustavo Henrique Mota Silva;30/01/2025;;1
22691324;Defeito;Aceito;FD009 - SIAPO - Controle Orçamentário do FGTS;[QA] - Limitar o campo nome do Mapeamento até 100 caracteres;SIAPO;Fomento e Depósitos Judiciais;Sem Atuação da GEQTI;Q1;Ana Lucia Mendes de Souza Gomes;30/01/2025;;1
22691736;Teste Funcional;Novo;LT011 - Novos Jogos;SISPL - TFL - Erro ao efetuar o pagamento de prêmio de apostas do SILCE com teimosinha (todas as modalidades), não está aparecendo na tela nem imprimindo o(s) concurso(s) NÃO APURADO(S).;SISPL;Loterias e Canais Parceiros;Sem Atuação da GEQTI;Q4;Dario Douglas Alves Araujo;30/01/2025;;1
22692139;Teste Funcional;Implantado;PS032 - SIPDM - Investimentos Pe De Meia;[SIPDM - CÓDIGO - Recepção do Arquivo de Retorno de Cadastro_Validar TRAILLER_Quantidade de caracteres] - TRAILLER não totaliza linhas do arquivo;SIPDM;Programas Sociais;Sem Atuação da GEQTI;Q1;Eliane Francisca de Oliveira Ferreira;30/01/2025;30/01/2025;1
22692145;Teste Funcional;Implementado;LT003 - Canal Lotérico - Evoluções;Bolões por Situação -  exibindo o ID do bolão para outros perfis diferente de operador ao exportar para Excel.;SISPL;Loterias e Canais Parceiros;Sem Atuação da GEQTI;Q4;Welber Jose de Souza;30/01/2025;;1
22692165;Defeito;Implantado;AI003 - Cobrança;RETORNO DE INCONSISTÊNCIA NO CIWEB NOS PAGAMENTOS DE RTP'S EMITIDOS COM TP 370 - SEMELHANTE AO TRATADO NO IB 22651881;SIACI;Administração do Crédito Imobiliário;Sem Atuação da GEQTI;Q3;Robson Bento Macedo;30/01/2025;02/04/2025;1
22692191;Teste Funcional;Novo;FP033 - SIMCN;DEFEITO EM HMP - SIMCN - Consulta de visão balancete apresenta mensagem de erro - Item 22193251;SIMCN;Financeiro e Controladoria;Sem Atuação da GEQTI;Q2;Samuel Felipe Gomes de Sousa;30/01/2025;;1
22692625;Teste Funcional;Novo;;SIABM - Certif- Defeito - TQS - Incluir e alterar biometria - Sistema está gerando erro quando incluído ou alterar biometria digital e facial;SIABM;Box Esteira Digital Segurança;Sem Atuação da GEQTI;Q3;Luis Antonio Higino;30/01/2025;;1
22693146;Defeito;Aceito;FG006 - Arrecadação;SFG - JAM Complementar - Ajuste do loop (SFGB4631);SISFG;Fundos de Governo;Sem Atuação da GEQTI;Q1;Ana Paula Brozoski Stone;31/01/2025;;1
22693531;Defeito;Implantado;AI006 - Core e Adm. Fase Retorno e Recebimento;Defeito tela DEM identificado na correção de problema tratado no IB - 22630127 - Erro de demonstração do prazo de contrato migrado do SIAOI para o SIACI;SIACI;Administração do Crédito Imobiliário;Sem Atuação da GEQTI;Q3;Evandro de Souza Silva;31/01/2025;03/04/2025;1
22693631;Teste Funcional;Novo;LT011 - Novos Jogos;Relatório cobrança diária(TFL) diferente do portal;SISPL;Loterias e Canais Parceiros;Sem Atuação da GEQTI;Q4;Taise Matos dos Santos Nunes;31/01/2025;;1
22693934;Defeito;Implantado;BF040 - SIATH (Atender Habitação);DEFEITO – IB 22634946 - PLS DIGITAL – SIATH PLS INDIVIDUAL - Ajustes Rascunho;SIATH;Box Moradia PF;Sem Atuação da GEQTI;Q1;Melina Cotrim Lopes;31/01/2025;17/02/2025;1
22693968;Teste Funcional;Novo;LT011 - Novos Jogos;Relatório resumo da EFL do portal gestão;SISPL;Loterias e Canais Parceiros;Sem Atuação da GEQTI;Q4;Taise Matos dos Santos Nunes;31/01/2025;;1
22694195;Teste Funcional;Implementado;LT003 - Canal Lotérico - Evoluções;Bolões por Situação -  Perfils listados para fazer a consulta não incluem SPLOPPD.;SISPL;Loterias e Canais Parceiros;Sem Atuação da GEQTI;Q4;Welber Jose de Souza;31/01/2025;;1
22694349;Defeito;Aceito;CD043 - Representatividade Externa;DEFEITO - CADASTRO ENTIDADE - IMPOSSIBILIDADE EDIÇÃO REPRESENTANTE;SIREX;Clientes;Sem Atuação da GEQTI;Q1;Jonathan Barroso Felix;31/01/2025;;1
22694427;Teste Funcional;Pronto;LT003 - Canal Lotérico - Evoluções;Ajuste a HU 21247506;SISPL;Loterias e Canais Parceiros;Sem Atuação da GEQTI;Q4;Marisa Yumi Takagi;31/01/2025;;1
22695082;Teste Funcional;Implantado;CA009 - SISAG Automação Bancária;RECEBIMENTO DE BOLETO DE COBRANÇA FORA AI -RELATÓRIO RTED;SISAG;Canais Físicos;Sem Atuação da GEQTI;Q4;Aline Moreira Marques;31/01/2025;24/03/2025;1
22695103;Teste Funcional;Adiado;LT003 - Canal Lotérico - Evoluções;[Erro de ambiente] PEC10 quando faço vários pagamentos e uma conta da um erro na comunicação e nao paga;SISPL;Loterias e Canais Parceiros;Sem Atuação da GEQTI;Q4;Patricia de Oliveira Santos;31/01/2025;;1
22696079;Defeito;Implantado;CD048 - Jurídico;SIJUR-API Expediente: Erro ao alterar expediente (NU_EMPREGADO X NU_CREDENCIADO e INFO_CLIENTE);SIJUR;Clientes;Sem Atuação da GEQTI;Q1;Cleziana de Freitas Costa;03/02/2025;01/04/2025;1
22696725;Defeito;Aceito;FG026 - Migração e Convivência;SIMIG - Programas 0C1 e 0C2;SIFUG;Fundos de Governo;Sem Atuação da GEQTI;Q1;Rubens Bravo Goncalves;03/02/2025;;1
22698264;Defeito;Aceito;FD009 - SIAPO - Controle Orçamentário do FGTS;[QA] - Função Cálculo - Após inserir vários passos de cálculo o botão Salvar para de funcionar;SIAPO;Fomento e Depósitos Judiciais;Sem Atuação da GEQTI;Q1;Rosangela Aparecida Menha;03/02/2025;;1
22698715;Teste Funcional;Preparado;CA009 - SISAG Automação Bancária;[SIAPI] - Recebimento de Pagamento Avulso – Dentro do AI - Fita de Auditoria com campos Desalinhados.;SISAG;Canais Físicos;Sem Atuação da GEQTI;Q4;Ivete Valgas Wilbert;03/02/2025;;1
22698737;Teste Funcional;Novo;PE019 - Autoatendimento Saúde;[CEGTI] - SIASC - Intranet - Prazos_Tratamento_Situacao - Não apresenta resultado filtrados pelo Prazo;SIASC;Pessoas;Sem Atuação da GEQTI;Q3;Thairo Carvalho Fortes;03/02/2025;;1
22698764;Teste Funcional;Implementado;LT011 - Novos Jogos;Aplicação não permite realizar bloqueio de UL pelo portal gestão.;SISPL;Loterias e Canais Parceiros;Sem Atuação da GEQTI;Q4;Garden Coraci Loriano das Neves;03/02/2025;;1
22698824;Teste Funcional;Implementado;LT003 - Canal Lotérico - Evoluções;"PORTAL G - SISPL- Menu   ""Resolve Situação Contábil"" não disponível para o perfil SPLSUPER";SISPL;Loterias e Canais Parceiros;Sem Atuação da GEQTI;Q4;Welber Jose de Souza;03/02/2025;;1
22699038;Teste Funcional;Em Refinamento;CB003 - Cobrança Modernização;"Falhando o Caso de Teste ""CT_QLD_Validar_inclusão_de_boleto_HIBRIDO""";SIGCB;Cobrança e Operações Bancárias;Sem Atuação da GEQTI;Q2;Rodrigo da Silva dos Reis Santos;03/02/2025;;1
22699212;Defeito;Aceito;CD040 - Colegiados;SIATD - Defeito - Formatação de Hora (DES);SIATD;Clientes;Sem Atuação da GEQTI;Q3;Alessandro Guimaraes Ofugi;03/02/2025;;1
22699224;Defeito;Aceito;CD040 - Colegiados;SIATD - Defeito - Salvar lista de presença de uma reunião;SIATD;Clientes;Sem Atuação da GEQTI;Q3;Alessandro Guimaraes Ofugi;03/02/2025;;1
22700423;Defeito;Implantado;ES022 - Administração de Dados e Banco de Dados;Pré-validação de modelo de dados à nível de sequence - Ajustar funcionamento das regras de negócio 106, 110 e 109;SIAGT;Estruturantes de TI;Sem Atuação da GEQTI;Q1;Marcela Alicia Alarcon Gallardo;04/02/2025;21/03/2025;1
22700960;Teste Funcional;Implementado;LT011 - Novos Jogos;Não foi  localizado o botão Alterar Equipe Esportiva;SISPL;Loterias e Canais Parceiros;Sem Atuação da GEQTI;Q4;Taise Matos dos Santos Nunes;04/02/2025;;1
22701177;Defeito;Implantado;AI001 - Canais Digitais;BEMPF15 - Defeito_Serviço_Interrompe_Pausa_Pagamento_Parcial;SIACI;Administração do Crédito Imobiliário;Sem Atuação da GEQTI;Q3;Milena Sixe Lima Busch de Carvalho;04/02/2025;11/03/2025;1
22702404;Teste Funcional;Aceito;PE010 - Sou CAIXA;[CEGTI] - Web - SIGPM - QLD - Demonstrativo IRPF - Botão Voltar não funciona;SIGPM;Pessoas;Sem Atuação da GEQTI;Q1;Fernando Rodrigues;04/02/2025;;1
22702441;Defeito;Implantado;MP004 - APLICATIVO DE CARTÕES;6.4.0 - Não está apresentando a opção de voltar no acompanhamento de contestação;SIACM;Meios de Pagamento;Sem Atuação da GEQTI;Q2;Petulia Oliveira da Cruz;04/02/2025;10/02/2025;1
22702477;Teste Funcional;Novo;PS004 - SIPBF - Ateste Bolsa Familia;[Aceite - Cód - HU1039 - SIPBF - Parametrização online do benefício BCG - Consulta Parametrizar Benefício Social] - Benefício BV divergente no sistema;SIPBF;Programas Sociais;Sem Atuação da GEQTI;Q1;Elma de Assis Pereira;04/02/2025;;1
22702728;Teste Funcional;Implantado;MP002 - CARTÃO DE CRÉDITO - SERVIÇOS;SIPCS - Erro Envio Fatura via Whatsapp FE1 IB 22260436;SIPCS;Meios de Pagamento;Sem Atuação da GEQTI;Q2;Alberto Luiz Gomes Pereira Junior;04/02/2025;05/02/2025;1
22702805;Teste Funcional;Novo;CA009 - SISAG Automação Bancária;Alinhamento dos relatórios em desacordo com a ESP;SISAG;Canais Físicos;Sem Atuação da GEQTI;Q4;Umbelino Fagner Caldas Negre;04/02/2025;;1
22702999;Teste Funcional;Implementado;LT003 - Canal Lotérico - Evoluções;O comprovante do totaliza transação é impresso na pendência ou quando reinicia a TFL;SISPL;Loterias e Canais Parceiros;Sem Atuação da GEQTI;Q4;Marisa Yumi Takagi;04/02/2025;;1
22703217;Defeito;Implantado;MP029 - API PIX - Serviços e Parcerias PIX;QRCODE - DEFEITO - Inserir log de notificação na tabela SPITB169;SISPI;Meios de Pagamento;Sem Atuação da GEQTI;Q4;Daniele Espirito Santo Ferreira;04/02/2025;07/03/2025;1
22703301;Defeito;Implantado;MP004 - APLICATIVO DE CARTÕES;A - 6.4.0 - Cancelar contestação está Crashando o Aplicativo;SIACM;Meios de Pagamento;Sem Atuação da GEQTI;Q2;Eric Miranda Ribeiro;04/02/2025;11/02/2025;1
22703312;Defeito;Implantado;AI009 - GRF, IR e Portal das garantias;BEMCC06 - POG - Correção do cálculo do estoque PEC;SIACI;Administração do Crédito Imobiliário;Sem Atuação da GEQTI;Q3;Michele Artieri Santos;04/02/2025;19/02/2025;1
22703434;Teste Funcional;Implantado;PS004 - SIPBF - Ateste Bolsa Familia;[Aceite - Cód - HU1039 - SIPBF - Parametrização online do benefício BCG - Consulta Parametrizar Benefício Social] - Não permite cadastrar parâmetro;SIPBF;Programas Sociais;Sem Atuação da GEQTI;Q1;Elma de Assis Pereira;04/02/2025;17/03/2025;1
22703738;Teste Funcional;Preparado;CA009 - SISAG Automação Bancária;SIAPI - Pagamento Recebimento Avulso - No RLAC do SISAGR a COLUNA NSU VINCULAÇÃO - DADOS DE TESTES DESALINHADOS;SISAG;Canais Físicos;Sem Atuação da GEQTI;Q4;Almir de Oliveira Gomes;04/02/2025;;1
22703778;Teste Funcional;Preparado;CA009 - SISAG Automação Bancária;SIAPI - Pagamento Recebimento Avulso - No LTEA do SISAGR apresentando quantidade de transações incorreta.;SISAG;Canais Físicos;Sem Atuação da GEQTI;Q4;Almir de Oliveira Gomes;04/02/2025;;1
22704953;Defeito;Implantado;ES022 - Administração de Dados e Banco de Dados;Pré-validação de modelo de dados à nível de coluna- Ajustar funcionamento das regras de negócio 082 e 084;SIAGT;Estruturantes de TI;Sem Atuação da GEQTI;Q1;Marcela Alicia Alarcon Gallardo;05/02/2025;21/03/2025;1
22705504;Teste Funcional;Preparado;CA009 - SISAG Automação Bancária;Efetua Cadastramento/Troca de senha EO - Problema no processo;SISAG;Canais Físicos;Sem Atuação da GEQTI;Q4;Adalberto Ribeiro Lima;05/02/2025;;1
22705628;Teste de Regressão;Implantado;FP003 - Execução Financeira;DEFEITO EM TQS - SIAEF LEGADO - Testes Regressivos Certificação RM 22694650  Erro programa AEFPB713 - Cenários código 225 e 226;SIAEF;Financeiro e Controladoria;Sem Atuação da GEQTI;Q3;Daniel Olimpio Gomes;05/02/2025;11/03/2025;1
22705722;Teste Funcional;Implantado;FP042 - SIGOT;DEFEITO - SIGOT -  DES - Aliquotas Selic - sistema não mostra corretamente o tipo de cadastro de alíquota;SIGOT;Financeiro e Controladoria;Sem Atuação da GEQTI;Q2;Samuel Felipe Gomes de Sousa;05/02/2025;06/02/2025;1
22705799;Defeito;Implantado;AI003 - Cobrança;BEMPF07 - Erro no carregamento de informações da simulação de acordo AEV;SIACI;Administração do Crédito Imobiliário;Sem Atuação da GEQTI;Q3;Jaqueline Thiago Hering;05/02/2025;11/03/2025;1
22705833;Teste Funcional;Implantado;FP042 - SIGOT;DEFEITO - SIGOT -  DES - Aliquotas Selic - Mensagem de alerta diferente da documentação;SIGOT;Financeiro e Controladoria;Sem Atuação da GEQTI;Q2;Samuel Felipe Gomes de Sousa;05/02/2025;07/02/2025;1
22706405;Teste Funcional;Implantado;PS004 - SIPBF - Ateste Bolsa Familia;"Defeito - SIPBF - Online - Ajusta campo ""Pesquise na Tabela"" em Consulta Lista de Achados";SIPBF;Programas Sociais;Sem Atuação da GEQTI;Q1;Marcelo dos Santos Alves;05/02/2025;04/04/2025;1
22706422;Teste Funcional;Implantado;PS004 - SIPBF - Ateste Bolsa Familia;"Defeito - SIPBF - Online - Ajusta campo ""Pesquise na Tabela"" em Consulta Lista de Indicadores";SIPBF;Programas Sociais;Sem Atuação da GEQTI;Q1;Marcelo dos Santos Alves;05/02/2025;10/04/2025;1
22706878;Teste Funcional;Preparado;CA009 - SISAG Automação Bancária;Efetua Cadastramento/Troca de senha EO - Limite de tentativas de informação da Nova Senha;SISAG;Canais Físicos;Sem Atuação da GEQTI;Q4;Adalberto Ribeiro Lima;05/02/2025;;1
22706924;Defeito;Implantado;MP004 - APLICATIVO DE CARTÕES;6.4.0 - Segunda via do cartão não está sendo exibida na lista de serviços;SIACM;Meios de Pagamento;Sem Atuação da GEQTI;Q2;Petulia Oliveira da Cruz;05/02/2025;10/02/2025;1
22706982;Teste Funcional;Implementado;LT003 - Canal Lotérico - Evoluções;Portal G - Erro na exibição da situação de bolão e evolução da situação de cota.;SISPL;Loterias e Canais Parceiros;Sem Atuação da GEQTI;Q4;Welber Jose de Souza;05/02/2025;;1
22707805;Teste Funcional;Implementado;FP042 - SIGOT;SIGOT -  DES - Aliquotas Selic - Campos em tela não limita a quantidade de caracteres;SIGOT;Financeiro e Controladoria;Sem Atuação da GEQTI;Q2;Samuel Felipe Gomes de Sousa;05/02/2025;;1
22707821;Teste Funcional;Implementado;LT003 - Canal Lotérico - Evoluções;Estorno Automático enviado para a fila Backout. [CAPTACAO-MKP];SISPL;Loterias e Canais Parceiros;Sem Atuação da GEQTI;Q4;Welber Jose de Souza;05/02/2025;;1
22707873;Teste Funcional;Implantado;DC025 - Squad 4 - TTarifas - SIDCE;GEFAC02 - Defeito - Importação de arquivos SIGCB NSGD;SIDCE;Depósitos e Captação;Sem Atuação da GEQTI;Q1;Felipe Soares Lopes;05/02/2025;15/04/2025;1
22709376;Teste Funcional;Pronto;FD032 - FIES - Sustentação;"Falhando o Caso de Teste ""CTM_QLD_Incluir_Cotas_FBFE4_Movimento_Já_contabilizado_Perfil_Gestor_Fundos""";SIFES;Fomento e Depósitos Judiciais;Sem Atuação da GEQTI;Q3;Carlos Henrique Alves Teixeira Silva;06/02/2025;;1
22709403;Teste Funcional;Novo;LT011 - Novos Jogos;"Estorno automático não apresenta no ""demonstrativo de estorno - Aposta de Bolão"", disponível no Portal Gestão.";SISPL;Loterias e Canais Parceiros;Sem Atuação da GEQTI;Q4;Garden Coraci Loriano das Neves;06/02/2025;;1
22709739;Teste Funcional;Implantado;CA009 - SISAG Automação Bancária;Efetua Cadastramento/Troca de senha EF - Sistema não permite o operador logado efetivar a transação;SISAG;Canais Físicos;Sem Atuação da GEQTI;Q4;Adalberto Ribeiro Lima;06/02/2025;24/03/2025;1
22709822;Teste Funcional;Implantado;CA009 - SISAG Automação Bancária;Efetua Cadastramento/Troca de senha EO - Valida Solicitação Eletrônica (Grupo 2) - NSU com dados inválidos para esta transação;SISAG;Canais Físicos;Sem Atuação da GEQTI;Q4;Adalberto Ribeiro Lima;06/02/2025;24/03/2025;1
22709868;Teste Funcional;Implementado;LT003 - Canal Lotérico - Evoluções;SISPL2 - Arquivo SIGDB - não está apresentado as cotas RESERVADA e VENDIDAS conforme demanda 22364948;SISPL;Loterias e Canais Parceiros;Sem Atuação da GEQTI;Q4;Emerson Rogerio Ferreira;06/02/2025;;1
22710065;Teste Funcional;Implantado;FP042 - SIGOT;DEFEITO - SIGOT -  DES - Aliquotas Selic - Sistema não apresenta mensagem correta ao alterar de forma manual;SIGOT;Financeiro e Controladoria;Sem Atuação da GEQTI;Q2;Samuel Felipe Gomes de Sousa;06/02/2025;07/02/2025;1
22710160;Teste Funcional;Aceito;BR043 - Plataforma Core;SINBM [HU|BFF] - QLD_DEF - SINBM-Servico-Login > NOVO ENDPOINT LOGIN V5 .Net - Checagem de usuário, dispositivos e contas (C#);SINBM;Box Relacionamento Digital;Sem Atuação da GEQTI;Q1;Gustavo Candido Delis Alvarenga;06/02/2025;;1
22710178;Teste Funcional;Aceito;BR043 - Plataforma Core;SINBM [HU|BFF] - QLD_DEF - SINBM-Servico-Login > NOVO ENDPOINT LOGIN V5 .Net - Conta PF - Bloqueado por dispositivo do cliente;SINBM;Box Relacionamento Digital;Sem Atuação da GEQTI;Q1;Gustavo Candido Delis Alvarenga;06/02/2025;;1
22710184;Teste de Regressão;Implantado;FP003 - Execução Financeira;DEFEITO EM TQS - SIAEF LEGADO - Testes Regressivos para Certificação do retorno das mensagens de erros no Programa AEFPB713 -  RM 22694650 - Códigos listados;SIAEF;Financeiro e Controladoria;Sem Atuação da GEQTI;Q3;Elias Cassim;06/02/2025;11/03/2025;1
22710186;Teste Funcional;Aceito;BR043 - Plataforma Core;SINBM [HU|BFF] - QLD_DEF - SINBM-Servico-Login > NOVO ENDPOINT LOGIN V5 .Net - Conta PJ - Bloqueado por dispositivo do cliente;SINBM;Box Relacionamento Digital;Sem Atuação da GEQTI;Q1;Gustavo Candido Delis Alvarenga;06/02/2025;;1
22710195;Teste Funcional;Aceito;DI004 - APP CAIXA - Time Plataforma;SINBM [HU|BFF] - QLD_DEF - SINBM-Servico-Login > NOVO ENDPOINT LOGIN V5 .Net - Conta PJ - Bloqueado por motivo R;SINBM;Box Conta Digital;Sem Atuação da GEQTI;Q1;Gustavo Candido Delis Alvarenga;06/02/2025;;1
22710198;Teste Funcional;Aceito;DI004 - APP CAIXA - Time Plataforma;SINBM [HU|BFF] - QLD_DEF - SINBM-Servico-Login > NOVO ENDPOINT LOGIN V5 .Net - Conta PF assinatura multipla - Situação de assinatura - Assinatura Ativa;SINBM;Box Conta Digital;Sem Atuação da GEQTI;Q1;Gustavo Candido Delis Alvarenga;06/02/2025;;1
22710345;Teste Funcional;Implementado;LT011 - Novos Jogos;Aplicação permite realizar bolões do MKP, mesmo a lotérica estando bloqueada no Portal Gestão.;SISPL;Loterias e Canais Parceiros;Sem Atuação da GEQTI;Q4;Garden Coraci Loriano das Neves;06/02/2025;;1
22710443;Teste Funcional;Implementado;RC012 - Negócios Sustentáveis;[GEQTI]- SISNS - Erro ao consultar Bloco de Reclamações (Migração);SISNS;Risco, Compliance e Adimplência;Sem Atuação da GEQTI;Q1;Amara Cristine Eleuterio Saleh Sleiman;06/02/2025;;1
22710724;Teste Funcional;Implantado;CR040 - SIEMP Agro Sustentação;SIEMP - RURAL - Defeito nos campos do tipo Combo;SIEMP;Crédito Comercial e Agronegócio;Sem Atuação da GEQTI;Q3;Felipe Coelho Ramos;06/02/2025;26/03/2025;1
22711689;Teste Funcional;Preparado;CA009 - SISAG Automação Bancária;Mantem talao de Cheque - Módulo Entrega Desbloqueio Talão de Cheques - há divergencias entre pacote e ESSP;SISAG;Canais Físicos;Sem Atuação da GEQTI;Q4;William Santos Rocha;06/02/2025;;1
22712771;Teste Funcional;Aceito;DI004 - APP CAIXA - Time Plataforma;SINBM [HU|BFF] - QLD_DEF - SINBM-Servico-Login > NOVO ENDPOINT LOGIN V5 .Net - Checagem de usuário, dispositivos e contas (C#) - Usuário com TAG restritiva;SINBM;Box Conta Digital;Sem Atuação da GEQTI;Q1;Gustavo Candido Delis Alvarenga;07/02/2025;;1
22712794;Teste Funcional;Aceito;BR043 - Plataforma Core;SINBM [HU|BFF] - QLD_DEF - SINBM-Servico-Login > NOVO ENDPOINT LOGIN V5 .Net - Checagem de usuário, dispositivos e contas (C#) - TRUE CLIENT IP vazio ou com valores alfanumérico retornando STATUS 200;SINBM;Box Relacionamento Digital;Sem Atuação da GEQTI;Q1;Gustavo Candido Delis Alvarenga;07/02/2025;;1
22712806;Teste Funcional;Preparado;CA009 - SISAG Automação Bancária;Efetua Cadastramento/Troca de senha EO - Nível de autoridade insuficiente - SAGOP1 e SAGOP6;SISAG;Canais Físicos;Sem Atuação da GEQTI;Q4;Adalberto Ribeiro Lima;07/02/2025;;1
22712912;Defeito;Implantado;ES022 - Administração de Dados e Banco de Dados;Pré-validação de modelo de dados à nível de coluna - Ajustar funcionamento da regra de negócio 077;SIAGT;Estruturantes de TI;Sem Atuação da GEQTI;Q1;Marcela Alicia Alarcon Gallardo;07/02/2025;21/03/2025;1
22713083;Teste Funcional;Implantado;PS004 - SIPBF - Ateste Bolsa Familia;[Aceite - Cód - HU1130 - SIPBF - Online - Altera parâmetro e histórico de formulário de parâmetro de programas sociais - Consulta Parametrizar Programa Social] - Não apresenta mensagem quando não tem parâmetros anteriores;SIPBF;Programas Sociais;Sem Atuação da GEQTI;Q1;Elma de Assis Pereira;07/02/2025;24/04/2025;1
22713105;Teste Funcional;Implantado;PS004 - SIPBF - Ateste Bolsa Familia;[Aceite - Doc - HU1130 - SIPBF - Online - Altera parâmetro e histórico de formulário de parâmetro de programas sociais - Consulta Parametrizar Programa Social] - Não consta mensagem para quando não tiver parâmetros anteriores;SIPBF;Programas Sociais;Sem Atuação da GEQTI;Q1;Elma de Assis Pereira;07/02/2025;14/02/2025;1
22713248;Teste Funcional;Novo;PS004 - SIPBF - Ateste Bolsa Familia;[Aceite - Doc - HU1130 - SIPBF - Online - Altera parâmetro e histórico de formulário de parâmetro de programas sociais - Consulta Parametrizar Programa Social] -  Divergência no nome do campo do item 5.1;SIPBF;Programas Sociais;Sem Atuação da GEQTI;Q1;Elma de Assis Pereira;07/02/2025;;1
22713287;Teste Funcional;Implantado;PS004 - SIPBF - Ateste Bolsa Familia;[Aceite - Doc - HU1130 - SIPBF - Online - Altera parâmetro e histórico de formulário de parâmetro de programas sociais - Consulta Parametrizar Programa Social] - Divergência no tipo do campo <Renda máxima para participação no programa> do item 5.1;SIPBF;Programas Sociais;Sem Atuação da GEQTI;Q1;Elma de Assis Pereira;07/02/2025;14/02/2025;1
22713305;Teste Funcional;Implantado;PS004 - SIPBF - Ateste Bolsa Familia;[Aceite - Doc - HU1130 - SIPBF - Online - Altera parâmetro e histórico de formulário de parâmetro de programas sociais - Consulta Parametrizar Programa Social] - Divergência no tipo do campo <Valor limite de pobreza> do item 5.1;SIPBF;Programas Sociais;Sem Atuação da GEQTI;Q1;Elma de Assis Pereira;07/02/2025;14/02/2025;1
22713327;Teste Funcional;Implantado;PS004 - SIPBF - Ateste Bolsa Familia;[Aceite - Doc - HU1130 - SIPBF - Online - Altera parâmetro e histórico de formulário de parâmetro de programas sociais - Consulta Parametrizar Programa Social] - Não consta o campo <Valor de limite de extrema pobreza> no item 5.1;SIPBF;Programas Sociais;Sem Atuação da GEQTI;Q1;Elma de Assis Pereira;07/02/2025;14/02/2025;1
22713578;Defeito;Implantado;CD037 - SAC;SISOU - DEFEITO - Parametrização - Grupos;SISOU;Clientes;Sem Atuação da GEQTI;Q3;Danielle Belo de Araujo Gomes;07/02/2025;28/03/2025;1
22713625;Teste Funcional;Implantado;PS004 - SIPBF - Ateste Bolsa Familia;[Aceite - Doc - HU1130 - SIPBF - Online - Altera parâmetro e histórico de formulário de parâmetro de programas sociais - Consulta Parametrizar Programa Social] -  Divergência no nome do campo do item 5.3;SIPBF;Programas Sociais;Sem Atuação da GEQTI;Q1;Elma de Assis Pereira;07/02/2025;14/02/2025;1
22713651;Teste Funcional;Implantado;PS004 - SIPBF - Ateste Bolsa Familia;[Aceite - Doc - HU1130 - SIPBF - Online - Altera parâmetro e histórico de formulário de parâmetro de programas sociais - Consulta Parametrizar Programa Social] - Divergência no tipo do campo <Renda máxima para participação no programa> do item 5.3;SIPBF;Programas Sociais;Sem Atuação da GEQTI;Q1;Elma de Assis Pereira;07/02/2025;14/02/2025;1
22713675;Teste Funcional;Implantado;PS004 - SIPBF - Ateste Bolsa Familia;[Aceite - Doc - HU1130 - SIPBF - Online - Altera parâmetro e histórico de formulário de parâmetro de programas sociais - Consulta Parametrizar Programa Social] - Divergência no tipo do campo <Valor do Benefício> do item 5.3;SIPBF;Programas Sociais;Sem Atuação da GEQTI;Q1;Elma de Assis Pereira;07/02/2025;14/02/2025;1
22713683;Teste Funcional;Implantado;PS004 - SIPBF - Ateste Bolsa Familia;[Aceite - Doc - HU1130 - SIPBF - Online - Altera parâmetro e histórico de formulário de parâmetro de programas sociais - Consulta Parametrizar Programa Social] - Divergência no tipo do campo <Idade Mínima do RF> do item 5.3;SIPBF;Programas Sociais;Sem Atuação da GEQTI;Q1;Elma de Assis Pereira;07/02/2025;14/02/2025;1
22713706;Teste Funcional;Implantado;PS004 - SIPBF - Ateste Bolsa Familia;"[Aceite - Cód - HU1130 - SIPBF - Online - Altera parâmetro e histórico de formulário de parâmetro de programas sociais - Consulta Parametrizar Programa Social] - Não apresenta ""R$"" para o dado Renda Máxima para participação no programa";SIPBF;Programas Sociais;Sem Atuação da GEQTI;Q1;Elma de Assis Pereira;07/02/2025;24/04/2025;1
22713715;Teste Funcional;Implantado;PS004 - SIPBF - Ateste Bolsa Familia;"[Aceite - Cód - HU1130 - SIPBF - Online - Altera parâmetro e histórico de formulário de parâmetro de programas sociais - Consulta Parametrizar Programa Social] - Não apresenta ""R$"" para o dado Valor do benefício";SIPBF;Programas Sociais;Sem Atuação da GEQTI;Q1;Elma de Assis Pereira;07/02/2025;24/04/2025;1
22713932;Teste Funcional;Novo;DI004 - APP CAIXA - Time Plataforma;SINBM [HU|BFF] - QLD_DEF - SINBM-Servico-Login > NOVO ENDPOINT LOGIN V5 .Net - Checagem de usuário, dispositivos e contas (C#) - Conta PF - Bloqueado por motivo M;SINBM;Box Conta Digital;Sem Atuação da GEQTI;Q1;Luiz Claudio Alves;07/02/2025;;1
22713973;Teste Funcional;Implantado;PS004 - SIPBF - Ateste Bolsa Familia;[Aceite - Cód - HU1130 - SIPBF - Online - Altera parâmetro e histórico de formulário de parâmetro de programas sociais - Consulta Parametrizar Programa Social] - Campo <Renda Máxima para participação no Programa> duplicado e com valores distintos;SIPBF;Programas Sociais;Sem Atuação da GEQTI;Q1;Elma de Assis Pereira;07/02/2025;10/03/2025;1
22714002;Teste Funcional;Implantado;PS004 - SIPBF - Ateste Bolsa Familia;[Aceite - Cód - HU1130 - SIPBF - Online - Altera parâmetro e histórico de formulário de parâmetro de programas sociais - Consulta Parametrizar Programa Social] - No sistema não possui o campo <Percentual máximo consignado família>;SIPBF;Programas Sociais;Sem Atuação da GEQTI;Q1;Elma de Assis Pereira;07/02/2025;10/03/2025;1
22714055;Teste Funcional;Implantado;PS004 - SIPBF - Ateste Bolsa Familia;[Aceite - Doc - HU1130 - SIPBF - Online - Altera parâmetro e histórico de formulário de parâmetro de programas sociais - Consulta Parametrizar Programa Social] - Divergência nos valores possíveis do campo <Programa> do item 5.2;SIPBF;Programas Sociais;Sem Atuação da GEQTI;Q1;Elma de Assis Pereira;07/02/2025;14/02/2025;1
22714068;Teste Funcional;Implantado;PS004 - SIPBF - Ateste Bolsa Familia;[Aceite - Doc - HU1130 - SIPBF - Online - Altera parâmetro e histórico de formulário de parâmetro de programas sociais - Consulta Parametrizar Programa Social] -  Divergência no nome do campo do item 5.2;SIPBF;Programas Sociais;Sem Atuação da GEQTI;Q1;Elma de Assis Pereira;07/02/2025;14/02/2025;1
22714078;Teste Funcional;Implantado;PS004 - SIPBF - Ateste Bolsa Familia;[Aceite - Doc - HU1130 - SIPBF - Online - Altera parâmetro e histórico de formulário de parâmetro de programas sociais - Consulta Parametrizar Programa Social] - Divergência no tipo do campo <Renda máxima para participação no programa> do item 5.2;SIPBF;Programas Sociais;Sem Atuação da GEQTI;Q1;Elma de Assis Pereira;07/02/2025;14/02/2025;1
22714124;Teste Funcional;Implantado;PS004 - SIPBF - Ateste Bolsa Familia;[Aceite - Doc - HU1130 - SIPBF - Online - Altera parâmetro e histórico de formulário de parâmetro de programas sociais - Consulta Parametrizar Programa Social] - Divergência no tipo do campo <Valor limite de pobreza> do item 5.2;SIPBF;Programas Sociais;Sem Atuação da GEQTI;Q1;Elma de Assis Pereira;07/02/2025;14/02/2025;1
22714140;Teste Funcional;Implantado;PS004 - SIPBF - Ateste Bolsa Familia;[Aceite - Doc - HU1130 - SIPBF - Online - Altera parâmetro e histórico de formulário de parâmetro de programas sociais - Consulta Parametrizar Programa Social] - Divergência no tipo do campo <Valor limite de extrema pobreza> do item 5.2;SIPBF;Programas Sociais;Sem Atuação da GEQTI;Q1;Elma de Assis Pereira;07/02/2025;14/02/2025;1
22714238;Teste Funcional;Implementado;DC020 - Squad 3 - TLegado - SIDMF;"Falhando o Caso de Teste ""CT_QLD_FB_Gerar_Informe_Sintetico_Declaracao_IRPJ""";SIDMF;Depósitos e Captação;Sem Atuação da GEQTI;Q2;Marcio Wilson Galante;07/02/2025;;1
22714280;Teste Funcional;Novo;PS014 - Benefício INSS SIABE;[Aceite - Cód - HU1130 - SIPBF - Online - Altera parâmetro e histórico de formulário de parâmetro de programas sociais - Consultar/Visualizar/Parametrizar Parâmetro de Programa] - Não permite cadastrar parâmetro para o programa Bolsa Família Lega;SIABE;Programas Sociais;Sem Atuação da GEQTI;Q4;Elma de Assis Pereira;07/02/2025;;1
22714321;Teste Funcional;Implantado;PS004 - SIPBF - Ateste Bolsa Familia;[Aceite - Doc - HU1130 - SIPBF - Online - Altera parâmetro e histórico de formulário de parâmetro de programas sociais - Consulta Parametrizar Programa Social] - Divergência nos valores possíveis do campo <Programa> do item 5.4;SIPBF;Programas Sociais;Sem Atuação da GEQTI;Q1;Elma de Assis Pereira;07/02/2025;14/02/2025;1
22714356;Teste Funcional;Implantado;PS004 - SIPBF - Ateste Bolsa Familia;[Aceite - Doc - HU1130 - SIPBF - Online - Altera parâmetro e histórico de formulário de parâmetro de programas sociais - Consulta Parametrizar Programa Social] -  Divergência no nome do campo do item 5.4;SIPBF;Programas Sociais;Sem Atuação da GEQTI;Q1;Elma de Assis Pereira;07/02/2025;14/02/2025;1
22714392;Teste Funcional;Implantado;PS004 - SIPBF - Ateste Bolsa Familia;[Aceite - Doc - HU1130 - SIPBF - Online - Altera parâmetro e histórico de formulário de parâmetro de programas sociais - Consulta Parametrizar Programa Social] - Divergência no tipo do campo <Renda máxima para participação no programa> do item 5.4;SIPBF;Programas Sociais;Sem Atuação da GEQTI;Q1;Elma de Assis Pereira;07/02/2025;14/02/2025;1
22714428;Teste Funcional;Implantado;PS004 - SIPBF - Ateste Bolsa Familia;[Aceite - Doc - HU1130 - SIPBF - Online - Altera parâmetro e histórico de formulário de parâmetro de programas sociais - Consulta Parametrizar Programa Social] - Divergência no tipo do campo <Valor limite de pobreza> do item 5.4;SIPBF;Programas Sociais;Sem Atuação da GEQTI;Q1;Elma de Assis Pereira;07/02/2025;14/02/2025;1
22714449;Teste Funcional;Implantado;PS004 - SIPBF - Ateste Bolsa Familia;[Aceite - Doc - HU1130 - SIPBF - Online - Altera parâmetro e histórico de formulário de parâmetro de programas sociais - Consulta Parametrizar Programa Social] - Divergência no tipo do campo <Valor limite de extrema pobreza> do item 5.4;SIPBF;Programas Sociais;Sem Atuação da GEQTI;Q1;Elma de Assis Pereira;07/02/2025;14/02/2025;1
22714559;Teste Funcional;Adiado;CA009 - SISAG Automação Bancária;Efetua Cadastramento/Troca de senha em EF e EO - Transação não finaliza caso ocorra impedimento na autorização;SISAG;Canais Físicos;Sem Atuação da GEQTI;Q4;Adalberto Ribeiro Lima;07/02/2025;;1
22714830;Teste Funcional;Implantado;PS004 - SIPBF - Ateste Bolsa Familia;[Aceite - Cód - HU1130 - SIPBF - Online - Altera parâmetro e histórico de formulário de parâmetro de programas sociais - Consulta Parametrizar Programa Social] - Campo <Valor de limite de pobreza> escrito de forma incorreta;SIPBF;Programas Sociais;Sem Atuação da GEQTI;Q1;Elma de Assis Pereira;07/02/2025;20/03/2025;1
22714835;Teste Funcional;Implantado;CA009 - SISAG Automação Bancária;Efetua Cadastramento/Troca de senha em EF e EO/Gera Autorização de Transação - Problema na autorização (FE8);SISAG;Canais Físicos;Sem Atuação da GEQTI;Q4;Adalberto Ribeiro Lima;07/02/2025;24/03/2025;1
22714843;Defeito;Novo;FD009 - SIAPO - Controle Orçamentário do FGTS;"[QA] - Na tela ""Configurar exibição de Página de Visão Contábil"" espaçamento de linha cinza (da grid) está menor que a grid";SIAPO;Fomento e Depósitos Judiciais;Sem Atuação da GEQTI;Q1;Ana Lucia Mendes de Souza Gomes;07/02/2025;;1
22718653;Teste de Regressão;Implantado;CR019 - SIPEN Compliance;SIPEN - Erro ao efetivar a alteração de pré-contrato;SIPEN;Crédito Comercial e Agronegócio;Sem Atuação da GEQTI;Q3;Welden Souza de Aguiar;10/02/2025;12/02/2025;1
22719209;Teste Funcional;Pronto;CR004 - SIAPI - Manutenção de Crédito Comercial;"Falhando o Caso de Teste ""CT_QLD_Validacao_Arquivo_Relatorio_Movimento_do_Dia""";SIAPI;Crédito Comercial e Agronegócio;Sem Atuação da GEQTI;Q3;Luiz Fernando Silva Lopes;10/02/2025;;1
22719601;Defeito;Pronto;FD009 - SIAPO - Controle Orçamentário do FGTS;[QA]  - Erro ao Simular Função de Cálculo contendo Tipo de Dado Fórmula;SIAPO;Fomento e Depósitos Judiciais;Sem Atuação da GEQTI;Q1;Rosangela Aparecida Menha;10/02/2025;;1
22719606;Teste Funcional;Aceito;DI004 - APP CAIXA - Time Plataforma;SINBM [HU|BFF] - QLD_DEF - SINBM-Servico-Topaz > Devolutiva de algumas flags na response] -  Ajustes no HEADER;SINBM;Box Conta Digital;Sem Atuação da GEQTI;Q1;Gustavo Candido Delis Alvarenga;10/02/2025;;1
22719738;Defeito;Implantado;CR016 - SIGEC Portabilidade;GEFCO07 - CR016 - SIGEC Portabilidade - DEFEITO - Ajuste no controle de transação na API  - URGENTE;SIGEC;Crédito Comercial e Agronegócio;Sem Atuação da GEQTI;Q2;Jander Ricardo Garcia Marques;10/02/2025;18/02/2025;1
22719797;Defeito;Implantado;ES022 - Administração de Dados e Banco de Dados;Gerenciar acessos - Ajuste no controle de perfis;SIAGT;Estruturantes de TI;Sem Atuação da GEQTI;Q1;Marcela Alicia Alarcon Gallardo;10/02/2025;21/03/2025;1
22720390;Defeito;Implantado;ES022 - Administração de Dados e Banco de Dados;Pré-validação de modelo de dados à nível de modelo - Ajustar funcionamento da regra de negócio 052;SIAGT;Estruturantes de TI;Sem Atuação da GEQTI;Q1;Marcela Alicia Alarcon Gallardo;10/02/2025;21/03/2025;1
22720544;Defeito;Preparado;CD056 - Patrocínio;SIRFT - Correção de Contrapartidas duplicadas;SIRFT;Clientes;Sem Atuação da GEQTI;Q1;Cristiano Rodrigues Barbosa;10/02/2025;;1
22721149;Teste Funcional;Novo;CD017 - Informações Compartilhadas;Módulo Tipologia Documental - dados inconsistentes;SIICO;Clientes;Sem Atuação da GEQTI;Q4;Kelly Teixeira Cardoso;10/02/2025;;1
22721612;Defeito;Implementado;CB003 - Cobrança Modernização;Botões com defeito no cadastro do cedente  ;SIGCB;Cobrança e Operações Bancárias;Sem Atuação da GEQTI;Q2;Daisy Gomes Samia;10/02/2025;;1
22721921;Teste Funcional;Aceito;FP034 - SINAFWEB;SINAFWEB - ERRO - FLE - Não há paginação e erro no contador.;SINAF;Financeiro e Controladoria;Sem Atuação da GEQTI;Q2;Daniel Baldi Ballon Sanches;10/02/2025;;1
22721923;Teste Funcional;Aceito;FP034 - SINAFWEB;SINAFWEB - ERRO - DSQ - Não há paginação e erro no contador.;SINAF;Financeiro e Controladoria;Sem Atuação da GEQTI;Q2;Daniel Baldi Ballon Sanches;10/02/2025;;1
22723736;Teste Funcional;Implementado;RC012 - Negócios Sustentáveis;[GEQTI]- SISNS - Erro ao consultar Unidade pelo Painel do Empregado (Migração);SISNS;Risco, Compliance e Adimplência;Sem Atuação da GEQTI;Q1;Amara Cristine Eleuterio Saleh Sleiman;11/02/2025;;1
22723985;Teste Funcional;Implantado;FP042 - SIGOT;DEFEITO - SIGOT -  DES - Reprocessamento Carga Dados ETL - Rotina de reprocessamento muda o nu_cadastro_processo do Carga Dados SINAF.;SIGOT;Financeiro e Controladoria;Sem Atuação da GEQTI;Q2;Samuel Felipe Gomes de Sousa;11/02/2025;19/02/2025;1
22724163;Teste Funcional;Novo;PS004 - SIPBF - Ateste Bolsa Familia;[Aceite - Doc - HU1130 - SIPBF - Online - Altera parâmetro e histórico de formulário de parâmetro de programas sociais - Consulta Parametrizar Programa Social] - Não consta mensagem para quando não tiver parâmetros vigentes;SIPBF;Programas Sociais;Sem Atuação da GEQTI;Q1;Elma de Assis Pereira;11/02/2025;;1
22724697;Defeito;Aceito;FG026 - Migração e Convivência;FGTS DIGITAL - GUIA RESCISÓRIA com erro no JJ1;SIFUG;Fundos de Governo;Sem Atuação da GEQTI;Q1;Rubens Bravo Goncalves;11/02/2025;;1
22725255;Teste Funcional;Pronto;CA009 - SISAG Automação Bancária;Provisionamento - Relatório RPME com as informações da coluna CONTA-DV desalinhadas.;SISAG;Canais Físicos;Sem Atuação da GEQTI;Q4;Ivete Valgas Wilbert;11/02/2025;;1
22725596;Teste Funcional;Implantado;PS004 - SIPBF - Ateste Bolsa Familia;[Aceite- Cód -  HU1130 - SIPBF - Online - Altera parâmetro e histórico de formulário de parâmetro de programas sociais - Visualizar Parâmetro de Programa] - Campo <Valor de limite de pobreza> escrito de forma incorreta;SIPBF;Programas Sociais;Sem Atuação da GEQTI;Q1;Elma de Assis Pereira;11/02/2025;17/03/2025;1
22725613;Teste Funcional;Implantado;PS004 - SIPBF - Ateste Bolsa Familia;[Aceite- Doc -  HU1130 - SIPBF - Online - Altera parâmetro e histórico de formulário de parâmetro de programas sociais - Visualizar Parâmetro de Programa] - Não consta o campo <Valor de limite de extrema pobreza> no item 4.1 e 5.1;SIPBF;Programas Sociais;Sem Atuação da GEQTI;Q1;Elma de Assis Pereira;11/02/2025;17/02/2025;1
22725641;Teste Funcional;Não Aceito;PS004 - SIPBF - Ateste Bolsa Familia;[Aceite- Cód -  HU1130 - SIPBF - Online - Altera parâmetro e histórico de formulário de parâmetro de programas sociais - Visualizar Parâmetro de Programa] - No sistema não possui o campo <Percentual máximo consignado família> para o programa Aux;SIPBF;Programas Sociais;Sem Atuação da GEQTI;Q1;Elma de Assis Pereira;11/02/2025;;1
22725692;Defeito;Implantado;PS005 - Tarifas - Gestão Financeira Pagtos Sociais;Defeito: Funcionalidade Transferências;SISGF;Programas Sociais;Sem Atuação da GEQTI;Q1;Daniel Elias Araujo;11/02/2025;01/04/2025;1
22725726;Teste Funcional;Novo;PE019 - Autoatendimento Saúde;[CEGTI] - SIASC - QLD - Defeito - Procedimentos Solicitados por Profissional - Dado no Filtro Procedimento não é localizado - Intranet;SIASC;Pessoas;Sem Atuação da GEQTI;Q3;Keni Ferreira Kinup;11/02/2025;;1
22725840;Teste Funcional;Implantado;PS004 - SIPBF - Ateste Bolsa Familia;"[Aceite- Cód -  HU1130 - SIPBF - Online - Altera parâmetro e histórico de formulário de parâmetro de programas sociais - Visualizar Parâmetro de Programa] - Não apresenta ""R$"" para o dado Valor do benefício";SIPBF;Programas Sociais;Sem Atuação da GEQTI;Q1;Elma de Assis Pereira;11/02/2025;24/04/2025;1
22725872;Teste Funcional;Implantado;PS004 - SIPBF - Ateste Bolsa Familia;"[Aceite- Cód -  HU1130 - SIPBF - Online - Altera parâmetro e histórico de formulário de parâmetro de programas sociais - Visualizar Parâmetro de Programa] - Não apresenta ""R$"" para o dado Renda máxima para participação no Programa";SIPBF;Programas Sociais;Sem Atuação da GEQTI;Q1;Elma de Assis Pereira;11/02/2025;24/04/2025;1
22725905;Teste Funcional;Novo;PS004 - SIPBF - Ateste Bolsa Familia;[Aceite- Doc -  HU1130 - SIPBF - Online - Altera parâmetro e histórico de formulário de parâmetro de programas sociais - Visualizar Parâmetro de Programa] - Divergência no tipo do campo <Renda máxima para participação no programa> do item 5.2;SIPBF;Programas Sociais;Sem Atuação da GEQTI;Q1;Elma de Assis Pereira;11/02/2025;;1
22725931;Teste Funcional;Implantado;PS004 - SIPBF - Ateste Bolsa Familia;[Aceite- Doc -  HU1130 - SIPBF - Online - Altera parâmetro e histórico de formulário de parâmetro de programas sociais - Visualizar Parâmetro de Programa] - Não consta o campo <Valor do benefício> no item 5.2;SIPBF;Programas Sociais;Sem Atuação da GEQTI;Q1;Elma de Assis Pereira;11/02/2025;17/02/2025;1
22726169;Teste Funcional;Implantado;PS004 - SIPBF - Ateste Bolsa Familia;[Aceite- Doc -  HU1130 - SIPBF - Online - Altera parâmetro e histórico de formulário de parâmetro de programas sociais - Visualizar Parâmetro de Programa] - Divergência no nome do campo do item 5.3;SIPBF;Programas Sociais;Sem Atuação da GEQTI;Q1;Elma de Assis Pereira;11/02/2025;17/02/2025;1
22726195;Teste Funcional;Implantado;CA009 - SISAG Automação Bancária;PROVISIONAMENTO DE SAQUE - CONTA NSGD - Ocorre na versão de produção;SISAG;Canais Físicos;Sem Atuação da GEQTI;Q4;Aline Moreira Marques;11/02/2025;02/04/2025;1
22726423;Defeito;Preparado;BF016 - SITRR;SITRR - BUG - Cadastro de Contratantes - Implementações anteriores desapareceram;SITRR;Box Moradia PF;Sem Atuação da GEQTI;Q1;Tiago Jose Galvao Moreira;11/02/2025;;1
22726778;Defeito;Em Desenvolvimento;RC007 - Avaliação e Provisionamento de Crédito;[SIAPC Res. 4.966] Arquivo Gerencial APC.MZ.BFD2.M2412.MNCR541G.NPROV com erro de Leiaute;SIAPC;Risco, Compliance e Adimplência;Sem Atuação da GEQTI;Q1;Elder Miranda Guilherme;11/02/2025;;1
22726964;Teste Funcional;Aceito;CI010 - PDI Fundos de investimento;[ANGULAR] - Ocorrências tela Registro de transações;SIPDI;Câmbio, Investimentos e Mercado de Capitais;Sem Atuação da GEQTI;Q3;Hulianne Virginia Magalhaes S Martinho;11/02/2025;;1
22727622;Teste Funcional;Aceito;CI010 - PDI Fundos de investimento;[ANGULAR] [CEGTI] | SIPDI - Ocorrências Tela Fundos de Investimentos - Alterar;SIPDI;Câmbio, Investimentos e Mercado de Capitais;Sem Atuação da GEQTI;Q3;Patricia Donizete Alves Viana;12/02/2025;;1
22727666;Teste Funcional;Adiado;CA009 - SISAG Automação Bancária;"Efetua Cadastramento/Troca de senha em EF e EO - Falta de tratamento de autorização para a condição ""Senha Atual não informada"" em conta com marca";SISAG;Canais Físicos;Sem Atuação da GEQTI;Q4;Adalberto Ribeiro Lima;12/02/2025;;1
22727804;Teste Funcional;Aceito;CI010 - PDI Fundos de investimento;[ANGULAR] [CEGTI] | SIPDI - Ocorrências Tela Fundos de Investimentos - Incluir;SIPDI;Câmbio, Investimentos e Mercado de Capitais;Sem Atuação da GEQTI;Q3;Patricia Donizete Alves Viana;12/02/2025;;1
22727874;Teste Funcional;Aceito;FP010 - Revitalização do SIAEF;DEFEITO EM TQS - SIAEF REVITALIZAÇÃO - Testes funcional - Situação de Desembolso - Sistema apresenta mensagem de erro ao tenta cadastrar situação já existente;SIAEF;Financeiro e Controladoria;Sem Atuação da GEQTI;Q3;Alisson Ferreira dos Santos;12/02/2025;;1
22728049;Teste Funcional;Implantado;CA009 - SISAG Automação Bancária;- Relatório Nova Plataforma de Cobrança – RNPC;SISAG;Canais Físicos;Sem Atuação da GEQTI;Q4;Aline Moreira Marques;12/02/2025;24/03/2025;1
22728799;Defeito;Preparado;CA011 - SISAG Modernização - Micro Front-ends;[DEFEITO] - A efetivação da Consulta trilha de auditoria não está passando o valor de nome MFE para a API da trilha de auditoria Plataforma-PNC;SISAG;Canais Físicos;Sem Atuação da GEQTI;Q4;Celso Prado Giardina;12/02/2025;;1
22728876;Teste Funcional;Implantado;CA009 - SISAG Automação Bancária;Relatório RTED - Boleto VR - STR0026;SISAG;Canais Físicos;Sem Atuação da GEQTI;Q4;Aline Moreira Marques;12/02/2025;24/03/2025;1
22729043;Teste Funcional;Novo;DI004 - APP CAIXA - Time Plataforma;SINBM [HU|BFF] - QLD_DEF - SINBM-Servico-Login > NOVO ENDPOINT LOGIN V5 .Net - Conta PF assinatura multipla - DISPOSITIVO EM DELAY DE SEGURANÇA;SINBM;Box Conta Digital;Sem Atuação da GEQTI;Q1;Gustavo Candido Delis Alvarenga;12/02/2025;;1
22729401;Teste Funcional;Implantado;CA009 - SISAG Automação Bancária;"Efetua Cadastramento/Troca de Senha - Registro de Autorização Gerencial para conta com marca ""IT - CONTA INIBIDA PELA CAIXA"" duplicado no LTEA";SISAG;Canais Físicos;Sem Atuação da GEQTI;Q4;Adalberto Ribeiro Lima;12/02/2025;24/03/2025;1
22729883;Defeito;Aceito;DC025 - Squad 4 - TTarifas - SIDCE;GEFAC02 - Defeito - Importação de arquivos SICCP NSGD - Validações não previstas;SIDCE;Depósitos e Captação;Sem Atuação da GEQTI;Q1;Felipe Soares Lopes;12/02/2025;;1
22729966;Defeito;Aceito;FG028 - FGTS Digital;Empregador e Consulta Guia - Erro interno Individualização com Sucedido;SIFGD;Fundos de Governo;Sem Atuação da GEQTI;Q1;Catia Cilene Rodovalho;12/02/2025;;1
22730006;Defeito;Implantado;FG028 - FGTS Digital;INDIVIDUALIZAÇÃO- Exibe tela de carregando ao filtrar uma guia e acionar a tecla ENTER e não acontece nada;SIFGD;Fundos de Governo;Sem Atuação da GEQTI;Q1;Catia Cilene Rodovalho;12/02/2025;27/03/2025;1
22730048;Defeito;Implantado;FG028 - FGTS Digital;CVE -  aba Devoluções - Exibindo dados errados no detalhe da devolução;SIFGD;Fundos de Governo;Sem Atuação da GEQTI;Q1;Catia Cilene Rodovalho;12/02/2025;27/03/2025;1
22730346;Teste Funcional;Aceito;PE010 - Sou CAIXA;[CEGTI] - Web - SIGPM - QLD - Termo de uso;SIGPM;Pessoas;Sem Atuação da GEQTI;Q1;Naim Ferreira dos Santos;12/02/2025;;1
22730540;Defeito;Implantado;MP004 - APLICATIVO DE CARTÕES;6.4 - Android ao logar e acessar pontos está dando crash.;SIACM;Meios de Pagamento;Sem Atuação da GEQTI;Q2;Eduardo Mitsuo Yoda;12/02/2025;26/02/2025;1
22730854;Teste Funcional;Aceito;CA009 - SISAG Automação Bancária;PROVISIONAMENTO - RLAC apresentando informação incorreta no campo OP. CONTÁBIL.;SISAG;Canais Físicos;Sem Atuação da GEQTI;Q4;Ivete Valgas Wilbert;12/02/2025;;1
22730930;Teste Funcional;Implantado;PS004 - SIPBF - Ateste Bolsa Familia;[Aceite- Doc -  HU1130 - SIPBF - Online - Altera parâmetro e histórico de formulário de parâmetro de programas sociais - Editar Parâmetro Vigente do Programa] - Não consta o campo <Valor de limite extrema pobreza> no item 4.2 e 5.1;SIPBF;Programas Sociais;Sem Atuação da GEQTI;Q1;Elma de Assis Pereira;12/02/2025;17/02/2025;1
22730945;Teste Funcional;Implantado;PS004 - SIPBF - Ateste Bolsa Familia;[Aceite- Doc -  HU1130 - SIPBF - Online - Altera parâmetro e histórico de formulário de parâmetro de programas sociais - Editar Parâmetro Vigente do Programa] - Divergência no nome do campo do item 5.1;SIPBF;Programas Sociais;Sem Atuação da GEQTI;Q1;Elma de Assis Pereira;12/02/2025;17/02/2025;1
22731030;Defeito;Implantado;BR028 - GERENCIADOR PJ DES5;SIGCX - Sustentação - Pix por dados bancários com problema na 3701 e 1288;SIGCX;Box Relacionamento Digital;Sem Atuação da GEQTI;Q4;Arthur Filipe Gaze Franca Stecanela Savi;12/02/2025;17/03/2025;1
22732713;Teste Funcional;Pronto;DC020 - Squad 3 - TLegado - SIDMF;"Falhando o Caso de Teste ""CT_QLD_FB_Gerar_Informe_Sintetico_Declaracao_IRPJ_NSGD""";SIDMF;Depósitos e Captação;Sem Atuação da GEQTI;Q2;Marcio Wilson Galante;13/02/2025;;1
22733155;Teste Funcional;Implementado;RC012 - Negócios Sustentáveis;[GEQTI]- SISNS - Erro ao consultar Histórico das Contestações (Migração);SISNS;Risco, Compliance e Adimplência;Sem Atuação da GEQTI;Q1;Amara Cristine Eleuterio Saleh Sleiman;13/02/2025;;1
22733238;Teste de Regressão;Implantado;FP003 - Execução Financeira;DEFEITO EM TQS - SIAEF LEGADO - Testes Regressivos para Certificação do retorno das mensagens de erros 208 no Programa AEFPB713 -  RM 22694650.;SIAEF;Financeiro e Controladoria;Sem Atuação da GEQTI;Q3;Carlos Eduardo Muniz Queiroz;13/02/2025;11/03/2025;1
22733274;Defeito;Preparado;FD009 - SIAPO - Controle Orçamentário do FGTS;[QA] - Caracteres especiais nas descrições da Simulação de Cálculo - Função de Cálculo;SIAPO;Fomento e Depósitos Judiciais;Sem Atuação da GEQTI;Q1;Rosangela Aparecida Menha;13/02/2025;;1
22733700;Teste Funcional;Implantado;PS004 - SIPBF - Ateste Bolsa Familia;[Aceite- Doc -  HU1130 - SIPBF - Online - Altera parâmetro e histórico de formulário de parâmetro de programas sociais - Editar Parâmetro Vigente do Programa] - Divergência no tipo do campo <Renda máxima de participação no programa> do item 5.2;SIPBF;Programas Sociais;Sem Atuação da GEQTI;Q1;Elma de Assis Pereira;13/02/2025;17/02/2025;1
22733704;Teste Funcional;Implantado;PS004 - SIPBF - Ateste Bolsa Familia;[Aceite- Doc -  HU1130 - SIPBF - Online - Altera parâmetro e histórico de formulário de parâmetro de programas sociais - Editar Parâmetro Vigente do Programa] - Divergência no tipo do campo <Valor do benefício> do item 5.2;SIPBF;Programas Sociais;Sem Atuação da GEQTI;Q1;Elma de Assis Pereira;13/02/2025;17/02/2025;1
22733769;Teste Funcional;Novo;DI004 - APP CAIXA - Time Plataforma;SINBM [HU|BFF] - QLD_DEF - SINBM-Servico-Login > NOVO ENDPOINT LOGIN V5 .Net - Assinatura não gerada;SINBM;Box Conta Digital;Sem Atuação da GEQTI;Q1;Gustavo Candido Delis Alvarenga;13/02/2025;;1
22733796;Defeito;Implantado;CD037 - SAC;SISOU - DEFEITO - Parametrização - Categorização Exportar resultado;SISOU;Clientes;Sem Atuação da GEQTI;Q3;Danielle Belo de Araujo Gomes;13/02/2025;28/03/2025;1
22734295;Defeito;Preparado;CD037 - SAC;SISOU - API - SAC -SMS mensagem cadastrada      ;SISOU;Clientes;Sem Atuação da GEQTI;Q3;Danielle Belo de Araujo Gomes;13/02/2025;;1
22734438;Defeito;Aceito;FD009 - SIAPO - Controle Orçamentário do FGTS;[QA]  - Ajuste das letras exibidas no campo Nome na inserção de Passos de Cálculo;SIAPO;Fomento e Depósitos Judiciais;Sem Atuação da GEQTI;Q1;Rosangela Aparecida Menha;13/02/2025;;1
22734575;Defeito;Aceito;FD009 - SIAPO - Controle Orçamentário do FGTS;"[QA] - Ordenação da tela 'Selecionar Índice' dentro de ""Função de Cálculo"" continua marcada (recorrente)";SIAPO;Fomento e Depósitos Judiciais;Sem Atuação da GEQTI;Q1;Ana Lucia Mendes de Souza Gomes;13/02/2025;;1
22735100;Teste Funcional;Em Refinamento;CB013 - Sigilo Bancário e Execução de Ordens Judiciais;GEQTI - SISIB WEB  - Apontamentos  Tela inicial - Inclusão de Transferência;SISIB;Cobrança e Operações Bancárias;Sem Atuação da GEQTI;Q2;Jessica Braz Carvalho;13/02/2025;;1
22737897;Defeito;Aceito;ES022 - Administração de Dados e Banco de Dados;Pré-validação de modelo de dados à nível de coluna- Ajustar funcionamento da regra de negócio 068;SIAGT;Estruturantes de TI;Sem Atuação da GEQTI;Q1;Marcela Alicia Alarcon Gallardo;14/02/2025;;1
22738389;Teste Funcional;Aceito;CI010 - PDI Fundos de investimento;[ANGULAR] [CEGTI] | SIPDI - Ocorrências Tela Manter Investidores Autorizados - Incluir;SIPDI;Câmbio, Investimentos e Mercado de Capitais;Sem Atuação da GEQTI;Q3;Patricia Donizete Alves Viana;14/02/2025;;1
22738889;Teste Funcional;Implantado;CB003 - Cobrança Modernização;"Falhando o Caso de Teste ""CT_QLD_Construção 135 Trilha de Auditoria Consulta Beneficiário""";SIGCB;Cobrança e Operações Bancárias;Sem Atuação da GEQTI;Q2;Vania Silveira Costa;14/02/2025;21/02/2025;1
22739164;Defeito;Novo;CB003 - Cobrança Modernização;"Falhando o Caso de Teste ""CT_QLD_Trilha de Auditoria - Consulta Matrícula""";SIGCB;Cobrança e Operações Bancárias;Sem Atuação da GEQTI;Q2;Rodrigo da Silva dos Reis Santos;14/02/2025;;1
22739201;Teste Funcional;Pronto;CB003 - Cobrança Modernização;"Falhando o Caso de Teste ""CT_QLD_Trilha de Auditoria - Consulta Matrícula""";SIGCB;Cobrança e Operações Bancárias;Sem Atuação da GEQTI;Q2;Rodrigo da Silva dos Reis Santos;14/02/2025;;1
22739230;Defeito;Em Refinamento;PE004 - SAP Sustentação Educação;Problemas gerados pelas subida de request's de projeto para produção;SIPGE;Pessoas;Sem Atuação da GEQTI;Q2;Maria Sustenes Alves dos Santos;14/02/2025;;1
22739354;Teste Funcional;Implantado;CB003 - Cobrança Modernização;"Falhando o Caso de Teste ""CT_QLD_Construção 136 Trilha de Auditoria Consulta CNPJ""";SIGCB;Cobrança e Operações Bancárias;Sem Atuação da GEQTI;Q2;Vania Silveira Costa;14/02/2025;21/02/2025;1
22739430;Defeito;Preparado;CD037 - SAC;SISOU - API - SAC -Ocorrência Histórico    ;SISOU;Clientes;Sem Atuação da GEQTI;Q3;Danielle Belo de Araujo Gomes;14/02/2025;;1
22739434;Teste Funcional;Implantado;CB003 - Cobrança Modernização;"Falhando o Caso de Teste ""CT_QLD_Construção 136 Trilha de Auditoria Consulta CNPJ""";SIGCB;Cobrança e Operações Bancárias;Sem Atuação da GEQTI;Q2;Vania Silveira Costa;14/02/2025;21/02/2025;1
22739798;Teste Funcional;Pronto;LT011 - Novos Jogos;Botão de estorno de bolão 100% digital não está sendo apresento  para usuário operador - HU21976041;SISPL;Loterias e Canais Parceiros;Sem Atuação da GEQTI;Q4;Emerson Rogerio Ferreira;14/02/2025;;1
22739922;Teste Funcional;Implantado;PS004 - SIPBF - Ateste Bolsa Familia;[Aceite- Cód -  HU1130 - SIPBF - Online - Altera parâmetro e histórico de formulário de parâmetro de programas sociais - Editar Parâmetro Vigente do Programa] - No sistema não possui o campo <Percentual máximo consignado família>;SIPBF;Programas Sociais;Sem Atuação da GEQTI;Q1;Elma de Assis Pereira;14/02/2025;24/04/2025;1
22740181;Teste Funcional;Pronto;PS004 - SIPBF - Ateste Bolsa Familia;[Aceite - Cód. - HU1036 - Parametrizar Benefício(+Parametrizar)] - Sistema não apresenta mensagem de retorno para  Inicio Vigencia Mes e Ano com zeros;SIPBF;Programas Sociais;Sem Atuação da GEQTI;Q1;Giselle Barbosa da Silva;14/02/2025;;1
22740319;Teste Funcional;Novo;PS004 - SIPBF - Ateste Bolsa Familia;"[Aceite - Cód - HU1036 - Parametrizar Benefício(+Parametrizar)] - Sistema não apresenta mensagem quando o Campo Obrigatorio_Renda maxima para Concessao não é preenchido""";SIPBF;Programas Sociais;Sem Atuação da GEQTI;Q1;Giselle Barbosa da Silva;14/02/2025;;1
22740353;Teste Funcional;Novo;PS004 - SIPBF - Ateste Bolsa Familia;"[Aceite - Cod - HU1036 - Parametrizar Benefício(+Parametrizar)] - Mensagem de retorno indefinida quando não preenchido o Campo obrigatório Renda máxima para Concessão""";SIPBF;Programas Sociais;Sem Atuação da GEQTI;Q1;Giselle Barbosa da Silva;14/02/2025;;1
22740531;Teste Funcional;Pronto;PS004 - SIPBF - Ateste Bolsa Familia;[Aceite - Cód - HU1036 - Parametrizar Benefício(+Parametrizar)]  - Campos de idade com limite de caracteres com 6 dígitos;SIPBF;Programas Sociais;Sem Atuação da GEQTI;Q1;Giselle Barbosa da Silva;14/02/2025;;1
22740915;Defeito;Implantado;PS003 - Cadastro Único - Evolutivas;MIGRAÇÃO - Correção de erros encontrados na homologação no online;SIDUN;Programas Sociais;Sem Atuação da GEQTI;Q3;Alex Finatto Donassolo;14/02/2025;06/03/2025;1
22740967;Defeito;Implantado;OF005 - SIINP - INICIADORA DE PAGAMENTOS;[DEFEITO] Valores da consulta sintética não estão batendo;SIINP;Box Open Finance;Sem Atuação da GEQTI;Q3;Luis Guilherme Pinheiro de Almeida;14/02/2025;22/04/2025;1
22748906;Teste Funcional;Pronto;LT011 - Novos Jogos;SISPL - TFL - Erro, apesar de marcado como, o sistema não entende o volante com bolão. (SUPER 7 & +MILIONÁRIA).;SISPL;Loterias e Canais Parceiros;Sem Atuação da GEQTI;Q4;Dario Douglas Alves Araujo;17/02/2025;;1
22749478;Defeito;Aceito;BF009 - APP HABITACAO - SIAME IOS;OD - Alteração da fonte - Etapa 4 - Resumo da proposta;SIAME;Box Moradia PF;Sem Atuação da GEQTI;Q3;Lena Xavier de Souza;17/02/2025;;1
22749748;Teste Funcional;Implementado;LT011 - Novos Jogos;Ao pagar um jogo no Carrinho de Compras é apresentado erro e em seguida insere a situação a processar inúmeras vezes e soma o valor;SISPL;Loterias e Canais Parceiros;Sem Atuação da GEQTI;Q4;Marisa Yumi Takagi;17/02/2025;;1
22749796;Teste Funcional;Novo;PS004 - SIPBF - Ateste Bolsa Familia;[Aceite - Cód - HU1130 - SIPBF - Online - Altera parâmetro e histórico de formulário de parâmetro de programas sociais - Editar Parâmetro Vigente do Programa] - Não permite alterar parâmetro para o programa Bolsa Família Legado;SIPBF;Programas Sociais;Sem Atuação da GEQTI;Q1;Elma de Assis Pereira;17/02/2025;;1
22749809;Teste Funcional;Implantado;PS004 - SIPBF - Ateste Bolsa Familia;[Aceite - Doc - HU1036 - Parametrizar Benefício(+Parametrizar)_Valores Negativos] - Comportamento do sistema não previsto na documentação;SIPBF;Programas Sociais;Sem Atuação da GEQTI;Q1;Giselle Barbosa da Silva;17/02/2025;05/03/2025;1
22750089;Teste Funcional;Implantado;CA009 - SISAG Automação Bancária;"Efetua Cadastramento/Troca de Senha em EO - LTEA não registra as linhas das Autorizações Gerenciais da estação autorizadora para conta com marca ""IT - CONTA INIBIDA PELA CAIXA""";SISAG;Canais Físicos;Sem Atuação da GEQTI;Q4;Adalberto Ribeiro Lima;17/02/2025;24/03/2025;1
22750118;Teste Funcional;Pronto;LT003 - Canal Lotérico - Evoluções;Situação do bolão com caracteres estranhos - Meus bolões digitais -Vender contas;SISPL;Loterias e Canais Parceiros;Sem Atuação da GEQTI;Q4;Welber Jose de Souza;17/02/2025;;1
22750351;Teste Funcional;Novo;DI008 - APP CAIXA - Investimentos;"[SINBM] [Consultar Remuneração do Distribuidor – Tela Fixa] [22665084] [Android] - QLD_DEF - Caso de Teste ""CT_QLD_Consultar_Remuneracao_do_Distribuidor_Tela_Fixa_Android""";SINBM;Box Conta Digital;Sem Atuação da GEQTI;Q1;Maicon Ferreira Teixeira;17/02/2025;;1
22750442;Teste Funcional;Novo;PS004 - SIPBF - Ateste Bolsa Familia;[Aceite - Cód - HU1036 - Alterar Parametros Vigentes do Beneficio] - Campo início da vigência com ícone de campo obrigatório redundante;SIPBF;Programas Sociais;Sem Atuação da GEQTI;Q1;Giselle Barbosa da Silva;17/02/2025;;1
22750688;Teste Funcional;Pronto;LT011 - Novos Jogos;Relatório Resumo da Sessão está apresentando o valor da tarifa de serviço errado.;SISPL;Loterias e Canais Parceiros;Sem Atuação da GEQTI;Q4;Garden Coraci Loriano das Neves;17/02/2025;;1
22751437;Teste Funcional;Novo;CB013 - Sigilo Bancário e Execução de Ordens Judiciais;GEQTI - SISIB WEB  - Apontamentos  Segunda tela - Inclusão de Transferência;SISIB;Cobrança e Operações Bancárias;Sem Atuação da GEQTI;Q2;Jessica Braz Carvalho;17/02/2025;;1
22751569;Defeito;Implantado;DI002 - APP CAIXA - Time 31;SINBM [Defeito][Android] - Corrigir o redirecionamento do menu de adesão ao SMS;SINBM;Box Conta Digital;Sem Atuação da GEQTI;Q1;Jaisa Vieira Brito;17/02/2025;26/03/2025;1
22751611;Defeito;Em Desenvolvimento;CD060 - OUVIDORIA;SISOU - API - OUV Retorna as unidades bloqueadas      ;SISOU;Clientes;Sem Atuação da GEQTI;Q3;Fernando Silva Paz;17/02/2025;;1
22751634;Defeito;Novo;CD060 - OUVIDORIA;SISOU - API - OUV Retorna os dados das terceirizadas      ;SISOU;Clientes;Sem Atuação da GEQTI;Q3;Fernando Silva Paz;17/02/2025;;1
22751648;Defeito;Novo;CD060 - OUVIDORIA;SISOU - API - OUV Retorna os dados dos procons      ;SISOU;Clientes;Sem Atuação da GEQTI;Q3;Fernando Silva Paz;17/02/2025;;1
22751665;Defeito;Novo;CD060 - OUVIDORIA;SISOU - API - OUV Retorna o histórico de solicitações      ;SISOU;Clientes;Sem Atuação da GEQTI;Q3;Fernando Silva Paz;17/02/2025;;1
22751676;Teste Funcional;Implementado;FP042 - SIGOT;DEFEITO - SIGOT -  DES - Aliquotas Selic - Falha na conexão com o Bacen;SIGOT;Financeiro e Controladoria;Sem Atuação da GEQTI;Q2;Samuel Felipe Gomes de Sousa;17/02/2025;;1
22751718;Defeito;Implantado;CD053 - Marketing e Patrocínio;"[DEFEITO] Alterar situação da etapa na ação ""voltar etapa""";SIMKT;Clientes;Sem Atuação da GEQTI;Q1;Jeferson Benitez Braga;17/02/2025;28/03/2025;1
22751750;Teste Funcional;Novo;CB013 - Sigilo Bancário e Execução de Ordens Judiciais;GEQTI - SISIB WEB  - Apontamentos  Transferência parcial;SISIB;Cobrança e Operações Bancárias;Sem Atuação da GEQTI;Q2;Jessica Braz Carvalho;17/02/2025;;1
22751803;Teste Funcional;Implantado;PS032 - SIPDM - Investimentos Pe De Meia;[SIPDM - DEFEITO - CÓDIGO - CTM_01_QLD_FB_Validar arquivo valido TXT ] - Arquivo não está sendo processado conforme o esperado;SIPDM;Programas Sociais;Sem Atuação da GEQTI;Q1;Rhayk Vinicius Damacena Alves;17/02/2025;04/04/2025;1
22751822;Defeito;Novo;;[SIDSC] - Defeito - Acessibilidade - Seção Principal - Landmark  - ID30;SIDSC;Estruturantes de TI;Sem Atuação da GEQTI;Q1;Daniela Ferreira de Figueredo;17/02/2025;;1
22751830;Teste Funcional;Pronto;PS004 - SIPBF - Ateste Bolsa Familia;[Aceite - Cód - HU1036 - Alterar Parametros Vigentes do Beneficio] - Máscara do campo Idade Mínima Participação divergente;SIPBF;Programas Sociais;Sem Atuação da GEQTI;Q1;Giselle Barbosa da Silva;17/02/2025;;1
22751881;Teste Funcional;Pronto;PS004 - SIPBF - Ateste Bolsa Familia;[Aceite - Cód - HU1036 - Alterar Parametros Vigentes do Beneficio] - Campo Valor do Beneficio sem limite de caracteres;SIPBF;Programas Sociais;Sem Atuação da GEQTI;Q1;Giselle Barbosa da Silva;17/02/2025;;1
22751930;Teste Funcional;Novo;PS004 - SIPBF - Ateste Bolsa Familia;[Aceite - Cód - HU1036 - Alterar Parametros Vigentes do Beneficio] - Sistema não apresenta mensagem quando o campo obrigatório Renda máxima para Concessão não é preenchido;SIPBF;Programas Sociais;Sem Atuação da GEQTI;Q1;Giselle Barbosa da Silva;17/02/2025;;1
22751952;Teste Funcional;Novo;PS004 - SIPBF - Ateste Bolsa Familia;[Aceite - Cód - HU1036 - Alterar Parametros Vigentes do Beneficio] - Mensagem de retorno indefinida quando o campo obrigatório Renda máxima para Concessão não é preenchido;SIPBF;Programas Sociais;Sem Atuação da GEQTI;Q1;Giselle Barbosa da Silva;17/02/2025;;1
22752075;Teste Funcional;Novo;PE019 - Autoatendimento Saúde;[CEGTI] - SIASC - QLD - Defeito - Procedimentos Solicitados por Profissional - Dado no Filtro 'Procedimento' não é localizado - Internet;SIASC;Pessoas;Sem Atuação da GEQTI;Q3;Keni Ferreira Kinup;17/02/2025;;1
22752193;Teste Funcional;Pronto;LT011 - Novos Jogos;Relatório Resumo do operador está apresentando no campo BOLÃO CAIXA TARIFA DE SERVIÇO, os bolões 100% digitais invalidados.;SISPL;Loterias e Canais Parceiros;Sem Atuação da GEQTI;Q4;Garden Coraci Loriano das Neves;17/02/2025;;1
22752291;Teste Funcional;Pronto;LT011 - Novos Jogos;Relatórios Resumo da sessão e Resumo do Operador estão apresentando erro de acentuação.;SISPL;Loterias e Canais Parceiros;Sem Atuação da GEQTI;Q4;Garden Coraci Loriano das Neves;17/02/2025;;1
22752330;Teste Funcional;Em Desenvolvimento;PS032 - SIPDM - Investimentos Pe De Meia;[SIPDM - Código_Recepção do arquivo de pagamento_VALIDAR_SE_O_ARQUIVO_RECEBIDO_PARA_PROCESSAMENTO_ESTÁ_CONFORME_O_ESPERADO] - Erro na execução do JOB;SIPDM;Programas Sociais;Sem Atuação da GEQTI;Q1;Eliane Francisca de Oliveira Ferreira;17/02/2025;;1
22752342;Teste Funcional;Implantado;PS004 - SIPBF - Ateste Bolsa Familia;[Aceite - Cód - HU1130 - SIPBF - Online - Altera parâmetro e histórico de formulário de parâmetro de programas sociais - Parametrizar(Cadastrar Parâmetro do Programa)] - Campo <Valor de limite de pobreza> escrito de forma incorreta;SIPBF;Programas Sociais;Sem Atuação da GEQTI;Q1;Elma de Assis Pereira;17/02/2025;17/03/2025;1
22752358;Teste Funcional;Implantado;PS004 - SIPBF - Ateste Bolsa Familia;[Aceite - Doc - HU1036 - Alterar Parametros Vigentes do Beneficio_Caracteres não Numéricos] - Documentação não informa a mensagem de retorno do sistema quando um dado inválido é inserido;SIPBF;Programas Sociais;Sem Atuação da GEQTI;Q1;Giselle Barbosa da Silva;17/02/2025;05/03/2025;1
22752393;Teste Funcional;Implantado;PS004 - SIPBF - Ateste Bolsa Familia;[Aceite - Doc - HU1130 - SIPBF - Online - Altera parâmetro e histórico de formulário de parâmetro de programas sociais - Parametrizar(Cadastrar Parâmetro do Programa)] - Divergência no nome do campo do item 5.1;SIPBF;Programas Sociais;Sem Atuação da GEQTI;Q1;Elma de Assis Pereira;17/02/2025;21/02/2025;1
22752416;Teste Funcional;Novo;PS004 - SIPBF - Ateste Bolsa Familia;[Aceite - Cód - HU1036 - Alterar Parametros Vigentes do Beneficio] - Sistema aceita idade mínima maior que Idade máxima;SIPBF;Programas Sociais;Sem Atuação da GEQTI;Q1;Giselle Barbosa da Silva;17/02/2025;;1
22752428;Teste Funcional;Pronto;PS004 - SIPBF - Ateste Bolsa Familia;[Aceite - Cód - HU1036 - Alterar Parametros Vigentes do Beneficio]  - Campos de idade sem limite de caracteres;SIPBF;Programas Sociais;Sem Atuação da GEQTI;Q1;Giselle Barbosa da Silva;17/02/2025;;1
22752449;Teste Funcional;Implantado;PS004 - SIPBF - Ateste Bolsa Familia;[Aceite - Doc - HU1130 - SIPBF - Online - Altera parâmetro e histórico de formulário de parâmetro de programas sociais - Parametrizar(Cadastrar Parâmetro do Programa)] - Não consta o campo <Valor de limite de extrema pobreza> no item 5.1;SIPBF;Programas Sociais;Sem Atuação da GEQTI;Q1;Elma de Assis Pereira;17/02/2025;21/02/2025;1
22752538;Teste Funcional;Implantado;PS004 - SIPBF - Ateste Bolsa Familia;[Aceite - Doc - HU1130 - SIPBF - Online - Altera parâmetro e histórico de formulário de parâmetro de programas sociais - Parametrizar(Cadastrar Parâmetro do Programa)] - Nome da modal divergente do sistema;SIPBF;Programas Sociais;Sem Atuação da GEQTI;Q1;Elma de Assis Pereira;17/02/2025;21/02/2025;1
22752597;Teste Funcional;Em Desenvolvimento;LT003 - Canal Lotérico - Evoluções;Nomenclatura divergente para algumas funcionalidades de boletos na tela do Atendimento;SISPL;Loterias e Canais Parceiros;Sem Atuação da GEQTI;Q4;Marisa Yumi Takagi;17/02/2025;;1
22755326;Teste Funcional;Aceito;CI010 - PDI Fundos de investimento;[ANGULAR] [CEGTI] | SIPDI - Serviços de Investimentos por Cliente - Listar;SIPDI;Câmbio, Investimentos e Mercado de Capitais;Sem Atuação da GEQTI;Q3;Patricia Donizete Alves Viana;18/02/2025;;1
22755793;Teste Funcional;Em Desenvolvimento;LT011 - Novos Jogos;SISPL - TFL - Erro, para modalidades de concursos especiais abertos, na leitura de volante(s) NORMAL(is), o sistema apresenta mensagem no rodapé: CONCURSO NORMAL  DA (MODALIDADE) ENCERROU A CAPTAÇÃO. DESEJA REALIZAR O REGISTRO PARA O CONCUSO ESPECIAL?;SISPL;Loterias e Canais Parceiros;Sem Atuação da GEQTI;Q4;Dario Douglas Alves Araujo;18/02/2025;;1
22755850;Teste Funcional;Pronto;CA009 - SISAG Automação Bancária;TED PAG0142 e STR006 na E.O quando preenchido Conta e DV do destinatário e não preenchida a Agência do destinatário ocorre erro ao imprimir a solicitação;SISAG;Canais Físicos;Sem Atuação da GEQTI;Q4;Rafael Camargo Witt;18/02/2025;;1
22756264;Teste de Regressão;Implantado;FP042 - SIGOT;SIGOT - DEFEITO - TQS - Teste Regressão - Funcionalidade Consulta Movimentos Rejeitados campos de UF e Municípios vazios.;SIGOT;Financeiro e Controladoria;Sem Atuação da GEQTI;Q2;Liomar Rodrigues Costa;18/02/2025;30/04/2025;1
22756708;Teste Funcional;Pronto;LT011 - Novos Jogos;REGISTRO DE APOSTA - ERRO NA OPERAÇÃO - [TFRA025] NA FILA DE APOSTA AO REALIZAR UM JOGO;SISPL;Loterias e Canais Parceiros;Sem Atuação da GEQTI;Q4;Emerson Rogerio Ferreira;18/02/2025;;1
22757672;Teste Funcional;Pronto;FG022 - Cadastro Mutuários;"Falhando o Caso de Teste ""CT_QLD_Exclui_Caracterização_Multiplicidade"" ao executar o Registro de Execução de Teste ""CT_QLD_Exclui_Caracterização_Multiplicidade_Windows 8_Internet Explorer""";SICMU;Fundos de Governo;Sem Atuação da GEQTI;Q1;Elenice da Silva Vicente;18/02/2025;;1
22757895;Teste Funcional;Novo;;DEFEITO EM HMP - SINAF WEB - Consulta na Autorização DLE - Item 22419261;SINAF;Financeiro e Controladoria;Sem Atuação da GEQTI;Q2;Fernando Henrique Batista de Freitas;18/02/2025;;1
22757897;Teste Funcional;Novo;FP034 - SINAFWEB;DEFEITO EM HMP - SINAFWEB - Erro ao pesquisar Unidade movimento - Item 22283101;SINAF;Financeiro e Controladoria;Sem Atuação da GEQTI;Q2;Samuel Felipe Gomes de Sousa;18/02/2025;;1
22758149;Teste Funcional;Pronto;LT011 - Novos Jogos;TFL - Ao perder a comunicação com a rede a tfl não inicia clicando com o botão sair;SISPL;Loterias e Canais Parceiros;Sem Atuação da GEQTI;Q4;Emerson Rogerio Ferreira;18/02/2025;;1
22759175;Defeito;Novo;FD009 - SIAPO - Controle Orçamentário do FGTS;"[QA] - Importação de Subcontas com status de ""Em Execução"" no Relatório Importação";SIAPO;Fomento e Depósitos Judiciais;Sem Atuação da GEQTI;Q1;Rosangela Aparecida Menha;18/02/2025;;1
22761244;Defeito;Aceito;ES022 - Administração de Dados e Banco de Dados;Pré-validação de modelo de dados à nível de referência - Ajustar funcionamento das regras de negócio 101 e 097;SIAGT;Estruturantes de TI;Sem Atuação da GEQTI;Q1;Marcela Alicia Alarcon Gallardo;19/02/2025;;1
22761262;Defeito;Aceito;ES022 - Administração de Dados e Banco de Dados;Pré-validação de modelo de dados à nível de modelo - Ajustar funcionamento da regra de negócio 151;SIAGT;Estruturantes de TI;Sem Atuação da GEQTI;Q1;Marcela Alicia Alarcon Gallardo;19/02/2025;;1
22761931;Teste Funcional;Novo;CD047 - Auditoria;SALA 01 - Planejamento - PAINT - Súmula - Visualização das súmulas - Nível 3 – Alta;SIAUD;Clientes;Sem Atuação da GEQTI;Q3;Andre Luiz da Silva Lima;19/02/2025;;1
22762337;Teste Funcional;Implantado;CA009 - SISAG Automação Bancária;Efetua Cadastramento/Troca de Senha - Relatório LTEA com caractere indevido no SISAGR;SISAG;Canais Físicos;Sem Atuação da GEQTI;Q4;Adalberto Ribeiro Lima;19/02/2025;24/03/2025;1
22762516;Teste Funcional;Pronto;LT003 - Canal Lotérico - Evoluções;Ajuste de Item de Backlog 22442470 referente as mensagens informativas do Bloqueio e Desbloqueio de EFL.;SISPL;Loterias e Canais Parceiros;Sem Atuação da GEQTI;Q4;Garden Coraci Loriano das Neves;19/02/2025;;1
22762539;Defeito;Aceito;ES022 - Administração de Dados e Banco de Dados;Pré-validação de modelo de dados à nível de tabela - Ajustar funcionamento das regras de negócio 021 e 065;SIAGT;Estruturantes de TI;Sem Atuação da GEQTI;Q1;Marcela Alicia Alarcon Gallardo;19/02/2025;;1
22762578;Teste Funcional;Aceito;DI004 - APP CAIXA - Time Plataforma;SINBM [HU|iOS] - QLD_DEF - SINBM-Servico-Login > Integração App iOS ao service C# (V5 Login Orquestrador);SINBM;Box Conta Digital;Sem Atuação da GEQTI;Q1;Graziele Ferreira Dias;19/02/2025;;1
22763042;Teste Funcional;Pronto;LT011 - Novos Jogos;MKP - Bolões Pendentes - Tratar Pendência - Ao clicar no botão: 'Disponibilizar Cota no MKP' aplicação não manda para o SILCE e fica com a mensagem no rodapé - 'AGUARDE' sem concluir;SISPL;Loterias e Canais Parceiros;Sem Atuação da GEQTI;Q4;Emerson Rogerio Ferreira;19/02/2025;;1
22763216;Teste Funcional;Pronto;LT011 - Novos Jogos;MKP - Na tela COTAS DISPONÍVEIS  a palavra com caractere especial errado.;SISPL;Loterias e Canais Parceiros;Sem Atuação da GEQTI;Q4;Emerson Rogerio Ferreira;19/02/2025;;1
22763286;Defeito;Aceito;FG026 - Migração e Convivência;FGTS DIGITAL - Documento marcado para reprocessamento marcando todos os documentos como ENVIADO;SIFUG;Fundos de Governo;Sem Atuação da GEQTI;Q1;Rubens Bravo Goncalves;19/02/2025;;1
22763587;Teste Funcional;Implantado;CD047 - Auditoria;SALA 01 - Planejamento - PAINT - Súmula - Painel de Súmulas - Alteração de Súmula - Média;SIAUD;Clientes;Sem Atuação da GEQTI;Q3;Andre Luiz da Silva Lima;19/02/2025;22/04/2025;1
22763608;Teste Funcional;Novo;PS004 - SIPBF - Ateste Bolsa Familia;[Aceite - Cód - Alterar Parametros Anteriores do Beneficio] - Campo Início da Vigência com campo  obrigatório redundante;SIPBF;Programas Sociais;Sem Atuação da GEQTI;Q1;Giselle Barbosa da Silva;19/02/2025;;1
22763875;Teste Funcional;Implantado;PS032 - SIPDM - Investimentos Pe De Meia;[SIPDM - DEFEITO - CÓDIGO - CTM_03_QLD_FB_Validar arquivo com as informações esperadas para cada estudante] - As informações não estão sendo gravadas na base do SIPDM;SIPDM;Programas Sociais;Sem Atuação da GEQTI;Q1;Rhayk Vinicius Damacena Alves;19/02/2025;19/03/2025;1
22764092;Teste Funcional;Implantado;CB003 - Cobrança Modernização;"Falhando o Caso de Teste ""CT_QLD_Construção 135 Trilha de Auditoria Consulta Beneficiário""";SIGCB;Cobrança e Operações Bancárias;Sem Atuação da GEQTI;Q2;Vania Silveira Costa;19/02/2025;21/02/2025;1
22764143;Teste Funcional;Implantado;PS004 - SIPBF - Ateste Bolsa Familia;[Aceite - Doc - HU1130 - SIPBF - Online - Altera parâmetro e histórico de formulário de parâmetro de programas sociais - Parametrizar(Cadastrar Parâmetro do Programa)] - Divergência no tipo do campo <Renda máxima para participação no programa> do;SIPBF;Programas Sociais;Sem Atuação da GEQTI;Q1;Elma de Assis Pereira;19/02/2025;21/02/2025;1
22764170;Defeito;Em Desenvolvimento;FG016 - SIFGM - APP FGTS;Bug iOS - Endereço - Persistência dos dados antigos na tela após atualização de dados;SIFGM;Fundos de Governo;Sem Atuação da GEQTI;Q1;Fabricio de Lima Martins Pereira;19/02/2025;;1
22764174;Teste Funcional;Implantado;PS004 - SIPBF - Ateste Bolsa Familia;[Aceite - Doc - HU1130 - SIPBF - Online - Altera parâmetro e histórico de formulário de parâmetro de programas sociais - Parametrizar(Cadastrar Parâmetro do Programa)] - Divergência no tipo do campo <Valor do benefício> do item 5.2;SIPBF;Programas Sociais;Sem Atuação da GEQTI;Q1;Elma de Assis Pereira;19/02/2025;21/02/2025;1
22764590;Teste Funcional;Adiado;;DEFEITO EM HMP - SINAF WEB - Extrato de Importação (FLE/DLE) (HU22458892);SINAF;Financeiro e Controladoria;Sem Atuação da GEQTI;Q2;Fernando Henrique Batista de Freitas;19/02/2025;;1
22764735;Teste Funcional;Pronto;PS004 - SIPBF - Ateste Bolsa Familia;[Aceite - Cód - Alterar Parametros Anteriores do Beneficio] - Máscara do campo Idade Minima Participacao divergente;SIPBF;Programas Sociais;Sem Atuação da GEQTI;Q1;Giselle Barbosa da Silva;19/02/2025;;1
22764796;Teste Funcional;Implantado;PS004 - SIPBF - Ateste Bolsa Familia;[Aceite - Doc - HU1130 - SIPBF - Online - Altera parâmetro e histórico de formulário de parâmetro de programas sociais - Parametrizar(Cadastrar Parâmetro do Programa)] - Divergência nos valores possíveis do campo <Programa> do item 5.3;SIPBF;Programas Sociais;Sem Atuação da GEQTI;Q1;Elma de Assis Pereira;19/02/2025;21/02/2025;1
22764809;Teste Funcional;Novo;PS004 - SIPBF - Ateste Bolsa Familia;[Aceite - Cód - Alterar Parametros Anteriores do Beneficio] - Sistema não apresenta mensagem quando o campo obrigatório Renda Máxima Para Concessão não é preenchido;SIPBF;Programas Sociais;Sem Atuação da GEQTI;Q1;Giselle Barbosa da Silva;19/02/2025;;1
22764963;Teste Funcional;Pronto;PS004 - SIPBF - Ateste Bolsa Familia;[Aceite - Cód - Alterar Parametros Anteriores do Beneficio] - Sistema não apresenta mensagem de sucesso ao alterar o campo Idade Mínima Participação;SIPBF;Programas Sociais;Sem Atuação da GEQTI;Q1;Giselle Barbosa da Silva;19/02/2025;;1
22764987;Teste Funcional;Pronto;PS004 - SIPBF - Ateste Bolsa Familia;"[Aceite - Cód - Alterar Parametros Anteriores do Beneficio] - Sistema não salva alteração dos campos de ""Idade"" quando estão zerados";SIPBF;Programas Sociais;Sem Atuação da GEQTI;Q1;Giselle Barbosa da Silva;19/02/2025;;1
22765171;Teste Funcional;Pronto;PS004 - SIPBF - Ateste Bolsa Familia;[Aceite - Cód - Alterar Parametros Anteriores do Beneficio] - Sistema não apresenta mensagem de sucesso ao alterar o campo Valor do Beneficio;SIPBF;Programas Sociais;Sem Atuação da GEQTI;Q1;Giselle Barbosa da Silva;19/02/2025;;1
22765195;Teste Funcional;Pronto;PS004 - SIPBF - Ateste Bolsa Familia;[Aceite - Cód - Alterar Parametros Anteriores do Beneficio] - Sistema não apresenta mensagem de sucesso ao alterar o campo Renda Maxima para Concessao;SIPBF;Programas Sociais;Sem Atuação da GEQTI;Q1;Giselle Barbosa da Silva;19/02/2025;;1
22765238;Teste Funcional;Pronto;PS004 - SIPBF - Ateste Bolsa Familia;"[Aceite - Cód - Alterar Parametros Anteriores do Beneficio] - Sistema não apresenta mensagem de sucesso ao alterar ""Todos"" os campos";SIPBF;Programas Sociais;Sem Atuação da GEQTI;Q1;Giselle Barbosa da Silva;19/02/2025;;1
22765283;Teste Funcional;Pronto;PS004 - SIPBF - Ateste Bolsa Familia;[Aceite - Cód - Alterar Parametros Anteriores do Beneficio] - Campos de valor e idade sem limite de caracteres;SIPBF;Programas Sociais;Sem Atuação da GEQTI;Q1;Giselle Barbosa da Silva;19/02/2025;;1
22765315;Teste Funcional;Implantado;PS004 - SIPBF - Ateste Bolsa Familia;[Aceite - Doc - Alterar Parametros Anteriores do Beneficio] - Documentação não prevê comportamento do sistema;SIPBF;Programas Sociais;Sem Atuação da GEQTI;Q1;Giselle Barbosa da Silva;19/02/2025;05/03/2025;1
22765316;Defeito;Novo;;[SIDSC] - Defeito - Acessibilidade - Cases - Página com atributo lang incorreto  - ID38;SIDSC;Estruturantes de TI;Sem Atuação da GEQTI;Q1;Daniela Ferreira de Figueredo;19/02/2025;;1
22765331;Defeito;Novo;;[SIDSC] - Defeito - Acessibilidade - Conteúdo principal - Uso de termos em inglês  - ID39;SIDSC;Estruturantes de TI;Sem Atuação da GEQTI;Q1;Daniela Ferreira de Figueredo;19/02/2025;;1
22765333;Teste Funcional;Preparado;CA009 - SISAG Automação Bancária;'AGENCIA' do Remetente não é gravada na trilha TRC e CGU quando não é preenchido o campo 'CONTA' - TED STR0006 E PAG0142 com debito;SISAG;Canais Físicos;Sem Atuação da GEQTI;Q4;William Santos Rocha;19/02/2025;;1
22765340;Defeito;Novo;;[SIDSC] - Defeito - Acessibilidade - Table - Gráfico sem descrição - ID40;SIDSC;Estruturantes de TI;Sem Atuação da GEQTI;Q1;Daniela Ferreira de Figueredo;19/02/2025;;1
22765346;Defeito;Novo;;[SIDSC] - Defeito - Acessibilidade - Table - Tabela não possui título - ID41;SIDSC;Estruturantes de TI;Sem Atuação da GEQTI;Q1;Daniela Ferreira de Figueredo;19/02/2025;;1
22765351;Defeito;Novo;;[SIDSC] - Defeito - Acessibilidade - Table - Coluna sem título apropriado - ID42;SIDSC;Estruturantes de TI;Sem Atuação da GEQTI;Q1;Daniela Ferreira de Figueredo;19/02/2025;;1
22765359;Teste Funcional;Novo;PS004 - SIPBF - Ateste Bolsa Familia;[Aceite - Cód - HU1130 - SIPBF - Online - Altera parâmetro e histórico de formulário de parâmetro de programas sociais - Parametrizar(Cadastrar Parâmetro do Programa)] - No sistema não possui o campo <Percentual máximo consignado família>;SIPBF;Programas Sociais;Sem Atuação da GEQTI;Q1;Elma de Assis Pereira;19/02/2025;;1
22765363;Defeito;Novo;;[SIDSC] - Defeito - Acessibilidade - Table - Coluna sem informação - ID43;SIDSC;Estruturantes de TI;Sem Atuação da GEQTI;Q1;Daniela Ferreira de Figueredo;19/02/2025;;1
22765366;Defeito;Novo;;[SIDSC] - Defeito - Acessibilidade - Table - Botão de editar sem label - ID44;SIDSC;Estruturantes de TI;Sem Atuação da GEQTI;Q1;Daniela Ferreira de Figueredo;19/02/2025;;1
22765375;Defeito;Novo;;[SIDSC] - Defeito - Acessibilidade - Table - Botão de excluir sem label - ID45;SIDSC;Estruturantes de TI;Sem Atuação da GEQTI;Q1;Daniela Ferreira de Figueredo;19/02/2025;;1
22765379;Defeito;Novo;;[SIDSC] - Defeito - Acessibilidade - Table - Botão editar com semântica de link  - ID46;SIDSC;Estruturantes de TI;Sem Atuação da GEQTI;Q1;Daniela Ferreira de Figueredo;19/02/2025;;1
22765389;Defeito;Novo;;[SIDSC] - Defeito - Acessibilidade - Table - Botão de excluir com semântica de link - ID47;SIDSC;Estruturantes de TI;Sem Atuação da GEQTI;Q1;Daniela Ferreira de Figueredo;19/02/2025;;1
22765395;Defeito;Novo;;[SIDSC] - Defeito - Acessibilidade - Conteúdo Principal - Interruptores de exibição do código com label desassociada - ID48;SIDSC;Estruturantes de TI;Sem Atuação da GEQTI;Q1;Daniela Ferreira de Figueredo;19/02/2025;;1
22765431;Teste Funcional;Novo;FP034 - SINAFWEB;DEFEITO EM HMP - SINAFWEB - FLE - sistema não destaca todos os campos obrigatórios - Item 22283101;SINAF;Financeiro e Controladoria;Sem Atuação da GEQTI;Q2;Samuel Felipe Gomes de Sousa;19/02/2025;;1
22765977;Teste Funcional;Em Refinamento;MP023 - CARTÃO DE CRÉDITO - INTERCÂMBIO;"Defeito REL DMS 11444540 :  Situação do caso não atualizada para ""Pre-arb - Recebida - Alocação""";SIPCS;Meios de Pagamento;Sem Atuação da GEQTI;Q2;Cristina de Sousa Guimaraes;19/02/2025;;1
22766066;Teste Funcional;Em Refinamento;MP023 - CARTÃO DE CRÉDITO - INTERCÂMBIO;Defeito REL DMS 11444540 :  Situação do caso não atualizada para “Reap – Declined by Acq  – Colaboração ” e “REAP - ACCEPTED PARTIAL BY ACQ - COLABORACAO”;SIPCS;Meios de Pagamento;Sem Atuação da GEQTI;Q2;Cristina de Sousa Guimaraes;19/02/2025;;1
22767616;Defeito;Aceito;ES022 - Administração de Dados e Banco de Dados;Pré-validação de modelo de dados à nível de coluna- Ajustar funcionamento das regras de negócio 085, 083 e 086;SIAGT;Estruturantes de TI;Sem Atuação da GEQTI;Q1;Marcela Alicia Alarcon Gallardo;20/02/2025;;1
22767819;Teste Funcional;Pronto;CD047 - Auditoria;SALA 01 - Planejamento - PAINT - Súmula - Painel de Súmulas - Incoerência nos totalizadores de horas - Crítico;SIAUD;Clientes;Sem Atuação da GEQTI;Q3;Andre Luiz da Silva Lima;20/02/2025;;1
22767904;Teste Funcional;Implantado;CD047 - Auditoria;SALA 01 - Planejamento - PAINT - Súmula - Painel de Súmulas - Supressão das Unidades apenas corresponsáveis - Alto;SIAUD;Clientes;Sem Atuação da GEQTI;Q3;Andre Luiz da Silva Lima;20/02/2025;22/04/2025;1
22767968;Teste Funcional;Pronto;CD047 - Auditoria;SALA 01 - Planejamento - PAINT - Súmula - Painel de Súmulas - inconsistência na alteração - Alta;SIAUD;Clientes;Sem Atuação da GEQTI;Q3;Andre Luiz da Silva Lima;20/02/2025;;1
22768005;Teste Funcional;Implantado;CD047 - Auditoria;SALA 01 - Planejamento - PAINT - Súmula - Painel de Súmulas - Inabilitação da mudança de situação – Súmula Integrada - Impeditiva;SIAUD;Clientes;Sem Atuação da GEQTI;Q3;Andre Luiz da Silva Lima;20/02/2025;14/04/2025;1
22768481;Teste Funcional;Implantado;PS004 - SIPBF - Ateste Bolsa Familia;[Aceite - Doc - HU1130 - SIPBF - Online - Altera parâmetro e histórico de formulário de parâmetro de programas sociais - Parametrizar(Cadastrar Parâmetro do Programa) ] - Divergência nos valores possíveis do campo <Programa> do item 5.4;SIPBF;Programas Sociais;Sem Atuação da GEQTI;Q1;Elma de Assis Pereira;20/02/2025;25/02/2025;1
22768621;Defeito;Aceito;FG028 - FGTS Digital;EMPREGADOR - Consulta sem dados ou apresenta os dados da consulta anterior.;SIFGD;Fundos de Governo;Sem Atuação da GEQTI;Q1;Catia Cilene Rodovalho;20/02/2025;;1
22769074;Teste Funcional;Pronto;CB003 - Cobrança Modernização;"Falhando o Caso de Teste ""CT_QLD_Trilha de Auditoria - Consulta Matrícula""";SIGCB;Cobrança e Operações Bancárias;Sem Atuação da GEQTI;Q2;Rodrigo da Silva dos Reis Santos;20/02/2025;;1
22769616;Defeito;Aceito;ES022 - Administração de Dados e Banco de Dados;Pré-validação de modelo de dados à nível de modelo - Ajustar funcionamento da regra de negócio 011;SIAGT;Estruturantes de TI;Sem Atuação da GEQTI;Q1;Marcela Alicia Alarcon Gallardo;20/02/2025;;1
22769814;Defeito;Implantado;CD041 - Corregedoria;Erro - Anp - Perfil 5 acesso ao relevante;SIDIS;Clientes;Sem Atuação da GEQTI;Q1;Geraldo Faria de Oliveira Junior;20/02/2025;01/04/2025;1
22770070;Defeito;Aceito;FG026 - Migração e Convivência;SIMIG - ACESSO GERENCIAL - Consulta guias/documentos LIBERADOS;SIFUG;Fundos de Governo;Sem Atuação da GEQTI;Q1;Rubens Bravo Goncalves;20/02/2025;;1
22770269;Teste Funcional;Novo;AC026 - Gestão de Pagamentos e Recebimentos;DEFEITO: Correção e adequação no armazenamento - repositório de arquivos (upload);SIACC;Arrecadação e Convênios;Sem Atuação da GEQTI;Q4;Fabio Luis Marinho Pereira;20/02/2025;;1
22770538;Teste Funcional;Pronto;CB003 - Cobrança Modernização;Erro ao selecionar o botão voltar na funcionalidade de Relatório de Saldo Operacional;SIGCB;Cobrança e Operações Bancárias;Sem Atuação da GEQTI;Q2;Rodrigo da Silva dos Reis Santos;20/02/2025;;1
22770912;Teste Funcional;Pronto;LT011 - Novos Jogos;Apresenta o campo Responsável pelo estorno no Portal de Gestão em branco;SISPL;Loterias e Canais Parceiros;Sem Atuação da GEQTI;Q4;Marisa Yumi Takagi;20/02/2025;;1
22771063;Teste Funcional;Novo;;"Falhando o Caso de Teste ""CT_CERTIF_Simula_Cadastramento_Pre_Contrato_Operaçao_175""";SIAPI;Crédito Comercial e Agronegócio;Sem Atuação da GEQTI;Q3;Luiz Fernando Silva Lopes;20/02/2025;;1
22773900;Teste Funcional;Em Refinamento;FD019 - Atualizador de Depósito Judicial;Falhando a funcionalidade Simulador Movimentação Saldo Escritural (JJME) - CICDTQS2 Transaction JJME failed with abend ASRA. Updates (TQS);SIJAD;Fomento e Depósitos Judiciais;Sem Atuação da GEQTI;Q4;Karla Pinheiro Leone;21/02/2025;;1
22773929;Defeito;Aceito;ES022 - Administração de Dados e Banco de Dados;Pré-validação de modelo de dados à nível de view - Ajustar funcionamento das regras de negócio 118 e 113;SIAGT;Estruturantes de TI;Sem Atuação da GEQTI;Q1;Marcela Alicia Alarcon Gallardo;21/02/2025;;1
22773941;Defeito;Aceito;ES022 - Administração de Dados e Banco de Dados;Pré-validação de modelo de dados à nível de referencia - Ajustar funcionamento das regras de negócio 102, 104 e 105;SIAGT;Estruturantes de TI;Sem Atuação da GEQTI;Q1;Marcela Alicia Alarcon Gallardo;21/02/2025;;1
22774050;Teste Funcional;Aceito;BR043 - Plataforma Core;"SINBM [Defeito][Android]Sustentação] - QLD_DEF - Correção do Erro ""No Value present""";SINBM;Box Relacionamento Digital;Sem Atuação da GEQTI;Q1;Gustavo Candido Delis Alvarenga;21/02/2025;;1
22774815;Teste Funcional;Pronto;LT011 - Novos Jogos;A aplicação considera a data anterior a data da pesquisa, quando não preenche a data fim no Relatório de Cotas Virtuais no Portal Gestão.[FRONT];SISPL;Loterias e Canais Parceiros;Sem Atuação da GEQTI;Q4;Garden Coraci Loriano das Neves;21/02/2025;;1
22774903;Teste Funcional;Preparado;CA009 - SISAG Automação Bancária;SISAGR - Quando executada a transação CONSULTA CONTA CONTRATO MF está apresentando caractere após a palavra CONTA.;SISAG;Canais Físicos;Sem Atuação da GEQTI;Q4;Ivete Valgas Wilbert;21/02/2025;;1
22775364;Teste Funcional;Pronto;CA009 - SISAG Automação Bancária;Desbloqueio de Senha por Monitoramento - No comprovante o campo CONTA está saindo com informação desalinhada (apenas para conta SIDEC) - Legado.;SISAG;Canais Físicos;Sem Atuação da GEQTI;Q4;Ivete Valgas Wilbert;21/02/2025;;1
22775401;Teste Funcional;Implantado;MP023 - CARTÃO DE CRÉDITO - INTERCÂMBIO;Defeito REL DMS 16289921: T5G4 : Equalização incorreta - Não gerou a ocorrência 9 e atualizou para a situação do caso incorreta / Relatório de equalização não gerado;SIPCS;Meios de Pagamento;Sem Atuação da GEQTI;Q2;Cristina de Sousa Guimaraes;21/02/2025;27/03/2025;1
22776030;Teste Funcional;Aceito;CA011 - SISAG Modernização - Micro Front-ends;[CONSULTA-DOCUMENTO-DIGITAL] Erro no processamento da lista de unidades para autocomplete;SISAG;Canais Físicos;Sem Atuação da GEQTI;Q4;Simone Lima de Souza;21/02/2025;;1
22777102;Teste Funcional;Novo;FP034 - SINAFWEB;DEFEITO EM HMP - SINAFWEB - LGO - importação de arquivo não mostra data correta - Item 22416007;SINAF;Financeiro e Controladoria;Sem Atuação da GEQTI;Q2;Samuel Felipe Gomes de Sousa;21/02/2025;;1
22777207;Teste Funcional;Novo;FP034 - SINAFWEB;DEFEITO EM HMP - SINAFWEB - LGO - sistema não valida corretamente arquivo sem data preenchida - Item 22416007;SINAF;Financeiro e Controladoria;Sem Atuação da GEQTI;Q2;Samuel Felipe Gomes de Sousa;21/02/2025;;1
22777236;Teste de Regressão;Implantado;LT010 - Loterias Canais Eletrônicos (site);Erro na rotina SPL62MZB - PROGRAMA: SPLPB324;SISPL;Loterias e Canais Parceiros;Sem Atuação da GEQTI;Q4;Anna Carolina Machado Gomes;21/02/2025;28/02/2025;1
22777949;Teste Funcional;Implantado;CA009 - SISAG Automação Bancária;DÉBITO AUTORIZADO FORA DO AI - NÃO ESTORNANDO O CRÉDITO AUTORIZADO.;SISAG;Canais Físicos;Sem Atuação da GEQTI;Q4;Gisele de Barros Cerqueira;21/02/2025;02/04/2025;1
22778040;Defeito;Adiado;PS038 - SIBEC - Sustentação COBOL;DEFEITO - PACTO - Família com restrição pelo motivo 1033 sem que o PBF tenha a mesma restrição - Origem;SIBEC;Programas Sociais;Sem Atuação da GEQTI;Q3;Cristina Lastoria;21/02/2025;;1
22778090;Teste Funcional;Novo;FD005 - SIFPP - Fomento e Políticas Públicas;"Falhando o Caso de Teste ""CT_DEV_Gerar_Relatorio_Saldo_Contabil_Analitico""";SIFPP;Fomento e Depósitos Judiciais;Sem Atuação da GEQTI;Q1;Marcos Martins de Lima;21/02/2025;;1
22778155;Teste Funcional;Em Desenvolvimento;FD005 - SIFPP - Fomento e Políticas Públicas;Falhando - Carga Dados Recebimento Tarifa - fluxo básico;SIFPP;Fomento e Depósitos Judiciais;Sem Atuação da GEQTI;Q1;Marcos Martins de Lima;21/02/2025;;1
22785776;Teste Funcional;Em Refinamento;FD019 - Atualizador de Depósito Judicial;Falhando a funcionalidade Simulador Movimentação Saldo Escritural (JJME) - Conta com saldo de ID desatualizado;SIJAD;Fomento e Depósitos Judiciais;Sem Atuação da GEQTI;Q4;Karla Pinheiro Leone;24/02/2025;;1
22786636;Teste Funcional;Em Refinamento;FD019 - Atualizador de Depósito Judicial;Falhando a funcionalidade Simulador Movimentação Saldo Escritural (JJME) - NSU Origem não carregado após acionar F6;SIJAD;Fomento e Depósitos Judiciais;Sem Atuação da GEQTI;Q4;Karla Pinheiro Leone;24/02/2025;;1
22786760;Teste Funcional;Novo;FP034 - SINAFWEB;DEFEITO EM HMP - SINAFWEB - LGO - sistema não grava LGO com arquivo - Item 22416007;SINAF;Financeiro e Controladoria;Sem Atuação da GEQTI;Q2;Samuel Felipe Gomes de Sousa;24/02/2025;;1
22786970;Teste Funcional;Pronto;LT011 - Novos Jogos;Apresenta os campos do estorno de aposta simples em branco na tabela SPLTB734;SISPL;Loterias e Canais Parceiros;Sem Atuação da GEQTI;Q4;Marisa Yumi Takagi;24/02/2025;;1
22787084;Defeito;Aceito;ES022 - Administração de Dados e Banco de Dados;Pré-validação de modelo de dados à nível de coluna- Ajustar funcionamento das regras de negócio 081 e 073;SIAGT;Estruturantes de TI;Sem Atuação da GEQTI;Q1;Marcela Alicia Alarcon Gallardo;24/02/2025;;1
22787310;Teste Funcional;Em Desenvolvimento;FD005 - SIFPP - Fomento e Políticas Públicas;"Erro ao processa arquivo ""Carga Dados Recebimento Tarifa"" - fluxo de exceção";SIFPP;Fomento e Depósitos Judiciais;Sem Atuação da GEQTI;Q1;Marcos Martins de Lima;24/02/2025;;1
22788160;Teste Funcional;Implementado;RC012 - Negócios Sustentáveis;[GEQTI]- SISNS - Consultar Carregamento SICTD  (Migração);SISNS;Risco, Compliance e Adimplência;Sem Atuação da GEQTI;Q1;Amara Cristine Eleuterio Saleh Sleiman;24/02/2025;;1
22788190;Teste Funcional;Implementado;RC012 - Negócios Sustentáveis;[GEQTI]- SISNS - Consultar Carregamento SICTD - Coluna matrícula  (Migração);SISNS;Risco, Compliance e Adimplência;Sem Atuação da GEQTI;Q1;Amara Cristine Eleuterio Saleh Sleiman;24/02/2025;;1
22788630;Teste Funcional;Aceito;FP034 - SINAFWEB;SINAFWEB - ERRO - MÓDULO GESTOR - Comando Voltar - Detalhar Parâmetro de Serviço;SINAF;Financeiro e Controladoria;Sem Atuação da GEQTI;Q2;Daniel Baldi Ballon Sanches;24/02/2025;;1
22788901;Defeito;Aceito;ES022 - Administração de Dados e Banco de Dados;Pré-validação de modelo de dados à nível de índice - Ajustar funcionamento das regras de negócio 093 e 095;SIAGT;Estruturantes de TI;Sem Atuação da GEQTI;Q1;Marcela Alicia Alarcon Gallardo;24/02/2025;;1
22788907;Defeito;Aceito;PS021 - App Bolsa Familia;SIFAM - DEFEITO - Alinhamento texto da tela da área não logada (ANDROID);SIFAM;Programas Sociais;Sem Atuação da GEQTI;Q3;Alessandra Santos Aires Lima;24/02/2025;;1
22789298;Defeito;Aceito;ES022 - Administração de Dados e Banco de Dados;Pré-validação de modelo de dados à nível de tabela e coluna - Ajustar funcionamento das regras de negócio 019, 037 e 089;SIAGT;Estruturantes de TI;Sem Atuação da GEQTI;Q1;Marcela Alicia Alarcon Gallardo;24/02/2025;;1
22789308;Defeito;Aceito;PS021 - App Bolsa Familia;"SIFAM - DEFEITO - Alinhamento texto da tela ""Como quer acessar"" - área não logada (ANDROID)";SIFAM;Programas Sociais;Sem Atuação da GEQTI;Q3;Alessandra Santos Aires Lima;24/02/2025;;1
22789624;Teste Funcional;Preparado;CA009 - SISAG Automação Bancária;DÉBITO AUTORIZADO - CRÉDITO AUTORIZADO COM IDENTIFICADOR 'RD'.;SISAG;Canais Físicos;Sem Atuação da GEQTI;Q4;Gisele de Barros Cerqueira;24/02/2025;;1
22789629;Defeito;Novo;;[SIDSC] - Defeito - Acessibilidade - Table - Tabela recebendo foco único de forma errônea - ID49;SIDSC;Estruturantes de TI;Sem Atuação da GEQTI;Q1;Daniela Ferreira de Figueredo;24/02/2025;;1
22789635;Teste Funcional;Pronto;LT011 - Novos Jogos;Não imprime o Relatório Resumo da EFL;SISPL;Loterias e Canais Parceiros;Sem Atuação da GEQTI;Q4;Marisa Yumi Takagi;24/02/2025;;1
22789648;Defeito;Novo;;[SIDSC] - Defeito - Acessibilidade - Table -  Linha da tabela com texto comum verbalizando clicável - ID50;SIDSC;Estruturantes de TI;Sem Atuação da GEQTI;Q1;Daniela Ferreira de Figueredo;24/02/2025;;1
22789657;Defeito;Novo;;[SIDSC] - Defeito - Acessibilidade - Table -  Botão do accordion sem rótulo  - ID51;SIDSC;Estruturantes de TI;Sem Atuação da GEQTI;Q1;Daniela Ferreira de Figueredo;24/02/2025;;1
22789673;Defeito;Novo;;[SIDSC] - Defeito - Acessibilidade - Table -  Botão do accordion sem status de expandido/recolhido - ID52;SIDSC;Estruturantes de TI;Sem Atuação da GEQTI;Q1;Daniela Ferreira de Figueredo;24/02/2025;;1
22789681;Defeito;Novo;;[SIDSC] - Defeito - Acessibilidade - Table -  Informação oculta sendo verbalizada - ID53;SIDSC;Estruturantes de TI;Sem Atuação da GEQTI;Q1;Daniela Ferreira de Figueredo;24/02/2025;;1
22789691;Defeito;Novo;;[SIDSC] - Defeito - Acessibilidade - Table -  Problema de Exibição de Conteúdo do Accordion na Tabela - ID54;SIDSC;Estruturantes de TI;Sem Atuação da GEQTI;Q1;Daniela Ferreira de Figueredo;24/02/2025;;1
22789704;Defeito;Novo;;"[SIDSC] - Defeito - Acessibilidade - Table -  Select list do ""itens por página"" sem rótulo - ID55";SIDSC;Estruturantes de TI;Sem Atuação da GEQTI;Q1;Daniela Ferreira de Figueredo;24/02/2025;;1
22789706;Defeito;Novo;;[SIDSC] - Defeito - Acessibilidade - Table -  Necessidade de texto complementar em informação de páginas  - ID56;SIDSC;Estruturantes de TI;Sem Atuação da GEQTI;Q1;Daniela Ferreira de Figueredo;24/02/2025;;1
22789716;Defeito;Novo;;[SIDSC] - Defeito - Acessibilidade - Table -  Visibilidade do botão de ordenação  - ID57;SIDSC;Estruturantes de TI;Sem Atuação da GEQTI;Q1;Daniela Ferreira de Figueredo;24/02/2025;;1
22789728;Defeito;Novo;;[SIDSC] - Defeito - Acessibilidade - Table - Botão de ordenação sem label   - ID58;SIDSC;Estruturantes de TI;Sem Atuação da GEQTI;Q1;Daniela Ferreira de Figueredo;24/02/2025;;1
22789742;Teste Funcional;Implantado;PS032 - SIPDM - Investimentos Pe De Meia;[SIPDM - DEFEITO - CÓDIGO - CTM_09_QLD_FB_Validar estudante não registrado na base do SIPDM ] - O Sistema não está gravando os CPFs que não estão na base;SIPDM;Programas Sociais;Sem Atuação da GEQTI;Q1;Rhayk Vinicius Damacena Alves;24/02/2025;19/03/2025;1
22790341;Teste Funcional;Novo;FD005 - SIFPP - Fomento e Políticas Públicas;"Falhando o Caso de Teste ""CT_DEV_Gerar_Relatorio_Conciliacao_Contabil""";SIFPP;Fomento e Depósitos Judiciais;Sem Atuação da GEQTI;Q1;Marcos Martins de Lima;24/02/2025;;1
22790392;Teste Funcional;Implantado;CA009 - SISAG Automação Bancária;CONSULTA SALDO CADASTRO - QUALQUER MENSAGEM IMPEDITIVA = NULL.;SISAG;Canais Físicos;Sem Atuação da GEQTI;Q4;Gisele de Barros Cerqueira;24/02/2025;02/04/2025;1
22790554;Teste Funcional;Pronto;FD005 - SIFPP - Fomento e Políticas Públicas;Não está exibindo o município para selecionar no serviço Acompanhamento de Obra;SIFPP;Fomento e Depósitos Judiciais;Sem Atuação da GEQTI;Q1;Marcos Martins de Lima;24/02/2025;;1
22790561;Teste Funcional;Pronto;FD005 - SIFPP - Fomento e Políticas Públicas;Não está exibindo as opções para informar ateste tácito e informar não ateste nas propostas únicas  ;SIFPP;Fomento e Depósitos Judiciais;Sem Atuação da GEQTI;Q1;Marcos Martins de Lima;24/02/2025;;1
22790583;Teste Funcional;Pronto;FD005 - SIFPP - Fomento e Políticas Públicas;"Após remover dados do Recebimento da Tarifa, alterou a situação do serviço para ""Em Execução""  ";SIFPP;Fomento e Depósitos Judiciais;Sem Atuação da GEQTI;Q1;Marcos Martins de Lima;24/02/2025;;1
22792724;Teste Funcional;Aceito;BR043 - Plataforma Core;SINBM [HU|BFF] - QLD_DEF - SINBM-Servico-Login C# > V5 .Net - V2 API SIPER, Cache e Invalidate de Cache - Objeto JSON com problema de formatação \u0022;SINBM;Box Relacionamento Digital;Sem Atuação da GEQTI;Q1;Gustavo Candido Delis Alvarenga;25/02/2025;;1
22792760;Teste Funcional;Aceito;DI004 - APP CAIXA - Time Plataforma;SINBM [HU|BFF] - QLD_DEF - SINBM-Servico-Login C# > V5 .Net - V2 API SIPER, Cache e Invalidate de Cache - o campo RESPONSE da API com apresentando erro genérico;SINBM;Box Conta Digital;Sem Atuação da GEQTI;Q1;Gustavo Candido Delis Alvarenga;25/02/2025;;1
22793074;Teste Funcional;Implantado;PS032 - SIPDM - Investimentos Pe De Meia;[SIPDM - DEFEITO - CÓDIGO - CTM_03_QLD_FB_Validar arquivo com as informações esperadas para cada estudante ] - As informações de Início de validade e Fim de validade não estão gravando corretamente na base conforme o arquivo.;SIPDM;Programas Sociais;Sem Atuação da GEQTI;Q1;Rhayk Vinicius Damacena Alves;25/02/2025;19/03/2025;1
22793144;Teste Funcional;Implantado;PS032 - SIPDM - Investimentos Pe De Meia;"[SIPDM - DEFEITO - CÓDIGO - CTM_17_QLD_FB_Validar arquivo de erro sendo disponibilizado na pasta ""SIPDM\GESTOR\APLICACAO\SAIDA"" ] - A Rotina está gerando arquivo de erro incorretamente";SIPDM;Programas Sociais;Sem Atuação da GEQTI;Q1;Rhayk Vinicius Damacena Alves;25/02/2025;19/03/2025;1
22793530;Defeito;Pronto;FG022 - Cadastro Mutuários;"SICMU - erro em UC10 - ALTERAR OP HAB - campo ""Data do Evento""";SICMU;Fundos de Governo;Sem Atuação da GEQTI;Q1;Marcelo Lucindo de Souza;25/02/2025;;1
22793592;Defeito;Implantado;FG041 - SIFEP Financeiro;[SIFEP][FINANCEIRO][DEFEITO][DES E TQS] - Impossibilidade de cadastrar cotista (não encontra CNPJ) e nem inativar cotista Pessoa Jurídica;SIFEP;Fundos de Governo;Sem Atuação da GEQTI;Q1;Guilherme Coelho Penalva da Silva;25/02/2025;17/03/2025;1
22793631;Defeito;Implantado;CD041 - Corregedoria;Erro – Anp – Excluir Termo de Prorrogação;SIDIS;Clientes;Sem Atuação da GEQTI;Q1;Geraldo Faria de Oliveira Junior;25/02/2025;01/04/2025;1
22793692;Teste Funcional;Pronto;LT011 - Novos Jogos;SISPL - TFL - Na leitura do bilhete premiado, o mesmo mostra a consulta, ao confirmar apresenta a mensagem para pagamento na agência.;SISPL;Loterias e Canais Parceiros;Sem Atuação da GEQTI;Q4;Dario Douglas Alves Araujo;25/02/2025;;1
22794315;Defeito;Implantado;PS014 - Benefício INSS SIABE;Consulta DCB pelo CPF;SIABE;Programas Sociais;Sem Atuação da GEQTI;Q4;Petronio Oliveira Cavalcante;25/02/2025;09/04/2025;1
22794539;Teste Funcional;Pronto;LT011 - Novos Jogos;MKP - Botão ESTORNAR BOLÃO é apresentado após o encerramento da captação e ao confirma cai por time out;SISPL;Loterias e Canais Parceiros;Sem Atuação da GEQTI;Q4;Emerson Rogerio Ferreira;25/02/2025;;1
22794919;Teste Funcional;Novo;LT011 - Novos Jogos;Aplicação cai por time-out ao invés de apresentar mensagem informativa de usuário.;SISPL;Loterias e Canais Parceiros;Sem Atuação da GEQTI;Q4;Garden Coraci Loriano das Neves;25/02/2025;;1
22795033;Teste Funcional;Novo;;"Falhando o Caso de Teste ""CT_QLD_Validacao_Arquivo_Relatorio_Movimento_do_Dia""";SIAPI;Crédito Comercial e Agronegócio;Sem Atuação da GEQTI;Q3;Eduardo Augusto Alves da Silva;25/02/2025;;1
22795693;Defeito;Implantado;DC019 - Squad 3 - TTarifas- SIRTA;GEFAC06: SIRTA - ERRO AO TENTAR RESOLVER PENDÊNCIA DE TARIFA COM TRIBUTO;SIRTA;Depósitos e Captação;Sem Atuação da GEQTI;Q1;Mychel Douglas Almeida Sousa;25/02/2025;11/03/2025;1
22796295;Teste Funcional;Implantado;PS032 - SIPDM - Investimentos Pe De Meia;[SIPDM - DEFEITO - CÓDIGO - CTM_05_QLD_FB_Validar Nomenclatura do arquivo conforme o esperado Execução ] - Não está gravando os dados na base após execução da rotina;SIPDM;Programas Sociais;Sem Atuação da GEQTI;Q1;Rhayk Vinicius Damacena Alves;25/02/2025;19/03/2025;1
22796422;Defeito;Pronto;FD009 - SIAPO - Controle Orçamentário do FGTS;[QA] - Erro na simulação de Função de Cálculo quando se tem um Índice Calculado;SIAPO;Fomento e Depósitos Judiciais;Sem Atuação da GEQTI;Q1;Rosangela Aparecida Menha;25/02/2025;;1
22798782;Defeito;Implantado;AI001 - Canais Digitais;BEMPF15 - Defeito_Serviço_Boleto_Múltiplo;SIACI;Administração do Crédito Imobiliário;Sem Atuação da GEQTI;Q3;Alcemir Honorato dos Santos Junior;26/02/2025;01/04/2025;1
22799778;Teste Funcional;Aceito;LT003 - Canal Lotérico - Evoluções;XCAP: Comprovante de transação não efetivada sem nenhuma mensagem informativa;SISPL;Loterias e Canais Parceiros;Sem Atuação da GEQTI;Q4;Marisa Yumi Takagi;26/02/2025;;1
22799939;Teste de Regressão;Implantado;FP042 - SIGOT;SIGOT - DEFEITO - TQS - Teste Regressão - Funcionalidade Consultar_Notas_Fiscais_para_Ateste campos de UF e Municípios vazios.;SIGOT;Financeiro e Controladoria;Sem Atuação da GEQTI;Q2;Liomar Rodrigues Costa;26/02/2025;30/04/2025;1
22800681;Teste Funcional;Pronto;LT011 - Novos Jogos;Não aparece alguns bolões estornados no campo recebimentos dos relatórios.;SISPL;Loterias e Canais Parceiros;Sem Atuação da GEQTI;Q4;Garden Coraci Loriano das Neves;26/02/2025;;1
22800800;Teste Funcional;Aceito;LT003 - Canal Lotérico - Evoluções;XCAP: Recebimento e Resgate não apresentados no SITAE;SISPL;Loterias e Canais Parceiros;Sem Atuação da GEQTI;Q4;Marisa Yumi Takagi;26/02/2025;;1
22800885;Teste Funcional;Pronto;LT011 - Novos Jogos;API MKP - Cotas de Aposta Botão digitais (hibrido) não aparece no SILCE após ser disponibilizado pelo fluxo BOLÕES PENDENTES / Disponibilizar cotas no MKP;SISPL;Loterias e Canais Parceiros;Sem Atuação da GEQTI;Q4;Emerson Rogerio Ferreira;26/02/2025;;1
22801164;Teste Funcional;Aceito;CA009 - SISAG Automação Bancária;DLE DÉBITO OPERAÇÃO 812 - RLAC COM INFORMAÇÃO INCORRETA.;SISAG;Canais Físicos;Sem Atuação da GEQTI;Q4;Ivete Valgas Wilbert;26/02/2025;;1
22801178;Teste de Regressão;Implantado;FP042 - SIGOT;SIGOT - DEFEITO - TQS - Teste Regressão - Funcionalidade Consultar Recolhimento Nacional Retri Próprio campos de UF e Municípios vazios.;SIGOT;Financeiro e Controladoria;Sem Atuação da GEQTI;Q2;Liomar Rodrigues Costa;26/02/2025;30/04/2025;1
22801352;Teste de Regressão;Implantado;FP042 - SIGOT;SIGOT - DEFEITO - TQS - Teste Regressão - Funcionalidade Gerar_Arquivo_de_Recolhimento_Sinaf_Web campos de UF e Municípios vazios.;SIGOT;Financeiro e Controladoria;Sem Atuação da GEQTI;Q2;Liomar Rodrigues Costa;26/02/2025;30/04/2025;1
22801394;Teste Funcional;Aceito;LT003 - Canal Lotérico - Evoluções;XCAP: Mensagem de confirmação da efetivação não apresentada na tela e no pinpad;SISPL;Loterias e Canais Parceiros;Sem Atuação da GEQTI;Q4;Marisa Yumi Takagi;26/02/2025;;1
22801834;Teste Funcional;Implantado;FG011 - Conect. Social, Canal FGTS Digital, E-social;"Falhando o Caso de Teste ""CTM_QLD_Validar_Desligamento_Baixa_Judicial"" ao executar o Registro de Execução de Teste ""CTM_QLD_Validar_Desligamento_Baixa_Judicial_Windows 10 Enterprise_Firefox""";SICFD;Fundos de Governo;Sem Atuação da GEQTI;Q1;Michelle Maria da Silva;26/02/2025;24/03/2025;1
22801851;Defeito;Implantado;MP004 - APLICATIVO DE CARTÕES;"B - 6.4 - Erro de acesso ao botão do Gpay ""erro ao efetuar vinculação"" quando migra de PRD para alfa";SIACM;Meios de Pagamento;Sem Atuação da GEQTI;Q2;Eduardo Mitsuo Yoda;26/02/2025;27/03/2025;1
22802164;Teste de Regressão;Implantado;MP027 - [PIX] SIMPI - Mensageria e Integração;"Falhando o Caso de Teste ""CT_CERTIF_DF008 - CE05 - Pagamento instantâneo de outra instituição fincanceira com QRCode vencido ou expirado"" ao executar o Registro de Execução de Teste ""CT_CERTIF_DF008 - CE05 - Pagamento instantâneo de outra instituiç";SIMPI;Meios de Pagamento;Sem Atuação da GEQTI;Q4;Mardeli Ribeiro Rocha;26/02/2025;28/02/2025;1
22802269;Teste Funcional;Pronto;LT011 - Novos Jogos;Relatório Cobrança Diária está apresentando nos títulos caracteres especiais errados entre as palavras.;SISPL;Loterias e Canais Parceiros;Sem Atuação da GEQTI;Q4;Garden Coraci Loriano das Neves;26/02/2025;;1
22802380;Teste Funcional;Pronto;PE020 - App Saúde CAIXA;[CEGTI] - Android - SIMSC - QLD - Lançamentos do Mês - Tela não está sendo carregada;SIMSC;Pessoas;Sem Atuação da GEQTI;Q3;Fernando Rodrigues;26/02/2025;;1
22805107;Teste Funcional;Em Refinamento;LT003 - Canal Lotérico - Evoluções;Ajustar Item de Backlog 22442470 referente ao comportamento da aplicação do gerencia UL e EFL.;SISPL;Loterias e Canais Parceiros;Sem Atuação da GEQTI;Q4;Garden Coraci Loriano das Neves;27/02/2025;;1
22805412;Defeito;Pronto;BM001 - BPPMO01 - SISME;[DEFEITO] SISME - API FONECE CRONOGRAMA E RESUMO DE ACOMPANHAMENTO;SISME;Box Moradia Plataforma;Sem Atuação da GEQTI;Q1;Mauricio Assuncao Oliveira dos Santos;27/02/2025;;1
22805429;Defeito;Pronto;PE026 - Ética;SIETI - Erros em ambiente de Produção;SIETI;Pessoas;Sem Atuação da GEQTI;Q1;Rogerio Vecchi Cestari;27/02/2025;;1
22805520;Defeito;Implantado;DC025 - Squad 4 - TTarifas - SIDCE;GEFAC02 - Defeito - Importação do arquivo D52CADPT - Cadastro de contas eleitorais NSGD;SIDCE;Depósitos e Captação;Sem Atuação da GEQTI;Q1;Felipe Soares Lopes;27/02/2025;15/04/2025;1
22806140;Teste Funcional;Novo;LT003 - Canal Lotérico - Evoluções;Aplicação permite realizar desbloqueio de EFL no SISPLWEB, após troca de PIN PAD.;SISPL;Loterias e Canais Parceiros;Sem Atuação da GEQTI;Q4;Garden Coraci Loriano das Neves;27/02/2025;;1
22806206;Teste Funcional;Novo;PE019 - Autoatendimento Saúde;[CEGTI] - SIASC - QLD - Defeito - Autorização Prévia - Nome do arquivo PDF incompatível com Tipo de pedido - Intranet;SIASC;Pessoas;Sem Atuação da GEQTI;Q3;Keni Ferreira Kinup;27/02/2025;;1
22806246;Defeito;Implantado;PE002 - SAP Sustentação Minha Trajetória;Defeito MT - Botão voltar sem ação na tela do resultado do ciclo 2024;SIPGE;Pessoas;Sem Atuação da GEQTI;Q2;Alexandre de Jesus Botelho;27/02/2025;28/03/2025;1
22806291;Teste Funcional;Novo;LT003 - Canal Lotérico - Evoluções;Aplicação não grava número de série do PIN PAD ao realizar o desbloqueio de UL/EFL.;SISPL;Loterias e Canais Parceiros;Sem Atuação da GEQTI;Q4;Garden Coraci Loriano das Neves;27/02/2025;;1
22806639;Defeito;Implantado;PS038 - SIBEC - Sustentação COBOL;DEFEITO - PACTO - Família com restrição pelo motivo 1033 sem que o PBF tenha a mesma restrição - Correção de base;SIBEC;Programas Sociais;Sem Atuação da GEQTI;Q3;Davi Celso Bezerra Marques;27/02/2025;16/04/2025;1
22807050;Defeito;Preparado;FD009 - SIAPO - Controle Orçamentário do FGTS;[QA] - Ajuste na atualização da tela de Índice e Dado Operacional ao ordenar por filtros;SIAPO;Fomento e Depósitos Judiciais;Sem Atuação da GEQTI;Q1;Rosangela Aparecida Menha;27/02/2025;;1
22807244;Teste Funcional;Pronto;CA009 - SISAG Automação Bancária;Comprovante de transação não efetivada de boleto não respeita quantidade de linhas de espaçamento em dois pontos(Já Implementado);SISAG;Canais Físicos;Sem Atuação da GEQTI;Q4;William Santos Rocha;27/02/2025;;1
22809545;Teste Funcional;Em Refinamento;DC020 - Squad 3 - TLegado - SIDMF;"Falhando o Caso de Teste ""CT_QLD_FB_Consultar_Imposto_Renda_Sintetico_IRPF_Ctrl+P_IR""";SIDMF;Depósitos e Captação;Sem Atuação da GEQTI;Q2;Marcio Wilson Galante;28/02/2025;;1
22809883;Defeito;Pronto;FD009 - SIAPO - Controle Orçamentário do FGTS;[QA] - Tela de Detalhe da Consulta em Índice não exibe os valores;SIAPO;Fomento e Depósitos Judiciais;Sem Atuação da GEQTI;Q1;Rosangela Aparecida Menha;28/02/2025;;1
22809928;Defeito;Aceito;ES022 - Administração de Dados e Banco de Dados;Pré-validação de modelo de dados à nível de tabela - Ajustar funcionamento das regras de negócio 022, 023 e 041;SIAGT;Estruturantes de TI;Sem Atuação da GEQTI;Q1;Marcela Alicia Alarcon Gallardo;28/02/2025;;1
22809961;Teste Funcional;Implantado;DC012 - Sustentação NSGD BR;"D52 - JAVA - Ajuste da consulta ""RESUMO DE MOVIMENTAÇÃO"" no depositos.caixa";SID52;Depósitos e Captação;Sem Atuação da GEQTI;Q3;Bernardo Falquetto;28/02/2025;10/03/2025;1
22810095;Teste Funcional;Em Desenvolvimento;LT011 - Novos Jogos;Está apresentando no Relatório Resumo da EFL, os mesmos jogos, em terminais diferentes.;SISPL;Loterias e Canais Parceiros;Sem Atuação da GEQTI;Q4;Garden Coraci Loriano das Neves;28/02/2025;;1
22810214;Defeito;Aceito;ES022 - Administração de Dados e Banco de Dados;Pré-validação de modelo de dados à nível de coluna e modelo - Ajustar funcionamento das regras de negócio 018 e 071;SIAGT;Estruturantes de TI;Sem Atuação da GEQTI;Q1;Marcela Alicia Alarcon Gallardo;28/02/2025;;1
22810295;Teste Funcional;Pronto;CB003 - Cobrança Modernização;"Falhando o Caso de Teste ""CT_QLD_Relatório de Saldo Operacional - Ação exportar - por produto analítico - detalhada""";SIGCB;Cobrança e Operações Bancárias;Sem Atuação da GEQTI;Q2;Rodrigo da Silva dos Reis Santos;28/02/2025;;1
22810352;Teste Funcional;Pronto;CB003 - Cobrança Modernização;"Falhando o Caso de Teste ""CT_QLD_Relatório de Saldo Operacional - Ação exportar - por unidade PV consolidado""";SIGCB;Cobrança e Operações Bancárias;Sem Atuação da GEQTI;Q2;Rodrigo da Silva dos Reis Santos;28/02/2025;;1
22810377;Teste Funcional;Pronto;CB003 - Cobrança Modernização;"Falhando o Caso de Teste ""CT_QLD_Relatório de Saldo Operacional - Ação exportar - por PV analítico - detalhada""";SIGCB;Cobrança e Operações Bancárias;Sem Atuação da GEQTI;Q2;Rodrigo da Silva dos Reis Santos;28/02/2025;;1
22811260;Teste Funcional;Aceito;BR043 - Plataforma Core;SINBM [HU|BFF] - QLD_DEF - SINBM-Servico-Login C# > V5 .Net - V2 API SIPER, Cache e Invalidate de Cache;SINBM;Box Relacionamento Digital;Sem Atuação da GEQTI;Q1;Gustavo Candido Delis Alvarenga;28/02/2025;;1
22811333;Teste Funcional;Novo;DI008 - APP CAIXA - Investimentos;"[SINBM] [Serviço Consultar Movimentações de Fundos de Investimento] [HU22706953] [BFF] - QLD_DEF - Caso de Teste ""CT_QLD_BFF_Servico_Consultar_Movimentacoes_de_Fundos_de_Investimento_Service_Investidores_Movimentacoes""";SINBM;Box Conta Digital;Sem Atuação da GEQTI;Q1;Maicon Ferreira Teixeira;28/02/2025;;1
22811349;Teste Funcional;Novo;DI004 - APP CAIXA - Time Plataforma;SINBM [HU|iOS] - QLD_DEF - SINBM-Login > Padronização dos comportamentos de erro entre Android e iOS;SINBM;Box Conta Digital;Sem Atuação da GEQTI;Q1;Graziele Ferreira Dias;28/02/2025;;1
22811537;Teste Funcional;Pronto;LT011 - Novos Jogos;Ajuste de layout do Relatório Resumo da EFL.;SISPL;Loterias e Canais Parceiros;Sem Atuação da GEQTI;Q4;Garden Coraci Loriano das Neves;28/02/2025;;1
22811553;Defeito;Aceito;CI010 - PDI Fundos de investimento;[SIPDI - TQS] - Registro de transações - Consulta Remuneração do Distribuidor;SIPDI;Câmbio, Investimentos e Mercado de Capitais;Sem Atuação da GEQTI;Q3;Hulianne Virginia Magalhaes S Martinho;28/02/2025;;1
22811943;Defeito;Preparado;CD037 - SAC;SISOU - SAC - API -  Pública Tarefa;SISOU;Clientes;Sem Atuação da GEQTI;Q3;Danielle Belo de Araujo Gomes;28/02/2025;;1
22811969;Teste Funcional;Pronto;LT011 - Novos Jogos;Relatório Resumo da EFL gerado no excel está apresentando as colunas desalinhadas.;SISPL;Loterias e Canais Parceiros;Sem Atuação da GEQTI;Q4;Garden Coraci Loriano das Neves;28/02/2025;;1
22812059;Teste Funcional;Em Refinamento;;O Saldo não chama o Módulo de Ofertas;SISPL;Loterias e Canais Parceiros;Sem Atuação da GEQTI;Q4;Marisa Yumi Takagi;28/02/2025;;1
22812063;Teste Funcional;Pronto;LT011 - Novos Jogos;SISPL - TFL - Não está pagando prêmio para bilhete premiado (SILCE) da +milionária na TFL.;SISPL;Loterias e Canais Parceiros;Sem Atuação da GEQTI;Q4;Dario Douglas Alves Araujo;28/02/2025;;1
22812434;Teste Funcional;Em Desenvolvimento;DC036 - SIATR - Sustentação e Atendimentos Críticos;"Falhando o Caso de Teste ""CT_QLD_Transação com Motivo de Exceção válido realizada com sucesso.""";SIATR;Depósitos e Captação;Sem Atuação da GEQTI;Q4;Cleiton Sousa Costa;28/02/2025;;1
22812575;Defeito;Implantado;OF005 - SIINP - INICIADORA DE PAGAMENTOS;[TQS] Inconsistência  - Motivo da rejeição não informado - PDF;SIINP;Box Open Finance;Sem Atuação da GEQTI;Q3;Miguel Batista da Silva Neto;28/02/2025;22/04/2025;1
22812790;Teste Funcional;Implementado;CA009 - SISAG Automação Bancária;[REQUISITOS] Débito Autorizado - BIT63 com versão errada nos Pacotes 200 e 210.;SISAG;Canais Físicos;Sem Atuação da GEQTI;Q4;Ivete Valgas Wilbert;28/02/2025;;1
22826934;Defeito;Aceito;FD009 - SIAPO - Controle Orçamentário do FGTS;[QA] - Ajustar tela de Ajuda do Tipo de Dado Fórmula em Função de Cálculo;SIAPO;Fomento e Depósitos Judiciais;Sem Atuação da GEQTI;Q1;Rosangela Aparecida Menha;05/03/2025;;1
22827777;Teste Funcional;Pronto;FD005 - SIFPP - Fomento e Políticas Públicas;Exibiu Modal de Alerta Para Inserção de Informações de Pagamento em Atraso em Proposta Única Pré Pago;SIFPP;Fomento e Depósitos Judiciais;Sem Atuação da GEQTI;Q1;Thiago Felipe D Almeida Monteiro;05/03/2025;;1
22829985;Teste Funcional;Aceito;CI010 - PDI Fundos de investimento;[QUARKUS] [CEGTI] | SIPDI - Módulo SIPDI-api-info-produtos -  Lista Fundos de Investimentos V1;SIPDI;Câmbio, Investimentos e Mercado de Capitais;Sem Atuação da GEQTI;Q3;Alberto Akio Kyono;05/03/2025;;1
22829993;Defeito;Novo;CB003 - Cobrança Modernização;"Falhando o Caso de Teste ""CT_QLD_Relatório de Saldo Operacional - Ação exportar - por unidade PV analítico""";SIGCB;Cobrança e Operações Bancárias;Sem Atuação da GEQTI;Q2;Vania Silveira Costa;05/03/2025;;1
22830461;Teste Funcional;Aceito;CI010 - PDI Fundos de investimento;[QUARKUS] [CEGTI] | SIPDI - Módulo SIPDI-api-info-produtos -  Detalha Fundos de Investimentos V1;SIPDI;Câmbio, Investimentos e Mercado de Capitais;Sem Atuação da GEQTI;Q3;Alberto Akio Kyono;05/03/2025;;1
22830476;Defeito;Implantado;FG018 - FGTS Digital Contábil;[CONSIG] - Ocorrências Lançamentos Indevidos - Massa de Testes 03/03 e 04/03/25;SIFGD;Fundos de Governo;Sem Atuação da GEQTI;Q1;Claudio Constantino Monteiro;05/03/2025;24/03/2025;1
22832645;Teste Funcional;Novo;PS004 - SIPBF - Ateste Bolsa Familia;[Aceite - Cód - HU1197 - SIPBF - Parametrização online do benefício BCOMP - Parametrizar Benefício(+Parametrizar)] - Permite incluir parâmetro com data fim menor que a data início;SIPBF;Programas Sociais;Sem Atuação da GEQTI;Q1;Elma de Assis Pereira;06/03/2025;;1
22832743;Teste Funcional;Novo;PS004 - SIPBF - Ateste Bolsa Familia;[Aceite - Cód - HU1197 - SIPBF - Parametrização online do benefício BCOMP - Parametrizar Benefício(+Parametrizar)] - Não apresenta mensagem para quando o início da vigência já tiver sido cadastrado;SIPBF;Programas Sociais;Sem Atuação da GEQTI;Q1;Elma de Assis Pereira;06/03/2025;;1
22832755;Defeito;Implantado;DC012 - Sustentação NSGD BR;SID52 - Abend no HMP D52CVD01/D52CVD91 – PGM: D52PBH07;SID52;Depósitos e Captação;Sem Atuação da GEQTI;Q3;Vinicius Azevedo Nunes;06/03/2025;12/03/2025;1
22832865;Teste Funcional;Novo;PS004 - SIPBF - Ateste Bolsa Familia;[Aceite - Cód - HU1197 - SIPBF - Parametrização online do benefício BCOMP - Parametrizar Benefício(+Parametrizar)] - Não apresenta mensagem para quando o fim da vigência já tiver sido cadastrado;SIPBF;Programas Sociais;Sem Atuação da GEQTI;Q1;Elma de Assis Pereira;06/03/2025;;1
22833108;Teste Funcional;Novo;PS004 - SIPBF - Ateste Bolsa Familia;[Aceite - Cód - HU1197 - SIPBF - Parametrização online do benefício BCOMP - Parametrizar Benefício(+Parametrizar)] - Apresenta mensagem cortada para quando os dados já tiverem sido cadastrados;SIPBF;Programas Sociais;Sem Atuação da GEQTI;Q1;Elma de Assis Pereira;06/03/2025;;1
22833353;Defeito;Preparado;CR015 - SIGEC Cessão;SIGEC CSC - DEFEITO - Repetindo os contratos excluídos ao clicar várias vezes no botão;SIGEC;Crédito Comercial e Agronegócio;Sem Atuação da GEQTI;Q2;Luciana da Silva Bezerra;06/03/2025;;1
22833948;Teste Funcional;Novo;;DEFEITO EM HMP - SIMCN - Conciliação > Histórico - Item 22116489;SIMCN;Financeiro e Controladoria;Sem Atuação da GEQTI;Q2;Fernando Henrique Batista de Freitas;06/03/2025;;1
22834125;Defeito;Implantado;DC025 - Squad 4 - TTarifas - SIDCE;GEFAC02 - Defeito - Importação do arquivo de cadastro SID52 - D52CADPT - CO_PERIODO e DATA MOVIMENTO;SIDCE;Depósitos e Captação;Sem Atuação da GEQTI;Q1;Felipe Soares Lopes;06/03/2025;15/04/2025;1
22834423;Teste Funcional;Aceito;CI010 - PDI Fundos de investimento;[QUARKUS] [CEGTI] | SIPDI - Módulo SIPDI-api-info-produtos -  Consulta Termo V2;SIPDI;Câmbio, Investimentos e Mercado de Capitais;Sem Atuação da GEQTI;Q3;Alberto Akio Kyono;06/03/2025;;1
22834838;Defeito;Implantado;PS001 - App Caixa Trabalhador;SIAPT - Android - Defeito - Tela menu lateral com nome do produto incompleto;SIAPT;Programas Sociais;Sem Atuação da GEQTI;Q3;Roberto de Miranda Ribeiro Bueno;06/03/2025;27/03/2025;1
22834973;Defeito;Implantado;DC025 - Squad 4 - TTarifas - SIDCE;GEFAC02 - Defeito - Arquivo investigados SIDEC e NSGD - Campos Relacionamento, Conta e BDV;SIDCE;Depósitos e Captação;Sem Atuação da GEQTI;Q1;Felipe Soares Lopes;06/03/2025;22/04/2025;1
22835500;Teste Funcional;Implantado;PS032 - SIPDM - Investimentos Pe De Meia;[SIPDM - DEFEITO - CÓDIGO - CTM_02_QLD_FB_Validar Teste de performance - Tempo adequado para gravar 2 milhões de registros na base do SIPDM ] - Não gravou os dados do arquivo na base do SIPDM;SIPDM;Programas Sociais;Sem Atuação da GEQTI;Q1;Rhayk Vinicius Damacena Alves;06/03/2025;19/03/2025;1
22836000;Defeito;Aceito;FD009 - SIAPO - Controle Orçamentário do FGTS;"[QA] - Duplicidade na Configuração de Páginas disponíveis ""Analítico""";SIAPO;Fomento e Depósitos Judiciais;Sem Atuação da GEQTI;Q1;Rosangela Aparecida Menha;06/03/2025;;1
22836007;Teste Funcional;Implementado;PE020 - App Saúde CAIXA;iOS - Defeitos encontrados na validação da versão 6.4;SIMSC;Pessoas;Sem Atuação da GEQTI;Q3;Renato da Silva Aragao;06/03/2025;;1
22836245;Teste Funcional;Novo;;DEFEITO EM HMP - SIMCN - Relatórios > Batimento > Histórico de Saldos - Item 21977952;SIMCN;Financeiro e Controladoria;Sem Atuação da GEQTI;Q2;Fernando Henrique Batista de Freitas;06/03/2025;;1
22836460;Defeito;Pronto;ES024 - Gestão de Serviços;"Falhando o Caso de Teste ""CTM_DEV_22730351_Validar os endpoints com verbo GET""";SIGSR;Estruturantes de TI;Sem Atuação da GEQTI;Q1;Jonatas Matos de Almeida Junior;06/03/2025;;1
22836538;Defeito;Aceito;CI010 - PDI Fundos de investimento;[DEFEITO SIPDI TQS] - Serviço “Consulta Analítica de Saldo em Investimentos v.2” - Erro no conteúdo do registro de transação do SIPDI para o canal, quando o cliente não é o primeiro titular.;SIPDI;Câmbio, Investimentos e Mercado de Capitais;Sem Atuação da GEQTI;Q3;Marcos Vieira dos Santos;06/03/2025;;1
22836586;Teste Funcional;Aceito;PE020 - App Saúde CAIXA;Android - Defeitos encontrados na validação da versão 6.4;SIMSC;Pessoas;Sem Atuação da GEQTI;Q3;Renato da Silva Aragao;06/03/2025;;1
22836737;Defeito;Aceito;DC025 - Squad 4 - TTarifas - SIDCE;GEFAC02 - Defeito - Arquivo TITULARES - Ausência de conta NSGD;SIDCE;Depósitos e Captação;Sem Atuação da GEQTI;Q1;Felipe Soares Lopes;06/03/2025;;1
22837020;Teste Funcional;Pronto;CA009 - SISAG Automação Bancária;Desbloqueio de Senha por Monitoramento - FA4 Conta SIDEC Transação não está sendo finalizada;SISAG;Canais Físicos;Sem Atuação da GEQTI;Q4;Danielson Maciel da Costa;06/03/2025;;1
22839398;Teste Funcional;Implantado;FP042 - SIGOT;DEFEITO - SIGOT -  DES - ETL - Erro na rotina SIACC Retorno Financeiro;SIGOT;Financeiro e Controladoria;Sem Atuação da GEQTI;Q2;Samuel Felipe Gomes de Sousa;07/03/2025;12/03/2025;1
22839575;Teste Funcional;Implantado;FP042 - SIGOT;DEFEITO - SIGOT -  Alíquotas do Município - Erro na atualização ou no cadastro;SIGOT;Financeiro e Controladoria;Sem Atuação da GEQTI;Q2;Samuel Felipe Gomes de Sousa;07/03/2025;17/03/2025;1
22840638;Defeito;Novo;CD059 - Atendimento ao Marketing;[BUG] - [SPA] - [INTRANET] - [IDV] - Listagem de Identidades - Falha na ordenação das colunas;SISAM;Clientes;Sem Atuação da GEQTI;Q1;Fabio Seixas Sales;07/03/2025;;1
22841431;Teste Funcional;Pronto;LT011 - Novos Jogos;Está apresentando no Relatório Resumo da EFL do Portal Gestão, os mesmos jogos, em terminais diferentes.;SISPL;Loterias e Canais Parceiros;Sem Atuação da GEQTI;Q4;Garden Coraci Loriano das Neves;07/03/2025;;1
22841497;Defeito;Pronto;DC025 - Squad 4 - TTarifas - SIDCE;GEFAC02 - Defeito - Arquivo TITULARES - Valores inconsistentes no campo PESSOA_INVESTIGADA;SIDCE;Depósitos e Captação;Sem Atuação da GEQTI;Q1;Felipe Soares Lopes;07/03/2025;;1
22841611;Teste Funcional;Em Refinamento;DC020 - Squad 3 - TLegado - SIDMF;"Falhando o Caso de Teste ""CT_QLD_FB_Consulta_IR_Sintetico_Fundo_Investimentos_2022""";SIDMF;Depósitos e Captação;Sem Atuação da GEQTI;Q2;Marcio Wilson Galante;07/03/2025;;1
22841612;Teste Funcional;Pronto;LT011 - Novos Jogos;SISPL2 - Portal de Gestão - Não está aparecendo a consulta para a trilha de auditoria quando alterada as configurações de parâmetros de Bolão.;SISPL;Loterias e Canais Parceiros;Sem Atuação da GEQTI;Q4;Dario Douglas Alves Araujo;07/03/2025;;1
22842342;Defeito;Novo;ES014 - Transações Multicanal e Comprovantes;SICCO -  Recebimento e gravação de transações;SICCO;Estruturantes de TI;Sem Atuação da GEQTI;Q1;Rosane Deganeli de Brito;07/03/2025;;1
22842535;Teste Funcional;Novo;PS004 - SIPBF - Ateste Bolsa Familia;[Aceite - Cód - HU1039 - SIPBF - Parametrização online do benefício BCG - Alterar Parâmetros Anteriores do Benefício] - Não recupera dado referente ao campo <Valor do benefício>;SIPBF;Programas Sociais;Sem Atuação da GEQTI;Q1;Elma de Assis Pereira;07/03/2025;;1
22851575;Teste Funcional;Aceito;CI010 - PDI Fundos de investimento;[QUARKUS] [CEGTI] | SIPDI - Módulo SIPDI-api-info-produtos -  Lista Fundos de Investimentos V2;SIPDI;Câmbio, Investimentos e Mercado de Capitais;Sem Atuação da GEQTI;Q3;Alberto Akio Kyono;10/03/2025;;1
22852450;Teste Funcional;Pronto;FD005 - SIFPP - Fomento e Políticas Públicas;Falha ao digitar a data dos tributos manualmente - não está acatando a inserção manual de data.;SIFPP;Fomento e Depósitos Judiciais;Sem Atuação da GEQTI;Q1;Marcos Martins de Lima;10/03/2025;;1
22852469;Teste Funcional;Pronto;FD005 - SIFPP - Fomento e Políticas Públicas;Não está exibindo os campos de data dos tributos na tela de detalhamento da propostas;SIFPP;Fomento e Depósitos Judiciais;Sem Atuação da GEQTI;Q1;Marcos Martins de Lima;10/03/2025;;1
22852642;Defeito;Em Refinamento;FG035 -  SIAFF - Fundos de Financiamento;SIAFF - Visualizar  Subconta - Defeito  ;SIAFF;Fundos de Governo;Sem Atuação da GEQTI;Q1;Pedro Henrique da Silva Subtil;10/03/2025;;1
22853504;Defeito;Novo;;"""CTM_CERTIF_Manter_Cadastro_de_Investidor_na_Internet - alteracao"" ao executar o Registro de Execução de Teste ""CT_CERTIF_Manter_Cadastro_de_Investidor_na_Internet - alteracao""";SINAC;Câmbio, Investimentos e Mercado de Capitais;Sem Atuação da GEQTI;Q2;Kevin Batista Ribeiro;10/03/2025;;1
22853717;Teste Funcional;Novo;;DEFEITO EM HMP - SIMCN - Conciliação > Manual - Item 21680407;SIMCN;Financeiro e Controladoria;Sem Atuação da GEQTI;Q2;Fernando Henrique Batista de Freitas;10/03/2025;;1
22853761;Teste Funcional;Novo;PE019 - Autoatendimento Saúde;[CEGTI] - SIASC - QLD - Defeito - Autorização Prévia - Nome do arquivo PDF incompatível com Tipo de pedido - Internet;SIASC;Pessoas;Sem Atuação da GEQTI;Q3;Keni Ferreira Kinup;10/03/2025;;1
22853867;Teste Funcional;Pronto;LT003 - Canal Lotérico - Evoluções;SISPL2 - Defeito na Impressão de cota baixada após horario definido no parametro de encerramento da revenda..;SISPL;Loterias e Canais Parceiros;Sem Atuação da GEQTI;Q4;Welber Jose de Souza;10/03/2025;;1
22853933;Teste Funcional;Pronto;DI002 - APP CAIXA - Time 31;SINBM] [Android] - Manutenção e Utilização - Modularização das funcionalidades de Portabilidade - [HU 22767937] Portabilidade_QLD_DEF_Consultar_Status_Pedido;SINBM;Box Conta Digital;Sem Atuação da GEQTI;Q1;Andreia de Lima Campos;10/03/2025;;1
22854092;Teste Funcional;Pronto;FD019 - Atualizador de Depósito Judicial;Falhando a funcionalidade Consulta Detalhe Log Saldo  (JJ2Q) - Saldo Escritural (sem Provisão) vazio;SIJAD;Fomento e Depósitos Judiciais;Sem Atuação da GEQTI;Q4;Karla Pinheiro Leone;10/03/2025;;1
22854312;Teste Funcional;Pronto;CA009 - SISAG Automação Bancária;"Campo Titular da Conta ""Ambos"" em desacordo com a DI(Já Implementado)";SISAG;Canais Físicos;Sem Atuação da GEQTI;Q4;Umbelino Fagner Caldas Negre;10/03/2025;;1
22854380;Teste Funcional;Novo;DC020 - Squad 3 - TLegado - SIDMF;"Falhando o Caso de Teste ""CT_QLD_FB_Consulta_IR_Sintetico_IRPF_Contas_Vinculadas""";SIDMF;Depósitos e Captação;Sem Atuação da GEQTI;Q2;Marcio Wilson Galante;10/03/2025;;1
22854478;Teste Funcional;Novo;PS004 - SIPBF - Ateste Bolsa Familia;[Aceite - Cód - HU1039 - SIPBF - Parametrização online do benefício BCG - Alterar Parâmetros Anteriores do Benefício] - Não salva alteração de parâmetro anterior para o benefício BCG;SIPBF;Programas Sociais;Sem Atuação da GEQTI;Q1;Elma de Assis Pereira;10/03/2025;;1
22855295;Teste Funcional;Novo;FP033 - SIMCN;DEFEITO SIMCN - JAVA - Ambiente de desenvolvimento - Desdobramento não é efetivado na tela de conciliação manual por arquivo e em tela;SIMCN;Financeiro e Controladoria;Sem Atuação da GEQTI;Q2;Fabio Fidelix Nunes;10/03/2025;;1
22857327;Teste Funcional;Novo;PS004 - SIPBF - Ateste Bolsa Familia;[Aceite - Cód. - Parametrizar Beneficio(+Parametrizar)_BCJ_Validar Tela] -  O formato que consta no campo Idade mínima de participação (em anos) no sistema está incorreto;SIPBF;Programas Sociais;Sem Atuação da GEQTI;Q1;Eliane Francisca de Oliveira Ferreira;11/03/2025;;1
22857631;Teste Funcional;Pronto;LT011 - Novos Jogos;"SISPL2 - Não foi possível evoluir os concursos da SUPER 7 e +MILIONÁRIA, no portal o sistema informa ""Validando Sumarização"".";SISPL;Loterias e Canais Parceiros;Sem Atuação da GEQTI;Q4;Dario Douglas Alves Araujo;11/03/2025;;1
22858239;Teste Funcional;Pronto;LT003 - Canal Lotérico - Evoluções;MKP - mensagem descrita na HU não esta sendo exibida na tela.;SISPL;Loterias e Canais Parceiros;Sem Atuação da GEQTI;Q4;Patricia de Oliveira Santos;11/03/2025;;1
22858341;Teste Funcional;Novo;PS004 - SIPBF - Ateste Bolsa Familia;[Aceite - Cód - Parametrizar Benefício(+Parametrizar)_BCJ_Parametrizar Beneficio] - As informações de Parâmetros Vigentes do benefício BCJ não estão sendo atualizadas no Banco;SIPBF;Programas Sociais;Sem Atuação da GEQTI;Q1;Eliane Francisca de Oliveira Ferreira;11/03/2025;;1
22859245;Teste Funcional;Novo;LT011 - Novos Jogos;SISPL - TFL - Erro, para modalidades de concursos especiais quando encerra a captação dos Bolões ao tenta entra pela modalidade normal;SISPL;Loterias e Canais Parceiros;Sem Atuação da GEQTI;Q4;Emerson Rogerio Ferreira;11/03/2025;;1
22859968;Defeito;Aceito;CI010 - PDI Fundos de investimento;"DEFEITO SIPDI | TQS - Manter Sistemas Controladores - Listar - (IB 22541046) - Ordenação crescente e decrescente da coluna ""Sistema Controlador"" não está ordenando conforme regra da HU.";SIPDI;Câmbio, Investimentos e Mercado de Capitais;Sem Atuação da GEQTI;Q3;Marcos Vieira dos Santos;11/03/2025;;1
22860077;Teste Funcional;Novo;;"Falhando o Caso de Teste ""CTM_QLD_Consultar_Relatorio_Contratacao_FBFA1_Exportar_Relatorio_Contratacao""";SIFES;Fomento e Depósitos Judiciais;Sem Atuação da GEQTI;Q3;Albertino de Jesus Oliveira;11/03/2025;;1
22860095;Teste Funcional;Novo;PS001 - App Caixa Trabalhador;SIAPT NATIVO - DEFEITO -  Android - (CTM_04_QLD_FB_VALIDAR_PERGUNTA_1) - A resposta do Dúvidas frequentes referente ao Pé-de-Meia não está apresentando os parágrafos conforme o requisito.;SIAPT;Programas Sociais;Sem Atuação da GEQTI;Q3;Rhayk Vinicius Damacena Alves;11/03/2025;;1
22860187;Teste Funcional;Implantado;PS004 - SIPBF - Ateste Bolsa Familia;[Aceite - Doc - HU1039 - SIPBF - Parametrização online do benefício BCG - Parametrizar Benefício(+Parametrizar)] - Requisito não possui mensagem de campo obrigatório;SIPBF;Programas Sociais;Sem Atuação da GEQTI;Q1;Elma de Assis Pereira;11/03/2025;25/03/2025;1
22860606;Teste Funcional;Novo;PS004 - SIPBF - Ateste Bolsa Familia;[Aceite - Cód - Parametrizar Benefício(+Parametrizar)_BCJ_Inicio Vigencia_Mes e Ano com zeros] - Os dados incorretos do Mês/Ano (04/0000) foram inseridos com sucesso e registrados como 01/0004;SIPBF;Programas Sociais;Sem Atuação da GEQTI;Q1;Eliane Francisca de Oliveira Ferreira;11/03/2025;;1
22860634;Defeito;Novo;;[SIDSC] - Defeito - Acessibilidade - Componente Header - Logo da Caixa sem descrição - ID59;SIDSC;Estruturantes de TI;Sem Atuação da GEQTI;Q1;Daniela Ferreira de Figueredo;11/03/2025;;1
22860645;Defeito;Novo;;[SIDSC] - Defeito - Acessibilidade - Componente Header - Títulos no header - ID60;SIDSC;Estruturantes de TI;Sem Atuação da GEQTI;Q1;Daniela Ferreira de Figueredo;11/03/2025;;1
22860653;Defeito;Novo;;[SIDSC] - Defeito - Acessibilidade - Componente Header - Botões de menu deverão ter status - ID61;SIDSC;Estruturantes de TI;Sem Atuação da GEQTI;Q1;Daniela Ferreira de Figueredo;11/03/2025;;1
22860661;Defeito;Novo;;[SIDSC] - Defeito - Acessibilidade - Componente Header - Botões de menu não possuem label informativa - ID62;SIDSC;Estruturantes de TI;Sem Atuação da GEQTI;Q1;Daniela Ferreira de Figueredo;11/03/2025;;1
22860664;Defeito;Novo;;[SIDSC] - Defeito - Acessibilidade - Componente Header - Link com imagem sem descrição na seção de Background - ID63;SIDSC;Estruturantes de TI;Sem Atuação da GEQTI;Q1;Daniela Ferreira de Figueredo;11/03/2025;;1
22860681;Defeito;Novo;;[SIDSC] - Defeito - Acessibilidade - Componente Header - Alteração sem alerta - ID64;SIDSC;Estruturantes de TI;Sem Atuação da GEQTI;Q1;Daniela Ferreira de Figueredo;11/03/2025;;1
22860685;Defeito;Implantado;CA011 - SISAG Modernização - Micro Front-ends;[DEFEITO] Não permite realizar a biometria quando nome do procurador não é encontrado;SISAG;Canais Físicos;Sem Atuação da GEQTI;Q4;Simone Lima de Souza;11/03/2025;31/03/2025;1
22860697;Defeito;Novo;;[SIDSC] - Defeito - Acessibilidade - Componente Header - Contador de notificação inacessível - ID65;SIDSC;Estruturantes de TI;Sem Atuação da GEQTI;Q1;Daniela Ferreira de Figueredo;11/03/2025;;1
22860854;Teste Funcional;Novo;;"Falhando o Caso de Teste ""CTM_QLD_Consultar_Relatorio_Contratacao_FBFE1_ Nenhum_Registro_Encontrado""";SIFES;Fomento e Depósitos Judiciais;Sem Atuação da GEQTI;Q3;Albertino de Jesus Oliveira;11/03/2025;;1
22860989;Teste Funcional;Novo;;"Falhando o Caso de Teste ""CTM_QLD_Consultar_Relatorio_Contratacao_FBFE2_Campo_obrigatorio""";SIFES;Fomento e Depósitos Judiciais;Sem Atuação da GEQTI;Q3;Albertino de Jesus Oliveira;11/03/2025;;1
22863884;Teste Funcional;Pronto;FD030 - SIFES Agente Financeiro;"Falhando o Caso de Teste ""CTM_QLD_Consultar_Relatorio_Autorizacao_EnvioSMS_FBFE1_ Nenhum_Registro_Encontrado""";SIFES;Fomento e Depósitos Judiciais;Sem Atuação da GEQTI;Q3;Albertino de Jesus Oliveira;12/03/2025;;1
22863962;Teste Funcional;Novo;RC007 - Avaliação e Provisionamento de Crédito;SIAPC - Execução do APCPB246 - RC50;SIAPC;Risco, Compliance e Adimplência;Sem Atuação da GEQTI;Q1;Marcelo Matos Mamede;12/03/2025;;1
22864384;Teste Funcional;Pronto;FD030 - SIFES Agente Financeiro;Defeito - 1599485SIFES_DI_Consultar_Relatório_Autorização_EnvioSMS;SIFES;Fomento e Depósitos Judiciais;Sem Atuação da GEQTI;Q3;Albertino de Jesus Oliveira;12/03/2025;;1
22864740;Teste Funcional;Pronto;FD005 - SIFPP - Fomento e Políticas Públicas;Não alterou a situação do serviço para tributos pendentes após editar as informações de recebimento da tarifa com somatório menor que a tarifa bruta;SIFPP;Fomento e Depósitos Judiciais;Sem Atuação da GEQTI;Q1;Marcos Martins de Lima;12/03/2025;;1
22864787;Teste Funcional;Pronto;LT003 - Canal Lotérico - Evoluções;SISPL2 - Portal G-  MKP [Portal] Consultas Gerenciais - Transação Bilhete - Consulta Transação - dados SIGEL - Defeito na Exibição dos dados do apostador.;SISPL;Loterias e Canais Parceiros;Sem Atuação da GEQTI;Q4;Welber Jose de Souza;12/03/2025;;1
22864803;Teste Funcional;Pronto;FD005 - SIFPP - Fomento e Políticas Públicas;Criticou a ação de zerar a tarifa líquida sem zerar os tributos antes de concluir a ação, impedindo assim, a exclusão das informações que estavam preenchidas nos tributos;SIFPP;Fomento e Depósitos Judiciais;Sem Atuação da GEQTI;Q1;Marcos Martins de Lima;12/03/2025;;1
22864876;Teste Funcional;Pronto;FD005 - SIFPP - Fomento e Políticas Públicas;Após limpar as informações do Recebimento Tarifa, não alterou a situação do serviço para Executado;SIFPP;Fomento e Depósitos Judiciais;Sem Atuação da GEQTI;Q1;Marcos Martins de Lima;12/03/2025;;1
22865567;Defeito;Implantado;FG018 - FGTS Digital Contábil;FGTS Digital - SIFGD - FG018 - [CONSIG] - Defeito Funcionalidade Gera Arquivo Arrecadação Consignado DAE e FGTS Digital - DAU - Parte 2;SIFGD;Fundos de Governo;Sem Atuação da GEQTI;Q1;Claudio Constantino Monteiro;12/03/2025;26/03/2025;1
22865681;Teste Funcional;Pronto;FD030 - SIFES Agente Financeiro;Defeito - 1594273SIFES_DI_Consultar_Relatório_Contratação;SIFES;Fomento e Depósitos Judiciais;Sem Atuação da GEQTI;Q3;Albertino de Jesus Oliveira;12/03/2025;;1
22865739;Defeito;Novo;DC025 - Squad 4 - TTarifas - SIDCE;GEFAC02 - Defeito - Ausência de agências no arquivo CONTAS - Escopo de preenchimento e agência sem número;SIDCE;Depósitos e Captação;Sem Atuação da GEQTI;Q1;Felipe Soares Lopes;12/03/2025;;1
22866064;Teste Funcional;Pronto;FD005 - SIFPP - Fomento e Políticas Públicas;Está permitindo habilitar a edição da data de ateste em serviço com data de cobrança preenchida  ;SIFPP;Fomento e Depósitos Judiciais;Sem Atuação da GEQTI;Q1;Marcos Martins de Lima;12/03/2025;;1
22866521;Teste Funcional;Implantado;FP042 - SIGOT;DEFEITO - SIGOT -  DES - Consultar Agendamento - O sistema não apresenta a combo de ano do calendário;SIGOT;Financeiro e Controladoria;Sem Atuação da GEQTI;Q2;Samuel Felipe Gomes de Sousa;12/03/2025;14/03/2025;1
22866681;Teste Funcional;Pronto;LT011 - Novos Jogos;Não está excluindo dos relatórios os bolões invalidados pelo sistema e/ou gestor.;SISPL;Loterias e Canais Parceiros;Sem Atuação da GEQTI;Q4;Garden Coraci Loriano das Neves;12/03/2025;;1
22866748;Teste Funcional;Novo;PS004 - SIPBF - Ateste Bolsa Familia;[Aceite - Código -  1037 - Alterar Parametros Vigentes do Beneficio BCA_Campo Obrigatorio_Idade Minima Participacao] -  O formato que consta no campo Idade mínima de participação (em anos) no sistema está incorreto;SIPBF;Programas Sociais;Sem Atuação da GEQTI;Q1;Giselle Barbosa da Silva;12/03/2025;;1
22866904;Teste Funcional;Novo;PS004 - SIPBF - Ateste Bolsa Familia;[Aceite - Código - 1037 - Alterar Parametros Vigentes do Beneficio BCA_Campo Obrigatorio_Renda maxima para Concessao] - Campo não apresenta crítica;SIPBF;Programas Sociais;Sem Atuação da GEQTI;Q1;Giselle Barbosa da Silva;12/03/2025;;1
22866944;Teste Funcional;Pronto;LT011 - Novos Jogos;Não está excluindo dos relatórios os bolões invalidados do MKP - modalidades do sispl II;SISPL;Loterias e Canais Parceiros;Sem Atuação da GEQTI;Q4;Garden Coraci Loriano das Neves;12/03/2025;;1
22870351;Teste Funcional;Implantado;FP042 - SIGOT;DEFEITO - SIGOT -  DES - Cadastrar Agendamento - Falta de informativo de campo obrigatório;SIGOT;Financeiro e Controladoria;Sem Atuação da GEQTI;Q2;Samuel Felipe Gomes de Sousa;13/03/2025;14/03/2025;1
22870743;Teste de Regressão;Implantado;MP026 - [PIX] SISPI - Pagamentos Instantâneos;"Falhando o Caso de Teste ""CT_CERTIF_DF022 _CE03 - Acesso_a_Funcionalidade_Nao_Validado""";SISPI;Meios de Pagamento;Sem Atuação da GEQTI;Q4;Olavo Luiz Tavares Junior;13/03/2025;20/03/2025;1
22870873;Teste Funcional;Pronto;FD005 - SIFPP - Fomento e Políticas Públicas;Não apresentou a combo de seleção Unidade Gestora (Dados da Unidade Caixa);SIFPP;Fomento e Depósitos Judiciais;Sem Atuação da GEQTI;Q1;Marcos Martins de Lima;13/03/2025;;1
22871651;Teste Funcional;Novo;DC020 - Squad 3 - TLegado - SIDMF;"Falhando o Caso de Teste ""CT_QLD_FB_Consulta_IR_Sintetico_Pessoa_Fisica"" ao executar o Registro de Execução de Teste ""CT_QLD_FB_Consulta_IR_Sintetico_Pessoa_Fisica""";SIDMF;Depósitos e Captação;Sem Atuação da GEQTI;Q2;Allisson Vagne Souza de Lima;13/03/2025;;1
22871674;Teste Funcional;Novo;DC020 - Squad 3 - TLegado - SIDMF;"Falhando o Caso de Teste ""CT_QLD_FB_Consulta_IR_Analitico"" ao executar o Registro de Execução de Teste ""CT_QLD_FB_Consulta_IR_Analitico""";SIDMF;Depósitos e Captação;Sem Atuação da GEQTI;Q2;Allisson Vagne Souza de Lima;13/03/2025;;1
22871783;Teste Funcional;Pronto;FD005 - SIFPP - Fomento e Políticas Públicas;Alternou a Unidade Gestora para GEDEP ao retornar para Em Execução propostas que não tinham GETRE como Unidade Gestora;SIFPP;Fomento e Depósitos Judiciais;Sem Atuação da GEQTI;Q1;Marcos Martins de Lima;13/03/2025;;1
22872393;Teste Funcional;Pronto;FD005 - SIFPP - Fomento e Políticas Públicas;"Está apresentando a opção de filtro por situação ""Validação GEDEP"" fora da ordem em que era apresentada a opção ""Validação GETRE""";SIFPP;Fomento e Depósitos Judiciais;Sem Atuação da GEQTI;Q1;Marcos Martins de Lima;13/03/2025;;1
22872450;Defeito;Novo;PS037 - SIBEC - Módulo Online (Evolutiva + Sustentação) + Infra;PAGB - DEFEITO - Ateste - Extração de dados de FAMÍLIA da base do SIBEC e envio ao SIPBF;SIBEC;Programas Sociais;Sem Atuação da GEQTI;Q3;Webert Lamboglia Borges;13/03/2025;;1
22872687;Teste Funcional;Pronto;FD005 - SIFPP - Fomento e Políticas Públicas;"Está apresentando a opção ""Infomar não Ateste"" em proposta vinculada centralizada";SIFPP;Fomento e Depósitos Judiciais;Sem Atuação da GEQTI;Q1;Marcos Martins de Lima;13/03/2025;;1
22872985;Defeito;Novo;PS028 - Farmacia Popular;NOVO SIFAP - Botão para enviar cadastro sem dados obrigatórios preenchidos;SIFAP;Programas Sociais;Sem Atuação da GEQTI;Q1;Monique Roberta Oliveira Riede;13/03/2025;;1
22873007;Defeito;Aceito;PS028 - Farmacia Popular;NOVO SIFAP - Assinatura do RTA sem preenchimento do aceite;SIFAP;Programas Sociais;Sem Atuação da GEQTI;Q1;Monique Roberta Oliveira Riede;13/03/2025;;1
22873086;Teste Funcional;Pronto;CA009 - SISAG Automação Bancária;LEIAUTE ESPECIFICO RME de Provisionamento de Saque - Campos comuns diverge da Especificação;SISAG;Canais Físicos;Sem Atuação da GEQTI;Q4;Danielson Maciel da Costa;13/03/2025;;1
22875427;Defeito;Aceito;CA011 - SISAG Modernização - Micro Front-ends;[DEFEITO] - Consulta ao CROT exibe mensagem incorreta quando API retorna código 409;SISAG;Canais Físicos;Sem Atuação da GEQTI;Q4;Simone Lima de Souza;14/03/2025;;1
22875799;Teste Funcional;Novo;PE019 - Autoatendimento Saúde;[CEGTI] - SIASC - QLD - Internet/Intranet - Timeout em consulta de pedidos;SIASC;Pessoas;Sem Atuação da GEQTI;Q3;Thairo Carvalho Fortes;14/03/2025;;1
22877012;Teste Funcional;Em Refinamento;FD019 - Atualizador de Depósito Judicial;Falhando a funcionalidade Consulta Log Serviço  (JJ02) - Campo Tempo Resp(vírgula);SIJAD;Fomento e Depósitos Judiciais;Sem Atuação da GEQTI;Q4;Karla Pinheiro Leone;14/03/2025;;1
22877223;Teste Funcional;Em Refinamento;FD019 - Atualizador de Depósito Judicial;Falhando a funcionalidade Consulta Log Serviço  (JJ02) - Campo NSU vazio;SIJAD;Fomento e Depósitos Judiciais;Sem Atuação da GEQTI;Q4;Karla Pinheiro Leone;14/03/2025;;1
22877485;Defeito;Novo;BR037 - Internet Banking - SIGBK - Sustentação;SIGBK - Alterar workflow para considerar nova coluna na tabela GMSTI005_RST;SIGBK;Box Relacionamento Digital;Sem Atuação da GEQTI;Q1;Rodrigo Loureto de Rezende;14/03/2025;;1
22878675;Defeito;Novo;CR012 - SIEMP Sustentação;CR012 - SIEMP - GEMOB04 - SIEMP  - PARCELAS GERADAS EM DUPLICIDADE APÓS AMORTIZAÇÃO;SIEMP;Crédito Comercial e Agronegócio;Sem Atuação da GEQTI;Q3;Cristiano Tadeu Torres de Araujo;14/03/2025;;1
22879166;Teste Funcional;Novo;FD005 - SIFPP - Fomento e Políticas Públicas;Não alterou para GEDEP a Unidade das propostas em andamento cuja unidade anterior era GETRE  ;SIFPP;Fomento e Depósitos Judiciais;Sem Atuação da GEQTI;Q1;Marcos Martins de Lima;14/03/2025;;1
22887361;Teste Funcional;Preparado;PE010 - Sou CAIXA;[CEGTI] - Web - SIGPM - QLD - Extrato de Férias - Aviso não assinado mostrando no detalhe como assinado;SIGPM;Pessoas;Sem Atuação da GEQTI;Q1;Fernando Rodrigues;17/03/2025;;1
22888619;Teste Funcional;Não Aceito;PS004 - SIPBF - Ateste Bolsa Familia;[Aceite- Cód -  HU1130 - SIPBF - Online - Altera parâmetro e histórico de formulário de parâmetro de programas sociais - Visualizar Parâmetro de Programa] - Apresenta o campo <Percentual máximo consignado família>  para o programa Bolsa Família;SIPBF;Programas Sociais;Sem Atuação da GEQTI;Q1;Elma de Assis Pereira;17/03/2025;;1
22888801;Defeito;Implantado;CA011 - SISAG Modernização - Micro Front-ends;[DEFEITO] PROVA DE VIDA - MENSAGEM IMPEDITIVA DADOS DO PROCURADOR;SISAG;Canais Físicos;Sem Atuação da GEQTI;Q4;Carina Mendonca Becker;17/03/2025;31/03/2025;1
22888889;Teste Funcional;Novo;PS004 - SIPBF - Ateste Bolsa Familia;[Aceite - Cód - 1037 - Parametrizar Beneficio(+Parametrizar)] - O formato que consta no campo Idade mínima de participação (em anos) no sistema está incorreto;SIPBF;Programas Sociais;Sem Atuação da GEQTI;Q1;Giselle Barbosa da Silva;17/03/2025;;1
22889033;Teste Funcional;Novo;;DEFEITO EM HMP - SINAFWEB - Módulo Gestor  > Lançamento Gestor_LGO_Gravação das tabelas 500 e 501 Item 22409135;SINAF;Financeiro e Controladoria;Sem Atuação da GEQTI;Q2;Fernando Henrique Batista de Freitas;17/03/2025;;1
22889159;Teste Funcional;Novo;PS004 - SIPBF - Ateste Bolsa Familia;"[Aceite - Cód. - 1037 - Parametrizar Benefício(+Parametrizar)_BCA_Inicio Vigencia_Mes e Ano com zeros] - Mensagem  de retorno ""Indefinida""";SIPBF;Programas Sociais;Sem Atuação da GEQTI;Q1;Giselle Barbosa da Silva;17/03/2025;;1
22889281;Teste Funcional;Pronto;FD005 - SIFPP - Fomento e Políticas Públicas;Após gerar o Ofício de Ateste, não fechou a modal de cadastramento do ofício;SIFPP;Fomento e Depósitos Judiciais;Sem Atuação da GEQTI;Q1;Marcos Martins de Lima;17/03/2025;;1
22889353;Teste Funcional;Novo;PS004 - SIPBF - Ateste Bolsa Familia;[Aceite - Cód - 1037 - Parametrizar Benefício(+Parametrizar)_BCA_Campo Obrigatorio_Renda maxima para Concessao] - Sistema não apresenta mensagem de retorno quando o campo não é preenchido;SIPBF;Programas Sociais;Sem Atuação da GEQTI;Q1;Giselle Barbosa da Silva;17/03/2025;;1
22890141;Defeito;Aceito;BF009 - APP HABITACAO - SIAME IOS;PV - Defeito - Tela construção em andamento (iOS);SIAME;Box Moradia PF;Sem Atuação da GEQTI;Q3;Carmen Nilce da Silva Brasiliense;17/03/2025;;1
22890300;Teste Funcional;Pronto;LT003 - Canal Lotérico - Evoluções;Portal G - Falha na Geração do Arquivo:  MKP - Gerar arquivo SIGDB - MKP - Acompanhar - Arrecadação;SISPL;Loterias e Canais Parceiros;Sem Atuação da GEQTI;Q4;Welber Jose de Souza;17/03/2025;;1
22890741;Defeito;Preparado;BF016 - SITRR;SITRR - BUG - Tarifas Extraordinárias - Bugs na Lista de Cobranças, parte 2;SITRR;Box Moradia PF;Sem Atuação da GEQTI;Q1;Tiago Jose Galvao Moreira;17/03/2025;;1
22890854;Defeito;Aceito;BF016 - SITRR;"SITRR - BUG - Tarifas Extraordinárias - Visualização de Cobrança Extraordinária - Seletor ""Área Responsável"" está editável";SITRR;Box Moradia PF;Sem Atuação da GEQTI;Q1;Tiago Jose Galvao Moreira;17/03/2025;;1
22890975;Teste Funcional;Novo;BR047 - Serviços Conta;[SINBM] [HU - 22740512] [Android] - Cadastro de Dispositivo_QLD_DEF_Biometria;SINBM;Box Relacionamento Digital;Sem Atuação da GEQTI;Q1;Andreia de Lima Campos;17/03/2025;;1
22891803;Defeito;Preparado;CD058 - Jurídico Legado;[SIDAP] - Erro na migração dos dados de VT para RJ;SIDAP;Clientes;Sem Atuação da GEQTI;Q1;Diogo Araujo Pacheco Wanzeller;17/03/2025;;1
22894627;Defeito;Implantado;CA011 - SISAG Modernização - Micro Front-ends;[Plataforma] - Inconsistência identificada na homologação - INSS Prova de Vida - Inclusão de cálculo de DV (IB 22596155);SISAG;Canais Físicos;Sem Atuação da GEQTI;Q4;Luciene Yumiko Miyashiro;18/03/2025;31/03/2025;1
22895110;Teste Funcional;Implantado;RC012 - Negócios Sustentáveis;SISNS - Não processamento dos arquivos do SIOUV;SISNS;Risco, Compliance e Adimplência;Sem Atuação da GEQTI;Q1;Roney Pereira do Nascimento;18/03/2025;25/04/2025;1
22895277;Teste Funcional;Aceito;BR043 - Plataforma Core;SINBM [HU|BFF] - QLD_DEF - SINBM-Servico-Login C# > V5 .Net - V2 API SIPER, Cache e Invalidate de Cache - API quando o token entre o LOGIN X e o LOGIN CHECK V5 são diferentes;SINBM;Box Relacionamento Digital;Sem Atuação da GEQTI;Q1;Gustavo Candido Delis Alvarenga;18/03/2025;;1
22895878;Defeito;Em Desenvolvimento;FD009 - SIAPO - Controle Orçamentário do FGTS;[QA] - Mensagem de Função de Cálculo Desomologada em duplicidade;SIAPO;Fomento e Depósitos Judiciais;Sem Atuação da GEQTI;Q1;Rosangela Aparecida Menha;18/03/2025;;1
22895906;Teste Funcional;Pronto;FD005 - SIFPP - Fomento e Políticas Públicas;"Após limpar os dados da execução e salvar, manteve os campos do quadro ""Execução Serviço"" habilitados para edição";SIFPP;Fomento e Depósitos Judiciais;Sem Atuação da GEQTI;Q1;Marcos Martins de Lima;18/03/2025;;1
22896023;Defeito;Preparado;FD009 - SIAPO - Controle Orçamentário do FGTS;[QA] - Mensagem de Erro Interno de Servidor ao tentar excluir uma Visão Contábil (registro específico);SIAPO;Fomento e Depósitos Judiciais;Sem Atuação da GEQTI;Q1;Rosangela Aparecida Menha;18/03/2025;;1
22896709;Defeito;Em Refinamento;FG035 -  SIAFF - Fundos de Financiamento;FCA - Defeito - Consulta Conta Gráfica (Identity)  ;SIAFF;Fundos de Governo;Sem Atuação da GEQTI;Q1;Pedro Henrique da Silva Subtil;18/03/2025;;1
22897011;Teste Funcional;Preparado;PE020 - App Saúde CAIXA;[CEGTI] - iOS- SIMSC - CERTIF - Reembolso e Autorização Prévia - Radio Button;SIMSC;Pessoas;Sem Atuação da GEQTI;Q3;Naim Ferreira dos Santos;18/03/2025;;1
22897400;Teste Funcional;Pronto;PE020 - App Saúde CAIXA;[CEGTI] - Android - SIMSC - CERTIF - Autorização Prévia - Contatos adicionais gerando erro;SIMSC;Pessoas;Sem Atuação da GEQTI;Q3;Jonas dos Santos Sousa;18/03/2025;;1
22897415;Teste Funcional;Novo;PS004 - SIPBF - Ateste Bolsa Familia;[Aceite - Cód - 1037 - Alterar Parametros Anteriores do Beneficio_BCA_Campo Obrigatorio_Idade Minima Participacao] - O formato que consta no campo Idade mínima de participação (em anos) no sistema está incorreto;SIPBF;Programas Sociais;Sem Atuação da GEQTI;Q1;Giselle Barbosa da Silva;18/03/2025;;1
22897457;Teste Funcional;Novo;PS004 - SIPBF - Ateste Bolsa Familia;[Aceite - Cód - 1037 - Alterar Parametros Anteriores do Beneficio_Campo Obrigatorio_BCA_Renda Maxima Para Concessao] - Sistema não apresenta mensagem de retorno quando o campo não é preenchido;SIPBF;Programas Sociais;Sem Atuação da GEQTI;Q1;Giselle Barbosa da Silva;18/03/2025;;1
22897511;Teste Funcional;Pronto;PE020 - App Saúde CAIXA;[CEGTI] - Android - SIMSC - QLD - Pedidos - Histórico  - Filtragem;SIMSC;Pessoas;Sem Atuação da GEQTI;Q3;Fernando Rodrigues;18/03/2025;;1
22897618;Teste Funcional;Pronto;PE020 - App Saúde CAIXA;[CEGTI] - iOS- SIMSC - CERTIF - Tela Resumo - Cancelar Pedido;SIMSC;Pessoas;Sem Atuação da GEQTI;Q3;Naim Ferreira dos Santos;18/03/2025;;1
22897706;Teste Funcional;Implantado;PS004 - SIPBF - Ateste Bolsa Familia;[Aceite - Doc - 1037 - Alterar Parametros Anteriores do Beneficio_BCA_Caracteres Nao Numericos] - Comportamento do sistema não previsto quando  os campos de idade são preenchidos com caracteres não numericos;SIPBF;Programas Sociais;Sem Atuação da GEQTI;Q1;Giselle Barbosa da Silva;18/03/2025;24/04/2025;1
22897726;Defeito;Aceito;PS021 - App Bolsa Familia;SIFAM - DEFEITO - ÁREA LOGADA - Leiaute Cards *Acesso Rápido* (ANDROID);SIFAM;Programas Sociais;Sem Atuação da GEQTI;Q3;Alessandra Santos Aires Lima;18/03/2025;;1
22897984;Teste Funcional;Implementado;CA009 - SISAG Automação Bancária;[CONTAS CGU] - ADEQUAÇÃO DE EM CONTA NSGD COM MARCAÇÃO TED - ARQUIVO DMF COM CONTA CONCATENADO DV.;SISAG;Canais Físicos;Sem Atuação da GEQTI;Q4;Gisele de Barros Cerqueira;18/03/2025;;1
22900645;Teste Funcional;Pronto;PE020 - App Saúde CAIXA;[CEGTI] - iOS- SIMSC - CERTIF - Autorização Prévia - Passo a Passo;SIMSC;Pessoas;Sem Atuação da GEQTI;Q3;Naim Ferreira dos Santos;19/03/2025;;1
22900651;Teste Funcional;Novo;FP003 - Execução Financeira;DEFEITO EM DES e TQS - SIAEF Revitalização - Teste funcional - Campos desaparecendo ao tentar incluir um registro - funcionalidade Produto Habitação.;SIAEF;Financeiro e Controladoria;Sem Atuação da GEQTI;Q3;Carlos Eduardo Muniz Queiroz;19/03/2025;;1
22900788;Teste Funcional;Implantado;PS032 - SIPDM - Investimentos Pe De Meia;[SIPDM - DEFEITO - CÓDIGO - CTM_02_QLD_FB_Validar Teste de performance - Tempo adequado para gravar 2 milhões de registros na base do SIPDM - Performance não está adequada;SIPDM;Programas Sociais;Sem Atuação da GEQTI;Q1;Rhayk Vinicius Damacena Alves;19/03/2025;24/03/2025;1
22901098;Defeito;Implantado;BM001 - BPPMO01 - SISME;[DEFEITO] SISME - ERRO SITUAÇÃO OBRA ENVIADA NO ARQUIVO INTEGRA;SISME;Box Moradia Plataforma;Sem Atuação da GEQTI;Q1;Mauricio Assuncao Oliveira dos Santos;19/03/2025;03/04/2025;1
22901486;Teste de Regressão;Em Refinamento;MP028 - [PIX] DICT BACEN;"Falhando o Caso de Teste ""CT_QLD_Cadastrar_Chave_PIX_E-mail"" ao executar o Registro de Execução de Teste ""CT_CERTIF_Cadastrar_Chave_PIX_E-mail""";SISPI;Meios de Pagamento;Sem Atuação da GEQTI;Q4;Amanda Karen de Oliveira Costa;19/03/2025;;1
22901542;Teste Funcional;Novo;DC020 - Squad 3 - TLegado - SIDMF;"Falhando o Caso de Teste ""CT_QLD_FB_Consultar_Imposto_Renda_Sintetico_Fundo_Investimento_2024""";SIDMF;Depósitos e Captação;Sem Atuação da GEQTI;Q2;Marcio Wilson Galante;19/03/2025;;1
22902440;Teste Funcional;Pronto;FD005 - SIFPP - Fomento e Políticas Públicas;"Não está exibindo as informações de ateste no quadro ""Ateste Serviço"" na tela de execução do serviço em proposta centralizada";SIFPP;Fomento e Depósitos Judiciais;Sem Atuação da GEQTI;Q1;Marcos Martins de Lima;19/03/2025;;1
22902458;Defeito;Em Desenvolvimento;AI004 - BI e Analytics;RELATÓRIO ANALIÍTICO DO TABLEAU APRESENTANDO DIVERGÊNCIA DE VALORES - FCV PRODUTO 0543  ;SIACI;Administração do Crédito Imobiliário;Sem Atuação da GEQTI;Q3;Robson Bento Macedo;19/03/2025;;1
22902780;Defeito;Implantado;PS005 - Tarifas - Gestão Financeira Pagtos Sociais;Defeito: Leitura Arquivo SIPAS;SISGF;Programas Sociais;Sem Atuação da GEQTI;Q1;Daniel Elias Araujo;19/03/2025;01/04/2025;1
22903220;Teste Funcional;Novo;FP003 - Execução Financeira;DEFEITO EM DES - SIAEF Revitalização - Teste funcional - Exportar não apresenta mensagem de advertência - funcionalidades Tipo Financiamento, Origem Recurso, Produto Habitação e Linha Financiamento.;SIAEF;Financeiro e Controladoria;Sem Atuação da GEQTI;Q3;Carlos Eduardo Muniz Queiroz;19/03/2025;;1
22903432;Teste Funcional;Novo;FP003 - Execução Financeira;DEFEITO EM TQS - SIAEF Revitalização - Teste funcional - Exportar não apresenta mensagem de advertência e exporta relatórios sem que tenha um registro - funcionalidades Tipo Financiamento, Origem Recurso, Produto Habitação e Linha Financiamento.;SIAEF;Financeiro e Controladoria;Sem Atuação da GEQTI;Q3;Carlos Eduardo Muniz Queiroz;19/03/2025;;1
22903786;Teste Funcional;Novo;BR018 - AGREGADOR DE SALDOS OPF;SINBM [HU|iOS] - QLD_DEF - SIAGF Detalhamento do Investimento;SINBM;Box Relacionamento Digital;Sem Atuação da GEQTI;Q1;Graziele Ferreira Dias;19/03/2025;;1
22904069;Teste Funcional;Implantado;PS004 - SIPBF - Ateste Bolsa Familia;[Aceite - Doc - 1037 - Visualizar Parâmetros Anteriores do Benefício_BCA] -  Documentação apresenta protótipo com fim de vigência;SIPBF;Programas Sociais;Sem Atuação da GEQTI;Q1;Giselle Barbosa da Silva;19/03/2025;24/04/2025;1
22904164;Teste Funcional;Novo;DC020 - Squad 3 - TLegado - SIDMF;"Falhando o Caso de Teste ""CT_QLD_FB_Gera_Extrato_FUNDEB""";SIDMF;Depósitos e Captação;Sem Atuação da GEQTI;Q2;Marcio Wilson Galante;19/03/2025;;1
22906301;Teste Funcional;Novo;CD047 - Auditoria;SALA 01 - Planejamento - PAINT - CONSULTA DISTRIBUIÇÃO DAS HORAS LÍQUIDAS - VOLTAR PELO MENU - Média;SIAUD;Clientes;Sem Atuação da GEQTI;Q3;Andre Luiz da Silva Lima;20/03/2025;;1
22906338;Teste Funcional;Novo;CD047 - Auditoria;SALA 01 - Planejamento - PAINT - Parametrização - Inconsistência na parametrização por valores percentuais - Critico;SIAUD;Clientes;Sem Atuação da GEQTI;Q3;Andre Luiz da Silva Lima;20/03/2025;;1
22906381;Teste Funcional;Novo;CD047 - Auditoria;SALA 01 - Planejamento - PAINT - Distribuição - Diferença entre o Sumário e o Resumo - Crítico;SIAUD;Clientes;Sem Atuação da GEQTI;Q3;Andre Luiz da Silva Lima;20/03/2025;;1
22906416;Teste Funcional;Implantado;CD047 - Auditoria;SALA 01 - Planejamento - PAINT - Distribuição - Inconsistência na totalização das horas distribuídas - Impeditiva;SIAUD;Clientes;Sem Atuação da GEQTI;Q3;Andre Luiz da Silva Lima;20/03/2025;22/04/2025;1
22907308;Teste Funcional;Implantado;CD047 - Auditoria;SALA 01 - Planejamento - PAINT - Incluir Súmula – Inconsistência no filtro SQUAD - Baixa;SIAUD;Clientes;Sem Atuação da GEQTI;Q3;Andre Luiz da Silva Lima;20/03/2025;22/04/2025;1
22907396;Teste Funcional;Novo;CD047 - Auditoria;SALA 01 - Planejamento - PAINT - Painel de Súmulas – Inconsistência na manutenção dos filtros - Média;SIAUD;Clientes;Sem Atuação da GEQTI;Q3;Andre Luiz da Silva Lima;20/03/2025;;1
22908018;Teste Funcional;Pronto;CA009 - SISAG Automação Bancária;Relatório RTED - PAG0108 - EO - Ocorre na versão de produção(Já Implementado);SISAG;Canais Físicos;Sem Atuação da GEQTI;Q4;Aline Moreira Marques;20/03/2025;;1
22908139;Defeito;Aceito;PS039 - SIBEC - Evolução Arquitetural + Trilha de Auditoria;Defeito - HU7041 - Squad PS039 - SIBEC 3 - Benefícios Sociais - Alterar Benefício de Renda da Cidadania - Inconsistência na gravação dos parâmetros - Back-end;SIBEC;Programas Sociais;Sem Atuação da GEQTI;Q3;Saint Clair Luan Drummond Gil;20/03/2025;;1
22908286;Defeito;Aceito;PE014 - Score;O sistema não grava os parâmetros do tipo lista;SISKO;Pessoas;Sem Atuação da GEQTI;Q1;Arthur Braz Pinheiro;20/03/2025;;1
22908708;Teste Funcional;Pronto;CI010 - PDI Fundos de investimento;[QUARKUS] [CEGTI] | SIPDI - Módulo SIPDI-api-perfil -  Solicita Questionário V3;SIPDI;Câmbio, Investimentos e Mercado de Capitais;Sem Atuação da GEQTI;Q3;Lennon Xavier dos Santos;20/03/2025;;1
22908977;Defeito;Pronto;DC023 - Squad 4 - TLegado - SIHEX;SIHEX - Extrato planos econômicos;SIHEX;Depósitos e Captação;Sem Atuação da GEQTI;Q1;Andreia Lima de Aquino Conforte;20/03/2025;;1
22909552;Teste Funcional;Preparado;CA009 - SISAG Automação Bancária;ADEQUAÇÃO EM CONTA NSGD COM MARCAÇÃO CGU - O LRET ESTÁ INSERINDO UMA LINHA PARA REGISTRO DE CGU .(Já Implementado);SISAG;Canais Físicos;Sem Atuação da GEQTI;Q4;Gisele de Barros Cerqueira;20/03/2025;;1
22910045;Defeito;Novo;;[SIDSC] - Defeito - Acessibilidade - Menu - Exemplo de menu lateral inacessível - ID66;SIDSC;Estruturantes de TI;Sem Atuação da GEQTI;Q1;Daniela Ferreira de Figueredo;20/03/2025;;1
22910048;Defeito;Novo;;[SIDSC] - Defeito - Acessibilidade - Input - Label do elemento input - ID67;SIDSC;Estruturantes de TI;Sem Atuação da GEQTI;Q1;Daniela Ferreira de Figueredo;20/03/2025;;1
22910054;Defeito;Novo;;[SIDSC] - Defeito - Acessibilidade - Input - Tooltip sendo ignorado - ID68;SIDSC;Estruturantes de TI;Sem Atuação da GEQTI;Q1;Daniela Ferreira de Figueredo;20/03/2025;;1
22910058;Defeito;Novo;;[SIDSC] - Defeito - Acessibilidade - Input - Label desassociada ao input - ID69;SIDSC;Estruturantes de TI;Sem Atuação da GEQTI;Q1;Daniela Ferreira de Figueredo;20/03/2025;;1
22910066;Defeito;Novo;;[SIDSC] - Defeito - Acessibilidade - Input - Botão de mostrar senha com ação trocada - ID70;SIDSC;Estruturantes de TI;Sem Atuação da GEQTI;Q1;Daniela Ferreira de Figueredo;20/03/2025;;1
22910075;Defeito;Novo;;[SIDSC] - Defeito - Acessibilidade - Input - Input de CPF informando entrada inválida - ID71;SIDSC;Estruturantes de TI;Sem Atuação da GEQTI;Q1;Daniela Ferreira de Figueredo;20/03/2025;;1
22910084;Teste Funcional;Pronto;FD030 - SIFES Agente Financeiro;"Falhando o Caso de Teste ""CTM_Consultar_Relatorio_Autorização_Abertura_Conta_FB_Consultar_Relatorio_Autorização_Abertura_Conta""";SIFES;Fomento e Depósitos Judiciais;Sem Atuação da GEQTI;Q3;Albertino de Jesus Oliveira;20/03/2025;;1
22910090;Defeito;Novo;;[SIDSC] - Defeito - Acessibilidade - Input - Contador de caracteres não é verbalizado junto ao input - ID72;SIDSC;Estruturantes de TI;Sem Atuação da GEQTI;Q1;Daniela Ferreira de Figueredo;20/03/2025;;1
22910099;Defeito;Novo;;[SIDSC] - Defeito - Acessibilidade - Input - Botão desabilitado verbalizando que é clicável - ID73;SIDSC;Estruturantes de TI;Sem Atuação da GEQTI;Q1;Daniela Ferreira de Figueredo;20/03/2025;;1
22910102;Defeito;Novo;;[SIDSC] - Defeito - Acessibilidade - Input - Contador de caracteres deverá ter complemento para o leitor de telas - ID74;SIDSC;Estruturantes de TI;Sem Atuação da GEQTI;Q1;Daniela Ferreira de Figueredo;20/03/2025;;1
22910112;Defeito;Novo;;[SIDSC] - Defeito - Acessibilidade - Input - Helper text não é verbalizado junto ao input - ID75;SIDSC;Estruturantes de TI;Sem Atuação da GEQTI;Q1;Daniela Ferreira de Figueredo;20/03/2025;;1
22910284;Defeito;Novo;SI003 - SISEG;[SISEG] - DES - Erro na query da API mapa-posicao retornando resultados incongruentes;SISEG;Seguridade;Sem Atuação da GEQTI;Q1;Pedro Almeida Soares;20/03/2025;;1
22910486;Teste Funcional;Pronto;FD030 - SIFES Agente Financeiro;"Falhando o Caso de Teste ""CTM_QLD_Consultar_Relatorio_Autorização_Abertura_ContaFBFE1_Nenhum_Registro_Encontrado""";SIFES;Fomento e Depósitos Judiciais;Sem Atuação da GEQTI;Q3;Albertino de Jesus Oliveira;20/03/2025;;1
22910978;Teste Funcional;Novo;FP033 - SIMCN;DEFEITO EM HMP - SIMCN - Sistema não apresenta os dados na tela de desdobramento;SIMCN;Financeiro e Controladoria;Sem Atuação da GEQTI;Q2;Samuel Felipe Gomes de Sousa;20/03/2025;;1
22912926;Teste Funcional;Pronto;PE020 - App Saúde CAIXA;[CEGTI] - iOS- SIMSC - CERTIF - Visualização Cartão - área não logada;SIMSC;Pessoas;Sem Atuação da GEQTI;Q3;Naim Ferreira dos Santos;21/03/2025;;1
22913037;Teste Funcional;Aceito;PS032 - SIPDM - Investimentos Pe De Meia;[SIPDM - DEFEITO - CÓDIGO - CTM_04_QLD_FE_Validar arquivo sem as informações esperadas para o estudante - Informações sendo registradas na base indevidamente;SIPDM;Programas Sociais;Sem Atuação da GEQTI;Q1;Rhayk Vinicius Damacena Alves;21/03/2025;;1
22913732;Defeito;Aceito;FG035 -  SIAFF - Fundos de Financiamento;FCA - Defeito - Manter Favorecido Cadastrar  ;SIAFF;Fundos de Governo;Sem Atuação da GEQTI;Q1;Paulo Rogerio Rodrigues Dias;21/03/2025;;1
22914050;Teste Funcional;Aceito;AC026 - Gestão de Pagamentos e Recebimentos;DEFEITO: SIACC - Teste funcional da demanda HU 22756603: Atualização Periódica de Status de Simulações -  Erro, data de inclusão da Simulação considerada no prazo de Expiração.;SIACC;Arrecadação e Convênios;Sem Atuação da GEQTI;Q4;Fabio Luis Marinho Pereira;21/03/2025;;1
22914348;Defeito;Novo;OF005 - SIINP - INICIADORA DE PAGAMENTOS;[TQS] Inconsistência - Transação Analítica está retornando status de forma equivocada;SIINP;Box Open Finance;Sem Atuação da GEQTI;Q3;Miguel Batista da Silva Neto;21/03/2025;;1
22914607;Teste Funcional;Preparado;AC026 - Gestão de Pagamentos e Recebimentos;DEFEITO: SIACC - Teste funcional da demanda HU 22756603: Atualização Periódica de Status de Simulações - Erro em inclusão de simulação zeradas;SIACC;Arrecadação e Convênios;Sem Atuação da GEQTI;Q4;Fabio Luis Marinho Pereira;21/03/2025;;1
22915134;Teste Funcional;Pronto;FP010 - Revitalização do SIAEF;"DEFEITO EM TQS - SIAEF REVITALIZAÇÃO - Testes Funcional - Destino de Pagamento -  No processo de ""alteração de destino de pagamento, somente após realizar alguma alteração o botão ""Gravar"" deve ser habilitado.";SIAEF;Financeiro e Controladoria;Sem Atuação da GEQTI;Q3;Alisson Ferreira dos Santos;21/03/2025;;1
22915476;Defeito;Aceito;PS028 - Farmacia Popular;NOVO SIFAP - Erro - Farmácias sendo apresentadas sem CNPJ;SIFAP;Programas Sociais;Sem Atuação da GEQTI;Q1;Monique Roberta Oliveira Riede;21/03/2025;;1
22915547;Defeito;Pronto;PS028 - Farmacia Popular;NOVO SIFAP - Erro - Farmácias sendo apresentadas sem UF no RTA;SIFAP;Programas Sociais;Sem Atuação da GEQTI;Q1;Monique Roberta Oliveira Riede;21/03/2025;;1
22915566;Defeito;Pronto;PS028 - Farmacia Popular;NOVO SIFAP - Erro - Permitir anexo de documentos até 50MB;SIFAP;Programas Sociais;Sem Atuação da GEQTI;Q1;Monique Roberta Oliveira Riede;21/03/2025;;1
22915595;Teste de Regressão;Implantado;MP028 - [PIX] DICT BACEN;"Falhando o Caso de Teste ""CT_CERTIF_DF006_Excluir_Chave_CPF_Generico""";SISPI;Meios de Pagamento;Sem Atuação da GEQTI;Q4;Olavo Luiz Tavares Junior;21/03/2025;25/03/2025;1
22915602;Teste Funcional;Pronto;PE020 - App Saúde CAIXA;[CEGTI] - iOS- SIMSC - CERTIF - Favoritos - Acessar Credenciados Salvos;SIMSC;Pessoas;Sem Atuação da GEQTI;Q3;Naim Ferreira dos Santos;21/03/2025;;1
22915986;Teste Funcional;Implantado;CA011 - SISAG Modernização - Micro Front-ends;[DEFEITO REQUISITOS] - [GEQTI] Consulta Fita de Auditoria - Critério de Aceite 3.12. não reflete comportamento da Aplicação - Sprint 18;SISAG;Canais Físicos;Sem Atuação da GEQTI;Q4;Mauro Sergio Usifati;21/03/2025;14/04/2025;1
22916041;Teste Funcional;Implantado;CA011 - SISAG Modernização - Micro Front-ends;[DEFEITO REQUISITOS] - [GEQTI] Consulta Comprovantes - Critério de Aceite 3.12. não reflete comportamento da Aplicação - Sprint 18;SISAG;Canais Físicos;Sem Atuação da GEQTI;Q4;Mauro Sergio Usifati;21/03/2025;14/04/2025;1
22916050;Defeito;Pronto;PS028 - Farmacia Popular;NOVO SIFAP - Erro - Dados do RTA não estão sendo apresentados para o Representante;SIFAP;Programas Sociais;Sem Atuação da GEQTI;Q1;Monique Roberta Oliveira Riede;21/03/2025;;1
22916079;Defeito;Preparado;PS028 - Farmacia Popular;NOVO SIFAP - Erro - Alterar texto da tela de anexos de documentos para 50MB;SIFAP;Programas Sociais;Sem Atuação da GEQTI;Q1;Monique Roberta Oliveira Riede;21/03/2025;;1
22916156;Defeito;Aceito;PS028 - Farmacia Popular;NOVO SIFAP - Erro - Indisponibilidade de download do RTA;SIFAP;Programas Sociais;Sem Atuação da GEQTI;Q1;Monique Roberta Oliveira Riede;21/03/2025;;1
22916286;Defeito;Aceito;FD009 - SIAPO - Controle Orçamentário do FGTS;[QA] - Padronização de Mensagens de Modais de confirmação.;SIAPO;Fomento e Depósitos Judiciais;Sem Atuação da GEQTI;Q1;Rosangela Aparecida Menha;21/03/2025;;1
22916521;Teste Funcional;Implantado;FG017 - SIFGG - Microcrédito;SIFGG - [Certificação] - Erro - excluir Fundo;SIFGG;Fundos de Governo;Sem Atuação da GEQTI;Q3;Claudio Roberto de Carvalho;21/03/2025;31/03/2025;1
22925181;Defeito;Aceito;ES022 - Administração de Dados e Banco de Dados;Pré-validação de modelo de dados à nível de coluna - Ajustar funcionamento da regra de negócio 073;SIAGT;Estruturantes de TI;Sem Atuação da GEQTI;Q1;Marcela Alicia Alarcon Gallardo;24/03/2025;;1
22925803;Teste Funcional;Pronto;PE020 - App Saúde CAIXA;[CEGTI] - Android - SIMSC - QLD - Tratamento de pendência - Autorização Prévia - Nome do beneficiário exibido no card;SIMSC;Pessoas;Sem Atuação da GEQTI;Q3;Fernando Rodrigues;24/03/2025;;1
22926757;Teste Funcional;Pronto;PE020 - App Saúde CAIXA;[CEGTI] - iOS- SIMSC - CERTIF - Redefinir filtro - Região - Pesquisar;SIMSC;Pessoas;Sem Atuação da GEQTI;Q3;Naim Ferreira dos Santos;24/03/2025;;1
22926909;Defeito;Implantado;PS005 - Tarifas - Gestão Financeira Pagtos Sociais;Análise de recebimento e contabilização de dados tarifários;SISGF;Programas Sociais;Sem Atuação da GEQTI;Q1;Daniel Elias Araujo;24/03/2025;01/04/2025;1
22927048;Teste Funcional;Implementado;PE020 - App Saúde CAIXA;[CEGTI] - iOS- SIMSC - CERTIF - Filtro - Pesquisar;SIMSC;Pessoas;Sem Atuação da GEQTI;Q3;Naim Ferreira dos Santos;24/03/2025;;1
22927065;Defeito;Aceito;BO004 - Squad Desenvolvimento Dossiê MTR;[SPRINT_160] SIMTR - Gestão de Documentos - Ajuste end-point v1/dossie-cliente;SIMTR;Box Esteira Digital Operações;Sem Atuação da GEQTI;Q4;Diogo Carlos da Gama;24/03/2025;;1
22927431;Teste de Regressão;Implantado;MP028 - [PIX] DICT BACEN;"Falhando o Caso de Teste ""CT_QLD_Reivindicar_Chave_Celular""";SISPI;Meios de Pagamento;Sem Atuação da GEQTI;Q4;Amanda Karen de Oliveira Costa;24/03/2025;01/04/2025;1
22927631;Teste Funcional;Implementado;FP034 - SINAFWEB;SINAFWEB - ERRO - MÓDULO GESTOR - Detalhar Parâmetro de Serviço - DATAS;SINAF;Financeiro e Controladoria;Sem Atuação da GEQTI;Q2;Daniel Baldi Ballon Sanches;24/03/2025;;1
22927711;Teste Funcional;Em Refinamento;BR046 - Plataforma Release Train;SINBM [HU|BFF] - QLD_DEF - SINBM-Biblioteca-Dotnet-Auditoria|SINBM-Servico-Login C# > Incremento no módulo de auditoria para manipulação da auditoria - Erro na trilha de auditoria não aparece o codigoRetorno;SINBM;Box Relacionamento Digital;Sem Atuação da GEQTI;Q1;Gustavo Candido Delis Alvarenga;24/03/2025;;1
22927804;Teste Funcional;Pronto;PE020 - App Saúde CAIXA;[CEGTI] - Android - SIMSC - QLD - Autorização Prévia - Pedido - Não é possível buscar pelo conselho;SIMSC;Pessoas;Sem Atuação da GEQTI;Q3;Fernando Rodrigues;24/03/2025;;1
22927927;Teste Funcional;Aceito;CA008 - Gerenciador de Atendimento;"[SIPNL- MFE] - Na aba ""Atender Clientes"" a informação apresentada depois do label: ""Tempo de Espera Próximo Cliente:"" não está sendo exibida da forma correta, onde a mesma deve acompanhar a cor do ""alerta"" da primeira senha da fila de espera";SIPNL;Canais Físicos;Sem Atuação da GEQTI;Q3;Lucio Eneas Kuhl;24/03/2025;;1
22927973;Teste Funcional;Pronto;PE020 - App Saúde CAIXA;[CEGTI] - Android - SIMSC - QLD - Autorização Prévia - Tratamento de pendência - Não habilita envio de doc complementar;SIMSC;Pessoas;Sem Atuação da GEQTI;Q3;Fernando Rodrigues;24/03/2025;;1
22928077;Teste Funcional;Novo;BR046 - Plataforma Release Train;SINBM [HU| - QLD_DEF - SINBM-Servico-Login C# > V5 .Net - Correção Erro Http 404 e Parametrização de Mensagens de erro - iOS;SINBM;Box Relacionamento Digital;Sem Atuação da GEQTI;Q1;Graziele Ferreira Dias;24/03/2025;;1
22928188;Teste Funcional;Pronto;PE020 - App Saúde CAIXA;[CEGTI] - Android - SIMSC - CERTIF - Busca rede credenciada área não logada - Localização não carregada.;SIMSC;Pessoas;Sem Atuação da GEQTI;Q3;Fernando Rodrigues;24/03/2025;;1
22928964;Teste Funcional;Implementado;PE020 - App Saúde CAIXA;Android - Inconsistências encontradas na avaliação da versão 6.4 (autorização prévia e reembolso):;SIMSC;Pessoas;Sem Atuação da GEQTI;Q3;Renato da Silva Aragao;24/03/2025;;1
22930450;Teste Funcional;Preparado;BR046 - Plataforma Release Train;SINBM [HU|BFF] - QLD_DEF - SINBM-Biblioteca-Dotnet-Auditoria|SINBM-Servico-Login C# > Incremento no módulo de auditoria para manipulação da auditoria - Erro na API duplicação no Body da RESPONSE;SINBM;Box Relacionamento Digital;Sem Atuação da GEQTI;Q1;Gustavo Candido Delis Alvarenga;25/03/2025;;1
22930551;Defeito;Preparado;FD009 - SIAPO - Controle Orçamentário do FGTS;[QA] - Ordenação de Headers de tabelas que não funcionam;SIAPO;Fomento e Depósitos Judiciais;Sem Atuação da GEQTI;Q1;Rosangela Aparecida Menha;25/03/2025;;1
22930595;Defeito;Aceito;BR043 - Plataforma Core;SINBM [HU| - QLD_DEF -SINBM [HU|BFF] - SINBM-Servico-Login C# > V5 .Net - Correção Erro Http 404 e Parametrização de Mensagens de erro;SINBM;Box Relacionamento Digital;Sem Atuação da GEQTI;Q1;Edmilson Bernardinelli;25/03/2025;;1
22931047;Teste Funcional;Novo;BE005 - Squad Biometria Fábrica - Sustentação;"SIABM - CERTIF - Defeito Módulo Relatórios: Consulta Transações de Autenticação - Nomenclatura do botão ""Limpar consulta""";SIABM;Box Esteira Digital Segurança;Sem Atuação da GEQTI;Q3;Larissa Leal Santos;25/03/2025;;1
22931174;Teste Funcional;Novo;BE005 - Squad Biometria Fábrica - Sustentação;"SIABM - CERTIF - Defeito Módulo Relatórios: Consulta Transações de Autenticação - Nomenclatura do botão ""Voltar""";SIABM;Box Esteira Digital Segurança;Sem Atuação da GEQTI;Q3;Larissa Leal Santos;25/03/2025;;1
22931507;Teste Funcional;Pronto;PE020 - App Saúde CAIXA;[CEGTI] - Android - SIMSC - QLD - Reembolso - Tratamento de pendência - IB 22735003;SIMSC;Pessoas;Sem Atuação da GEQTI;Q3;Fernando Rodrigues;25/03/2025;;1
22931803;Teste Funcional;Pronto;PE020 - App Saúde CAIXA;[CEGTI] - Android - SIMSC - QLD - Reembolso - Tratamento de pendência - Dados não carregam na tela - IB 22735003;SIMSC;Pessoas;Sem Atuação da GEQTI;Q3;Fernando Rodrigues;25/03/2025;;1
22931839;Defeito;Em Desenvolvimento;FD009 - SIAPO - Controle Orçamentário do FGTS;[QA] - Correção dos valores zerados da geração da peça orçamentária.;SIAPO;Fomento e Depósitos Judiciais;Sem Atuação da GEQTI;Q1;Tiago Teixeira de Sousa;25/03/2025;;1
22932043;Teste Funcional;Pronto;PE020 - App Saúde CAIXA;[CEGTI] - Android - SIMSC - QLD - Autorização Prévia - Tipo: Médica - Finalidade: Aparelho auditivo - Não é listado Procedimento - IB 22735003;SIMSC;Pessoas;Sem Atuação da GEQTI;Q3;Fernando Rodrigues;25/03/2025;;1
22932261;Defeito;Preparado;CD060 - OUVIDORIA;SISOU - OUV: Envio de SMS ao reclamante quando a ocorrência gerar protocolo;SISOU;Clientes;Sem Atuação da GEQTI;Q3;Polyana Valerio Franco Leao;25/03/2025;;1
22932812;Defeito;Implantado;FG028 - FGTS Digital;BLOQUEIO - Alteração do PGM FUGPBCY8;SIFGD;Fundos de Governo;Sem Atuação da GEQTI;Q1;Catia Cilene Rodovalho;25/03/2025;27/03/2025;1
22932896;Defeito;Implantado;FG028 - FGTS Digital;BLOQUEIO - ALTERAÇÃO PGM FUGPBCY7;SIFGD;Fundos de Governo;Sem Atuação da GEQTI;Q1;Catia Cilene Rodovalho;25/03/2025;27/03/2025;1
22933274;Teste Funcional;Pronto;PE020 - App Saúde CAIXA;[CEGTI] - Android - SIMSC - CERTIF - Autorização Prévia - Procedimento não está retornando nenhum dado;SIMSC;Pessoas;Sem Atuação da GEQTI;Q3;Jonas dos Santos Sousa;25/03/2025;;1
22933298;Teste Funcional;Implementado;CI010 - PDI Fundos de investimento;[QUARKUS] [CEGTI] | SIPDI - Módulo SIPDI-api-termo-autorizadores -  Registra Transação;SIPDI;Câmbio, Investimentos e Mercado de Capitais;Sem Atuação da GEQTI;Q3;Patricia Donizete Alves Viana;25/03/2025;;1
22933514;Defeito;Preparado;CA009 - SISAG Automação Bancária;ADEQUAÇÃO EM CONTA NSGD COM MARCAÇÃO CGU - PACOTE 0200 SEM REBATER A PROPRIEDADE DO 0215.;SISAG;Canais Físicos;Sem Atuação da GEQTI;Q4;Gisele de Barros Cerqueira;25/03/2025;;1
22934048;Teste Funcional;Pronto;PE020 - App Saúde CAIXA;[CEGTI] - iOS- SIMSC - CERTIF - Patologia;SIMSC;Pessoas;Sem Atuação da GEQTI;Q3;Naim Ferreira dos Santos;25/03/2025;;1
22934398;Teste Funcional;Implantado;CB003 - Cobrança Modernização;SIGCB - Erro de Duplicidade no Produto de Cobrança: Cobrança Registrada para Título sem Registro - Modernização - Sprint 24 - AD018 - Construção 141 - Relatório de Saldo Operacional - Tela principal consulta por produto analítico;SIGCB;Cobrança e Operações Bancárias;Sem Atuação da GEQTI;Q2;Henrique Fernandes Pereira Lopes;25/03/2025;31/03/2025;1
22934811;Defeito;Pronto;CB003 - Cobrança Modernização;"Modernização do SIGCB - AD018 - Defeito - Botão ""Exportar total"" exportando somente o conteúdo da página  ";SIGCB;Cobrança e Operações Bancárias;Sem Atuação da GEQTI;Q2;Brenda Kozlowski Munoz;25/03/2025;;1
22934986;Teste Funcional;Implementado;PE020 - App Saúde CAIXA;iOS - Inconsistências encontradas na avaliação da versão 6.4 (autorização prévia e reembolso);SIMSC;Pessoas;Sem Atuação da GEQTI;Q3;Renato da Silva Aragao;25/03/2025;;1
22937023;Teste Funcional;Novo;;SINBM [HU| - QLD_DEF - [SINBM Nativo] [Android] Home Fundos de Investimento - Parte 2 - Desmock, Acessibilidade e Trackeamento;SINBM;Box Conta Digital;Sem Atuação da GEQTI;Q1;Reuben de Aquino Moraes;26/03/2025;;1
22937350;Teste Funcional;Novo;;"Falhando o Caso de Teste ""CT_CERTIF_Simula_Cadastramento_Pre_Contrato_Operaçao_175""";SIAPI;Crédito Comercial e Agronegócio;Sem Atuação da GEQTI;Q3;Luiz Fernando Silva Lopes;26/03/2025;;1
22937443;Teste Funcional;Novo;;"Falhando o Caso de Teste ""CT_CERTIF_Simula_Cadastramento_Pre_Contrato_Operaçao_605""";SIAPI;Crédito Comercial e Agronegócio;Sem Atuação da GEQTI;Q3;Luiz Fernando Silva Lopes;26/03/2025;;1
22937493;Teste Funcional;Novo;;"Falhando o Caso de Teste ""CT_CERTIF_Simula_Cadastramento_Pre_Contrato_Operaçao_105""";SIAPI;Crédito Comercial e Agronegócio;Sem Atuação da GEQTI;Q3;Luiz Fernando Silva Lopes;26/03/2025;;1
22938051;Teste Funcional;Novo;CB003 - Cobrança Modernização;"Falhando o Caso de Teste ""CT_QLD_Matriz_de_acesso - Cadastro_do_beneficiário - Dados_SICLI_ Perfil_GCB_REDE_COM_FUNÇÃO""";SIGCB;Cobrança e Operações Bancárias;Sem Atuação da GEQTI;Q2;Rodrigo da Silva dos Reis Santos;26/03/2025;;1
22938949;Teste Funcional;Novo;BE005 - Squad Biometria Fábrica - Sustentação;SIABM - CERTIF - Defeito Módulo Relatórios: Consulta Consulta por Pessoa - Histórico - Não apresenta na consulta histórico de cadastro IC_SERVICO_EXECUTADO = 4 Jornada Facial - Atualização;SIABM;Box Esteira Digital Segurança;Sem Atuação da GEQTI;Q3;Larissa Leal Santos;26/03/2025;;1
22939046;Teste Funcional;Em Refinamento;LT011 - Novos Jogos;SIGEL - ASP - RM22876942 - não conclui a validação funcional da Alteração Dados Bilhetes Ganhador;SIGEL;Loterias e Canais Parceiros;Sem Atuação da GEQTI;Q3;Dario Douglas Alves Araujo;26/03/2025;;1
22939511;Teste Funcional;Novo;;"DEFEITO EM HMP - SINAFWEB - Parâmetros > Instância de Controle > Campo-""Subdivisão Unidade Responsável"" - item 20997761";SINAF;Financeiro e Controladoria;Sem Atuação da GEQTI;Q2;Fernando Henrique Batista de Freitas;26/03/2025;;1
22939579;Teste Funcional;Aceito;RC014 - Acompanhamento Integrado de Conformidade;Implementação referente a funcionalidade de mascara de contrato na verificação automática;SIIAC;Risco, Compliance e Adimplência;Sem Atuação da GEQTI;Q4;Thiago Elias Chianca;26/03/2025;;1
22939890;Teste Funcional;Novo;DC020 - Squad 3 - TLegado - SIDMF;"Falhando o Caso de Teste ""CT_QLD_FB_Gera_Extrato_FUNDEB_Intranet""";SIDMF;Depósitos e Captação;Sem Atuação da GEQTI;Q2;Marcio Wilson Galante;26/03/2025;;1
22939903;Defeito;Pronto;FG026 - Migração e Convivência;FGTS digital - Relatório de duplicidade - Tratamento do identificador - Ajuste leiaute REG;SIFUG;Fundos de Governo;Sem Atuação da GEQTI;Q1;Thais Pereira da Silva;26/03/2025;;1
22939975;Defeito;Novo;CB003 - Cobrança Modernização;"Falhando o Caso de Teste ""CT_QLD_Matriz_de_acesso - Cadastro_do_beneficiário - Guia_Geral_ Perfil_GCB_REDE_COM_FUNÇÃO""";SIGCB;Cobrança e Operações Bancárias;Sem Atuação da GEQTI;Q2;Rodrigo da Silva dos Reis Santos;26/03/2025;;1
22939990;Teste Funcional;Novo;CB003 - Cobrança Modernização;"Falhando o Caso de Teste ""CT_QLD_Matriz_de_acesso - Cadastro_do_beneficiário - Guia_Geral_ Perfil_GCB_REDE_COM_FUNÇÃO""";SIGCB;Cobrança e Operações Bancárias;Sem Atuação da GEQTI;Q2;Rodrigo da Silva dos Reis Santos;26/03/2025;;1
22940004;Teste Funcional;Novo;CB003 - Cobrança Modernização;"Falhando o Caso de Teste ""CT_QLD_Matriz_de_acesso - Cadastro_do_beneficiário - Guia_Geral_ Perfil_GCB_REDE_COM_FUNÇÃO""";SIGCB;Cobrança e Operações Bancárias;Sem Atuação da GEQTI;Q2;Rodrigo da Silva dos Reis Santos;26/03/2025;;1
22940071;Teste Funcional;Novo;CB003 - Cobrança Modernização;"Falhando o Caso de Teste ""CT_QLD_Matriz_de_acesso - Cadastro_do_beneficiário - Guia_Eletrônico_ Perfil_GCB_REDE_COM_FUNÇÃO""";SIGCB;Cobrança e Operações Bancárias;Sem Atuação da GEQTI;Q2;Rodrigo da Silva dos Reis Santos;26/03/2025;;1
22940079;Teste Funcional;Novo;CB003 - Cobrança Modernização;"Falhando o Caso de Teste ""CT_QLD_Matriz_de_acesso - Cadastro_do_beneficiário - Guia_Eletrônico_ Perfil_GCB_REDE_COM_FUNÇÃO""";SIGCB;Cobrança e Operações Bancárias;Sem Atuação da GEQTI;Q2;Rodrigo da Silva dos Reis Santos;26/03/2025;;1
22940096;Teste Funcional;Novo;CB003 - Cobrança Modernização;"Falhando o Caso de Teste ""CT_QLD_Matriz_de_acesso - Cadastro_do_beneficiário - Guia_Eletrônico_ Perfil_GCB_REDE_COM_FUNÇÃO""";SIGCB;Cobrança e Operações Bancárias;Sem Atuação da GEQTI;Q2;Rodrigo da Silva dos Reis Santos;26/03/2025;;1
22940115;Teste Funcional;Novo;;"Falhando o Caso de Teste ""CTM_QLD_Inibição/Exclusão do Módulo do ""Compensação Ambiental""""";SIFES;Fomento e Depósitos Judiciais;Sem Atuação da GEQTI;Q3;Albertino de Jesus Oliveira;26/03/2025;;1
22940184;Teste Funcional;Novo;CB003 - Cobrança Modernização;"Falhando o Caso de Teste ""CT_QLD_Matriz_de_acesso - Cadastro_do_beneficiário - Guia_Boletos_ Perfil_GCB_REDE_COM_FUNÇÃO""";SIGCB;Cobrança e Operações Bancárias;Sem Atuação da GEQTI;Q2;Rodrigo da Silva dos Reis Santos;26/03/2025;;1
22940749;Defeito;Implantado;CD041 - Corregedoria;Erro - Anp - E-mail ao Cadastrar Ator;SIDIS;Clientes;Sem Atuação da GEQTI;Q1;Geraldo Faria de Oliveira Junior;26/03/2025;01/04/2025;1
22941239;Defeito;Implementado;CD059 - Atendimento ao Marketing;[BUG] - [API] - [INTRANET] - [IDV] - Validação de fornecedores;SISAM;Clientes;Sem Atuação da GEQTI;Q1;Fabio Seixas Sales;26/03/2025;;1
22943293;Teste Funcional;Pronto;CI010 - PDI Fundos de investimento;[QUARKUS] [CEGTI] | SIPDI - Módulo SIPDI-api-termo-autorizadores -  Registra Assinatura de Termos - POST (Registra Transação);SIPDI;Câmbio, Investimentos e Mercado de Capitais;Sem Atuação da GEQTI;Q3;Patricia Donizete Alves Viana;27/03/2025;;1
22943620;Teste Funcional;Aceito;PS032 - SIPDM - Investimentos Pe De Meia;[SIPDM - DEFEITO - CÓDIGO - CTM_27_QLD_FB_ Validar campo Identificador do Registro referente ao Detalhe do layout: (Posição, Tamanho, campo, descrição, formato, valores possíveis, obrigatoriedade) - A Validação não corresponde com o esperado do c;SIPDM;Programas Sociais;Sem Atuação da GEQTI;Q1;Rhayk Vinicius Damacena Alves;27/03/2025;;1
22943676;Teste Funcional;Aceito;PS032 - SIPDM - Investimentos Pe De Meia;[SIPDM - DEFEITO - CÓDIGO - CTM_29_QLD_FB_Validar campo Documento referente ao Detalhe do layout: (Posição, Tamanho, campo, descrição, formato, valores possíveis, obrigatoriedade) - O campo Documento não contém nenhuma validação referente ao CPF;SIPDM;Programas Sociais;Sem Atuação da GEQTI;Q1;Rhayk Vinicius Damacena Alves;27/03/2025;;1
22943730;Teste Funcional;Implantado;PS032 - SIPDM - Investimentos Pe De Meia;[SIPDM - DEFEITO - CÓDIGO - CTM_31_QLD_FB_Validar campo Código de pagamento referente ao Detalhe do layout: (Posição, Tamanho, campo, descrição, formato, valores possíveis, obrigatoriedade)) - O campo Código de pagamento está sendo processado rep;SIPDM;Programas Sociais;Sem Atuação da GEQTI;Q1;Rhayk Vinicius Damacena Alves;27/03/2025;28/04/2025;1
22943854;Teste Funcional;Aceito;PS032 - SIPDM - Investimentos Pe De Meia;"[SIPDM - DEFEITO - CÓDIGO - CTM_32_QLD_FB_Validar campo Valor da parcela referente ao Detalhe do layout: (Posição, Tamanho, campo, descrição, formato, valores possíveis, obrigatoriedade) - Não processou o valor superior que seria ""999999999999"" con";SIPDM;Programas Sociais;Sem Atuação da GEQTI;Q1;Rhayk Vinicius Damacena Alves;27/03/2025;;1
22943916;Teste Funcional;Aceito;PS032 - SIPDM - Investimentos Pe De Meia;[SIPDM - DEFEITO - CÓDIGO - CTM_34_QLD_FB_Validar campo Início de validade referente ao Detalhe do layout: (Posição, Tamanho, campo, descrição, formato, valores possíveis, obrigatoriedade)- O campo Início de validade está sendo processado quando;SIPDM;Programas Sociais;Sem Atuação da GEQTI;Q1;Rhayk Vinicius Damacena Alves;27/03/2025;;1
22943976;Teste Funcional;Aceito;PS032 - SIPDM - Investimentos Pe De Meia;[SIPDM - DEFEITO - CÓDIGO - CTM_35_QLD_FB_Validar campo Fim de validade referente ao Detalhe do layout: (Posição, Tamanho, campo, descrição, formato, valores possíveis, obrigatoriedade) - O campo fim de validade está sendo processado quando do form;SIPDM;Programas Sociais;Sem Atuação da GEQTI;Q1;Rhayk Vinicius Damacena Alves;27/03/2025;;1
22944028;Teste Funcional;Aceito;PS032 - SIPDM - Investimentos Pe De Meia;[SIPDM - DEFEITO - CÓDIGO - CTM_38_QLD_FB_ Validar campo Série do Estudante referente ao Detalhe do layout: (Posição, Tamanho, campo, descrição, formato, valores possíveis, obrigatoriedade) - Está aceitando valores acima de 3. conforme o requisito;SIPDM;Programas Sociais;Sem Atuação da GEQTI;Q1;Rhayk Vinicius Damacena Alves;27/03/2025;;1
22944766;Teste Funcional;Pronto;FD005 - SIFPP - Fomento e Políticas Públicas;Não Exibiu Modal de Alerta Para Inserção de Informações de Pagamento em Atraso em Proposta Única Pós Pago;SIFPP;Fomento e Depósitos Judiciais;Sem Atuação da GEQTI;Q1;Marcos Martins de Lima;27/03/2025;;1
22944988;Teste Funcional;Implantado;RC012 - Negócios Sustentáveis;SISNS - Correção de texto Bloco Compliance (escrita incorreta);SISNS;Risco, Compliance e Adimplência;Sem Atuação da GEQTI;Q1;Roney Pereira do Nascimento;27/03/2025;15/04/2025;1
22945326;Teste Funcional;Novo;;[SINBM Nativo] [Android] Consultar Remuneração do Distribuidor – Trackeamento - QLD_DEF -_Tag's divergentes;SINBM;Box Conta Digital;Sem Atuação da GEQTI;Q1;Reuben de Aquino Moraes;27/03/2025;;1
22945588;Defeito;Preparado;FD009 - SIAPO - Controle Orçamentário do FGTS;"[QA] - Configuração em Exibição dos Itens da Página - Botões ""piscam"" ao alterar config.";SIAPO;Fomento e Depósitos Judiciais;Sem Atuação da GEQTI;Q1;Ana Lucia Mendes de Souza Gomes;27/03/2025;;1
22946016;Teste Funcional;Novo;CB003 - Cobrança Modernização;"Falhando o Caso de Teste ""CT_QLD_Matriz_de_acesso - Cadastro_do_beneficiário - Guia_Parâmetros_ Perfil_GCB_REDE_COM_FUNÇÃO""";SIGCB;Cobrança e Operações Bancárias;Sem Atuação da GEQTI;Q2;Rodrigo da Silva dos Reis Santos;27/03/2025;;1
22946112;Teste Funcional;Novo;CB003 - Cobrança Modernização;"Falhando o Caso de Teste ""CT_QLD_Matriz_de_acesso - Cadastro_do_beneficiário - Guia_Parâmetros_ Perfil_GCB_REDE_COM_FUNÇÃO""";SIGCB;Cobrança e Operações Bancárias;Sem Atuação da GEQTI;Q2;Rodrigo da Silva dos Reis Santos;27/03/2025;;1
22946352;Teste Funcional;Novo;CB003 - Cobrança Modernização;"Falhando o Caso de Teste ""CT_QLD_Matriz_de_acesso - Cadastro_do_beneficiário - Guia_Permissão_ Perfil_GCB_REDE_COM_FUNÇÃO""";SIGCB;Cobrança e Operações Bancárias;Sem Atuação da GEQTI;Q2;Rodrigo da Silva dos Reis Santos;27/03/2025;;1
22946354;Teste Funcional;Novo;CB003 - Cobrança Modernização;"Falhando o Caso de Teste ""CT_QLD_Matriz_de_acesso - Cadastro_do_beneficiário - Guia_Permissão_ Perfil_GCB_REDE_COM_FUNÇÃO""";SIGCB;Cobrança e Operações Bancárias;Sem Atuação da GEQTI;Q2;Rodrigo da Silva dos Reis Santos;27/03/2025;;1
22946618;Teste Funcional;Implantado;PS004 - SIPBF - Ateste Bolsa Familia;[Aceite - Cód - HU1131 - SIPBF - Online - Altera parâmetro e histórico de formulário de parâmetro de benefícios sociais - Alterar Parâmetros Anteriores do Benefício] - Não permite alterar parâmetro anterior para o benefício BPI;SIPBF;Programas Sociais;Sem Atuação da GEQTI;Q1;Elma de Assis Pereira;27/03/2025;24/04/2025;1
22947061;Defeito;Pronto;CD059 - Atendimento ao Marketing;[SPA] - [INTRANET] - [CADASTRO] - (DEFEITO) Revisão de layout componente manter Usuário;SISAM;Clientes;Sem Atuação da GEQTI;Q1;Fabio Seixas Sales;27/03/2025;;1
22947081;Defeito;Pronto;CD059 - Atendimento ao Marketing;[SPA] - [INTRANET] - [CADASTRO] - (DEFEITO) Revisão de layout componente listar Tipo de Conteúdo;SISAM;Clientes;Sem Atuação da GEQTI;Q1;Fabio Seixas Sales;27/03/2025;;1
22947090;Defeito;Pronto;CD059 - Atendimento ao Marketing;[SPA] - [INTRANET] - [CADASTRO] - (DEFEITO) Revisão de layout componente manter Tipo de Conteudo;SISAM;Clientes;Sem Atuação da GEQTI;Q1;Fabio Seixas Sales;27/03/2025;;1
22947096;Defeito;Pronto;CD059 - Atendimento ao Marketing;[SPA] - [INTRANET] - [CADASTRO] - (DEFEITO) Revisão de layout componente manter Fornecedor;SISAM;Clientes;Sem Atuação da GEQTI;Q1;Fabio Seixas Sales;27/03/2025;;1
22947102;Defeito;Pronto;CD059 - Atendimento ao Marketing;[SPA] - [INTRANET] - [CADASTRO] - (DEFEITO) Revisão de layout componente manter Categoria;SISAM;Clientes;Sem Atuação da GEQTI;Q1;Fabio Seixas Sales;27/03/2025;;1
22949047;Teste Funcional;Pronto;CI010 - PDI Fundos de investimento;[QUARKUS] [CEGTI] | SIPDI - Módulo SIPDI-api-termo-autorizadores -  Consulta Serviços de Investimento por Cliente - GET (Registra Transação);SIPDI;Câmbio, Investimentos e Mercado de Capitais;Sem Atuação da GEQTI;Q3;Patricia Donizete Alves Viana;28/03/2025;;1
22949547;Defeito;Implantado;OF005 - SIINP - INICIADORA DE PAGAMENTOS;[TQS] Inconsistência no Horário dentro da exportação do consulta analítica;SIINP;Box Open Finance;Sem Atuação da GEQTI;Q3;Miguel Batista da Silva Neto;28/03/2025;22/04/2025;1
22949861;Teste Funcional;Pronto;DI008 - APP CAIXA - Investimentos;[SINBM Nativo] [Android] Home Fundos de Investimento_QLD_DEF_Elementos_Tela_Android;SINBM;Box Conta Digital;Sem Atuação da GEQTI;Q1;Andreia de Lima Campos;28/03/2025;;1
22950808;Teste Funcional;Pronto;DI008 - APP CAIXA - Investimentos;[SINBM Nativo] [Android] Home - trackeamento - QLD_DEF_Eventos screen name e subjornada;SINBM;Box Conta Digital;Sem Atuação da GEQTI;Q1;Andreia de Lima Campos;28/03/2025;;1
22950845;Teste Funcional;Em Desenvolvimento;FD005 - SIFPP - Fomento e Políticas Públicas;Alteração Forma de Pagamento - só deve permitir caso não haja informação de data de OS nas pós pagas ou informação de cobrança nas pré pagas;SIFPP;Fomento e Depósitos Judiciais;Sem Atuação da GEQTI;Q1;Marcos Martins de Lima;28/03/2025;;1
22951184;Teste de Regressão;Novo;;Botão 'Voltar' Exibindo Texto Incorreto ('Back');SINBM;Box Conta Digital;Sem Atuação da GEQTI;Q1;Luiz Gabriel de Melo Mauricio;28/03/2025;;1
22951282;Teste Funcional;Novo;CB003 - Cobrança Modernização;DEFEITO: SIGCB - Modernização do SIGCB - AD018 - Construção 172 - Matriz de acesso - Cadastro do beneficiário - Guia Geral;SIGCB;Cobrança e Operações Bancárias;Sem Atuação da GEQTI;Q2;Simone da Conceicao de Oliveira;28/03/2025;;1
22951328;Teste Funcional;Novo;CB003 - Cobrança Modernização;"Falhando o Caso de Teste ""CT_QLD_Matriz_de_acesso - Cadastro_do_beneficiário - Guia_Boletos_ Perfil_GCB_REDE_COM_FUNÇÃO""";SIGCB;Cobrança e Operações Bancárias;Sem Atuação da GEQTI;Q2;Rodrigo da Silva dos Reis Santos;28/03/2025;;1
22951338;Defeito;Novo;PS005 - Tarifas - Gestão Financeira Pagtos Sociais;Defeito: Estorno na Contabilização;SISGF;Programas Sociais;Sem Atuação da GEQTI;Q1;Daniel Elias Araujo;28/03/2025;;1
22951946;Teste de Regressão;Novo;LT011 - Novos Jogos;[SISPL2] - Premiar bilhete Super Sete;SISPL;Loterias e Canais Parceiros;Sem Atuação da GEQTI;Q4;Afonso Henrique Castro Ferreira;28/03/2025;;1
22952105;Defeito;Pronto;PS015 - Portal do Cidadão;SICBS - A11Y - Card Genérico com diversos benefícios geridos através do PBS - Defeitos Acessibilidade;SICBS;Programas Sociais;Sem Atuação da GEQTI;Q1;Rafael Alves de Medeiros;28/03/2025;;1
22953037;Teste Funcional;Implantado;CI044 - Ações Online - Demandas Estruturantes;[CEGTI] - SINAC - HU 22903556 - Tratamento de Atualização em dados não existentes no SINACOR - Situação Financeira Patrimonial - ERRO - ALT MARCA 73 NAO PROCESSA;SINAC;Câmbio, Investimentos e Mercado de Capitais;Sem Atuação da GEQTI;Q2;Gustavo Nogueira Malaquias;28/03/2025;28/03/2025;1
22953065;Teste Funcional;Implantado;CI044 - Ações Online - Demandas Estruturantes;[CEGTI] - SINAC - INCLUSAO DE CADASTRO DO SINAC PARA SINACOR VIA API;SINAC;Câmbio, Investimentos e Mercado de Capitais;Sem Atuação da GEQTI;Q2;Gustavo Nogueira Malaquias;28/03/2025;28/03/2025;1
22960459;Teste Funcional;Em Desenvolvimento;CB003 - Cobrança Modernização;DEFEITO: GESQI- HU 22852306 - Construção 176-Matriz de acesso-Cadastrodobeneficiário-GuiaBoletos;SIGCB;Cobrança e Operações Bancárias;Sem Atuação da GEQTI;Q2;Simone da Conceicao de Oliveira;31/03/2025;;1
22961244;Teste Funcional;Pronto;CI010 - PDI Fundos de investimento;[QUARKUS] [CEGTI] | SIPDI - Módulo SIPDI-api-termo-autorizadores - Adesão Serviço de Pre Autorizacao para Aplicação - POST (Registra Transação);SIPDI;Câmbio, Investimentos e Mercado de Capitais;Sem Atuação da GEQTI;Q3;Patricia Donizete Alves Viana;31/03/2025;;1
22961898;Teste Funcional;Pronto;CI010 - PDI Fundos de investimento;[QUARKUS] [CEGTI] | SIPDI - Módulo SIPDI-api-termo-autorizadores - Adesão Serviço de Pre Autorizacao para Aplicação - POST (Registra Transação);SIPDI;Câmbio, Investimentos e Mercado de Capitais;Sem Atuação da GEQTI;Q3;Patricia Donizete Alves Viana;31/03/2025;;1
22962054;Teste Funcional;Novo;DI008 - APP CAIXA - Investimentos;[SINBM Nativo] [Android] Fundos de Investimento - Movimentações_QLD_DEF_Componentes e Comportamentos;SINBM;Box Conta Digital;Sem Atuação da GEQTI;Q1;Andreia de Lima Campos;31/03/2025;;1
22963019;Teste Funcional;Pronto;PE020 - App Saúde CAIXA;[CEGTI] - iOS- SIMSC - CERTIF - Consulta- Cancelamento Dependente;SIMSC;Pessoas;Sem Atuação da GEQTI;Q3;Naim Ferreira dos Santos;31/03/2025;;1
22963195;Teste Funcional;Novo;CD017 - Informações Compartilhadas;API - Retornar Correspondentes Unidade - cenários já automatizados;SIICO;Clientes;Sem Atuação da GEQTI;Q4;Kelly Teixeira Cardoso;31/03/2025;;1
22963434;Teste Funcional;Novo;CB003 - Cobrança Modernização;"Falhando o Caso de Teste ""CT_QLD_Matriz_de_acesso - Cadastro_do_beneficiário - Guia_Boletos_ Perfil_GCB_REDE_COM_FUNÇÃO""";SIGCB;Cobrança e Operações Bancárias;Sem Atuação da GEQTI;Q2;Rodrigo da Silva dos Reis Santos;31/03/2025;;1
22964322;Teste Funcional;Implantado;PS032 - SIPDM - Investimentos Pe De Meia;[SIPDM - DEFEITO - CÓDIGO - CTM_19_QLD_FB_Validar campo Identificador do Registro referente ao  Header do layout: (Posição, Tamanho, campo, descrição, formato, valores possíveis, obrigatoriedade) - Os dados estão sendo gravados na base mesmo o camp;SIPDM;Programas Sociais;Sem Atuação da GEQTI;Q1;Rhayk Vinicius Damacena Alves;31/03/2025;28/04/2025;1
22967364;Defeito;Implementado;FG035 -  SIAFF - Fundos de Financiamento;FCA - Defeito - Cadastrar TCCA (Versão Candidata)  ;SIAFF;Fundos de Governo;Sem Atuação da GEQTI;Q1;Pedro Henrique da Silva Subtil;01/04/2025;;1
22967769;Teste Funcional;Pronto;LT011 - Novos Jogos;SISPL - TFL - Erro, apesar de marcado como, o sistema não entende o volante com bolão. (SUPER 7 & +MILIONÁRIA).;SISPL;Loterias e Canais Parceiros;Sem Atuação da GEQTI;Q4;Dario Douglas Alves Araujo;01/04/2025;;1
22968197;Teste Funcional;Pronto;CI010 - PDI Fundos de investimento;[QUARKUS] [CEGTI] | SIPDI - Módulo SIPDI-api-termo-autorizadores - Adesão Serviço de Pre Autorizacao para Aplicação - POST (Registra Transação);SIPDI;Câmbio, Investimentos e Mercado de Capitais;Sem Atuação da GEQTI;Q3;Patricia Donizete Alves Viana;01/04/2025;;1
22968372;Teste Funcional;Pronto;LT003 - Canal Lotérico - Evoluções;[ESCLARECIMENTO] Total recebido do ATENDIMENTO é preenchido quando acionado o CPF do portador do recurso.;SISPL;Loterias e Canais Parceiros;Sem Atuação da GEQTI;Q4;Garden Coraci Loriano das Neves;01/04/2025;;1
22968578;Teste Funcional;Pronto;CI010 - PDI Fundos de investimento;[QUARKUS] [CEGTI] | SIPDI - Módulo SIPDI-api-termo-autorizadores - Adesão Serviço de Pre Autorizacao para Aplicação - POST (Registra Transação);SIPDI;Câmbio, Investimentos e Mercado de Capitais;Sem Atuação da GEQTI;Q3;Patricia Donizete Alves Viana;01/04/2025;;1
22968903;Teste Funcional;Pronto;LT003 - Canal Lotérico - Evoluções;Carrinho_Compras: A aplicação apresenta mensagem de devolução para PIX já devolvido e não finaliza;SISPL;Loterias e Canais Parceiros;Sem Atuação da GEQTI;Q4;Marisa Yumi Takagi;01/04/2025;;1
22968952;Teste Funcional;Pronto;LT003 - Canal Lotérico - Evoluções;[ERRO AMBIENTE] Aplicação apresenta erro na tela do CPF do portador do recurso.;SISPL;Loterias e Canais Parceiros;Sem Atuação da GEQTI;Q4;Garden Coraci Loriano das Neves;01/04/2025;;1
22968969;Defeito;Pronto;ES022 - Administração de Dados e Banco de Dados;Pré-validação de modelo de dados à nível de índice - Ajustar funcionamento das regras de negócio 092, 094 e 138;SIAGT;Estruturantes de TI;Sem Atuação da GEQTI;Q1;Marcela Alicia Alarcon Gallardo;01/04/2025;;1
22969163;Teste Funcional;Pronto;CI010 - PDI Fundos de investimento;[QUARKUS] [CEGTI] | SIPDI - Módulo SIPDI-api-termo-autorizadores - Desativação Serviço Pré-Autorização Aplicação - PUT (Registra Transação);SIPDI;Câmbio, Investimentos e Mercado de Capitais;Sem Atuação da GEQTI;Q3;Patricia Donizete Alves Viana;01/04/2025;;1
22969197;Defeito;Implementado;FG035 -  SIAFF - Fundos de Financiamento;FCA - Defeito - Editar TCCA (Versão Candidata)  ;SIAFF;Fundos de Governo;Sem Atuação da GEQTI;Q1;Pedro Henrique da Silva Subtil;01/04/2025;;1
22969209;Defeito;Pronto;FG035 -  SIAFF - Fundos de Financiamento;FCA - Defeito - Consultar TCCA (Versão Candidata)  ;SIAFF;Fundos de Governo;Sem Atuação da GEQTI;Q1;Pedro Henrique da Silva Subtil;01/04/2025;;1
22969649;Defeito;Preparado;FG023 - FCVS Garantias;SIFCG > Defeitos Mód Regulação em TQS - 01/04/2025;SIFCG;Fundos de Governo;Sem Atuação da GEQTI;Q1;Rodrigo de David Bortolotto;01/04/2025;;1
22970076;Teste Funcional;Pronto;LT003 - Canal Lotérico - Evoluções;Letras com caracteres especiais entre as palavras nos bolões digitais;SISPL;Loterias e Canais Parceiros;Sem Atuação da GEQTI;Q4;Garden Coraci Loriano das Neves;01/04/2025;;1
22970341;Teste Funcional;Implementado;PE020 - App Saúde CAIXA;[CEGTI] - iOS- SIMSC - CERTIF - Pedidos - SIAGS;SIMSC;Pessoas;Sem Atuação da GEQTI;Q3;Naim Ferreira dos Santos;01/04/2025;;1
22970918;Defeito;Implantado;DC020 - Squad 3 - TLegado - SIDMF;SIDMF - API extrato bancário - Transferegov (Ajustes nos campos da API);SIDMF;Depósitos e Captação;Sem Atuação da GEQTI;Q2;Marcos Goncalves Junior;01/04/2025;07/04/2025;1
22971043;Defeito;Aceito;PS028 - Farmacia Popular;NOVO SIFAP - Erro - Permitir anexo de documentos até 35MB;SIFAP;Programas Sociais;Sem Atuação da GEQTI;Q1;Monique Roberta Oliveira Riede;01/04/2025;;1
22971091;Defeito;Implantado;CR017 - SIGEC Comercial;SIGEC COM - INC000009433122 - CTRLM-SIGEC-GEC41MZA-ABEND;SIGEC;Crédito Comercial e Agronegócio;Sem Atuação da GEQTI;Q2;Jander Ricardo Garcia Marques;01/04/2025;15/04/2025;1
22971284;Teste Funcional;Implantado;CI044 - Ações Online - Demandas Estruturantes;[CEGTI] - SINAC - ALTERAÇÃO DADOS CADASTRAIS INVESTIDOR API SINAC X SINACOR;SINAC;Câmbio, Investimentos e Mercado de Capitais;Sem Atuação da GEQTI;Q2;Gustavo Nogueira Malaquias;01/04/2025;01/04/2025;1
22973274;Defeito;Pronto;ES022 - Administração de Dados e Banco de Dados;Pré-validação de modelo de dados à nível de tabela - Ajustar funcionamento da regra de negócio 140;SIAGT;Estruturantes de TI;Sem Atuação da GEQTI;Q1;Marcela Alicia Alarcon Gallardo;02/04/2025;;1
22973314;Defeito;Pronto;ES022 - Administração de Dados e Banco de Dados;Pré-validação de modelo de dados à nível de coluna - Ajustar funcionamento da regra de negócio 064;SIAGT;Estruturantes de TI;Sem Atuação da GEQTI;Q1;Marcela Alicia Alarcon Gallardo;02/04/2025;;1
22974038;Defeito;Em Desenvolvimento;CA030 - SICBP - Plataforma Correspondentes Bancários;SICBP - Correções para a POC (Navbar, Identificação Positiva);SICBP;Canais Físicos;Sem Atuação da GEQTI;Q1;Marcelo Miney Mendes;02/04/2025;;1
22974462;Teste Funcional;Pronto;LT003 - Canal Lotérico - Evoluções;A efl não esta reiniciando quando o servidor é reiniciado de um dia para o outro;SISPL;Loterias e Canais Parceiros;Sem Atuação da GEQTI;Q4;Patricia de Oliveira Santos;02/04/2025;;1
22974589;Defeito;Novo;FG041 - SIFEP Financeiro;[SIFEP] [Financeiro] [Evolução Financeira Fundo FEP] - Ajustes no item HISTÓRICO SISFIN - Permitir edição do sequencial e outros ajustes;SIFEP;Fundos de Governo;Sem Atuação da GEQTI;Q1;Guilherme Coelho Penalva da Silva;02/04/2025;;1
22974608;Teste Funcional;Pronto;LT003 - Canal Lotérico - Evoluções;Carrinho_Compras: Após cair por time out a tela de ATENDIMENTO a aplicação dar Erro quando passa Volante para jogos;SISPL;Loterias e Canais Parceiros;Sem Atuação da GEQTI;Q4;Emerson Rogerio Ferreira;02/04/2025;;1
22974893;Teste Funcional;Em Refinamento;LT011 - Novos Jogos;"[BACKLOG DE PRODUÇÃO] SISPL - TFL - Erro, ao gerar a pendência de aposta para ""estorno automático"" a TFL fica travada sem logar e apresenta mensagem de pendência de impressão.";SISPL;Loterias e Canais Parceiros;Sem Atuação da GEQTI;Q4;Dario Douglas Alves Araujo;02/04/2025;;1
22974989;Teste Funcional;Pronto;CA009 - SISAG Automação Bancária;[TEV] Envio do Número do Cartão ao SIAAF - E.F. - TEV ESTÁ IMPRIMINDO NO RAUT INDEVIDAMENTE.(Já Implementado);SISAG;Canais Físicos;Sem Atuação da GEQTI;Q4;Gisele de Barros Cerqueira;02/04/2025;;1
22975048;Teste Funcional;Pronto;CA009 - SISAG Automação Bancária;[TEV] Envio do Número do Cartão ao SIAAF - E.F. - PRODUTO IMPRESSO NA LINHA NÃO LANÇAMENTOS.(Já Implementado);SISAG;Canais Físicos;Sem Atuação da GEQTI;Q4;Gisele de Barros Cerqueira;02/04/2025;;1
22975072;Defeito;Preparado;CA011 - SISAG Modernização - Micro Front-ends;[DEFEITO] FALHA NO REGISTRO DOS DADOS DO PROCURADOR NA CONFIRMAÇÃO E COMPROVANTE;SISAG;Canais Físicos;Sem Atuação da GEQTI;Q4;Carina Mendonca Becker;02/04/2025;;1
22975205;Teste Funcional;Pronto;LT003 - Canal Lotérico - Evoluções;[ESCLARECIMENTO] Carrinho_Compras: O arquivo PLD apresenta Pagamento de Prêmio da Mais Milionária e o estorno de aposta simples também;SISPL;Loterias e Canais Parceiros;Sem Atuação da GEQTI;Q4;Marisa Yumi Takagi;02/04/2025;;1
22975320;Teste Funcional;Pronto;CI010 - PDI Fundos de investimento;[QUARKUS] [CEGTI] | SIPDI - Módulo SIPDI-api-termo-autorizadores - Aceite de Termo de Risco - POST (Retorno ao Canal);SIPDI;Câmbio, Investimentos e Mercado de Capitais;Sem Atuação da GEQTI;Q3;Patricia Donizete Alves Viana;02/04/2025;;1
22975338;Defeito;Novo;FD009 - SIAPO - Controle Orçamentário do FGTS;"[QA] - Botão ""Salvar"" habilitado na tela de Rentabilidade de Orçamento";SIAPO;Fomento e Depósitos Judiciais;Sem Atuação da GEQTI;Q1;Rosangela Aparecida Menha;02/04/2025;;1
22975360;Teste Funcional;Pronto;FD005 - SIFPP - Fomento e Políticas Públicas;Após limpar as informações de Recebimento Tarifa em Atraso e Recebimento Tarifa, não sensibilizou na movimentação contábil (A26);SIFPP;Fomento e Depósitos Judiciais;Sem Atuação da GEQTI;Q1;Marcos Martins de Lima;02/04/2025;;1
22975436;Teste Funcional;Pronto;LT003 - Canal Lotérico - Evoluções;[ATUALIZAÇÃO DO REQUISITO] Carrinho_Compras: Descrição incompleta no arquivo PLD;SISPL;Loterias e Canais Parceiros;Sem Atuação da GEQTI;Q4;Marisa Yumi Takagi;02/04/2025;;1
22975757;Teste Funcional;Aceito;BR047 - Serviços Conta;SINBM - HU22426404 - [Android] - QLD_DEF - RELEASE - [SINBM] [HU] [Android] - CSAT - Ajustes modularização do CSAT;SINBM;Box Relacionamento Digital;Sem Atuação da GEQTI;Q1;Edmilson Bernardinelli;02/04/2025;;1
22975781;Teste Funcional;Novo;PE010 - Sou CAIXA;[CEGTI] - Web - SIGPM - QLD - APIP/LP;SIGPM;Pessoas;Sem Atuação da GEQTI;Q1;Naim Ferreira dos Santos;02/04/2025;;1
22975944;Teste Funcional;Pronto;LT003 - Canal Lotérico - Evoluções;Aplicação solicita para finalização do atendimento a senha do supervisor/proprietário apenas uma vez.;SISPL;Loterias e Canais Parceiros;Sem Atuação da GEQTI;Q4;Garden Coraci Loriano das Neves;02/04/2025;;1
22976101;Defeito;Pronto;LT003 - Canal Lotérico - Evoluções;[ATUALIZAÇÃO DO REQUISITO] Carrinho_Compras: O botão Finalizar Atendimento fica habilitado após retirar um item do atendimento;SISPL;Loterias e Canais Parceiros;Sem Atuação da GEQTI;Q4;Marisa Yumi Takagi;02/04/2025;;1
22976165;Teste Funcional;Pronto;CI010 - PDI Fundos de investimento;[QUARKUS] [CEGTI] | SIPDI - Módulo SIPDI-api-termo-autorizadores - Aceite de Termo de Risco - POST (Retorno ao Canal);SIPDI;Câmbio, Investimentos e Mercado de Capitais;Sem Atuação da GEQTI;Q3;Patricia Donizete Alves Viana;02/04/2025;;1
22976182;Defeito;Implantado;OF005 - SIINP - INICIADORA DE PAGAMENTOS;[TQS] Inconsistência - Rotina INP04 - Incompatibilidade de tipo;SIINP;Box Open Finance;Sem Atuação da GEQTI;Q3;Miguel Batista da Silva Neto;02/04/2025;25/04/2025;1
22976567;Defeito;Aceito;FG006 - Arrecadação;FGTS Digital - Convivência de Guias - Crítica DT ABERTURA;SISFG;Fundos de Governo;Sem Atuação da GEQTI;Q1;Thais Pereira da Silva;02/04/2025;;1
22976753;Defeito;Aceito;PE014 - Score;"Ajustar status ""null"" de pontuação de função processada  ";SISKO;Pessoas;Sem Atuação da GEQTI;Q1;Wamilla Rodrigues de Sena Maia;02/04/2025;;1
22976916;Teste Funcional;Não Aceito;LT003 - Canal Lotérico - Evoluções;[ATUALIZAR REQUISITO] Carrinho_Compras: Mensagem divergente para devolução de PIX Pagamento;SISPL;Loterias e Canais Parceiros;Sem Atuação da GEQTI;Q4;Marisa Yumi Takagi;02/04/2025;;1
22977290;Defeito;Pronto;CR043 - SIAPX - Crédito Consignado;GEFCO03 - CR0043 - SIAPX - GEFCO - DEFEITO - ERRO NO VALOR DA BASE DE CALCULO DA PARCELA;SIAPX;Crédito Comercial e Agronegócio;Sem Atuação da GEQTI;Q1;Marcellus Pacheco Santos;02/04/2025;;1
22977301;Defeito;Preparado;CI010 - PDI Fundos de investimento;"[DEFEITO TQS] SIPDI - Serviço ""Consulta Extrato Mensal de Fundos de Investimento"" (IB 22043372) - SIPDI não está enviando a quantidade de casas decimais conforme HU nos campos citados na descrição.";SIPDI;Câmbio, Investimentos e Mercado de Capitais;Sem Atuação da GEQTI;Q3;Marcos Vieira dos Santos;02/04/2025;;1
22977488;Teste Funcional;Preparado;CA009 - SISAG Automação Bancária;Relatório SIEC - Com informações desalinhadas.;SISAG;Canais Físicos;Sem Atuação da GEQTI;Q4;Ivete Valgas Wilbert;02/04/2025;;1
22979905;Teste Funcional;Pronto;LT003 - Canal Lotérico - Evoluções;Carrinho_Compras: A TFL apresenta a mensagem que precisa ser reiniciada mas não reinicia;SISPL;Loterias e Canais Parceiros;Sem Atuação da GEQTI;Q4;Marisa Yumi Takagi;03/04/2025;;1
22980068;Defeito;Pronto;PS028 - Farmacia Popular;SIFAP - Erro - Indisponibilidade de download do RTA para assinatura em lote;SIFAP;Programas Sociais;Sem Atuação da GEQTI;Q1;Sarah Raquel de Lima Fernandes;03/04/2025;;1
22980509;Teste Funcional;Novo;;[Aceite - Cód - HU1038 - Alterar Parametros Vigentes do Beneficio BCJ_Campo Obrigatorio_Renda maxima para Concessao] - Ao clicar em Salvar, é apresentada a popup para a confirmação de alteração mesmo com obrigatoriedade no campo;SIPBF;Programas Sociais;Sem Atuação da GEQTI;Q1;Eliane Francisca de Oliveira Ferreira;03/04/2025;;1
22981240;Teste de Regressão;Implantado;MP028 - [PIX] DICT BACEN;"Falhando o Caso de Teste ""CT_CERTIF_DF007_CE_Enviar_Enviar_Pagamento_Instantaneo_Entre_Contas_Caixa_Campos_Obrigatorios""";SISPI;Meios de Pagamento;Sem Atuação da GEQTI;Q4;Absalon Teixeira do Rego Junior;03/04/2025;07/04/2025;1
22981519;Defeito;Em Refinamento;CI017 - Tesouraria - SISFIN-SP Sustentação legado;SISFIN/SP - CELCC01 - BOLETA CANCELADA NO SISFIN - CONTEÚDO INVÁLIDO - 02/04/2025;SISFI;Câmbio, Investimentos e Mercado de Capitais;Sem Atuação da GEQTI;Q2;Karine Paula Barbosa Patroni;03/04/2025;;1
22982358;Teste Funcional;Aceito;PS032 - SIPDM - Investimentos Pe De Meia;[SIPDM - DEFEITO - CÓDIGO - CTM_03_QLD_FB_Validar arquivo com as informações esperadas para cada estudante) - Não está registrando as informações na base;SIPDM;Programas Sociais;Sem Atuação da GEQTI;Q1;Rhayk Vinicius Damacena Alves;03/04/2025;;1
22982775;Teste Funcional;Aceito;RC012 - Negócios Sustentáveis;SISNS - Penalidade duplicada - C119482 - MARKENIA DE LIMA ANDRADE;SISNS;Risco, Compliance e Adimplência;Sem Atuação da GEQTI;Q1;Roney Pereira do Nascimento;03/04/2025;;1
22982935;Defeito;Novo;PS028 - Farmacia Popular;NOVO SIFAP - Erro - Não está sendo possível realizar download de documentos com até 35MB;SIFAP;Programas Sociais;Sem Atuação da GEQTI;Q1;Monique Roberta Oliveira Riede;03/04/2025;;1
22983005;Teste Funcional;Pronto;PE020 - App Saúde CAIXA;[CEGTI] - Android - SIMSC - QLD - Rede credenciada - Ao filtrar nome do estado é alterado;SIMSC;Pessoas;Sem Atuação da GEQTI;Q3;Fernando Rodrigues;03/04/2025;;1
22983100;Teste Funcional;Implantado;DC012 - Sustentação NSGD BR;Falhando geração de arquivo %%HALIAS%%.D52.MZ.BDD2.ID52PABN.D%%ODATE.FFIPAB - CSU027  ;SID52;Depósitos e Captação;Sem Atuação da GEQTI;Q3;Allisson Vagne Souza de Lima;03/04/2025;10/04/2025;1
22983536;Defeito;Pronto;ES022 - Administração de Dados e Banco de Dados;Pré-validação de modelo de dados à nível de tabela - Ajustar funcionamento das regras de negócio 044 e 139;SIAGT;Estruturantes de TI;Sem Atuação da GEQTI;Q1;Marcela Alicia Alarcon Gallardo;03/04/2025;;1
22983617;Teste Funcional;Pronto;FD005 - SIFPP - Fomento e Políticas Públicas;"Ao gerar o ofício de ateste apresentou a mensagem ""N° de Ofício informado já existe. Favor verificar.""";SIFPP;Fomento e Depósitos Judiciais;Sem Atuação da GEQTI;Q1;Marcos Martins de Lima;03/04/2025;;1
22983759;Teste Funcional;Preparado;CA009 - SISAG Automação Bancária;Consulta Saldo Conta Judicial - Não está sendo apresentada conforme  DI(Já Implementado);SISAG;Canais Físicos;Sem Atuação da GEQTI;Q4;Renato Alves de Oliveira;03/04/2025;;1
22983961;Defeito;Em Desenvolvimento;CI010 - PDI Fundos de investimento;[DEFEITO SIPDI TQS] - Serviço “Aplicação em Fundos de Investimentos” - Nas aplicações com produto do SIGFA, aparecem dois registros de transação do SIPDI para o canal, com conteúdos diferentes.;SIPDI;Câmbio, Investimentos e Mercado de Capitais;Sem Atuação da GEQTI;Q3;Marcos Vieira dos Santos;03/04/2025;;1
22984009;Defeito;Implementado;CI010 - PDI Fundos de investimento;[DEFEITO SIPDI TQS] - Serviço “Aplicação em Fundos de Investimentos” - Nas chamadas ao serviço de aplicação com algum dado inválido, não é apresentado o registro de transação do SIPDI para o canal.;SIPDI;Câmbio, Investimentos e Mercado de Capitais;Sem Atuação da GEQTI;Q3;Marcos Vieira dos Santos;03/04/2025;;1
22984134;Defeito;Pronto;FD009 - SIAPO - Controle Orçamentário do FGTS;[QA] - Ajustar alinhamento da tela de Valores de Índice quando Índice Calculado;SIAPO;Fomento e Depósitos Judiciais;Sem Atuação da GEQTI;Q1;Rosangela Aparecida Menha;03/04/2025;;1
22984404;Defeito;Pronto;FD009 - SIAPO - Controle Orçamentário do FGTS;[QA] Analisar os campos de filtro da tela de Valores de Subconta;SIAPO;Fomento e Depósitos Judiciais;Sem Atuação da GEQTI;Q1;Rosangela Aparecida Menha;03/04/2025;;1
22987422;Teste Funcional;Pronto;CI010 - PDI Fundos de investimento;[QUARKUS] [CEGTI] | SIPDI - Módulo SIPDI-api-termo-autorizadores - Aceite de Termo de Risco - POST (Registro de Transação);SIPDI;Câmbio, Investimentos e Mercado de Capitais;Sem Atuação da GEQTI;Q3;Patricia Donizete Alves Viana;04/04/2025;;1
22988274;Teste Funcional;Novo;DI008 - APP CAIXA - Investimentos;[SINBM Nativo] [Android] Fundos de Investimento - Detalhar Movimentações - QLD_DEF - Ajustes na tela e Trackeamento;SINBM;Box Conta Digital;Sem Atuação da GEQTI;Q1;Reuben de Aquino Moraes;04/04/2025;;1
22989798;Teste Funcional;Novo;CA013 - SISAG Validação - Homologação;teste;SISAG;Canais Físicos;Sem Atuação da GEQTI;Q4;Danielle Carrer Lima;04/04/2025;;1
22989948;Teste Funcional;Pronto;CI010 - PDI Fundos de investimento;[QUARKUS] [CEGTI] | SIPDI - Módulo SIPDI-api-termo-autorizadores - Autoriza Aplicação - GET (Registro de Transação);SIPDI;Câmbio, Investimentos e Mercado de Capitais;Sem Atuação da GEQTI;Q3;Patricia Donizete Alves Viana;04/04/2025;;1
22990215;Teste Funcional;Novo;PE019 - Autoatendimento Saúde;[CEGTI] - SIASC - CERTIF - Defeito - Administração Consultar Pedidos - Ao realizar pesquisa o sistema está retornando mensagem de erro - Internet / Intranet;SIASC;Pessoas;Sem Atuação da GEQTI;Q3;Jonas dos Santos Sousa;04/04/2025;;1
22991186;Teste Funcional;Preparado;CA009 - SISAG Automação Bancária;Desbloqueio de Formulário Contínuo em EF - Fita de Auditoria apresentando linha em branco.;SISAG;Canais Físicos;Sem Atuação da GEQTI;Q4;Ivete Valgas Wilbert;04/04/2025;;1
22991957;Teste Funcional;Novo;BR046 - Plataforma Release Train;SINBM - HU22426404 - [Android] - QLD_DEF - RELEASE - SINBM [Android] - Exibição do Apelidos nas Contas;SINBM;Box Relacionamento Digital;Sem Atuação da GEQTI;Q1;Edmilson Bernardinelli;04/04/2025;;1
22992026;Teste de Regressão;Implantado;MP027 - [PIX] SIMPI - Mensageria e Integração;"Falhando o Caso de Teste ""CT_CERTIF_DF001_Criar_Chave_EVP_Generico""";SIMPI;Meios de Pagamento;Sem Atuação da GEQTI;Q4;Amanda Karen de Oliveira Costa;04/04/2025;07/04/2025;1
22993836;Defeito;Pronto;FD009 - SIAPO - Controle Orçamentário do FGTS;"[QA] - Mapeamentos - Botão 'CALCULAR RESULTADOS' -  Notificação permanentemente com status = ""Aguardando processamento""";SIAPO;Fomento e Depósitos Judiciais;Sem Atuação da GEQTI;Q1;Ana Lucia Mendes de Souza Gomes;05/04/2025;;1
23004216;Defeito;Implantado;CD037 - SAC;SISOU - DEFEITO - Relatório -Analítico de Ocorrência;SISOU;Clientes;Sem Atuação da GEQTI;Q3;Danielle Belo de Araujo Gomes;06/04/2025;10/04/2025;1
23008527;Defeito;Implantado;CD037 - SAC;SISOU - SAC - Painel de Controle - Transferência de ocorrência entre grupos;SISOU;Clientes;Sem Atuação da GEQTI;Q3;Danielle Belo de Araujo Gomes;07/04/2025;11/04/2025;1
23008585;Defeito;Aceito;FG026 - Migração e Convivência;FGTS DIGITAL - Acerto na Convivência para execução com Reprocessamento Automático ANTES da disponibilização de guias;SIFUG;Fundos de Governo;Sem Atuação da GEQTI;Q1;Rubens Bravo Goncalves;07/04/2025;;1
23008720;Teste Funcional;Pronto;CA009 - SISAG Automação Bancária;Recebimento de boleto Com Código de Barras - Perda de Foco Boleto VR;SISAG;Canais Físicos;Sem Atuação da GEQTI;Q4;Adalberto Ribeiro Lima;07/04/2025;;1
23008957;Teste Funcional;Implantado;PS032 - SIPDM - Investimentos Pe De Meia;[SIPDM - DEFEITO - CÓDIGO - Não foi realizada a carga na tabela 002_Parcela_Benefício;SIPDM;Programas Sociais;Sem Atuação da GEQTI;Q1;Rhayk Vinicius Damacena Alves;07/04/2025;30/04/2025;1
23009089;Teste Funcional;Preparado;CA009 - SISAG Automação Bancária;[TEV] Envio do Número do Cartão ao SIAAF - ARQUIVO COM UM ZERO QUANDO NÃO UTILIZADO CARTÃO MAGNÉTICO.;SISAG;Canais Físicos;Sem Atuação da GEQTI;Q4;Gisele de Barros Cerqueira;07/04/2025;;1
23009171;Teste Funcional;Preparado;CA009 - SISAG Automação Bancária;PROVISIONAMENTO - Manutenção Tabela de Parâmetros - Inconsistências de informações nas ABAS.;SISAG;Canais Físicos;Sem Atuação da GEQTI;Q4;Ivete Valgas Wilbert;07/04/2025;;1
23009505;Teste Funcional;Preparado;CA009 - SISAG Automação Bancária;Recebimento de boleto Com Código de Barras (AI) - Sistema não grava o Autorizador no Log Único nem na Trilha de auditoria do Boleto VR(Já Implementado);SISAG;Canais Físicos;Sem Atuação da GEQTI;Q4;Adalberto Ribeiro Lima;07/04/2025;;1
23010171;Teste Funcional;Em Desenvolvimento;FD005 - SIFPP - Fomento e Políticas Públicas;A26 - Movimentação Contábil - No Relatório de Conciliação não registrou o Valor Recebido Total e registrou o equivalente à Tarifa Bruta no Valor Recebido Líquido   ;SIFPP;Fomento e Depósitos Judiciais;Sem Atuação da GEQTI;Q1;Marcos Martins de Lima;07/04/2025;;1
23010420;Teste Funcional;Pronto;FD005 - SIFPP - Fomento e Políticas Públicas;SIFPP - Execução Seviço - Não está aceitando informar data dos tributos por digitação;SIFPP;Fomento e Depósitos Judiciais;Sem Atuação da GEQTI;Q1;Marcos Martins de Lima;07/04/2025;;1
23010554;Defeito;Pronto;CR016 - SIGEC Portabilidade;CR016 - SIGEC Portabilidade - DEFEITO - Erro na chamada da prospecção de conta salário em DES;SIGEC;Crédito Comercial e Agronegócio;Sem Atuação da GEQTI;Q2;Jander Ricardo Garcia Marques;07/04/2025;;1
23011078;Teste Funcional;Pronto;LT011 - Novos Jogos;Apresenta erro ao consultar o Relatório Resumo de Cotas Virtuais.;SISPL;Loterias e Canais Parceiros;Sem Atuação da GEQTI;Q4;Garden Coraci Loriano das Neves;07/04/2025;;1
23011178;Defeito;Em Desenvolvimento;FG035 -  SIAFF - Fundos de Financiamento;FCA - Defeito - Exclusão Conta Gráfica;SIAFF;Fundos de Governo;Sem Atuação da GEQTI;Q1;Pedro Henrique da Silva Subtil;07/04/2025;;1
23011450;Defeito;Novo;PS028 - Farmacia Popular;NOVO SIFAP - Erro - Permitir upload e download de documentos de até 35MB;SIFAP;Programas Sociais;Sem Atuação da GEQTI;Q1;Monique Roberta Oliveira Riede;07/04/2025;;1
23011479;Teste Funcional;Implementado;CA009 - SISAG Automação Bancária;Relatório RTED para  Boletos (Fora do A.I.) - Destinação Débito Autorizado;SISAG;Canais Físicos;Sem Atuação da GEQTI;Q4;Aline Moreira Marques;07/04/2025;;1
23012114;Teste Funcional;Novo;PE019 - Autoatendimento Saúde;[CEGTI] - SIASC - CERTIF - Defeito - Atualização de Beneficiário - Modal não apresenta imagem de PDF - Intranet/Internet;SIASC;Pessoas;Sem Atuação da GEQTI;Q3;Thairo Carvalho Fortes;07/04/2025;;1
23012649;Teste Funcional;Pronto;FD019 - Atualizador de Depósito Judicial;Falhando a funcionalidade Detalhe Saldo Diário Contas (JJ0Q) - SALDO BASE ESCRITUTAL  não traz valor escriturado;SIJAD;Fomento e Depósitos Judiciais;Sem Atuação da GEQTI;Q4;Karla Pinheiro Leone;08/04/2025;;1
23012693;Defeito;Aceito;FG026 - Migração e Convivência;FGTS Digital - Finalização do processo na tabela FUGTB068 quando REPROCESSAMENTO AUTOMÁTICO;SIFUG;Fundos de Governo;Sem Atuação da GEQTI;Q1;Rubens Bravo Goncalves;08/04/2025;;1
23012721;Teste Funcional;Em Refinamento;FD019 - Atualizador de Depósito Judicial;Falhando a funcionalidade Detalhe Saldo Diário ID (JJ0S) - SALDO BASE ESCRITUTAL  não traz valor escriturado;SIJAD;Fomento e Depósitos Judiciais;Sem Atuação da GEQTI;Q4;Karla Pinheiro Leone;08/04/2025;;1
23012950;Teste Funcional;Pronto;LT003 - Canal Lotérico - Evoluções;Apresenta erro ao consultar o menu Cotas Virtuais Disponíveis dos Relatórios de Bolões Marketplace.;SISPL;Loterias e Canais Parceiros;Sem Atuação da GEQTI;Q4;Garden Coraci Loriano das Neves;08/04/2025;;1
23013207;Teste Funcional;Pronto;CA009 - SISAG Automação Bancária;Desfazimento de Transação  - Campo NSU sendo preenchido ao Inicializar a transação;SISAG;Canais Físicos;Sem Atuação da GEQTI;Q4;Danielson Maciel da Costa;08/04/2025;;1
23013338;Defeito;Aceito;CD038 - Site Institucional;O conteúdo das páginas de Loterias não está carregando em ambiente de edição    ;SIWPC;Clientes;Sem Atuação da GEQTI;Q2;Vinicius Delangelo Martins Gatto;08/04/2025;;1
23013410;Teste Funcional;Pronto;LT011 - Novos Jogos;Aplicação cai por time-out ao tentar acessar Bolões Marketplace.;SISPL;Loterias e Canais Parceiros;Sem Atuação da GEQTI;Q4;Garden Coraci Loriano das Neves;08/04/2025;;1
23013504;Teste Funcional;Pronto;LT011 - Novos Jogos;Informações cortadas no Relatório de Controle de bolões Concluídos.;SISPL;Loterias e Canais Parceiros;Sem Atuação da GEQTI;Q4;Garden Coraci Loriano das Neves;08/04/2025;;1
23013627;Teste Funcional;Aceito;CA009 - SISAG Automação Bancária;PROVISIONAMENTO - Gravando a Data do Movimento incorreta no Banco do Provisionamento.;SISAG;Canais Físicos;Sem Atuação da GEQTI;Q4;Ivete Valgas Wilbert;08/04/2025;;1
23013640;Teste Funcional;Pronto;LT011 - Novos Jogos;Não apresentam algumas informações no Relatório de Controle de bolões Concluídos.;SISPL;Loterias e Canais Parceiros;Sem Atuação da GEQTI;Q4;Garden Coraci Loriano das Neves;08/04/2025;;1
23013911;Teste Funcional;Pronto;LT003 - Canal Lotérico - Evoluções;SIGEL - consulta de bilhete validados não imprime a DAPLOTO;SIGEL;Loterias e Canais Parceiros;Sem Atuação da GEQTI;Q3;Emerson Rogerio Ferreira;08/04/2025;;1
23013954;Teste Funcional;Novo;PE019 - Autoatendimento Saúde;[CEGTI] - SIASC - CERTIF - Defeito - Prazos para Tratamento de Situação - Filtro de resultados não funcional - Intranet;SIASC;Pessoas;Sem Atuação da GEQTI;Q3;Thairo Carvalho Fortes;08/04/2025;;1
23014224;Teste Funcional;Implementado;CA009 - SISAG Automação Bancária;Boleto - Autorização Boleto VR;SISAG;Canais Físicos;Sem Atuação da GEQTI;Q4;Aline Moreira Marques;08/04/2025;;1
23014308;Teste Funcional;Pronto;LT003 - Canal Lotérico - Evoluções;MKP - bolões concluídos - ERRO CICS [002] - [000 - Ao tentar imprimir um jogo da mega sena nos bolões concluídos;SISPL;Loterias e Canais Parceiros;Sem Atuação da GEQTI;Q4;Patricia de Oliveira Santos;08/04/2025;;1
23014339;Defeito;Aceito;PE014 - Score;"Corrigir erro na inclusão de Bloco - campo ""limite de pontos""";SISKO;Pessoas;Sem Atuação da GEQTI;Q1;Wamilla Rodrigues de Sena Maia;08/04/2025;;1
23014528;Defeito;Pronto;PE014 - Score;Corrigir erro na inclusão de item Pós Graduação Lato ou Stricto Senso (Últimos 5 anos);SISKO;Pessoas;Sem Atuação da GEQTI;Q1;Wamilla Rodrigues de Sena Maia;08/04/2025;;1
23014670;Defeito;Em Desenvolvimento;CI033 - Fundo mútuo de privatização (SIFMP);SIFMP - Opção em processo de resgate total 4122.001.10028790-8  ;SIFMP;Câmbio, Investimentos e Mercado de Capitais;Sem Atuação da GEQTI;Q2;Alisson Araujo de Lima;08/04/2025;;1
23014890;Teste Funcional;Pronto;LT003 - Canal Lotérico - Evoluções;"MKP - Tela de detalhamento esta trazendo uma exclamação no item A VENDER ""!MKP_BAIXADA!""";SISPL;Loterias e Canais Parceiros;Sem Atuação da GEQTI;Q4;Patricia de Oliveira Santos;08/04/2025;;1
23015053;Defeito;Pronto;ES022 - Administração de Dados e Banco de Dados;Pré-validação de nome e código - Ajustar funcionamento da regra de negócio 049;SIAGT;Estruturantes de TI;Sem Atuação da GEQTI;Q1;Marcela Alicia Alarcon Gallardo;08/04/2025;;1
23015103;Teste Funcional;Preparado;CA009 - SISAG Automação Bancária;Recebimento de boleto Com Código de Barras - Envio incorreto da Baixa no recebimento de boleto Caixa vencido de Cartão de Crédito(Já Implementado);SISAG;Canais Físicos;Sem Atuação da GEQTI;Q4;Adalberto Ribeiro Lima;08/04/2025;;1
23015310;Teste Funcional;Novo;PE019 - Autoatendimento Saúde;[CEGTI] - SIASC - CERTIF - Defeito - Inscrição de Dependente - Ao finalizar cadastro de Inscrição de dependente, o sistema está retornando mensagem de erro - Internet;SIASC;Pessoas;Sem Atuação da GEQTI;Q3;Jonas dos Santos Sousa;08/04/2025;;1
23015313;Teste Funcional;Implementado;CA009 - SISAG Automação Bancária;"Recebimento de boleto Com Código de Barras - Campo ""Pagamento Parcial"" gravado incorretamente no log único";SISAG;Canais Físicos;Sem Atuação da GEQTI;Q4;Adalberto Ribeiro Lima;08/04/2025;;1
23015329;Defeito;Implementado;ES022 - Administração de Dados e Banco de Dados;Pré-validação de modelo de dados à nível de tabela - Ajustar funcionamento das regras de negócio 032 e 033;SIAGT;Estruturantes de TI;Sem Atuação da GEQTI;Q1;Marcela Alicia Alarcon Gallardo;08/04/2025;;1
23015845;Teste Funcional;Novo;PE019 - Autoatendimento Saúde;[CEGTI] - SIASC - CERTIF - Defeito - Procedimentos que Exigem Autorização Prévia - Filtro de resultados não funcional - Intranet;SIASC;Pessoas;Sem Atuação da GEQTI;Q3;Thairo Carvalho Fortes;08/04/2025;;1
23016520;Teste Funcional;Pronto;FD005 - SIFPP - Fomento e Políticas Públicas;Apresentou erro inesperado ao selecionar uma proposta múltipla vinculada na situação encerrada  ;SIFPP;Fomento e Depósitos Judiciais;Sem Atuação da GEQTI;Q1;Marcos Martins de Lima;09/04/2025;;1
23016634;Defeito;Pronto;DC025 - Squad 4 - TTarifas - SIDCE;GEFAC02 - Defeito - Registro do arquivo D52FIDCE Extrato NSGD importado em CO_PERIODO diferente da data movimento;SIDCE;Depósitos e Captação;Sem Atuação da GEQTI;Q1;Felipe Soares Lopes;09/04/2025;;1
23016697;Teste Funcional;Novo;PE019 - Autoatendimento Saúde;[CEGTI] - SIASC - QLD - Defeito - Consultar pedidos - Erro ao anexar;SIASC;Pessoas;Sem Atuação da GEQTI;Q3;Cesar Antonio Lacerda Serpa;09/04/2025;;1
23016797;Teste Funcional;Novo;PE019 - Autoatendimento Saúde;[CEGTI] - SIASC - QLD - Defeito - Consultar pedidos - caráter de solicitação não altera;SIASC;Pessoas;Sem Atuação da GEQTI;Q3;Cesar Antonio Lacerda Serpa;09/04/2025;;1
23016844;Teste Funcional;Pronto;LT011 - Novos Jogos;Relatório Cobrança Loterias não é impresso.;SISPL;Loterias e Canais Parceiros;Sem Atuação da GEQTI;Q4;Garden Coraci Loriano das Neves;09/04/2025;;1
23016906;Defeito;Pronto;DC025 - Squad 4 - TTarifas - SIDCE;GEFAC02 - Levantamento de sigilo NSGD - Interface SICCP sem contraparte identificada - 202503 - AA461DE6-CE3E-4EC0-A250-1EEBAD447ECA;SIDCE;Depósitos e Captação;Sem Atuação da GEQTI;Q1;Felipe Soares Lopes;09/04/2025;;1
23017364;Teste Funcional;Pronto;CD047 - Auditoria;Sala 01 - SIAUD - Planejamento: Painel Súmula - Reabrir - Erro o sistema não está reabrindo todas as súmulas - Alta;SIAUD;Clientes;Sem Atuação da GEQTI;Q3;Adilson Marques Ferreira;09/04/2025;;1
23017436;Teste Funcional;Em Desenvolvimento;CD047 - Auditoria;Sala 01 - SIAUD - Planejamento - Erro na exclusão de súmulas - Alta;SIAUD;Clientes;Sem Atuação da GEQTI;Q3;Adilson Marques Ferreira;09/04/2025;;1
23017511;Teste Funcional;Implantado;CD047 - Auditoria;Sala 01 - SIAUD Planejamento - Erro no cadastramento de informações da GN Corresponsável na Súmula - Alta;SIAUD;Clientes;Sem Atuação da GEQTI;Q3;Adilson Marques Ferreira;09/04/2025;22/04/2025;1
23017580;Teste Funcional;Preparado;PE019 - Autoatendimento Saúde;[CEGTI] - SIASC - QLD - Defeito - Atualização de Beneficiário - Sistema não permite visualização do arquivo anexado - Intranet;SIASC;Pessoas;Sem Atuação da GEQTI;Q3;Fernando Rodrigues;09/04/2025;;1
23017701;Teste Funcional;Preparado;CA009 - SISAG Automação Bancária;"Recebimento de boleto Com Código de Barras - Campo ""Numero da Parcela"" zerado no log único(Já Implementado)";SISAG;Canais Físicos;Sem Atuação da GEQTI;Q4;Adalberto Ribeiro Lima;09/04/2025;;1
23017730;Teste Funcional;Preparado;CA009 - SISAG Automação Bancária;Item de Backlog 22417990  - PROVISIONAMENTO - Manutenção Tabela de Parâmetros - aba PLD - botão Cancelar;SISAG;Canais Físicos;Sem Atuação da GEQTI;Q4;Ana Lucia dos Santos Agrela;09/04/2025;;1
23018297;Teste Funcional;Preparado;PE019 - Autoatendimento Saúde;[CEGTI] - SIASC - QLD - Defeito - Atualização de Beneficiário - Pedido não é finalizado - Intranet;SIASC;Pessoas;Sem Atuação da GEQTI;Q3;Fernando Rodrigues;09/04/2025;;1
23018387;Teste Funcional;Preparado;PE019 - Autoatendimento Saúde;[CEGTI] - SIASC - QLD - Defeito - Atualização de Beneficiário - Meus Pedidos - Intranet;SIASC;Pessoas;Sem Atuação da GEQTI;Q3;Fernando Rodrigues;09/04/2025;;1
23018494;Defeito;Novo;;SIAPT - Defeito na formatação do texto dúvidas frequentes;SIAPT;Programas Sociais;Sem Atuação da GEQTI;Q3;Roberto de Miranda Ribeiro Bueno;09/04/2025;;1
23018507;Teste Funcional;Pronto;CI010 - PDI Fundos de investimento;[QUARKUS] [CEGTI] | SIPDI - Módulo SIPDI-api-termo-autorizadores - Autoriza Aplicação - GET (Registro de Transação);SIPDI;Câmbio, Investimentos e Mercado de Capitais;Sem Atuação da GEQTI;Q3;Patricia Donizete Alves Viana;09/04/2025;;1
23018600;Teste Funcional;Novo;PE019 - Autoatendimento Saúde;[CEGTI] - SIASC - CERTIF - Defeito - Extrato Financeiro - Sistema exibindo mensagem de erro e não retorna nenhum dado - Internet;SIASC;Pessoas;Sem Atuação da GEQTI;Q3;Jonas dos Santos Sousa;09/04/2025;;1
23018675;Teste Funcional;Novo;PE019 - Autoatendimento Saúde;[CEGTI] - SIASC - QLD - Defeito - Solicitação de reembolso não finaliza;SIASC;Pessoas;Sem Atuação da GEQTI;Q3;Cesar Antonio Lacerda Serpa;09/04/2025;;1
23018862;Teste Funcional;Implementado;PE020 - App Saúde CAIXA;[CEGTI] - iOS- SIMSC - Autorização Prévia;SIMSC;Pessoas;Sem Atuação da GEQTI;Q3;Naim Ferreira dos Santos;09/04/2025;;1
23018898;Teste Funcional;Pronto;CI010 - PDI Fundos de investimento;[QUARKUS] [CEGTI] | SIPDI - API-movimentações - Realiza Aplicação V3 IBC - Aplicação Fora do Horário Permitido;SIPDI;Câmbio, Investimentos e Mercado de Capitais;Sem Atuação da GEQTI;Q3;Lennon Xavier dos Santos;09/04/2025;;1
23019159;Teste Funcional;Novo;LT002 - Canal Lotérico - Sustentação;Abono Salarial: Erro ao tentar efetuar a transação PRIN042 e XMIN008  ;SISPL;Loterias e Canais Parceiros;Sem Atuação da GEQTI;Q4;Marisa Yumi Takagi;09/04/2025;;1
23019186;Teste Funcional;Pronto;LT011 - Novos Jogos;Aplicação apresenta mensagem informativa errada no Relatório de Cotas Virtuais Disponíveis.;SISPL;Loterias e Canais Parceiros;Sem Atuação da GEQTI;Q4;Garden Coraci Loriano das Neves;09/04/2025;;1
23019369;Teste Funcional;Pronto;LT011 - Novos Jogos;Divergência da aplicação com as informações constantes no Item de Backlog 22610942;SISPL;Loterias e Canais Parceiros;Sem Atuação da GEQTI;Q4;Garden Coraci Loriano das Neves;09/04/2025;;1
23019445;Teste Funcional;Pronto;LT011 - Novos Jogos;"Erro de ortografia na palavra ""concurso"" no Relatório Cotas Virtuais Disponíveis.";SISPL;Loterias e Canais Parceiros;Sem Atuação da GEQTI;Q4;Garden Coraci Loriano das Neves;09/04/2025;;1
23019455;Teste Funcional;Novo;PE019 - Autoatendimento Saúde;[CEGTI] - SIASC - CERTIF - Defeito - Documento - Filtro de resultados não funcional - Intranet;SIASC;Pessoas;Sem Atuação da GEQTI;Q3;Thairo Carvalho Fortes;09/04/2025;;1
23019478;Defeito;Pronto;DC025 - Squad 4 - TTarifas - SIDCE;GEFAC02 - Levantamento de sigilo NSGD - Interface SIATR SISPI sem contraparte identificada - 202503 - AA461DE6-CE3E-4EC0-A250-1EEBAD447ECA;SIDCE;Depósitos e Captação;Sem Atuação da GEQTI;Q1;Felipe Soares Lopes;09/04/2025;;1
23020344;Teste Funcional;Novo;PE019 - Autoatendimento Saúde;[CEGTI] - SIASC - QLD - Defeito - Campo Medicamento não retorna dados;SIASC;Pessoas;Sem Atuação da GEQTI;Q3;Cesar Antonio Lacerda Serpa;10/04/2025;;1
23020544;Defeito;Novo;CR019 - SIPEN Compliance;GEFCO06 - CR019 - SIPEN Penhor - DEFEITO - CONCESSÃO - Simular Empréstimo - IMPORTANTE;SIPEN;Crédito Comercial e Agronegócio;Sem Atuação da GEQTI;Q3;Ulysses Lima;10/04/2025;;1
23020616;Teste Funcional;Implementado;CA009 - SISAG Automação Bancária;Provisionamento - SISAGR com campo DATA DO SAQUE desalinhado.;SISAG;Canais Físicos;Sem Atuação da GEQTI;Q4;Ivete Valgas Wilbert;10/04/2025;;1
23021123;Defeito;Pronto;FG028 - FGTS Digital;VÍNCULO - Ajustar nome do campo CBO (Html);SIFGD;Fundos de Governo;Sem Atuação da GEQTI;Q1;Wanderlei Palmeira da Silva Filho;10/04/2025;;1
23021135;Teste Funcional;Implantado;CD047 - Auditoria;Sala 01 - SIAUD Planejamento - Erro na funcionalidade “Consultar Painel Súmula” - Média;SIAUD;Clientes;Sem Atuação da GEQTI;Q3;Adilson Marques Ferreira;10/04/2025;25/04/2025;1
23021213;Teste Funcional;Novo;PE019 - Autoatendimento Saúde;[CEGTI] - SIASC - CERTIF - Defeito - Inscrição no Programa de Medicamentos - Ao finalizar o cadastro o sistema está retornando mensagem de erro - Internet;SIASC;Pessoas;Sem Atuação da GEQTI;Q3;Jonas dos Santos Sousa;10/04/2025;;1
23022156;Defeito;Pronto;CI010 - PDI Fundos de investimento;Erro - SIPDI - TQS - Consulta remuneração distribuidor - error 500 nullpointerexception;SIPDI;Câmbio, Investimentos e Mercado de Capitais;Sem Atuação da GEQTI;Q3;Luiz Yokoyama Felix de Souza;10/04/2025;;1
23022185;Teste Funcional;Novo;PE019 - Autoatendimento Saúde;[CEGTI] - SIASC - QLD - Defeito - Usuário Externo - Resultado - Filtro não funciona - Intranet;SIASC;Pessoas;Sem Atuação da GEQTI;Q3;Fernando Rodrigues;10/04/2025;;1
23022282;Teste Funcional;Novo;DI008 - APP CAIXA - Investimentos;SINBM [HU| - QLD_DEF - [SINBM Nativo] [Android] Consultar Remuneração do Distribuidor – Trackeamento divergente;SINBM;Box Conta Digital;Sem Atuação da GEQTI;Q1;Reuben de Aquino Moraes;10/04/2025;;1
23022319;Defeito;Pronto;ES007 - Gestão da Capacidade TI (Pessoas, Sistemas);DEFEITO - ATENDIMENTO TI: SQUAD - No histórico não está evidenciando a exclusão dos Itens de portfólio;SIPGC;Estruturantes de TI;Sem Atuação da GEQTI;Q1;Joao Marcelo Falcao de Araujo;10/04/2025;;1
23022482;Teste Funcional;Pronto;LT011 - Novos Jogos;[BACKLOG DE PRODUÇÃO]  A TFL não loga após gerar uma pendência de pagamento de prêmio com usuário proprietário;SISPL;Loterias e Canais Parceiros;Sem Atuação da GEQTI;Q4;Marisa Yumi Takagi;10/04/2025;;1
23022519;Teste Funcional;Pronto;CD047 - Auditoria;Sala 01 - SIAUD - Planejamento: Consultar Objeto Auditável - Parte 3 - Erro ao clicar em VOLTAR na tela Detalhar Objeto auditável - Alta;SIAUD;Clientes;Sem Atuação da GEQTI;Q3;Adilson Marques Ferreira;10/04/2025;;1
23022801;Teste Funcional;Novo;PE019 - Autoatendimento Saúde;[CEGTI] - SIASC - CERTIF - Defeito - Extrato IRPF - Sistema não apresenta tela de impressão - Intranet;SIASC;Pessoas;Sem Atuação da GEQTI;Q3;Thairo Carvalho Fortes;10/04/2025;;1
23022855;Defeito;Não Aceito;PS021 - App Bolsa Familia;SIFAM - DEFEITO - Calendário de Pagamento - Seleção do NIS (Android);SIFAM;Programas Sociais;Sem Atuação da GEQTI;Q3;Cindy Oliveira Santos Pinheiro Queiroz;10/04/2025;;1
23022943;Defeito;Pronto;SG012 - Squad Gestão de Acesso;SIAAS - IB Defeito - Erro ao salvar MAP;SIAAS;Gestão de Identidade, Acesso e Antifraude;Sem Atuação da GEQTI;Q1;Rafael Augusto Tanaami Galante;10/04/2025;;1
23023291;Teste Funcional;Novo;PE019 - Autoatendimento Saúde;[CEGTI] - SIASC - CERTIF - Defeito - Documentos por Tipo de Pedido - Não foi possível realizar CRUD na funcionalidade - Intranet;SIASC;Pessoas;Sem Atuação da GEQTI;Q3;Thairo Carvalho Fortes;10/04/2025;;1
23023409;Teste Funcional;Novo;BR046 - Plataforma Release Train;SINBM - 22978558 - [Android] - QLD_DEF - RELEASE - SINBM [HU|Android] Fase 2 - Deeplink do consignado privado com direcionamento a jornada nativa de crédito;SINBM;Box Relacionamento Digital;Sem Atuação da GEQTI;Q1;Edmilson Bernardinelli;10/04/2025;;1
23024154;Teste Funcional;Novo;PE019 - Autoatendimento Saúde;[CEGTI] - SIASC - CERTIF - Defeito -Cancelamento - Ao finalizar cancelamento de dependente, o sistema está retornando mensagem de erro - Internet;SIASC;Pessoas;Sem Atuação da GEQTI;Q3;Naim Ferreira dos Santos;11/04/2025;;1
23024181;Teste Funcional;Novo;BR046 - Plataforma Release Train;SINBM - HU22969261 - [Android] - QLD_DEF - RELEASE - SINBM [Defeito][Android] - Banner de Interceptação - Push PopUp no Login;SINBM;Box Relacionamento Digital;Sem Atuação da GEQTI;Q1;Edmilson Bernardinelli;11/04/2025;;1
23024217;Teste Funcional;Novo;PE019 - Autoatendimento Saúde;[CEGTI] - SIASC - CERTIF - Defeito -Pedido indeferido - Solicitação de revisão - o sistema está retornando mudança de situação duplicada - Internet;SIASC;Pessoas;Sem Atuação da GEQTI;Q3;Naim Ferreira dos Santos;11/04/2025;;1
23024454;Teste Funcional;Novo;BR047 - Serviços Conta;SINBM [HU| - QLD_DEF - [iOS] - CSAT - Abertura de Conta;SINBM;Box Relacionamento Digital;Sem Atuação da GEQTI;Q1;Graziele Ferreira Dias;11/04/2025;;1
23024490;Teste Funcional;Novo;BR046 - Plataforma Release Train;SINBM - HU22927970 - [Android] - QLD_DEF - RELEASE - SINBM] [HU] [Android] - Abertura de Conta - Retorno T4 - Tratamento de Concorrência de Threads;SINBM;Box Relacionamento Digital;Sem Atuação da GEQTI;Q1;Edmilson Bernardinelli;11/04/2025;;1
23024552;Teste Funcional;Novo;FP034 - SINAFWEB;Defeito TQS - SINAFWEB - Detalhar parametro serviço - Campos com formatação diferente do que foi solicitado;SINAF;Financeiro e Controladoria;Sem Atuação da GEQTI;Q2;Samuel Felipe Gomes de Sousa;11/04/2025;;1
23024594;Defeito;Implantado;CD037 - SAC;SISOU - DEFEITO - Painel da unidade - Relatório;SISOU;Clientes;Sem Atuação da GEQTI;Q3;Danielle Belo de Araujo Gomes;11/04/2025;12/04/2025;1
23024669;Teste Funcional;Aceito;FD032 - FIES - Sustentação;Defeito - SIFES_UC_Devolução_Contrato e SIFES_DI_Devolução_Contratos;SIFES;Fomento e Depósitos Judiciais;Sem Atuação da GEQTI;Q3;Albertino de Jesus Oliveira;11/04/2025;;1
23025030;Teste Funcional;Novo;PE019 - Autoatendimento Saúde;[CEGTI] - SIASC - QLD - Defeito - Procedimentos Solicitados por Profissional - Analítico - Intranet;SIASC;Pessoas;Sem Atuação da GEQTI;Q3;Keni Ferreira Kinup;11/04/2025;;1
23025187;Teste Funcional;Novo;PE019 - Autoatendimento Saúde;[CEGTI] - SIASC - CERTIF - Defeito - Autorização Prévia - Sistema não está realizando o cadastro - Internet;SIASC;Pessoas;Sem Atuação da GEQTI;Q3;Jonas dos Santos Sousa;11/04/2025;;1
23025551;Teste Funcional;Novo;FD005 - SIFPP - Fomento e Políticas Públicas;SIFPP - DES - Não está permitindo enviar para ajustes proposta na situação Em Validação GEDEP;SIFPP;Fomento e Depósitos Judiciais;Sem Atuação da GEQTI;Q1;Marcos Martins de Lima;11/04/2025;;1
23025621;Defeito;Pronto;BF009 - APP HABITACAO - SIAME IOS;PV - Defeito - Seleção contratos (iOS);SIAME;Box Moradia PF;Sem Atuação da GEQTI;Q3;Carmen Nilce da Silva Brasiliense;11/04/2025;;1
23025771;Teste Funcional;Pronto;FD005 - SIFPP - Fomento e Políticas Públicas;Está apresentando Erro Inesperado ao selecionar propostas na situação Em Ajustes - após fechar a mensagem a tela monta faltando informações de UF e Município;SIFPP;Fomento e Depósitos Judiciais;Sem Atuação da GEQTI;Q1;Marcos Martins de Lima;11/04/2025;;1
23025884;Teste Funcional;Preparado;CA009 - SISAG Automação Bancária;PROVISIONAMENTO - A Mensagem apresentada na tela está diferente da mensagem da Regra.;SISAG;Canais Físicos;Sem Atuação da GEQTI;Q4;Ivete Valgas Wilbert;11/04/2025;;1
23025892;Teste Funcional;Novo;LT003 - Canal Lotérico - Evoluções;SIGEL  - Erro HU_22670156_Alterar Plano - não executa a alteração.;SIGEL;Loterias e Canais Parceiros;Sem Atuação da GEQTI;Q3;Dario Douglas Alves Araujo;11/04/2025;;1
23025979;Teste Funcional;Novo;LT003 - Canal Lotérico - Evoluções;SIGEL  - Erro HU_22470735_Migrar Consulta Quota por EN / UF / Consultor:. não apresenta a consulta para todos os perfis autorizados, somente para o GEL_GSUALO.;SIGEL;Loterias e Canais Parceiros;Sem Atuação da GEQTI;Q3;Dario Douglas Alves Araujo;11/04/2025;;1
23026259;Teste Funcional;Implementado;PE020 - App Saúde CAIXA;[CEGTI] - iOS- SIMSC - CERTIF - Notícias - Imagens;SIMSC;Pessoas;Sem Atuação da GEQTI;Q3;Naim Ferreira dos Santos;11/04/2025;;1
23026604;Defeito;Aceito;FD005 - SIFPP - Fomento e Políticas Públicas;CPP - SIFPP não grava os dados do recebimento;SIFPP;Fomento e Depósitos Judiciais;Sem Atuação da GEQTI;Q1;Leandro Alberto Nesello;11/04/2025;;1
23026830;Defeito;Em Desenvolvimento;CR016 - SIGEC Portabilidade;CR016 - SIGEC POR - DEFEITO - Erro no retorno da prospecção de portabilidade DES;SIGEC;Crédito Comercial e Agronegócio;Sem Atuação da GEQTI;Q2;Jander Ricardo Garcia Marques;11/04/2025;;1
23026907;Defeito;Aceito;PS021 - App Bolsa Familia;SIFAM - DEFEITO - Calendário de Pagamento - Resumo Calendário Menu Inferior (ANDROID);SIFAM;Programas Sociais;Sem Atuação da GEQTI;Q3;Alessandra Santos Aires Lima;11/04/2025;;1
23029692;Teste Funcional;Novo;BR046 - Plataforma Release Train;SINBM - HU22992171 - [Android] - QLD_DEF - RELEASE - SINBM [HU|[Android] - RELEASE - Geração Release 5.15.0;SINBM;Box Relacionamento Digital;Sem Atuação da GEQTI;Q1;Edmilson Bernardinelli;14/04/2025;;1
23030097;Teste Funcional;Novo;PE019 - Autoatendimento Saúde;[CEGTI] - SIASC - CERTIF - Defeito - Extrato IRPF - Sistema exibindo mensagem de erro e não retorna nenhum dado - Internet;SIASC;Pessoas;Sem Atuação da GEQTI;Q3;Jonas dos Santos Sousa;14/04/2025;;1
23030312;Teste Funcional;Novo;FP033 - SIMCN;Defeito em HMP - SIMCN - Visão Balancete;SIMCN;Financeiro e Controladoria;Sem Atuação da GEQTI;Q2;Maxwell Alisson Soares Doroteu;14/04/2025;;1
23031387;Teste Funcional;Pronto;FD005 - SIFPP - Fomento e Políticas Públicas;Não gravou a data da cobrança após confirmar a opção salvar;SIFPP;Fomento e Depósitos Judiciais;Sem Atuação da GEQTI;Q1;Marcos Martins de Lima;14/04/2025;;1
23031876;Teste Funcional;Implantado;FP010 - Revitalização do SIAEF;DEFEITO EM TQS - SIAEF REVITALIZAÇÃO - Testes Funcional - Vincular Alçada;SIAEF;Financeiro e Controladoria;Sem Atuação da GEQTI;Q3;Alisson Ferreira dos Santos;14/04/2025;29/04/2025;1
23031905;Defeito;Pronto;CR016 - SIGEC Portabilidade;GEFCO07 - CR016 - SIGEC Portabilidade - DEFEITO - CORREÇÃO DE ENDPOINT - Validar campos consignado prospecção - URGENTE;SIGEC;Crédito Comercial e Agronegócio;Sem Atuação da GEQTI;Q2;Ladyane Valeriano da Silva;14/04/2025;;1
23032046;Teste Funcional;Novo;PE019 - Autoatendimento Saúde;[CEGTI] - SIASC - CERTIF - Defeito - Atualização de Beneficiário - Sistema não realiza o cadastro - Internet;SIASC;Pessoas;Sem Atuação da GEQTI;Q3;Jonas dos Santos Sousa;14/04/2025;;1
23032317;Teste Funcional;Preparado;CA009 - SISAG Automação Bancária;PROVISIONAMENTO - Foco está sendo direcionado para o campo incorreto.;SISAG;Canais Físicos;Sem Atuação da GEQTI;Q4;Ivete Valgas Wilbert;14/04/2025;;1
23032345;Defeito;Implantado;CA028 - SITAE;SITAE - Corrigir exibição tela TWAZ - Programa TAEPOWAZ;SITAE;Canais Físicos;Sem Atuação da GEQTI;Q4;Patricia Cristiane Vargas da Silva;14/04/2025;29/04/2025;1
23032372;Teste Funcional;Implantado;ES005 - Troca de Arquivos entre Sistemas e Servidores;"Falhando o Caso de Teste ""CTM_QLD-consulta_Produtor_file gateway"" ao executar o Registro de Execução de Teste ""CTM_QLD_consulta_Produtor_file gateway.''""";SIB2B;Estruturantes de TI;Sem Atuação da GEQTI;Q1;Michelle Aparecida Ostinowsky;14/04/2025;16/04/2025;1
23032537;Teste Funcional;Novo;PE019 - Autoatendimento Saúde;[CEGTI] - SIASC - QLD - Defeito - Empresa de Auditoria - Limpar - Intranet;SIASC;Pessoas;Sem Atuação da GEQTI;Q3;Keni Ferreira Kinup;14/04/2025;;1
23032817;Teste Funcional;Novo;FP033 - SIMCN;Defeito HMP - SIMCN - O sistema não apresenta o filtro de Tipo de Analítico;SIMCN;Financeiro e Controladoria;Sem Atuação da GEQTI;Q2;Samuel Felipe Gomes de Sousa;14/04/2025;;1
23033196;Teste Funcional;Preparado;CA009 - SISAG Automação Bancária;Provisionamento - Foco preso no campo Conta e teclas não funcionam.;SISAG;Canais Físicos;Sem Atuação da GEQTI;Q4;Ivete Valgas Wilbert;15/04/2025;;1
23033454;Defeito;Implementado;CD048 - Jurídico;SIJUR - RECUPERAÇÃO JUDICIAL - Ajustar a consulta do recuperação judicial conforme o exportar;SIJUR;Clientes;Sem Atuação da GEQTI;Q1;Cleziana de Freitas Costa;15/04/2025;;1
23033478;Defeito;Pronto;ES007 - Gestão da Capacidade TI (Pessoas, Sistemas);DEFEITO - CONTRATO ESPECIALIZADO: Ao solicitar três perfis do tipo “Novo”, o sistema deve permitir que a Fábrica informe três matrículas;SIPGC;Estruturantes de TI;Sem Atuação da GEQTI;Q1;Joao Marcelo Falcao de Araujo;15/04/2025;;1
23033492;Defeito;Pronto;ES007 - Gestão da Capacidade TI (Pessoas, Sistemas);DEFEITO - CONTRATO ESPECIALIZADO: Analisar Requisição: Filtro “Contrato a ser Alocado” exibir somente os cadastros do tipo “Especializado”;SIPGC;Estruturantes de TI;Sem Atuação da GEQTI;Q1;Joao Marcelo Falcao de Araujo;15/04/2025;;1
23033498;Defeito;Novo;ES007 - Gestão da Capacidade TI (Pessoas, Sistemas);DEFEITO - CONTRATO ESPECIALIZADO: Ao adicionar um novo colaborador informando a mesma matrícula, o sistema não atualiza o campo perfil;SIPGC;Estruturantes de TI;Sem Atuação da GEQTI;Q1;Joao Marcelo Falcao de Araujo;15/04/2025;;1
23033504;Defeito;Novo;ES007 - Gestão da Capacidade TI (Pessoas, Sistemas);DEFEITO - CONTRATO ESPECIALIZADO: Não está permitindo cadastrar mais de uma requisição para a mesma Squad;SIPGC;Estruturantes de TI;Sem Atuação da GEQTI;Q1;Joao Marcelo Falcao de Araujo;15/04/2025;;1
23033623;Teste Funcional;Novo;FP033 - SIMCN;Defeito HMP - SIMCN - Erro ao acessar a tela de conciliação por arquivo;SIMCN;Financeiro e Controladoria;Sem Atuação da GEQTI;Q2;Samuel Felipe Gomes de Sousa;15/04/2025;;1
23033903;Teste Funcional;Pronto;LT003 - Canal Lotérico - Evoluções;MKP - APÓS a exclusão do jogo feito no MKP a mensagem de aguarde no rodapé da tela não sai ficando permanente ate que usuário faça outra transação;SISPL;Loterias e Canais Parceiros;Sem Atuação da GEQTI;Q4;Patricia de Oliveira Santos;15/04/2025;;1
23034535;Teste de Regressão;Implantado;SG001 - Squad SSO Autenticadores;[BUG NPRD Regressão] - Helpdesk -  Mensagens com caracteres especiais;SISET;Gestão de Identidade, Acesso e Antifraude;Sem Atuação da GEQTI;Q1;Ulysses Gouvea da Costa Neto;15/04/2025;15/04/2025;1
23034603;Teste de Regressão;Implantado;SG001 - Squad SSO Autenticadores;[BUG NPRD Regressão] - Helpdesk -  Falha ao Remover OTP;SISET;Gestão de Identidade, Acesso e Antifraude;Sem Atuação da GEQTI;Q1;Ulysses Gouvea da Costa Neto;15/04/2025;15/04/2025;1
23034935;Teste Funcional;Implementado;CA009 - SISAG Automação Bancária;RELATÓRIO NOVA PLATAFORMA DE COBRANÇA - RNPC;SISAG;Canais Físicos;Sem Atuação da GEQTI;Q4;Aline Moreira Marques;15/04/2025;;1
23035637;Defeito;Em Desenvolvimento;PS028 - Farmacia Popular;SIFAP - Erro - Dados incompletos do RTA para assinatura em lote;SIFAP;Programas Sociais;Sem Atuação da GEQTI;Q1;Sarah Raquel de Lima Fernandes;15/04/2025;;1
23035656;Teste Funcional;Novo;LT003 - Canal Lotérico - Evoluções;[JOGOS] Os jogos do Bolão do Lotérico são apresentados na tela do Atendimento;SISPL;Loterias e Canais Parceiros;Sem Atuação da GEQTI;Q4;Marisa Yumi Takagi;15/04/2025;;1
23035777;Teste Funcional;Pronto;LT003 - Canal Lotérico - Evoluções;A tela do RME não é apresentada no Portal de Gestão;SISPL;Loterias e Canais Parceiros;Sem Atuação da GEQTI;Q4;Marisa Yumi Takagi;15/04/2025;;1
23035943;Teste Funcional;Novo;PS004 - SIPBF - Ateste Bolsa Familia;Defeito - SIPBF - Habilitação - Famílias não apontadas no achado 4003;SIPBF;Programas Sociais;Sem Atuação da GEQTI;Q1;Marcelo dos Santos Alves;15/04/2025;;1
23035956;Defeito;Em Desenvolvimento;PS004 - SIPBF - Ateste Bolsa Familia;Defeito - SIPBF - Melhorias MDS - Identifica membros com titulo de eleitor em multiplicidade - PBF - ajuste no relatório 4201;SIPBF;Programas Sociais;Sem Atuação da GEQTI;Q1;Marcelo dos Santos Alves;15/04/2025;;1
23036311;Teste de Regressão;Implantado;MP028 - [PIX] DICT BACEN;"Falhando o Caso de Teste ""CT_CERTIF_DF001_Criar_chave_CPF_Generico""";SISPI;Meios de Pagamento;Sem Atuação da GEQTI;Q4;Absalon Teixeira do Rego Junior;15/04/2025;23/04/2025;1
23036462;Defeito;Novo;;Login Fora;SINBM;Box Conta Digital;Sem Atuação da GEQTI;Q1;Luiz Gabriel de Melo Mauricio;15/04/2025;;1
23038439;Teste Funcional;Novo;PE019 - Autoatendimento Saúde;[CEGTI] - SIASC - QLD - Defeito - Administração - Consultar pedidos - Tipo de pedido - Mensagem de erro é exibida - Internet;SIASC;Pessoas;Sem Atuação da GEQTI;Q3;Fernando Rodrigues;16/04/2025;;1
23038808;Teste Funcional;Novo;PS004 - SIPBF - Ateste Bolsa Familia;[Aceite - Cód - HU1132 - SIPBF - Online - Validação de campos no formulário de parâmetros de benefício social - Parametrizar Benefício(+Parametrizar)] - Sistema não habilita a opção <Salvar> para reproduzir a mensagem;SIPBF;Programas Sociais;Sem Atuação da GEQTI;Q1;Elma de Assis Pereira;16/04/2025;;1
23038921;Teste Funcional;Novo;PS004 - SIPBF - Ateste Bolsa Familia;[Aceite - Cód - HU1132 - SIPBF - Online - Validação de campos no formulário de parâmetros de benefício social - Parametrizar Benefício(+Parametrizar)] - Permite inserir letra em campo numérico;SIPBF;Programas Sociais;Sem Atuação da GEQTI;Q1;Elma de Assis Pereira;16/04/2025;;1
23038923;Teste Funcional;Implantado;RC012 - Negócios Sustentáveis;[GESQI]- SISNS - Divergências no Extrato carregamento consulta ouvidoria;SISNS;Risco, Compliance e Adimplência;Sem Atuação da GEQTI;Q1;Amara Cristine Eleuterio Saleh Sleiman;16/04/2025;25/04/2025;1
23038974;Teste Funcional;Novo;PS004 - SIPBF - Ateste Bolsa Familia;[Aceite - Cód - HU1132 - SIPBF - Online - Validação de campos no formulário de parâmetros de benefício social - Parametrizar Benefício(+Parametrizar)] - Permite inserir caractere especial em campo numérico;SIPBF;Programas Sociais;Sem Atuação da GEQTI;Q1;Elma de Assis Pereira;16/04/2025;;1
23038983;Defeito;Pronto;CA011 - SISAG Modernização - Micro Front-ends;[DEFEITO] Ajustar Transações Duplicadas na Poupança Integra Aplicação e Resgate (API SIROT);SISAG;Canais Físicos;Sem Atuação da GEQTI;Q4;Simone Lima de Souza;16/04/2025;;1
23039031;Defeito;Pronto;CA011 - SISAG Modernização - Micro Front-ends;[DEFEITO] Exibir campo de comentário para o grupo 06 SIACI -Liberação-Pagamento;SISAG;Canais Físicos;Sem Atuação da GEQTI;Q4;Simone Lima de Souza;16/04/2025;;1
23039130;Defeito;Preparado;CR016 - SIGEC Portabilidade;CR016 - Portabilidade - DEFEITO - Análise dos retornos nos endpoint de Conta Salário em DES;SIGEC;Crédito Comercial e Agronegócio;Sem Atuação da GEQTI;Q2;Jander Ricardo Garcia Marques;16/04/2025;;1
23039231;Teste Funcional;Preparado;CA011 - SISAG Modernização - Micro Front-ends;[DEFEITO APLICAÇÃO] - [GESQI] Mantém Operadores para Notificação de NSU para Autorização - A Aplicação não reflete a MN9905 do critério de Aceite 3.12 - Sprint 18;SISAG;Canais Físicos;Sem Atuação da GEQTI;Q4;Romulo Lucas Romao Moreira Goncalves de;16/04/2025;;1
23040052;Teste de Regressão;Preparado;CA011 - SISAG Modernização - Micro Front-ends;[DEFEITO REQUISITOS] - [GESQI] Consulta Comprovantes - Comportamento apresentado na aplicação não descrito na DFHU - Sprint 18;SISAG;Canais Físicos;Sem Atuação da GEQTI;Q4;Mauro Sergio Usifati;16/04/2025;;1
23040175;Teste de Regressão;Preparado;CA011 - SISAG Modernização - Micro Front-ends;[DEFEITO REQUISITOS] - [GESQI] Consulta Fita de Auditoria - Comportamento apresentado na aplicação não descrito na DFHU - Sprint 18;SISAG;Canais Físicos;Sem Atuação da GEQTI;Q4;Mauro Sergio Usifati;16/04/2025;;1
23040396;Teste Funcional;Novo;CB003 - Cobrança Modernização;"Falhando o Caso de Teste ""CT_QLD_Matriz_de_acesso - Banco_de_títulos - Alterar_titulo_Perfil_GCB_REDE_COM_FUNÇÃO""";SIGCB;Cobrança e Operações Bancárias;Sem Atuação da GEQTI;Q2;Rodrigo da Silva dos Reis Santos;16/04/2025;;1
23040399;Teste Funcional;Novo;FP034 - SINAFWEB;Defeito TQS - SINAFWEB - Incluir FLE - Campo data movimento não mantém o valor preenchido;SINAF;Financeiro e Controladoria;Sem Atuação da GEQTI;Q2;Samuel Felipe Gomes de Sousa;16/04/2025;;1
23040503;Teste Funcional;Novo;LT011 - Novos Jogos;SISPL2 - Erro, gerado após a inclusão de caractere especial no campo 2 da mensagem institucional.;SISPL;Loterias e Canais Parceiros;Sem Atuação da GEQTI;Q4;Dario Douglas Alves Araujo;16/04/2025;;1
23040624;Teste Funcional;Novo;LT003 - Canal Lotérico - Evoluções;"Notificação é apresentada antes do ""horário de início"" estipulado no SISPLWEB.";SISPL;Loterias e Canais Parceiros;Sem Atuação da GEQTI;Q4;Garden Coraci Loriano das Neves;16/04/2025;;1
23040803;Teste Funcional;Novo;PS004 - SIPBF - Ateste Bolsa Familia;[Aceite - Cód - HU1132 - SIPBF - Online - Validação de campos no formulário de parâmetros de benefício social - Parametrizar Benefício(+Parametrizar)] - Sistema não apresenta mensagem de campo inválido para dado negativo;SIPBF;Programas Sociais;Sem Atuação da GEQTI;Q1;Elma de Assis Pereira;16/04/2025;;1
23040832;Defeito;Novo;CI010 - PDI Fundos de investimento;"[DEFEITO SIPDI TQS] - Registro de Transação - Serviço ""Aplicação em Fundos de Investimento"" - Campo ""Matrícula"" está apresentando conteúdo quando ocorre a chamada ao serviço via canal de autoatendimento.";SIPDI;Câmbio, Investimentos e Mercado de Capitais;Sem Atuação da GEQTI;Q3;Marcos Vieira dos Santos;16/04/2025;;1
23040863;Teste Funcional;Novo;PS004 - SIPBF - Ateste Bolsa Familia;[Aceite - Cód - HU1132 - SIPBF - Online - Validação de campos no formulário de parâmetros de benefício social - Parametrizar Benefício(+Parametrizar)] - Sistema não apresenta mensagem de campo inválido para dado não inteiro;SIPBF;Programas Sociais;Sem Atuação da GEQTI;Q1;Elma de Assis Pereira;16/04/2025;;1
23040880;Teste Funcional;Novo;FP034 - SINAFWEB;Defeito TQS - SINAFWEB - Detalhar FLE - Função do usuário não é apresentada;SINAF;Financeiro e Controladoria;Sem Atuação da GEQTI;Q2;Samuel Felipe Gomes de Sousa;16/04/2025;;1
23041309;Teste Funcional;Implementado;PS001 - App Caixa Trabalhador;SIAPT – IOS – DEFEITO – QUEBRA DE LINHA, ENTRE OS CAMPOS VALIDADE E AGÊNCIA.;SIAPT;Programas Sociais;Sem Atuação da GEQTI;Q3;Geneci Raimundo dos Santos;16/04/2025;;1
23041353;Teste Funcional;Implementado;PS001 - App Caixa Trabalhador;SIAPT - IOS – DEFEITO – O CAMPO “CONTA” ESTÁ COM A DESCRIÇÃO INCORRETA NO APLICATIVO;SIAPT;Programas Sociais;Sem Atuação da GEQTI;Q3;Geneci Raimundo dos Santos;16/04/2025;;1
23041375;Teste Funcional;Implementado;PS001 - App Caixa Trabalhador;SIAPT - IOS – DEFEITO – A Bottom Sheet “Ver detalhes” da parcela, está apresentando o título “Mensagem”;SIAPT;Programas Sociais;Sem Atuação da GEQTI;Q3;Geneci Raimundo dos Santos;16/04/2025;;1
23041474;Teste Funcional;Implementado;LT003 - Canal Lotérico - Evoluções;[ESCLARECIMENTO] O parâmetro Identificação Portador Jogos não está solicitando o CPF do Portador;SISPL;Loterias e Canais Parceiros;Sem Atuação da GEQTI;Q4;Marisa Yumi Takagi;16/04/2025;;1
23042557;Defeito;Preparado;ES022 - Administração de Dados e Banco de Dados;Pré-validação de modelo de dados à nível de tabela - Ajustar funcionamento das regras de negócio 043 e 034;SIAGT;Estruturantes de TI;Sem Atuação da GEQTI;Q1;Marcela Alicia Alarcon Gallardo;17/04/2025;;1
23042792;Teste Funcional;Novo;FD019 - Atualizador de Depósito Judicial;Falhando a funcionalidade Detalhe Saldo Diário Contas (JJ21) - ABEND 1063;SIJAD;Fomento e Depósitos Judiciais;Sem Atuação da GEQTI;Q4;Karla Pinheiro Leone;17/04/2025;;1
23042825;Teste Funcional;Novo;PE020 - App Saúde CAIXA;[CEGTI] - SIMSC - CERTIF - Defeito - Financeiro Extrato IRPF - Não esta abrindo a tela de compartilhar extrato IRPF;SIMSC;Pessoas;Sem Atuação da GEQTI;Q3;Jonas dos Santos Sousa;17/04/2025;;1
23042902;Teste Funcional;Em Refinamento;;O parâmetro de valores de serviço apresenta alguns campos de valor desalinhados no SISPLWEB;SISPL;Loterias e Canais Parceiros;Sem Atuação da GEQTI;Q4;Marisa Yumi Takagi;17/04/2025;;1
23043335;Defeito;Em Desenvolvimento;FG035 -  SIAFF - Fundos de Financiamento;FCA - Defeito - Correção Quitação de parcela - Visualizar Subconta  ;SIAFF;Fundos de Governo;Sem Atuação da GEQTI;Q1;Pedro Henrique da Silva Subtil;17/04/2025;;1
23043619;Teste Funcional;Novo;FP033 - SIMCN;Defeito em HMP - SIMCN - Conciliação> Registros Pendentes - Registros Conciliados;SIMCN;Financeiro e Controladoria;Sem Atuação da GEQTI;Q2;Maxwell Alisson Soares Doroteu;17/04/2025;;1
23044255;Teste Funcional;Novo;PS004 - SIPBF - Ateste Bolsa Familia;"[Aceite - Cód - HU1132 - SIPBF - Online - Validação de campos no formulário de parâmetros de benefício social - Parametrizar Benefício(+Parametrizar)] - Sistema apresenta mensagem ""undefined""";SIPBF;Programas Sociais;Sem Atuação da GEQTI;Q1;Elma de Assis Pereira;17/04/2025;;1
23044463;Teste Funcional;Novo;BF001 - APP HABITACAO - SIAME ANDROID;falhando o caso de teste CT_CERTIF_Validar_Exibicao_Nova_tela_Atendimento_a_Partir_Final_Etapa_2_Balao_Informativo_e_Botao_Fechar;SIAME;Box Moradia PF;Sem Atuação da GEQTI;Q3;Rivaldo Mendes Pinto;17/04/2025;;1
23045045;Teste Funcional;Novo;CB003 - Cobrança Modernização;"Falhando o Caso de Teste ""CT_QLD_Validação_Menu_principal_tela_Protesto""";SIGCB;Cobrança e Operações Bancárias;Sem Atuação da GEQTI;Q2;Rodrigo da Silva dos Reis Santos;17/04/2025;;1
23045314;Teste Funcional;Implantado;PS032 - SIPDM - Investimentos Pe De Meia;"[SIPDM - Aceite - Código - Validar arquivo sem as informações esperadas para o estudante"" ao executar o Registro de Execução de Teste ""CTM_04_QLD_FE_Validar arquivo sem as inofrmações esperadas para o estudante""] - Linha com erro não";SIPDM;Programas Sociais;Sem Atuação da GEQTI;Q1;Eliane Francisca de Oliveira Ferreira;17/04/2025;25/04/2025;1
23045341;Teste Funcional;Implementado;LT011 - Novos Jogos;Apresenta quantidade errada no Relatório Resumo do Dia - Terminal no campo Invalidação automática de Jogos.;SISPL;Loterias e Canais Parceiros;Sem Atuação da GEQTI;Q4;Garden Coraci Loriano das Neves;17/04/2025;;1
23045437;Teste Funcional;Novo;AC025 - Pagamentos Salário;DEFEITO: SIGMC - Teste funcional da demanda Altera correlação de conta;SIGMC;Arrecadação e Convênios;Sem Atuação da GEQTI;Q2;Aline Rodrigues Cortes;17/04/2025;;1
23045603;Defeito;Novo;PS004 - SIPBF - Ateste Bolsa Familia;Defeito - SIPBF - Online - HMP não efetua baixa dos arquivos de relatórios;SIPBF;Programas Sociais;Sem Atuação da GEQTI;Q1;Marcelo dos Santos Alves;17/04/2025;;1
23045634;Teste Funcional;Novo;PS004 - SIPBF - Ateste Bolsa Familia;[Aceite - Cód - HU1132 - SIPBF - Online - Validação de campos no formulário de parâmetros de benefício social - Parametrizar Benefício(+Parametrizar)] - Sistema não grava dado para o campo <Valor do benefício>;SIPBF;Programas Sociais;Sem Atuação da GEQTI;Q1;Elma de Assis Pereira;17/04/2025;;1
23045638;Teste Funcional;Implantado;PS032 - SIPDM - Investimentos Pe De Meia;[SIPDM - DEFEITO - CÓDIGO - CTM_29_QLD_FB_Validar campo Documento referente ao Detalhe do layout: (Posição, Tamanho, campo, descrição, formato, valores possíveis, obrigatoriedade) - Quando o CPF está duplicado não registra na base;SIPDM;Programas Sociais;Sem Atuação da GEQTI;Q1;Rhayk Vinicius Damacena Alves;17/04/2025;28/04/2025;1
23045671;Teste Funcional;Novo;PS004 - SIPBF - Ateste Bolsa Familia;[Aceite - Cód - HU1132 - SIPBF - Online - Validação de campos no formulário de parâmetros de benefício social - Parametrizar Benefício(+Parametrizar)] - Sistema apresenta dado não parametrizado;SIPBF;Programas Sociais;Sem Atuação da GEQTI;Q1;Elma de Assis Pereira;17/04/2025;;1
23045812;Teste Funcional;Novo;PS004 - SIPBF - Ateste Bolsa Familia;[Aceite - Cód - HU1132 - SIPBF - Online - Validação de campos no formulário de parâmetros de benefício social - Parametrizar Benefício(+Parametrizar)] - Sistema não apresenta  benefícios na combo;SIPBF;Programas Sociais;Sem Atuação da GEQTI;Q1;Elma de Assis Pereira;17/04/2025;;1
23046011;Defeito;Em Refinamento;LT011 - Novos Jogos;SISPL2 - Squad11 - Apresenta quantidade errada no Relatório Resumo do Dia - Terminal no campo Invalidação automática de Jogos.;SISPL;Loterias e Canais Parceiros;Sem Atuação da GEQTI;Q4;Flavio Gutierre Barbosa da Costa;17/04/2025;;1
23056500;Defeito;Em Desenvolvimento;ES022 - Administração de Dados e Banco de Dados;Pré-validação de modelo de dados à nível de referência - Ajustar funcionamento da regra de negócio 099;SIAGT;Estruturantes de TI;Sem Atuação da GEQTI;Q1;Marcela Alicia Alarcon Gallardo;22/04/2025;;1
23057054;Teste Funcional;Pronto;CA009 - SISAG Automação Bancária;Efetua Cadastramento/Troca de Senha - Gera Autorização Eletrônica;SISAG;Canais Físicos;Sem Atuação da GEQTI;Q4;Danielson Maciel da Costa;22/04/2025;;1
23057081;Teste Funcional;Implantado;PS032 - SIPDM - Investimentos Pe De Meia;[SIPDM - DEFEITO - CÓDIGO - CTM_20_QLD_FB_Validar campo Data do Arquivo referente ao Header do layout: (Posição, Tamanho, campo, descrição, formato, valores possíveis, obrigatoriedade) - O arquivo está sendo processado quando o campo Data do Arquiv;SIPDM;Programas Sociais;Sem Atuação da GEQTI;Q1;Rhayk Vinicius Damacena Alves;22/04/2025;28/04/2025;1
23057815;Teste de Regressão;Novo;BO004 - Squad Desenvolvimento Dossiê MTR;[GEQTI] - SIMTR - Defeito - Inclusão de Produto - Web e API;SIMTR;Box Esteira Digital Operações;Sem Atuação da GEQTI;Q4;Noeli da Fonseca Pereira Fernandes;22/04/2025;;1
23058006;Defeito;Pronto;CA018 - Auto Atendimento 2;SIMOC- análise de inconsistência nas contas NSGD das transações de DES;SIMOC;Canais Físicos;Sem Atuação da GEQTI;Q1;Elson Massahaki Oka;22/04/2025;;1
23058805;Defeito;Em Desenvolvimento;AI006 - Core e Adm. Fase Retorno e Recebimento;BEMPF10 - Contratos com diferença de prestação a emitir ou emitida sem haver diferença de prestação acumulada;SIACI;Administração do Crédito Imobiliário;Sem Atuação da GEQTI;Q3;Giovani Gomes da Silva;22/04/2025;;1
23058962;Defeito;Pronto;MP004 - APLICATIVO DE CARTÕES;I - Lista de serviços do app apresentando cartão com bloqueio irreversível;SIACM;Meios de Pagamento;Sem Atuação da GEQTI;Q2;Carlos Eduardo Iunes de Oliveira;22/04/2025;;1
23058974;Defeito;Novo;PE004 - SAP Sustentação Educação;Defeito criação de parcela duplicada em pós graduação;SIPGE;Pessoas;Sem Atuação da GEQTI;Q2;Maria Sustenes Alves dos Santos;22/04/2025;;1
23058996;Teste Funcional;Pronto;CA009 - SISAG Automação Bancária;Efetua Cadastramento/Troca de Senha - SAGRPV AUTORIZANDO TRANSAÇÃO;SISAG;Canais Físicos;Sem Atuação da GEQTI;Q4;Danielson Maciel da Costa;22/04/2025;;1
23059550;Teste Funcional;Implementado;PS001 - App Caixa Trabalhador;SIAPT - DEFEITO - IOS - CALENDÁRIO INSS 2025 -  final 8 até 1 salário mínimo;SIAPT;Programas Sociais;Sem Atuação da GEQTI;Q3;Kelen Ferreira Troitino Vazquez;22/04/2025;;1
23059726;Teste Funcional;Pronto;PE020 - App Saúde CAIXA;[CEGTI] - Android - SIMSC - QLD - Inscrição PRM - Espaçamento entre linhas;SIMSC;Pessoas;Sem Atuação da GEQTI;Q3;Fernando Rodrigues;22/04/2025;;1
23059938;Defeito;Aceito;PS021 - App Bolsa Familia;SIFAM - DEFEITO - Fale Conosco (Android);SIFAM;Programas Sociais;Sem Atuação da GEQTI;Q3;Cindy Oliveira Santos Pinheiro Queiroz;22/04/2025;;1
23060194;Teste Funcional;Novo;PS004 - SIPBF - Ateste Bolsa Familia;[Aceite - Cód - HU1132 - SIPBF - Online - Validação de campos no formulário de parâmetros de benefício social - Alterar Parâmetros Vigentes do Benefício] - Permite inserir letra em campo numérico;SIPBF;Programas Sociais;Sem Atuação da GEQTI;Q1;Elma de Assis Pereira;22/04/2025;;1
23060319;Teste Funcional;Novo;BF001 - APP HABITACAO - SIAME ANDROID;"Falhando o Caso de Teste ""CT_CERTIF_Validar_Minhas_Propostas""";SIAME;Box Moradia PF;Sem Atuação da GEQTI;Q3;Rivaldo Mendes Pinto;22/04/2025;;1
23060325;Teste Funcional;Novo;PS004 - SIPBF - Ateste Bolsa Familia;[Aceite - Cód - HU1132 - SIPBF - Online - Validação de campos no formulário de parâmetros de benefício social - Alterar Parâmetros Vigentes do Benefício] - Permite inserir caractere especial em campo numérico;SIPBF;Programas Sociais;Sem Atuação da GEQTI;Q1;Elma de Assis Pereira;22/04/2025;;1
23060394;Teste Funcional;Aceito;CA009 - SISAG Automação Bancária;Recebimento de boleto Com Código de Barras Atendimento Integrado - Em CONTINGÊNCIA CIP a transação não prossegue e retorna para a tela do resumo do atendimento integrado;SISAG;Canais Físicos;Sem Atuação da GEQTI;Q4;Adalberto Ribeiro Lima;22/04/2025;;1
23062542;Teste Funcional;Novo;;SINBM - HU22982412 - [Android] - QLD_DEF - RELEASE - SINBM - Modulo de Crédito - Integração Crédito do Trabalhador;SINBM;Box Relacionamento Digital;Sem Atuação da GEQTI;Q1;Edmilson Bernardinelli;23/04/2025;;1
23062671;Teste Funcional;Novo;BR046 - Plataforma Release Train;SINBM - HU22982412 - [Android] - QLD_DEF - RELEASE - SINBM - Modulo de Crédito - Integração Crédito do Trabalhador;SINBM;Box Relacionamento Digital;Sem Atuação da GEQTI;Q1;Edmilson Bernardinelli;23/04/2025;;1
23062838;Teste Funcional;Novo;BR046 - Plataforma Release Train;SINBM - HU22982412 - [Android] - QLD_DEF - RELEASE - SINBM - Modulo de Crédito - Integração Crédito do Trabalhador;SINBM;Box Relacionamento Digital;Sem Atuação da GEQTI;Q1;Edmilson Bernardinelli;23/04/2025;;1
23062975;Teste Funcional;Novo;BR046 - Plataforma Release Train;SINBM - HU22982412 - [Android] - QLD_DEF - RELEASE - SINBM - Modulo de Crédito - Integração Crédito do Trabalhador;SINBM;Box Relacionamento Digital;Sem Atuação da GEQTI;Q1;Edmilson Bernardinelli;23/04/2025;;1
23063090;Teste Funcional;Novo;BR046 - Plataforma Release Train;SINBM - HU22982412 - [Android] - QLD_DEF - RELEASE - SINBM - Modulo de Crédito - Integração Crédito do Trabalhador;SINBM;Box Relacionamento Digital;Sem Atuação da GEQTI;Q1;Edmilson Bernardinelli;23/04/2025;;1
23063577;Teste Funcional;Implementado;PS001 - App Caixa Trabalhador;SIAPT - DEFEITO - IOS - CALENDÁRIO INSS 2025 -  final 9 até 1 salário mínimo e mais de 1 salário mínimo - Competência DEZ/2024;SIAPT;Programas Sociais;Sem Atuação da GEQTI;Q3;Kelen Ferreira Troitino Vazquez;23/04/2025;;1
23063720;Teste Funcional;Pronto;DI008 - APP CAIXA - Investimentos;[SINBM Nativo] [Android] Fundos de Investimento - Detalhar Fundo - Parte 1 - UI_QLD_DEF_Aspectos gráficos e ortográficos;SINBM;Box Conta Digital;Sem Atuação da GEQTI;Q1;Andreia de Lima Campos;23/04/2025;;1
23063824;Teste Funcional;Novo;FP034 - SINAFWEB;Defeito TQS - SINAFWEB - Vinculo LGO - Link de redirecionamento para LGO não funciona;SINAF;Financeiro e Controladoria;Sem Atuação da GEQTI;Q2;Samuel Felipe Gomes de Sousa;23/04/2025;;1
23064321;Defeito;Em Refinamento;AI006 - Core e Adm. Fase Retorno e Recebimento;BEMCC06 - [Defeito]  - Mutuário: Can Construtora - CIWEB/TP131- 177770014439-9 -  pendência nos comandos de liquidação da dívida com recursos próprios;SIACI;Administração do Crédito Imobiliário;Sem Atuação da GEQTI;Q3;Rosemary Silva Duarte;23/04/2025;;1
23064342;Defeito;Preparado;ES022 - Administração de Dados e Banco de Dados;Pré-validação de modelo de dados à nível de modelo - Ajustar funcionamento das regras de negócio 012 e 007;SIAGT;Estruturantes de TI;Sem Atuação da GEQTI;Q1;Marcela Alicia Alarcon Gallardo;23/04/2025;;1
23064643;Teste Funcional;Em Refinamento;LT003 - Canal Lotérico - Evoluções;21753641 HU - ERRO no Cadastrar Notificação do portal GESTÃO;SISPL;Loterias e Canais Parceiros;Sem Atuação da GEQTI;Q4;Patricia de Oliveira Santos;23/04/2025;;1
23064732;Teste Funcional;Novo;PS004 - SIPBF - Ateste Bolsa Familia;[Aceite - Cód - HU1132 - SIPBF - Online - Validação de campos no formulário de parâmetros de benefício social - Alterar Parâmetros Vigentes do Benefício] - Sistema não recupera o dado parametrizado no campo <Renda máxima para concessão>;SIPBF;Programas Sociais;Sem Atuação da GEQTI;Q1;Elma de Assis Pereira;23/04/2025;;1
23065134;Teste Funcional;Em Refinamento;LT003 - Canal Lotérico - Evoluções;SISPL G - Possibilidade de emitir extratos de clubes por período. Divergência de layouts;SISPL;Loterias e Canais Parceiros;Sem Atuação da GEQTI;Q4;Alex Alves Neves;23/04/2025;;1
23065238;Teste Funcional;Aceito;PS001 - App Caixa Trabalhador;SIAPT - DEFEITO - IOS -  Programa Mães de Pernambuco - Dúvidas Frequentes - Como é feito o pagamento do benefício do Mães de Pernambuco - DES;SIAPT;Programas Sociais;Sem Atuação da GEQTI;Q3;Kelen Ferreira Troitino Vazquez;23/04/2025;;1
23065574;Teste Funcional;Novo;PS004 - SIPBF - Ateste Bolsa Familia;[Aceite- Cód -  HU1130 - SIPBF - Online - Altera parâmetro e histórico de formulário de parâmetro de programas sociais - Visualizar Parâmetro de Programa] - Campo <Percentual máximo consignado família> é apresentado duplicado ao incluir parâmetr;SIPBF;Programas Sociais;Sem Atuação da GEQTI;Q1;Elma de Assis Pereira;23/04/2025;;1
23065938;Teste Funcional;Implementado;PS001 - App Caixa Trabalhador;SIAPT - IOS – DEFEITO – O aplicativo não está exibindo a mensagem de retorno do código 400, quando é realizada a troca de chave API Manager do SIPBS.;SIAPT;Programas Sociais;Sem Atuação da GEQTI;Q3;Geneci Raimundo dos Santos;23/04/2025;;1
23065977;Defeito;Implementado;PS001 - App Caixa Trabalhador;SIAPT - IOS – DEFEITO – O APLICATIVO ESTÁ EXIBINDO AS INFORMAÇÕES DO “CACHE” LOCAL NA CONSULTA DE RETORNO DE ERRO;SIAPT;Programas Sociais;Sem Atuação da GEQTI;Q3;Geneci Raimundo dos Santos;23/04/2025;;1
23066065;Teste Funcional;Pronto;CA009 - SISAG Automação Bancária;Desalinhamento entre colunas referentes ao RCAD e o Leiaute do mesmo na ESSP;SISAG;Canais Físicos;Sem Atuação da GEQTI;Q4;William Santos Rocha;23/04/2025;;1
23067849;Teste Funcional;Novo;CA008 - Gerenciador de Atendimento;[DEFEITO - REQUISITO] - Erro de mensagem a ser exibida;SIPNL;Canais Físicos;Sem Atuação da GEQTI;Q3;Lucio Eneas Kuhl;24/04/2025;;1
23068655;Teste Funcional;Novo;LT003 - Canal Lotérico - Evoluções;21894288 HU - ERRO ao solicitar o PDF para impressão do arquivo - o arquivo gera em branco;SISPL;Loterias e Canais Parceiros;Sem Atuação da GEQTI;Q4;Patricia de Oliveira Santos;24/04/2025;;1
23068989;Defeito;Em Desenvolvimento;FG030 - FCVS;SICVS (COBOL/WEB) - Criação do módulo de recebimento de relatórios - SIWFC - Erro;SICVS;Fundos de Governo;Sem Atuação da GEQTI;Q1;Fabiana Goes Salles;24/04/2025;;1
23069049;Defeito;Novo;CR015 - SIGEC Cessão;GECES - SIGEC CSC - DEFEITO - Erro na Carga da Base em ambiente HMP;SIGEC;Crédito Comercial e Agronegócio;Sem Atuação da GEQTI;Q2;Vitor Ferreira dos Santos Peixoto;24/04/2025;;1
23069216;Teste Funcional;Novo;LT003 - Canal Lotérico - Evoluções;21797402 HU - ERRO - Ao clicar BAIXAR EXCEL o sistema abre a tela de impressão para todas as modalidades;SISPL;Loterias e Canais Parceiros;Sem Atuação da GEQTI;Q4;Patricia de Oliveira Santos;24/04/2025;;1
23069932;Defeito;Em Desenvolvimento;FG028 - FGTS Digital;EMPREGADOR - Permitir consultar empregador que tem guia e não tem vínculo;SIFGD;Fundos de Governo;Sem Atuação da GEQTI;Q1;Ana Mara da Silva;24/04/2025;;1
23070453;Teste Funcional;Novo;PS004 - SIPBF - Ateste Bolsa Familia;[Aceite - Cód - HU1132 - SIPBF - Online - Validação de campos no formulário de parâmetros de benefício social - Alterar Parâmetros Vigentes do Benefício] - Sistema não apresenta mensagem de campo inválido para dado negativo;SIPBF;Programas Sociais;Sem Atuação da GEQTI;Q1;Elma de Assis Pereira;24/04/2025;;1
23070624;Teste Funcional;Novo;PS004 - SIPBF - Ateste Bolsa Familia;[Aceite - Cód - HU1132 - SIPBF - Online - Validação de campos no formulário de parâmetros de benefício social - Alterar Parâmetros Vigentes do Benefício] - Sistema não apresenta mensagem de campo inválido para dado não inteiro;SIPBF;Programas Sociais;Sem Atuação da GEQTI;Q1;Elma de Assis Pereira;24/04/2025;;1
23070803;Teste Funcional;Pronto;DI008 - APP CAIXA - Investimentos;[SINBM Nativo] [Android] Fundos de Investimento - Detalhar Fundo - Parte 1 - Trackeamento_QLD_DEF_Registro de evento;SINBM;Box Conta Digital;Sem Atuação da GEQTI;Q1;Andreia de Lima Campos;24/04/2025;;1
23071067;Teste Funcional;Implementado;LT011 - Novos Jogos;HU 22023272 - Aplicação apresenta erro ao incluir e alterar período de vigência de Equipe Esportiva.;SISPL;Loterias e Canais Parceiros;Sem Atuação da GEQTI;Q4;Tatiana do Nascimento Moura;24/04/2025;;1
23071126;Teste Funcional;Novo;PS004 - SIPBF - Ateste Bolsa Familia;[Aceite - Cód - HU1132 - SIPBF - Online - Validação de campos no formulário de parâmetros de benefício social - Alterar Parâmetros Vigentes do Benefício] - Sistema não habilita a opção <Salvar> para reproduzir a mensagem;SIPBF;Programas Sociais;Sem Atuação da GEQTI;Q1;Elma de Assis Pereira;24/04/2025;;1
23071308;Defeito;Em Refinamento;ES022 - Administração de Dados e Banco de Dados;Pré-validação de modelo de dados à nível de tabela - Ajustar funcionamento das regras de negócio 046 e 047;SIAGT;Estruturantes de TI;Sem Atuação da GEQTI;Q1;Marcela Alicia Alarcon Gallardo;24/04/2025;;1
23071332;Teste Funcional;Em Refinamento;;HU21813156: Divergência em alguns campos na consulta da Notificação;SISPL;Loterias e Canais Parceiros;Sem Atuação da GEQTI;Q4;Marisa Yumi Takagi;24/04/2025;;1
23071574;Teste Funcional;Aceito;PS004 - SIPBF - Ateste Bolsa Familia;[Aceite - Doc - HU1132 - SIPBF - Online - Validação de campos no formulário de parâmetros de benefício social - Alterar Parâmetros Vigentes do Benefício] - Documentação não possui mensagem de campo obrigatório;SIPBF;Programas Sociais;Sem Atuação da GEQTI;Q1;Elma de Assis Pereira;24/04/2025;;1
23071665;Teste Funcional;Implementado;PS001 - App Caixa Trabalhador;SIAPT - DEFEITO - IOS - Consulta parcelas Bolsa Verde - DES;SIAPT;Programas Sociais;Sem Atuação da GEQTI;Q3;Kelen Ferreira Troitino Vazquez;24/04/2025;;1
23071789;Defeito;Aceito;MP002 - CARTÃO DE CRÉDITO - SERVIÇOS;GECAR01 - OPEN FINANCE - SD 81625 - Dados inconsistentes em Credit Cards - SLA 08/05/2025 - [OPENFINANCE] - [INTERNO];SIPCS;Meios de Pagamento;Sem Atuação da GEQTI;Q2;Paulo Sergio Gazzoni;24/04/2025;;1
23072044;Teste de Regressão;Novo;FP010 - Revitalização do SIAEF;DEFEITO EM TQS - SIAEF REVITALIZAÇÃO - Testes Regressão - Tipo desembolso -  Sistema não permite adicionar ou alterar vínculo TD/CL;SIAEF;Financeiro e Controladoria;Sem Atuação da GEQTI;Q3;Alisson Ferreira dos Santos;24/04/2025;;1
23073471;Defeito;Em Refinamento;ES022 - Administração de Dados e Banco de Dados;Pré-validação de modelo de dados à nível de modelo - Ajustar funcionamento da regra de negócio 048;SIAGT;Estruturantes de TI;Sem Atuação da GEQTI;Q1;Marcela Alicia Alarcon Gallardo;25/04/2025;;1
23073999;Defeito;Preparado;PS004 - SIPBF - Ateste Bolsa Familia;SIPBF - Defeitos online;SIPBF;Programas Sociais;Sem Atuação da GEQTI;Q1;Wirlinda Brasil Maia Mota;25/04/2025;;1
23074004;Teste Funcional;Novo;FP033 - SIMCN;Defeito HMP - SIMCN - O sistema não apresenta os diferentes perfis na funcionalidade de Ajuda funcionalidade sistema;SIMCN;Financeiro e Controladoria;Sem Atuação da GEQTI;Q2;Samuel Felipe Gomes de Sousa;25/04/2025;;1
23074317;Defeito;Implementado;MP004 - APLICATIVO DE CARTÕES;6.5.6 - SIACM - A - Opção para aumento de limite não está aparecendo;SIACM;Meios de Pagamento;Sem Atuação da GEQTI;Q2;Daniel Goncalves Marini;25/04/2025;;1
23074360;Teste de Regressão;Implantado;MP028 - [PIX] DICT BACEN;"Falhando o Caso de Teste ""CT_CERTIF_DF001_Criar_Chave_EVP_Generico""";SISPI;Meios de Pagamento;Sem Atuação da GEQTI;Q4;Absalon Teixeira do Rego Junior;25/04/2025;29/04/2025;1
23074879;Teste Funcional;Em Refinamento;CB003 - Cobrança Modernização;Para o perfil de auditoria está permitindo edição de campos do título;SIGCB;Cobrança e Operações Bancárias;Sem Atuação da GEQTI;Q2;Rodrigo da Silva dos Reis Santos;25/04/2025;;1
23075104;Teste Funcional;Implementado;FD019 - Atualizador de Depósito Judicial;Falhando a funcionalidade Consulta Depósito (JJ0F) - Ausência de título referente as informações do depósito;SIJAD;Fomento e Depósitos Judiciais;Sem Atuação da GEQTI;Q4;Karla Pinheiro Leone;25/04/2025;;1
23075132;Teste Funcional;Implementado;FD019 - Atualizador de Depósito Judicial;"Falhando a funcionalidade Consulta Depósito (JJ0F) - Campo zerado não apresenta asterístico""*""";SIJAD;Fomento e Depósitos Judiciais;Sem Atuação da GEQTI;Q4;Karla Pinheiro Leone;25/04/2025;;1
23075724;Teste Funcional;Novo;FD005 - SIFPP - Fomento e Políticas Públicas;Apresentou layout diferente no detalhamento da tela das propostas vinculadas encerradas e extintas;SIFPP;Fomento e Depósitos Judiciais;Sem Atuação da GEQTI;Q1;Thiago Felipe D Almeida Monteiro;25/04/2025;;1
23076222;Teste Funcional;Novo;LT003 - Canal Lotérico - Evoluções;SUALO14 - SISPL-G - Alterações de Menus;SISPL;Loterias e Canais Parceiros;Sem Atuação da GEQTI;Q4;Alex Alves Neves;25/04/2025;;1
23076375;Teste Funcional;Em Refinamento;;HU21813156: Divergência nos campos da alteração da notificação;SISPL;Loterias e Canais Parceiros;Sem Atuação da GEQTI;Q4;Marisa Yumi Takagi;25/04/2025;;1
23076473;Teste Funcional;Novo;LT003 - Canal Lotérico - Evoluções;SUALO14 - [Portal] Concursos - Estimativas;SISPL;Loterias e Canais Parceiros;Sem Atuação da GEQTI;Q4;Alex Alves Neves;25/04/2025;;1
23076592;Defeito;Novo;;"SIAME - Defeito no campo ""Minhas Propostas"" - erro ao exibir informações da proposta.";SIAME;Box Moradia PF;Sem Atuação da GEQTI;Q3;Luiz Fernando Silva Lopes;25/04/2025;;1
23076845;Teste Funcional;Preparado;LT003 - Canal Lotérico - Evoluções;21756197 HU - ERRO - Os horário não estão de acordo conforme descrição em anexo;SISPL;Loterias e Canais Parceiros;Sem Atuação da GEQTI;Q4;Patricia de Oliveira Santos;25/04/2025;;1
23077017;Teste Funcional;Novo;PS004 - SIPBF - Ateste Bolsa Familia;"[Aceite - Cód - HU1132 - SIPBF - Online - Validação de campos no formulário de parâmetros de benefício social - Alterar Parâmetros Vigentes do Benefício] - Sistema apresenta mensagem ""undefined""";SIPBF;Programas Sociais;Sem Atuação da GEQTI;Q1;Elma de Assis Pereira;25/04/2025;;1
23077053;Teste Funcional;Implementado;LT008 - Evolução de Jogos Java;HU21808471: As modalidades Loteria Instantânea e Federal não são apresentados nos Prêmios Pagos por UF;SISPL;Loterias e Canais Parceiros;Sem Atuação da GEQTI;Q4;Marisa Yumi Takagi;25/04/2025;;1
23077194;Teste Funcional;Novo;PS004 - SIPBF - Ateste Bolsa Familia;[Aceite - Cód - HU1132 - SIPBF - Online - Validação de campos no formulário de parâmetros de benefício social - Alterar Parâmetros Vigentes do Benefício] - Sistema apresenta dado não parametrizado;SIPBF;Programas Sociais;Sem Atuação da GEQTI;Q1;Elma de Assis Pereira;25/04/2025;;1
23077198;Teste Funcional;Novo;BR046 - Plataforma Release Train;SINBM - HU22982412 - [Android] - QLD_DEF - RELEASE - SINBM - Modulo de Crédito - Integração Crédito do Trabalhador;SINBM;Box Relacionamento Digital;Sem Atuação da GEQTI;Q1;Edmilson Bernardinelli;25/04/2025;;1
23077288;Teste Funcional;Novo;BR046 - Plataforma Release Train;SINBM - HU22982412 - [Android] - QLD_DEF - RELEASE - SINBM - Modulo de Crédito - Integração Crédito do Trabalhador;SINBM;Box Relacionamento Digital;Sem Atuação da GEQTI;Q1;Edmilson Bernardinelli;25/04/2025;;1
23077703;Teste Funcional;Pronto;CA009 - SISAG Automação Bancária;Mensagem divergente (MN472) quando mensagem de erro para situação 4, retornada do SIGDA - Consulta Assinatura;SISAG;Canais Físicos;Sem Atuação da GEQTI;Q4;William Santos Rocha;25/04/2025;;1
23083650;Teste Funcional;Pronto;CA009 - SISAG Automação Bancária;Campo ORDEM no RCAD não registra cada página exibida no Consulta Assinatura (Requisito);SISAG;Canais Físicos;Sem Atuação da GEQTI;Q4;William Santos Rocha;28/04/2025;;1
23083727;Defeito;Novo;FG016 - SIFGM - APP FGTS;Bug Android - Correção do Crash ao atualizar o app para nova versão contendo as correções de segurança do Shared preference - devido não encontrar a criptografia na pasta antiga do app;SIFGM;Fundos de Governo;Sem Atuação da GEQTI;Q1;Edlene Alves Martins;28/04/2025;;1
23084288;Defeito;Novo;BM001 - BPPMO01 - SISME;[DEFEITO] SISME - MONITORAMENTO - OPERACIONAL NÃO CONSULTA MONITORAMENTO;SISME;Box Moradia Plataforma;Sem Atuação da GEQTI;Q1;Mauricio Assuncao Oliveira dos Santos;28/04/2025;;1
23084322;Teste Funcional;Novo;;HU 21808471: Não apresenta as UFs na consultas dos Prêmios Pagos por UF;SISPL;Loterias e Canais Parceiros;Sem Atuação da GEQTI;Q4;Marisa Yumi Takagi;28/04/2025;;1
23084799;Teste Funcional;Novo;LT011 - Novos Jogos;Item de Backlog 21797201 - Não é apresentado o número do concurso das modalidades do SISPL I.;SISPL;Loterias e Canais Parceiros;Sem Atuação da GEQTI;Q4;Garden Coraci Loriano das Neves;28/04/2025;;1
23084896;Teste Funcional;Novo;PS004 - SIPBF - Ateste Bolsa Familia;[Aceite - Cód - HU1132 - SIPBF - Online - Validação de campos no formulário de parâmetros de benefício social - Alterar Parâmetros Anteriores do Benefício] - Permite inserir letra em campo numérico;SIPBF;Programas Sociais;Sem Atuação da GEQTI;Q1;Elma de Assis Pereira;28/04/2025;;1
23084915;Defeito;Implementado;PE037 - E-Recruting;Defeito na atividade ELIMINAR CANDIDATO;SIPGE;Pessoas;Sem Atuação da GEQTI;Q2;Alexandre de Jesus Botelho;28/04/2025;;1
23084937;Teste Funcional;Novo;PS004 - SIPBF - Ateste Bolsa Familia;[Aceite - Cód - HU1132 - SIPBF - Online - Validação de campos no formulário de parâmetros de benefício social - Alterar Parâmetros Anteriores do Benefício] - Permite inserir caractere especial em campo numérico;SIPBF;Programas Sociais;Sem Atuação da GEQTI;Q1;Elma de Assis Pereira;28/04/2025;;1
23084951;Teste Funcional;Novo;LT011 - Novos Jogos;Divergência de Item de Backlog 21797201 com as apresentadas na aplicação.;SISPL;Loterias e Canais Parceiros;Sem Atuação da GEQTI;Q4;Garden Coraci Loriano das Neves;28/04/2025;;1
23084994;Teste Funcional;Novo;PS021 - App Bolsa Familia;SIFAM - DEFEITO - QLD - APP travando ao clicar a seta de voltar nas opções da área não logada;SIFAM;Programas Sociais;Sem Atuação da GEQTI;Q3;Rhayk Vinicius Damacena Alves;28/04/2025;;1
23085110;Teste Funcional;Novo;LT011 - Novos Jogos;"Item de Backlog 21797201 - Não apresenta no resultado do ""Relatório Movimento Por Hora/Canal"", a informação do canal pesquisado.";SISPL;Loterias e Canais Parceiros;Sem Atuação da GEQTI;Q4;Garden Coraci Loriano das Neves;28/04/2025;;1
23085376;Defeito;Novo;CR012 - SIEMP Sustentação;CR012 - SIEMP - CONTRATO 7607 (1075331) - GERAÇÃO DE PARCELA PÓS HONRA (CHAMADO WO0000076116659);SIEMP;Crédito Comercial e Agronegócio;Sem Atuação da GEQTI;Q3;Cristiano Tadeu Torres de Araujo;28/04/2025;;1
23085492;Teste Funcional;Novo;PS004 - SIPBF - Ateste Bolsa Familia;"[Aceite - Cód - HU1132 - SIPBF - Online - Validação de campos no formulário de parâmetros de benefício social - Alterar Parâmetros Anteriores do Benefício] - Sistema apresenta mensagem ""undefined""";SIPBF;Programas Sociais;Sem Atuação da GEQTI;Q1;Elma de Assis Pereira;28/04/2025;;1
23085654;Teste Funcional;Novo;PS021 - App Bolsa Familia;SIFAM - DEFEITO - QLD - Botão compartilhar da opção Dicas para você não está funcionando conforme o esperado.;SIFAM;Programas Sociais;Sem Atuação da GEQTI;Q3;Rhayk Vinicius Damacena Alves;28/04/2025;;1
23085669;Teste Funcional;Pronto;CI010 - PDI Fundos de investimento;[QUARKUS] [CEGTI] | SIPDI - API-movimentações - Realiza Aplicação V3 IBC - Aplicação;SIPDI;Câmbio, Investimentos e Mercado de Capitais;Sem Atuação da GEQTI;Q3;Lennon Xavier dos Santos;28/04/2025;;1
23085908;Teste Funcional;Novo;LT011 - Novos Jogos;"Item de Backlog 21797201 - Aplicação apresenta erro ao consultar a modalidade Loteria Instantânea no ""Relatório Movimento Por Hora/Canal"".";SISPL;Loterias e Canais Parceiros;Sem Atuação da GEQTI;Q4;Garden Coraci Loriano das Neves;28/04/2025;;1
23086146;Teste Funcional;Em Refinamento;;HU22469945: O histórico da alteração do CNPJ é apresentado em branco;SISPL;Loterias e Canais Parceiros;Sem Atuação da GEQTI;Q4;Marisa Yumi Takagi;28/04/2025;;1
23086283;Defeito;Novo;CL002 - Pagamento ao Fornecedor;"SIPGE - ZFI9009_v2 - REINF 4020 - Ausência informação da Retenção do IRRF na alíquota de 4,8% (código receita 6256) - Código IRF tipo ""RI/RJ"" - retenção segregada";SIPGE;Contratações e Logística;Sem Atuação da GEQTI;Q2;Robson Batista dos Santos;28/04/2025;;1
23086820;Teste Funcional;Novo;PS021 - App Bolsa Familia;SIFAM - DEFEITO - QLD - Telas piscando quando reinstala e desliga a internet do app;SIFAM;Programas Sociais;Sem Atuação da GEQTI;Q3;Rhayk Vinicius Damacena Alves;28/04/2025;;1
23087093;Defeito;Novo;ES004 - Barramento de Serviços;Corrigir a v2 da API do SIPAS no barramento;SIBAR;Estruturantes de TI;Sem Atuação da GEQTI;Q1;Carine Nery da Costa Bastos;28/04/2025;;1
23087345;Teste Funcional;Novo;LT003 - Canal Lotérico - Evoluções;HU21976403 - SISPL-G - PUBLICAÇÃO DE RESULTADO - lista de ganhadores está sendo apresentado no lugar em desacordo com outras modalidades.;SISPL;Loterias e Canais Parceiros;Sem Atuação da GEQTI;Q4;Emerson Rogerio Ferreira;28/04/2025;;1
23087403;Teste Funcional;Novo;LT011 - Novos Jogos;Item de Backlog 21797201 - Arquivo em PDF do “Relatório Movimento por Hora/Canal”está com algumas informações desalinhadas.;SISPL;Loterias e Canais Parceiros;Sem Atuação da GEQTI;Q4;Garden Coraci Loriano das Neves;28/04/2025;;1
23089561;Defeito;Preparado;CD037 - SAC;SISOU - DEFEITO - Painel de Controle - Visão Gestor;SISOU;Clientes;Sem Atuação da GEQTI;Q3;Danielle Belo de Araujo Gomes;29/04/2025;;1
23090151;Teste Funcional;Novo;LT011 - Novos Jogos;Item de Backlog 22395970  - Divergência de informação na consulta do Ranking Timemania.;SISPL;Loterias e Canais Parceiros;Sem Atuação da GEQTI;Q4;Garden Coraci Loriano das Neves;29/04/2025;;1
23090502;Defeito;Novo;FD009 - SIAPO - Controle Orçamentário do FGTS;[QA] - Gerar peça Orçamentária - NÃO ESTÁ GERANDO PEÇA;SIAPO;Fomento e Depósitos Judiciais;Sem Atuação da GEQTI;Q1;Ana Lucia Mendes de Souza Gomes;29/04/2025;;1
23090661;Teste Funcional;Novo;LT003 - Canal Lotérico - Evoluções;22394646 - ERRO em alguns pontos da HU - 22394646 - Melhoria nas pesquisas da Timemania;SISPL;Loterias e Canais Parceiros;Sem Atuação da GEQTI;Q4;Patricia de Oliveira Santos;29/04/2025;;1
23090700;Defeito;Novo;PS021 - App Bolsa Familia;SIFAM - DEFEITO - ÁREA NÃO LOGADA - Tela carrossel (Onboarding) (Android);SIFAM;Programas Sociais;Sem Atuação da GEQTI;Q3;Cindy Oliveira Santos Pinheiro Queiroz;29/04/2025;;1
23090711;Teste Funcional;Novo;LT003 - Canal Lotérico - Evoluções;HU21797413: A aplicação não apresenta mensagem informando que o concurso está aberto, mas não homologado, na consulta de Ranking de Lotéricos.;SISPL;Loterias e Canais Parceiros;Sem Atuação da GEQTI;Q4;Tatiana do Nascimento Moura;29/04/2025;;1
23091296;Defeito;Novo;MP012 - CARTÃO DE CRÉDITO - SUSTENTAÇÃO;CECOP16 - SIPCS - EMISSÃO INDEVIDA DE CARTÃO TOMBADO - VISA TIGRE EMPRESARIAL;SIPCS;Meios de Pagamento;Sem Atuação da GEQTI;Q2;Amalia Cristina Cruz de Oliveira;29/04/2025;;1
23091380;Teste Funcional;Novo;CA009 - SISAG Automação Bancária;Bloqueio de Senha Cidadão - Apresentando campo com o nome divergente.;SISAG;Canais Físicos;Sem Atuação da GEQTI;Q4;Ana Lucia dos Santos Agrela;29/04/2025;;1
23091535;Teste Funcional;Novo;LT003 - Canal Lotérico - Evoluções;SUALO14 - SISPL-G - Modalidades clássicas para configurar > concurso- erro na funcionalidade configurar concurso;SISPL;Loterias e Canais Parceiros;Sem Atuação da GEQTI;Q4;Alex Alves Neves;29/04/2025;;1
23092243;Defeito;Em Desenvolvimento;MP004 - APLICATIVO DE CARTÕES;6.5.6 - A - Não está sendo possível concluir contratação no App Cartões;SIACM;Meios de Pagamento;Sem Atuação da GEQTI;Q2;Petulia Oliveira da Cruz;29/04/2025;;1
23092398;Teste Funcional;Novo;BR046 - Plataforma Release Train;SINBM - HU22982412 - [Android] - QLD_DEF - RELEASE - SINBM - Modulo de Crédito - Integração Crédito do Trabalhador;SINBM;Box Relacionamento Digital;Sem Atuação da GEQTI;Q1;Edmilson Bernardinelli;29/04/2025;;1
23092467;Defeito;Implementado;MP004 - APLICATIVO DE CARTÕES;6.5.6 - I - Não estão sendo apresentados o status e detalhes da renegociação quitada.;SIACM;Meios de Pagamento;Sem Atuação da GEQTI;Q2;Petulia Oliveira da Cruz;29/04/2025;;1
23092472;Teste Funcional;Novo;AC025 - Pagamentos Salário;DEFEITO: SIGMC - Erro na Execução de Script - Alterar Valor Limite para emissão da TEC_TED - em ambiente HMP - Aplicação GMCPO051;SIGMC;Arrecadação e Convênios;Sem Atuação da GEQTI;Q2;Cristina Celi Pereira;29/04/2025;;1
23092808;Teste Funcional;Implementado;LT011 - Novos Jogos;Ajuste de Item de Backlog 22670133 da informação disponível na aplicação.;SISPL;Loterias e Canais Parceiros;Sem Atuação da GEQTI;Q4;Garden Coraci Loriano das Neves;29/04/2025;;1
23092855;Teste Funcional;Novo;;DEFEITO EM HMP - SIMCN  - Administrativo > Parâmetros Gestor > Conciliação Manual - item 21516385;SIMCN;Financeiro e Controladoria;Sem Atuação da GEQTI;Q2;Fernando Henrique Batista de Freitas;29/04/2025;;1
23092929;Teste Funcional;Em Desenvolvimento;CA009 - SISAG Automação Bancária;"CADASTRAMENTO DE SENHA EO - MENSAGEM: ""405 MÉTODO NÃO PERMITIDO"".";SISAG;Canais Físicos;Sem Atuação da GEQTI;Q4;Gisele de Barros Cerqueira;29/04/2025;;1
23092932;Teste Funcional;Novo;LT011 - Novos Jogos;Item de Backlog 22529134 - Aplicação apresenta mensagens informativas duplicadas no parâmetro de encalhe.;SISPL;Loterias e Canais Parceiros;Sem Atuação da GEQTI;Q4;Garden Coraci Loriano das Neves;29/04/2025;;1
23094799;Teste Funcional;Novo;PS004 - SIPBF - Ateste Bolsa Familia;[Aceite - Cód - HU1132 - SIPBF - Online - Validação de campos no formulário de parâmetros de benefício social - Alterar Parâmetros Anteriores do Benefício] - Sistema não apresenta mensagem de campo inválido para dado negativo;SIPBF;Programas Sociais;Sem Atuação da GEQTI;Q1;Elma de Assis Pereira;30/04/2025;;1
23094832;Teste Funcional;Novo;PS004 - SIPBF - Ateste Bolsa Familia;[Aceite - Cód - HU1132 - SIPBF - Online - Validação de campos no formulário de parâmetros de benefício social - Alterar Parâmetros Anteriores do Benefício] - Sistema não apresenta mensagem de campo inválido para dado não inteiro;SIPBF;Programas Sociais;Sem Atuação da GEQTI;Q1;Elma de Assis Pereira;30/04/2025;;1
23094926;Teste Funcional;Novo;PS004 - SIPBF - Ateste Bolsa Familia;[Aceite - Cód - HU1132 - SIPBF - Online - Validação de campos no formulário de parâmetros de benefício social - Alterar Parâmetros Anteriores do Benefício] - Sistema não habilita a opção <Salvar> para reproduzir a mensagem;SIPBF;Programas Sociais;Sem Atuação da GEQTI;Q1;Elma de Assis Pereira;30/04/2025;;1
23095650;Teste Funcional;Novo;FD019 - Atualizador de Depósito Judicial;Falhando a funcionalidade Extrato Conta - Detalhe do Lançamento (JJ0L) - Não considera o bloqueio e o desbloqueio, realizados no ID  ;SIJAD;Fomento e Depósitos Judiciais;Sem Atuação da GEQTI;Q4;Karla Pinheiro Leone;30/04/2025;;1
22628723;Teste Funcional;Implementado;BF036 - Emprestimo com Garantia Imobiliaria  - SIOPI;"Falhando o Caso de Teste ""CT107.001_UC_067_Detalhar Contrato de Extensão da proposta""";SIOPI;Box Moradia PF;Certificação;Q3;Arthur Henrique Santana dos Santos;02/01/2025;;1
22629733;Defeito;Pronto;LT016 - Refatoração SILCE;Comportamento da aplicação quando Mercado Pago Rejeita o Pagamento;SILCE;Loterias e Canais Parceiros;Certificação;Q4;Eduardo Camilo da Silva;02/01/2025;;1
22629845;Teste Funcional;Implementado;LT001 - Loterias Canais Digitais (Mobile);Defeito - SIMLO - Funcional iOS - Sprint 106 - Versão 1.17.0 - Inclusão dos filtros faltantes do MKP - iOS;SIMLO;Loterias e Canais Parceiros;Certificação;Q4;Everson Jose de Souza Holanda;02/01/2025;;1
22631317;Teste Funcional;Implantado;LT001 - Loterias Canais Digitais (Mobile);"Defeito - SIMLO - Funcional iOS - Sprint 106 -  Apostas premiadas - botão ""Resgatar prêmio"" com a cor azul";SIMLO;Loterias e Canais Parceiros;Certificação;Q4;Wallace Rodrigues de Oliveira;03/01/2025;10/01/2025;1
22632748;Teste Funcional;Implantado;CR010 - SISGH Gestão de Honras;[GEQTI] Defeito - Consulta de honras pagas apresentando erro e ultrapassando tempo limite;SISGH;Crédito Comercial e Agronegócio;Certificação;Q3;Diovany Pereira de Moura;03/01/2025;13/01/2025;1
22632913;Teste Funcional;Novo;;"CSU228 - FB - Receber Informação Estagio CROT - SIAPC""";SILCR;Depósitos e Captação;Certificação;Q3;Adriana Abrantes Alexandre;03/01/2025;;1
22633509;Teste Funcional;Preparado;BF036 - Emprestimo com Garantia Imobiliaria  - SIOPI;"Falhando o Caso de Teste ""CT107.002_UC_067_Valida MPAS ao detalhar Contrato de Extensão da proposta""";SIOPI;Box Moradia PF;Certificação;Q3;Arthur Henrique Santana dos Santos;06/01/2025;;1
22633828;Teste Funcional;Implantado;LT001 - Loterias Canais Digitais (Mobile);Defeito - SIMLO - Funcional iOS - Sprint 106 - Versão 1.17.0 - Detalhamento de combos de apostas no carrinho vindas do Portal web;SIMLO;Loterias e Canais Parceiros;Certificação;Q4;Everson Jose de Souza Holanda;06/01/2025;24/01/2025;1
22634028;Teste Funcional;Implantado;BF005 - Nato-Digital e OpenHab;"Falhando o Caso de Teste ""CT134.001_UC_2159_CPF do cônjuge não informado para participante casado ao Incluir Participante com estado civil casado na Proposta Online para canal parceiro""";SIOPI;Box Moradia PF;Certificação;Q3;Adriano dos Santos Lima;06/01/2025;13/01/2025;1
22634134;Defeito;Implantado;BF005 - Nato-Digital e OpenHab;"Falhando o Caso de Teste ""CT140.001_UC_2159_Data de concessão do subsídio não preenchida ao Incluir Participante com Indicador de Beneficiado com subsidio = S na Proposta Online para canal parceiro""";SIOPI;Box Moradia PF;Certificação;Q3;Adriano dos Santos Lima;06/01/2025;13/01/2025;1
22634457;Defeito;Implantado;BF005 - Nato-Digital e OpenHab;"Falhando o Caso de Teste ""CT148.001_UC_2159_Mais de uma Conta com o mesmo Tipo ao Incluir Participante com dados de conta informados na Proposta Online para canal parceiro""";SIOPI;Box Moradia PF;Certificação;Q3;Adriano dos Santos Lima;06/01/2025;13/01/2025;1
22634986;Teste Funcional;Implantado;LT001 - Loterias Canais Digitais (Mobile);Defeito - SIMLO - Funcional iOS - Sprint 105 - Versão 1.16.0 - Criar jornada da Loteria Instantânea no App Loterias - iOS;SIMLO;Loterias e Canais Parceiros;Certificação;Q4;Everson Jose de Souza Holanda;06/01/2025;28/01/2025;1
22635287;Teste Funcional;Implantado;CR010 - SISGH Gestão de Honras;[GEQTI] Defeito - Consulta de honras em recuperação junto ao fundo garantidor;SISGH;Crédito Comercial e Agronegócio;Certificação;Q3;Diovany Pereira de Moura;06/01/2025;26/03/2025;1
22639061;Teste Funcional;Aceito;BF006 - GOVERNANCA - SIOPI;"Falhando o Caso de Teste ""CT188.001_UC_444_Altera Unidade Habitacional Quitada na pré-contratação por Atendente da Concessão sem permissão para alterar situação""";SIOPI;Box Moradia PF;Certificação;Q3;Samuel Estevao de Farias Alves;07/01/2025;;1
22639438;Teste Funcional;Implantado;BF006 - GOVERNANCA - SIOPI;"Falhando o Caso de Teste ""CT120.002_UC_102_Consulta acompanhamento do fluxo da proposta com Situação do DAMP diferente de “Ressarcido”""";SIOPI;Box Moradia PF;Certificação;Q3;Vanessa Vieira dos Santos;07/01/2025;19/02/2025;1
22640199;Teste Funcional;Novo;;[GEQTI] - SINBC - HU 22444288_SINBC -  Extrato por período - Siglas e abreviações;SINBC;Canais Digitais;Certificação;Q2;Robson de Oliveira Afonso;08/01/2025;;1
22640271;Defeito;Implantado;BF005 - Nato-Digital e OpenHab;"Falhando o Caso de Teste ""CT131.001_UC_2159_Valores obrigatórios não informados para grupo Comprado ao Incluir Participante na Proposta Online para canal parceiro""";SIOPI;Box Moradia PF;Certificação;Q3;Adriano dos Santos Lima;08/01/2025;13/01/2025;1
22640334;Teste Funcional;Em Desenvolvimento;BF006 - GOVERNANCA - SIOPI;"BEMPF03 - Erro ao recarregar a Tela ""Selecione sua Proposta"" -    22291384 - Alteração do layout na página da habitação do site da caixa - Acompanhamento da Proposta.";SIOPI;Box Moradia PF;Certificação;Q3;Rahmey Cesar Palhares Martins;08/01/2025;;1
22640421;Teste Funcional;Implementado;BF036 - Emprestimo com Garantia Imobiliaria  - SIOPI;"Falhando o Caso de Teste ""CT003.001_UC_2480_Etapa da proposta não permite inclusão.""";SIOPI;Box Moradia PF;Certificação;Q3;Arthur Henrique Santana dos Santos;08/01/2025;;1
22640528;Teste Funcional;Implementado;PE017 - Novo SOU CAIXA;[CEGTI] - iOS - SIGMP - QLD - Contracheque - Saiba Mais;SIGMP;Pessoas;Certificação;Q1;Naim Ferreira dos Santos;08/01/2025;;1
22640679;Teste Funcional;Aceito;BF036 - Emprestimo com Garantia Imobiliaria  - SIOPI;"Falhando o Caso de Teste ""CT001.024_UC_134_Simula_Modelo_Documento_VA_NU_CONTRATO_EXTENSAO""";SIOPI;Box Moradia PF;Certificação;Q3;Elmar Cesar Borges;08/01/2025;;1
22641311;Teste Funcional;Aceito;BF036 - Emprestimo com Garantia Imobiliaria  - SIOPI;"Falhando o Caso de Teste ""CT016.081_UC_083_Gera documento da proposta individual com contrato de extensão cadastrado""";SIOPI;Box Moradia PF;Certificação;Q3;Elmar Cesar Borges;08/01/2025;;1
22641826;Teste Funcional;Aceito;BF006 - GOVERNANCA - SIOPI;"Falhando o Caso de Teste ""CT008.209_UC_306_Valida envio da tag  em Proposta de Empreendimento com UH Quitada""";SIOPI;Box Moradia PF;Certificação;Q3;Samuel Estevao de Farias Alves;08/01/2025;;1
22642040;Defeito;Pronto;LT016 - Refatoração SILCE;Ao tentar incluir uma aposta, da lista de apostas já realizadas, o sistema exibe mensagem de erro;SILCE;Loterias e Canais Parceiros;Certificação;Q4;Eduardo Camilo da Silva;08/01/2025;;1
22643078;Teste Funcional;Aceito;BF036 - Emprestimo com Garantia Imobiliaria  - SIOPI;"Falhando o Caso de Teste ""CT016.081_UC_083_Gera documento da proposta individual com contrato de extensão cadastrado""";SIOPI;Box Moradia PF;Certificação;Q3;Elmar Cesar Borges;09/01/2025;;1
22643146;Teste Funcional;Aceito;BF036 - Emprestimo com Garantia Imobiliaria  - SIOPI;"Falhando o Caso de Teste ""CT001.024_UC_134_Simula_Modelo_Documento_VA_NU_CONTRATO_EXTENSAO""";SIOPI;Box Moradia PF;Certificação;Q3;Elmar Cesar Borges;09/01/2025;;1
22643258;Teste de Regressão;Implantado;CD003 - Cadastro de Clientes SICLI API;[GEQTI] - SICLI - Defeito - Teste de Regressão (ERRO 503-090125);SICLI;Clientes;Certificação;Q2;Eduardo Pirozzolo Pinto;09/01/2025;16/01/2025;1
22643260;Teste Funcional;Aceito;BF006 - GOVERNANCA - SIOPI;"Falhando o Caso de Teste ""CT121.002_UC_102_Consulta acompanhamento do fluxo da proposta com Situação do DAMP SIOPI “Ressarcido”""";SIOPI;Box Moradia PF;Certificação;Q3;Rahmey Cesar Palhares Martins;09/01/2025;;1
22643629;Teste Funcional;Aceito;BF006 - GOVERNANCA - SIOPI;"Falhando o Caso de Teste ""CT104.004_UC_102_Consulta acompanhamento do fluxo da proposta ""Contratada"" e “Instrumento contratual emitido” com sucesso""";SIOPI;Box Moradia PF;Certificação;Q3;Rahmey Cesar Palhares Martins;09/01/2025;;1
22644288;Teste Funcional;Aceito;BF036 - Emprestimo com Garantia Imobiliaria  - SIOPI;"Falhando o Caso de Teste ""CT014.045_UC_002_Emite Carta de Crédito em proposta individual com enquadramento do modelo de documento carta de crédito com as variáveis de contrato de extensão""";SIOPI;Box Moradia PF;Certificação;Q3;Elmar Cesar Borges;09/01/2025;;1
22644764;Teste Funcional;Aceito;BF036 - Emprestimo com Garantia Imobiliaria  - SIOPI;"Falhando o Caso de Teste ""CT340.001_UC_086_Efetua Validação Proposta Individual - Trata extensão de garantia para contrato não preenchido na proposta""";SIOPI;Box Moradia PF;Certificação;Q3;Gabriel Santos Brandao;09/01/2025;;1
22645241;Teste Funcional;Aceito;BF036 - Emprestimo com Garantia Imobiliaria  - SIOPI;"Falhando o Caso de Teste ""CT341.001_UC_086_Efetua Validação Proposta Individual - Trata extensão de garantia participantes da proposta divergem do S13""";SIOPI;Box Moradia PF;Certificação;Q3;Gabriel Santos Brandao;09/01/2025;;1
22645748;Teste Funcional;Implantado;LT001 - Loterias Canais Digitais (Mobile);Defeito - SIMLO - Funcional iOS - Sprint 107 - Versão 1.17.0 - Melhorias na funcionalidade de Resgate de prêmio pelo Mercado Pago;SIMLO;Loterias e Canais Parceiros;Certificação;Q4;Everson Jose de Souza Holanda;09/01/2025;23/01/2025;1
22645989;Teste Funcional;Aceito;BF006 - GOVERNANCA - SIOPI;"Falhando o Caso de Teste ""CT125.003_UC_102_Consulta acompanhamento do fluxo da proposta com Checklist diferente de “Pendente”""";SIOPI;Box Moradia PF;Certificação;Q3;Rahmey Cesar Palhares Martins;10/01/2025;;1
22646028;Teste Funcional;Implantado;BF006 - GOVERNANCA - SIOPI;"Falhando o Caso de Teste ""CT104.004_UC_102_Consulta acompanhamento do fluxo da proposta ""Contratada"" e “Instrumento contratual emitido” com sucesso""";SIOPI;Box Moradia PF;Certificação;Q3;Vanessa Vieira dos Santos;10/01/2025;19/02/2025;1
22646568;Teste Funcional;Implantado;LT001 - Loterias Canais Digitais (Mobile);"Defeito - SIMLO - Funcional iOS - Sprint 107 - Versão 1.17.0 - Alteração dos campos para ""Termo de uso""";SIMLO;Loterias e Canais Parceiros;Certificação;Q4;Everson Jose de Souza Holanda;10/01/2025;23/01/2025;1
22646610;Teste Funcional;Implantado;CR010 - SISGH Gestão de Honras;[GEQTI] Defeito - Consulta de honras pagas apresentando erro e ultrapassando tempo limite pelo filtro;SISGH;Crédito Comercial e Agronegócio;Certificação;Q3;Diovany Pereira de Moura;10/01/2025;26/03/2025;1
22648130;Teste Funcional;Implantado;DC009 - Squad 4 Sustentação - LCR - NSGD BR;Consultar Contrato com Garantia - O sistema está apresentando mensagem não especificada conforme documentação;SILCR;Depósitos e Captação;Certificação;Q3;Luize Maria Correia Torres;10/01/2025;17/03/2025;1
22648328;Teste Funcional;Implantado;CI020 - NOVO RENDA FIXA (SIIFX SQ-IPE);[CEGTI] - SIIFX - Defeito (DES) Serviço OpenFinance - Transactions e Transactions Current com parametro da requisição não funcional.;SIIFX;Câmbio, Investimentos e Mercado de Capitais;Certificação;Q3;Jhonatan Jose da Silva;10/01/2025;22/01/2025;1
22649636;Teste de Regressão;Implantado;CR034 - SICCR PJ;"Falhando o Caso de Teste ""CTA_CERTIF_Manter_Cliente_FB_Consultar Dados Cliente_PJ_7615"" ao executar o Registro de Execução de Teste ""CTA_CERTIF_Manter_Cliente_FB_Consultar Dados Cliente_PJ_7615_(2)""";SICCR;Crédito Comercial e Agronegócio;Certificação;Q3;Samuel Mozarth da Silva Soares;13/01/2025;23/04/2025;1
22651177;Teste Funcional;Implantado;DC009 - Squad 4 Sustentação - LCR - NSGD BR;Consultar Utilização por Situação - Após acionar o botão Limpar o sistema está desativando obrigatoriedade do campo Mês/Ano:;SILCR;Depósitos e Captação;Certificação;Q3;Luize Maria Correia Torres;13/01/2025;17/03/2025;1
22651407;Teste Funcional;Implantado;LT001 - Loterias Canais Digitais (Mobile);Defeito - SIMLO - Funcional Android - Sprint 107 - Versão 1.16.0 - Melhorias na funcionalidade de Resgate de prêmio pelo Mercado Pago;SIMLO;Loterias e Canais Parceiros;Certificação;Q4;Everson Jose de Souza Holanda;13/01/2025;28/01/2025;1
22651730;Teste Funcional;Novo;;Filtro pelo campo “Lotéricas” é perdido após alterar a página.;SILCE;Loterias e Canais Parceiros;Certificação;Q4;Eduardo Camilo da Silva;13/01/2025;;1
22651754;Teste Funcional;Aceito;BF006 - GOVERNANCA - SIOPI;"Falhando o Caso de Teste ""CT104.004_UC_102_Consulta acompanhamento do fluxo da proposta ""Contratada"" e “Instrumento contratual emitido” com sucesso""";SIOPI;Box Moradia PF;Certificação;Q3;Vanessa Vieira dos Santos;13/01/2025;;1
22652871;Teste Funcional;Implantado;DC009 - Squad 4 Sustentação - LCR - NSGD BR;Consultar Contrato com Garantia - O sistema está apresentando mensagem de hint não especificada conforme documentação;SILCR;Depósitos e Captação;Certificação;Q3;Luize Maria Correia Torres;14/01/2025;05/03/2025;1
22652983;Teste Funcional;Implantado;CR010 - SISGH Gestão de Honras;[GEQTI] Defeito - Situação das recuperações não foram alteradas para acatadas.;SISGH;Crédito Comercial e Agronegócio;Certificação;Q3;Jose Rudson Barbosa Vieira;14/01/2025;20/01/2025;1
22653733;Teste Funcional;Implantado;DC009 - Squad 4 Sustentação - LCR - NSGD BR;Consultar Utilização por Situação - o sistema está trazendo o campo dia preenchido;SILCR;Depósitos e Captação;Certificação;Q3;Luize Maria Correia Torres;14/01/2025;17/03/2025;1
22654581;Teste de Regressão;Implantado;CR010 - SISGH Gestão de Honras;"[GEQTI] Defeito - Falhando o Caso de Teste ""CTA_CERTIF_Solicitar_Honra_FGI""";SISGH;Crédito Comercial e Agronegócio;Certificação;Q3;Diovany Pereira de Moura;14/01/2025;16/01/2025;1
22656800;Teste Funcional;Implantado;LT001 - Loterias Canais Digitais (Mobile);Defeito - SIMLO - Funcional iOS - Sprint 106 -  Comprovante via Agencia - Ao realizar resgate via agencia o comprovante está vindo no modelo antigo.;SIMLO;Loterias e Canais Parceiros;Certificação;Q4;Wallace Rodrigues de Oliveira;15/01/2025;27/01/2025;1
22659205;Teste Funcional;Implantado;CR010 - SISGH Gestão de Honras;[GEQTI] Defeito -  Sistema não está apresentando os contratos do FAMPE na tela de Honras em  recuperadas junto ao cliente.;SISGH;Crédito Comercial e Agronegócio;Certificação;Q3;Jose Rudson Barbosa Vieira;16/01/2025;16/01/2025;1
22659252;Teste de Regressão;Implantado;CR010 - SISGH Gestão de Honras;"[GEQTI] Defeito - Falhando o Caso de Teste ""CTA_CERTIF_Solicitar_Honra_FGI"" erro";SISGH;Crédito Comercial e Agronegócio;Certificação;Q3;Diovany Pereira de Moura;16/01/2025;26/03/2025;1
22659795;Teste Funcional;Aceito;BF006 - GOVERNANCA - SIOPI;"Falhando o Caso de Teste ""CT016.078_UC_083_Gera documento da proposta individual vinculada com sucesso Variavel VA_QT_UNIDADES_COMERCIALIZADAS""";SIOPI;Box Moradia PF;Certificação;Q3;Samuel Estevao de Farias Alves;16/01/2025;;1
22660527;Teste Funcional;Implantado;CR010 - SISGH Gestão de Honras;[GEQTI] Defeito - Código do produto está desconfigurado ao pesquisar um contrato.;SISGH;Crédito Comercial e Agronegócio;Certificação;Q3;Jose Rudson Barbosa Vieira;16/01/2025;17/01/2025;1
22660578;Teste Funcional;Implantado;PS012 - SIPBS - Processos Online;"[Aceite - Cód - Regionais  - Parâmetro Financeiro - Consultar Histórico da Conta Gráfica] - Na tela do histórico do tipo de conciliação parcela não apresenta a coluna ""Código""";SIPBS;Programas Sociais;Certificação;Q3;Elma de Assis Pereira;16/01/2025;17/03/2025;1
22660633;Teste Funcional;Pronto;PS012 - SIPBS - Processos Online;"[Aceite - Cód - Regionais  - Parâmetro Financeiro - Consultar Histórico da Conta Gráfica] - Na tela do histórico do tipo de conciliação PJ não apresenta a coluna ""Código""";SIPBS;Programas Sociais;Certificação;Q3;Elma de Assis Pereira;16/01/2025;;1
22660752;Teste Funcional;Implantado;PS012 - SIPBS - Processos Online;"[Aceite - Doc - Regionais  - Parâmetro Financeiro - Consultar Histórico da Conta Gráfica] - Divergência nas regras de interface do campo ""Canais de Pagamento"" do item 4.1.1";SIPBS;Programas Sociais;Certificação;Q3;Elma de Assis Pereira;16/01/2025;24/01/2025;1
22661244;Teste Funcional;Em Desenvolvimento;PS012 - SIPBS - Processos Online;[Aceite - Código - Gerar Relatorio Analitico de Abertura de Contas] - Sistema apresentando erro inesperado  para a funcionalidade;SIPBS;Programas Sociais;Certificação;Q3;Giselle Barbosa da Silva;16/01/2025;;1
22661865;Teste Funcional;Preparado;BF006 - GOVERNANCA - SIOPI;"Falhando o Caso de Teste ""CT033.013_UC_273_Registra informações da portabilidade com Tipo do contrato 0902""";SIOPI;Box Moradia PF;Certificação;Q3;Rahmey Cesar Palhares Martins;17/01/2025;;1
22662003;Teste Funcional;Aceito;BF006 - GOVERNANCA - SIOPI;"Falhando o Caso de Teste ""CT009.001_UC_2481_Alterar parametrização de enquadramento de recursos com outra parametrização já cadastrada""";SIOPI;Box Moradia PF;Certificação;Q3;Miguel Pires Gomes;17/01/2025;;1
22662030;Teste Funcional;Aceito;BF006 - GOVERNANCA - SIOPI;"Falhando o Caso de Teste ""CT006.001_UC_2481_Alterar parametrização de enquadramento de recursos""";SIOPI;Box Moradia PF;Certificação;Q3;Vanessa Vieira dos Santos;17/01/2025;;1
22662405;Teste de Regressão;Implantado;CD001 - Cadastro de Clientes SICLI;[GEQTI] - SICLI - Defeito - Teste de Regressão (CNPJ VAZIO);SICLI;Clientes;Certificação;Q2;Eduardo Pirozzolo Pinto;17/01/2025;27/03/2025;1
22662586;Teste Funcional;Implantado;PS012 - SIPBS - Processos Online;[Aceite - Cód - Regionais - Parâmetro Financeiro - Alterar Histórico da Conta Gráfica] - Não permite vincular canal;SIPBS;Programas Sociais;Certificação;Q3;Elma de Assis Pereira;17/01/2025;24/01/2025;1
22662629;Teste Funcional;Implantado;PS012 - SIPBS - Processos Online;[Aceite - Doc - Regionais  - Parâmetro Financeiro - Desativar Histórico da Conta Gráfica] - Divergência no item 2 da documentação;SIPBS;Programas Sociais;Certificação;Q3;Elma de Assis Pereira;17/01/2025;23/01/2025;1
22662647;Teste Funcional;Implantado;PS012 - SIPBS - Processos Online;"[Aceite - Cód - Regionais -  Parâmetro Financeiro - Consultar Parâmetros Financeiros] - Apresenta dados na coluna ""Valor a utilizar"" para o tipo de conciliação Conta PJ";SIPBS;Programas Sociais;Certificação;Q3;Elma de Assis Pereira;17/01/2025;24/01/2025;1
22662663;Teste Funcional;Implantado;PS012 - SIPBS - Processos Online;"[Aceite - Cód - Regionais -  Parâmetro Financeiro - Consultar Parâmetros Financeiros] - Não filtra pela coluna ""Situação da Parcela""";SIPBS;Programas Sociais;Certificação;Q3;Elma de Assis Pereira;17/01/2025;24/01/2025;1
22662685;Teste Funcional;Implantado;PS012 - SIPBS - Processos Online;"[Aceite - Cód - Regionais -  Parâmetro Financeiro - Consultar Parâmetros Financeiros] - Não filtra pela coluna ""Valor a Utilizar""";SIPBS;Programas Sociais;Certificação;Q3;Elma de Assis Pereira;17/01/2025;24/01/2025;1
22662686;Teste de Regressão;Implantado;CD001 - Cadastro de Clientes SICLI;[GEQTI] - SICLI - Defeito - Teste de Regressão (CPF VAZIO);SICLI;Clientes;Certificação;Q2;Eduardo Pirozzolo Pinto;17/01/2025;27/03/2025;1
22662711;Teste Funcional;Implantado;PS012 - SIPBS - Processos Online;[Aceite - Cód - Histórico - Inclusão de período de consulta no histórico - Consultar Histórico de Priorização da Propriedade de Conta] - Não filtra pela coluna usuário;SIPBS;Programas Sociais;Certificação;Q3;Elma de Assis Pereira;17/01/2025;24/01/2025;1
22662727;Teste Funcional;Implantado;PS012 - SIPBS - Processos Online;[Aceite - Cód - UX - Histórico - Inclusão de período de consulta no histórico - Parametrizar Mensagem - Parcela não Localizada - Consultar Histórico de Mensagem de Retorno] - Não apresenta o código do canal no cabeçalho do histórico;SIPBS;Programas Sociais;Certificação;Q3;Elma de Assis Pereira;17/01/2025;17/03/2025;1
22662805;Teste Funcional;Implantado;PS012 - SIPBS - Processos Online;[Aceite - Cód - Regionais - Parâmetro Financeiro - Alterar Histórico da Conta Gráfica] - Não apresenta mensagem de obrigatoriedade para os canais;SIPBS;Programas Sociais;Certificação;Q3;Elma de Assis Pereira;17/01/2025;24/01/2025;1
22662823;Teste Funcional;Implantado;PS012 - SIPBS - Processos Online;[Aceite - Cód - #SIPBS - UX - 7 - Parametriza Produto - Criação de aba CRÉDITO EM CONTA para o SIPBS - Consultar Histórico de Funcionalidade Especial Impeditiva] - Tamanho do campo <Pesquise na Tabela>>;SIPBS;Programas Sociais;Certificação;Q3;Elma de Assis Pereira;17/01/2025;17/03/2025;1
22662856;Teste Funcional;Implantado;PS012 - SIPBS - Processos Online;[Aceite - Cód - Regionais - Parâmetro Financeiro - Alterar Histórico da Conta Gráfica] - Não permite desvincular canal;SIPBS;Programas Sociais;Certificação;Q3;Elma de Assis Pereira;17/01/2025;24/01/2025;1
22662999;Teste Funcional;Implantado;PS012 - SIPBS - Processos Online;[Aceite - Doc - Regionais - Parâmetro Financeiro - Alterar Histórico da Conta Gráfica] - Campo <Valor a utilizar no relatório> sem o indicativo de obrigatoriedade;SIPBS;Programas Sociais;Certificação;Q3;Elma de Assis Pereira;17/01/2025;23/01/2025;1
22663027;Teste Funcional;Implantado;PS012 - SIPBS - Processos Online;[Aceite - Cód - Regionais - Parâmetro Financeiro - Incluir Histórico da Conta Gráfica] - Não apresenta a mensagem [532];SIPBS;Programas Sociais;Certificação;Q3;Elma de Assis Pereira;17/01/2025;17/03/2025;1
22663058;Teste Funcional;Implantado;PS012 - SIPBS - Processos Online;[Aceite - Cód - #SIPBS - UX - 7 - Parametriza Produto - Criação de aba CRÉDITO EM CONTA para o SIPBS - Consultar Funcionalidades Especiais Impeditivas] - Tamanho do Campo <Pesquisa na Tabela>;SIPBS;Programas Sociais;Certificação;Q3;Elma de Assis Pereira;17/01/2025;17/03/2025;1
22665423;Teste Funcional;Implantado;CR010 - SISGH Gestão de Honras;[GEQTI] Defeito - Erro ao executar a rotina Geração de aviso de credito FAMPE;SISGH;Crédito Comercial e Agronegócio;Certificação;Q3;Jose Rudson Barbosa Vieira;20/01/2025;20/01/2025;1
22666247;Teste Funcional;Implantado;PS012 - SIPBS - Processos Online;[Aceite - Cód - UX - Histórico - Inclusão de período de consulta no histórico - Parametrizar Mensagem - Situação da Parcela - Consultar Histórico de Mensagem de Interface] - Não apresenta o código do canal;SIPBS;Programas Sociais;Certificação;Q3;Elma de Assis Pereira;20/01/2025;17/03/2025;1
22666458;Teste Funcional;Implantado;CR010 - SISGH Gestão de Honras;[GEQTI] Defeito - Sistema está permitindo autorizar honra após as 15h.;SISGH;Crédito Comercial e Agronegócio;Certificação;Q3;Jose Rudson Barbosa Vieira;20/01/2025;21/01/2025;1
22667908;Teste Funcional;Implantado;CI021 - NOVO RENDA FIXA (SIIFX SQ-SUSTENTAÇÃO);[CEGTI] - KEEGGO - SIIFX - Defeito (DES) Serviço Incluir registro de transferência custódia de ativo financeiro de renda fixa - Etapa 2 - Registra. mensagem de impossibilidade ao efetuar o Registro.;SIIFX;Câmbio, Investimentos e Mercado de Capitais;Certificação;Q3;Jhonatan Jose da Silva;21/01/2025;04/02/2025;1
22668347;Teste Funcional;Implementado;BF006 - GOVERNANCA - SIOPI;"Falhando o Caso de Teste ""CT052.001_UC_017_Perfil OPIDF027 visualiza/inclui pesquisa cadastral dos participantes da proposta""";SIOPI;Box Moradia PF;Certificação;Q3;Miguel Pires Gomes;21/01/2025;;1
22669906;Teste de Regressão;Novo;;Cenário de teste: consultar prestações pagas com contrato inválido;SIAOI;Box Moradia PF;Certificação;Q3;Renan Carlos Pauferro Young;21/01/2025;;1
22669951;Teste de Regressão;Novo;;Cenário de teste: ConsultarOperacoesRealizadas;SIAOI;Box Moradia PF;Certificação;Q3;Renan Carlos Pauferro Young;21/01/2025;;1
22670714;Teste Funcional;Aceito;PE017 - Novo SOU CAIXA;[CEGTI] - iOS - SIGMP - QLD - Perfil - Paginação;SIGMP;Pessoas;Certificação;Q1;Naim Ferreira dos Santos;22/01/2025;;1
22670738;Teste Funcional;Aceito;PE017 - Novo SOU CAIXA;[CEGTI] - iOS - SIGMP - QLD - Ajuda - Paginação;SIGMP;Pessoas;Certificação;Q1;Naim Ferreira dos Santos;22/01/2025;;1
22673031;Defeito;Implantado;BF005 - Nato-Digital e OpenHab;"Falhando o Caso de Teste ""CT173.001_UC_2159_Proposta de operação imobiliária na Internet não existe ao ao Alterar Participante na Proposta Online para canal parceiro""";SIOPI;Box Moradia PF;Certificação;Q3;Adriano dos Santos Lima;23/01/2025;03/02/2025;1
22673322;Teste Funcional;Aceito;BF006 - GOVERNANCA - SIOPI;"Falhando o Caso de Teste ""CT002.010_UC_443_Realiza importação dos dados do empreendimento informando UH Quitada""";SIOPI;Box Moradia PF;Certificação;Q3;Samuel Estevao de Farias Alves;23/01/2025;;1
22674764;Teste Funcional;Implantado;CI021 - NOVO RENDA FIXA (SIIFX SQ-SUSTENTAÇÃO);[CEGTI] - KEEGGO - SIIFX - Defeito (DES) Serviço Registra Transacao de Cancelamento Retroativo com erro 500;SIIFX;Câmbio, Investimentos e Mercado de Capitais;Certificação;Q3;Jhonatan Jose da Silva;23/01/2025;13/02/2025;1
22675048;Teste Funcional;Implantado;CR034 - SICCR PJ;Falhando o Caso de Teste ao Simular Concessão Credito BNDES;SICCR;Crédito Comercial e Agronegócio;Certificação;Q3;Samuel Mozarth da Silva Soares;23/01/2025;23/04/2025;1
22676288;Teste Funcional;Implantado;BF036 - Emprestimo com Garantia Imobiliaria  - SIOPI;"Falhando o Caso de Teste ""CT082.001_UC_056_Vincula contrato anterior comercial diferente de 2195 - CROT a liquidar com sucesso""";SIOPI;Box Moradia PF;Certificação;Q3;Arthur Henrique Santana dos Santos;24/01/2025;03/02/2025;1
22677757;Teste de Regressão;Implantado;LT001 - Loterias Canais Digitais (Mobile);Defeito - SIMLO - Regressivo Android- Versão 1.17.0 - Marca/Nome das modalidades especiais com fonte incorreta no carrossel de apostas individuais;SIMLO;Loterias e Canais Parceiros;Certificação;Q4;Johnathan Lemes Ferreira;24/01/2025;29/01/2025;1
22677947;Teste de Regressão;Implantado;LT001 - Loterias Canais Digitais (Mobile);"Defeito - SIMLO - Regressivo iOS - Versão 1.17.0 - Carrossel principal texto do botão  ""aposte"" não está em bold";SIMLO;Loterias e Canais Parceiros;Certificação;Q4;Johnathan Lemes Ferreira;24/01/2025;13/02/2025;1
22678367;Teste de Regressão;Implantado;LT001 - Loterias Canais Digitais (Mobile);Defeito - SIMLO - Regressivo Android - Versão 1.17.0 - Carrinho de apostas descritivo do valor mínimo de aposta;SIMLO;Loterias e Canais Parceiros;Certificação;Q4;Johnathan Lemes Ferreira;24/01/2025;29/01/2025;1
22679814;Teste Funcional;Aceito;BF005 - Nato-Digital e OpenHab;"Falhando o Caso de Teste ""CT003.004_UC_2160_Não Detalha Imóvel de Proposta Online ""Assinado/aguarda nova validação"" serviço S008.029""";SIOPI;Box Moradia PF;Certificação;Q3;Gabriel Santos Brandao;27/01/2025;;1
22679914;Teste Funcional;Aceito;BF005 - Nato-Digital e OpenHab;"Falhando o Caso de Teste ""CT010.001_UC_2160_Não Inclui Imóvel em Proposta Online ""Em Preenchimento"" que já possui imóvel cadastrado"" ao executar o Registro de Execução de Teste ""CT010.001_UC_2160_Não Inclui Imóvel em Proposta Online ""Em Preenchime";SIOPI;Box Moradia PF;Certificação;Q3;Gabriel Santos Brandao;27/01/2025;;1
22680366;Teste Funcional;Aceito;BF006 - GOVERNANCA - SIOPI;"Falhando o Caso de Teste ""CT005.010_UC_067_Detalha dados da proposta individual vinculada que Exige CER/APF""";SIOPI;Box Moradia PF;Certificação;Q3;Samuel Estevao de Farias Alves;27/01/2025;;1
22680685;Teste Funcional;Implantado;DC009 - Squad 4 Sustentação - LCR - NSGD BR;Contratação PF - O sistema não permite realizar contratação PF;SILCR;Depósitos e Captação;Certificação;Q3;Luize Maria Correia Torres;27/01/2025;10/02/2025;1
22680806;Teste de Regressão;Implantado;LT001 - Loterias Canais Digitais (Mobile);Defeito - SIMLO - Regressivo Android - Versão 1.17.0 -  Erro na fonte na funcionalidade de Inclusão de cartão novo  campos Mês da validade e Ano de Validade;SIMLO;Loterias e Canais Parceiros;Certificação;Q4;Johnathan Lemes Ferreira;27/01/2025;30/01/2025;1
22680958;Defeito;Novo;;"Falhando o Caso de Teste ""CT_DEV_IncluirRegião_AguasLindasDeGoias_1""";SIGDU;Box Moradia Plataforma;Certificação;Q3;Takashi Saito;27/01/2025;;1
22680998;Defeito;Novo;;"Falhando o Caso de Teste ""CT_DEV_IncluirRegião_VALPARAISO DE GOIAS_2""";SIGDU;Box Moradia Plataforma;Certificação;Q3;Takashi Saito;27/01/2025;;1
22681050;Teste de Regressão;Implantado;LT001 - Loterias Canais Digitais (Mobile);Defeito - SIMLO - Regressivo Android - Versão 1.17.0 - Tela de resultados a cor de fundo da modalidade não aparece;SIMLO;Loterias e Canais Parceiros;Certificação;Q4;Johnathan Lemes Ferreira;27/01/2025;30/01/2025;1
22681122;Teste Funcional;Aceito;BF006 - GOVERNANCA - SIOPI;"Falhando o Caso de Teste ""CT001.001_UC_2481_Consultar parametrização de enquadramento de recursos""";SIOPI;Box Moradia PF;Certificação;Q3;Marcos Anderson Almeida Oliveira;27/01/2025;;1
22681183;Teste de Regressão;Implantado;LT001 - Loterias Canais Digitais (Mobile);Defeito - SIMLO - Regressivo Android - Versão 1.17.0 - Tela resultados modalidade +milionária ao detalhar a aposta o nome/marca modalidade e o trevo não é apresentado;SIMLO;Loterias e Canais Parceiros;Certificação;Q4;Johnathan Lemes Ferreira;27/01/2025;29/01/2025;1
22681358;Teste de Regressão;Implantado;LT001 - Loterias Canais Digitais (Mobile);"Defeito - SIMLO - Regressivo iOS - Versão 1.17.0 - Carrinho de apostas botão ""Avançar para forma de pagamento"" está na fonte errada";SIMLO;Loterias e Canais Parceiros;Certificação;Q4;Johnathan Lemes Ferreira;27/01/2025;20/02/2025;1
22681445;Teste de Regressão;Implantado;LT001 - Loterias Canais Digitais (Mobile);Defeito - SIMLO - Regressivo iOS - Versão 1.17.0 - Poup up - de confirmação de valor da compra com fonte errada;SIMLO;Loterias e Canais Parceiros;Certificação;Q4;Johnathan Lemes Ferreira;27/01/2025;14/02/2025;1
22681549;Teste de Regressão;Implantado;LT001 - Loterias Canais Digitais (Mobile);Defeito - SIMLO - Regressivo iOS - Versão 1.17.0 - Pagamento via Pix  descritivo, Poup-up voltar, descritivo após o código expirar estão  com a fonte errada;SIMLO;Loterias e Canais Parceiros;Certificação;Q4;Johnathan Lemes Ferreira;27/01/2025;10/03/2025;1
22682095;Teste de Regressão;Implantado;LT001 - Loterias Canais Digitais (Mobile);Defeito - SIMLO - Regressivo iOS - Versão 1.17.0 - Poup-up mensagem de atenção ao adicionar um cartão novo com a fonte errada;SIMLO;Loterias e Canais Parceiros;Certificação;Q4;Johnathan Lemes Ferreira;27/01/2025;14/02/2025;1
22682888;Teste de Regressão;Implantado;LT001 - Loterias Canais Digitais (Mobile);Defeito - SIMLO - Regressivo iOS - Versão 1.17.0 - Carrinho de apostas as poup up estão na fonte incorreta;SIMLO;Loterias e Canais Parceiros;Certificação;Q4;Johnathan Lemes Ferreira;28/01/2025;05/03/2025;1
22683013;Teste de Regressão;Implantado;LT001 - Loterias Canais Digitais (Mobile);Defeito - SIMLO - Regressivo iOS - Versão 1.17.0 - Poup-up adicionar aposta ao carrinho via experimente está na fonte incorreta;SIMLO;Loterias e Canais Parceiros;Certificação;Q4;Johnathan Lemes Ferreira;28/01/2025;05/03/2025;1
22683326;Teste de Regressão;Implantado;LT001 - Loterias Canais Digitais (Mobile);"Defeito - SIMLO - Regressivo Android- Versão 1.17.0 - Simular Aposta - Teimosinhas com o descritivo cortando a palavra ""jogo"" em todas modalidades";SIMLO;Loterias e Canais Parceiros;Certificação;Q4;Wallace Rodrigues de Oliveira;28/01/2025;29/01/2025;1
22683698;Teste de Regressão;Em Refinamento;ES003 - Gestão de Limites;"Falhando o Caso de Teste ""CTM_CERTIF_TED_SIIBC_Realização de pré cadastro Apenas Uma Vez""";SIGLM;Estruturantes de TI;Certificação;Q2;Edna Franca Tito;28/01/2025;;1
22685084;Teste de Regressão;Implantado;LT001 - Loterias Canais Digitais (Mobile);Defeito - SIMLO - Regressivo iOS - Versão 1.17.0 - Termo de Uso - Não está exibindo o botão Continuar;SIMLO;Loterias e Canais Parceiros;Certificação;Q4;Wallace Rodrigues de Oliveira;28/01/2025;07/02/2025;1
22685451;Teste Funcional;Implantado;LT010 - Loterias Canais Eletrônicos (site);Defeito - Ajustar campo de marcação de meio de resgate PIX;SILCE;Loterias e Canais Parceiros;Certificação;Q4;Fabricia da Silva;28/01/2025;06/02/2025;1
22686374;Teste de Regressão;Implantado;LT001 - Loterias Canais Digitais (Mobile);"Defeito - SIMLO - Regressivo Android- Versão 1.17.0 - Botão ""aposte"" da modalidade Instantânea com a fonte incorreta";SIMLO;Loterias e Canais Parceiros;Certificação;Q4;Johnathan Lemes Ferreira;29/01/2025;30/01/2025;1
22687256;Teste de Regressão;Implantado;LT001 - Loterias Canais Digitais (Mobile);Defeito - SIMLO - Regressivo iOS - Versão 1.17.0 - Apostas Favoritas - Nome das modalidades desalinhado cortando as letras 'g' e 'p';SIMLO;Loterias e Canais Parceiros;Certificação;Q4;Wallace Rodrigues de Oliveira;29/01/2025;07/02/2025;1
22687773;Teste Funcional;Implantado;CR034 - SICCR PJ;Falhando o Caso de Teste ao Simular a Analise de operação BNDES;SICCR;Crédito Comercial e Agronegócio;Certificação;Q3;Samuel Mozarth da Silva Soares;29/01/2025;23/04/2025;1
22687909;Defeito;Aceito;BF014 - APP HABITACAO - SIAME API;Defeito - Back - Termos e Declarações;SIAOI;Box Moradia PF;Certificação;Q3;Helena Behrens Cayres;29/01/2025;;1
22688181;Teste de Regressão;Implantado;LT001 - Loterias Canais Digitais (Mobile);Defeito - SIMLO - Regressivo iOS - Versão 1.17.0 - Carrinho de apostas com combo não está apresentando a quantidade de apostas correta;SIMLO;Loterias e Canais Parceiros;Certificação;Q4;Johnathan Lemes Ferreira;29/01/2025;07/02/2025;1
22688470;Teste de Regressão;Implantado;LT001 - Loterias Canais Digitais (Mobile);Defeito - SIMLO - Regressivo iOS - Versão 1.17.0 - Minhas Compras - Fonte das modalidades não estão em Futura Bold e estão com as iniciais maiúsculas;SIMLO;Loterias e Canais Parceiros;Certificação;Q4;Wallace Rodrigues de Oliveira;29/01/2025;07/02/2025;1
22689112;Teste Funcional;Novo;CD006 - Cadastro Pessoas;[GEQTI] - SIISO - Defeito - API Privada Cadastro Receita Federal V1 - Consulta Dados Estabelecimento PJ;SIISO;Clientes;Certificação;Q1;Juliana Souza Lotti Calheiros da Rocha;29/01/2025;;1
22689639;Teste Funcional;Implantado;CR010 - SISGH Gestão de Honras;[GEQTI] Defeito - Sistema está gerando Erro interno no servidor ao autorizar prestações.;SISGH;Crédito Comercial e Agronegócio;Certificação;Q3;Jose Rudson Barbosa Vieira;30/01/2025;21/02/2025;1
22689659;Teste Funcional;Implantado;CR010 - SISGH Gestão de Honras;[GEQTI] Defeito - Sistema está gerando Erro interno no servidor. Código HTTP: 500, ao incluir programa.;SISGH;Crédito Comercial e Agronegócio;Certificação;Q3;Jose Rudson Barbosa Vieira;30/01/2025;26/03/2025;1
22689668;Teste Funcional;Implantado;CR010 - SISGH Gestão de Honras;[GEQTI] Defeito - Sistema está gerando Erro interno no servidor. Código HTTP: 500, ao consultar programa.;SISGH;Crédito Comercial e Agronegócio;Certificação;Q3;Jose Rudson Barbosa Vieira;30/01/2025;21/02/2025;1
22689671;Teste Funcional;Implantado;CR010 - SISGH Gestão de Honras;[GEQTI] Defeito - Sistema não está apresentando o menu Recuperações canceladas junto ao fundo garantidor;SISGH;Crédito Comercial e Agronegócio;Certificação;Q3;Jose Rudson Barbosa Vieira;30/01/2025;26/03/2025;1
22689677;Teste de Regressão;Implantado;LT001 - Loterias Canais Digitais (Mobile);Defeito - SIMLO - Regressivo Android- Versão 1.17.0 - Combo de apostas, carrinho de apostas o campo valor R$:X,XX está em bold;SIMLO;Loterias e Canais Parceiros;Certificação;Q4;Johnathan Lemes Ferreira;30/01/2025;30/01/2025;1
22689776;Defeito;Novo;DD025 - CRM - Sistemas de CRM - RMC e Visão Clientes;[GEQTI] - SIRMC - TEDPIX - Erro ao Gerar Saldo - TQS.;SIRMC;Box Dados, CRM e Marketing Digital;Certificação;Q1;Samuel Carlos Nunes de Morais;30/01/2025;;1
22689777;Teste de Regressão;Implantado;LT001 - Loterias Canais Digitais (Mobile);Defeito - SIMLO - Regressivo Android - Versão 1.17.0 - Erro ao excluir o combo no carrinho de apostas;SIMLO;Loterias e Canais Parceiros;Certificação;Q4;Johnathan Lemes Ferreira;30/01/2025;30/01/2025;1
22690308;Teste de Regressão;Implantado;LT001 - Loterias Canais Digitais (Mobile);"Defeito - SIMLO - Regressivo Android - Versão 1.17.0 - Forma de pagamento ""Incluir novo cartão"" com a fonte incorreta";SIMLO;Loterias e Canais Parceiros;Certificação;Q4;Johnathan Lemes Ferreira;30/01/2025;30/01/2025;1
22691065;Defeito;Implantado;PE018 - Auto-Gestão Saúde;B [GESAD02] REGULATÓRIO- eSocial Versão 1.3 erro versão não encontrada;SIAGS;Pessoas;Certificação;Q1;Michael Thomas Rodrigues de Arruda;30/01/2025;17/02/2025;1
22691335;Teste de Regressão;Implantado;LT001 - Loterias Canais Digitais (Mobile);Defeito - SIMLO - Regressivo Android - Versão 1.17.0 - Apostas Favoritas - Nome das modalidades com iniciais maiúsculas;SIMLO;Loterias e Canais Parceiros;Certificação;Q4;Wallace Rodrigues de Oliveira;30/01/2025;30/01/2025;1
22691758;Teste de Regressão;Implantado;LT001 - Loterias Canais Digitais (Mobile);Defeito - SIMLO - Regressivo Android - Versão 1.17.0 - Tela de resultados não está no padrão das novas cores;SIMLO;Loterias e Canais Parceiros;Certificação;Q4;Johnathan Lemes Ferreira;30/01/2025;31/01/2025;1
22691910;Teste de Regressão;Implantado;LT001 - Loterias Canais Digitais (Mobile);Defeito - SIMLO - Regressivo Android- Versão 1.17.0 - Simular Aposta - Palavras desalinhadas no descritivo da Loteca;SIMLO;Loterias e Canais Parceiros;Certificação;Q4;Wallace Rodrigues de Oliveira;30/01/2025;31/01/2025;1
22692960;Teste de Regressão;Implantado;LT001 - Loterias Canais Digitais (Mobile);Defeito - SIMLO - Regressivo Android- Versão 1.17.0 - Minhas Aposta - Titulo Lotérica não está em Bold;SIMLO;Loterias e Canais Parceiros;Certificação;Q4;Wallace Rodrigues de Oliveira;31/01/2025;31/01/2025;1
22693028;Teste de Regressão;Implantado;LT001 - Loterias Canais Digitais (Mobile);Defeito - SIMLO - Regressivo iOS - Versão 1.17.0 - Comprovante de Apostas - Detalhes da aposta simples Premiada e Não Premiada não está apresentando todos os números;SIMLO;Loterias e Canais Parceiros;Certificação;Q4;Wallace Rodrigues de Oliveira;31/01/2025;07/02/2025;1
22693065;Teste Funcional;Implantado;BF005 - Nato-Digital e OpenHab;"Falhando o Caso de Teste ""CT109.001_UC_2165_Inclui documento em proposta online para canal parceiro que já possui documento do mesmo tipo com situação de processamento 0-Arquivo em processamento.""";SIOPI;Box Moradia PF;Certificação;Q3;Joao Paulo de Andrade;31/01/2025;03/02/2025;1
22693435;Teste Funcional;Implantado;CR010 - SISGH Gestão de Honras;[GEQTI] Defeito - Consulta de honras pagas apresentando datas e valores incorretos;SISGH;Crédito Comercial e Agronegócio;Certificação;Q3;Diovany Pereira de Moura;31/01/2025;26/03/2025;1
22693564;Teste de Regressão;Implantado;LT001 - Loterias Canais Digitais (Mobile);Defeito - SIMLO - Regressivo Android- Versão 1.17.0 - Detalhe de combo de aposta não estão no padrão da nova paleta de cores;SIMLO;Loterias e Canais Parceiros;Certificação;Q4;Johnathan Lemes Ferreira;31/01/2025;03/02/2025;1
22693804;Teste Funcional;Aceito;BF006 - GOVERNANCA - SIOPI;"Falhando o Caso de Teste ""CT008.221_UC_306_Valida o envio da tag  para Proposta Individual com exigência do CER/APF""";SIOPI;Box Moradia PF;Certificação;Q3;Samuel Estevao de Farias Alves;31/01/2025;;1
22693823;Teste de Regressão;Implantado;LT001 - Loterias Canais Digitais (Mobile);"Defeito - SIMLO - Regressivo Android- Versão 1.17.0 - Detalhe do combo de aposta aposta ""dia de sorte"" e ""timemania"" apresentar o nome por extenso do Mês da sorte e Time do coração";SIMLO;Loterias e Canais Parceiros;Certificação;Q4;Johnathan Lemes Ferreira;31/01/2025;03/02/2025;1
22693843;Teste de Regressão;Implantado;LT001 - Loterias Canais Digitais (Mobile);Defeito - SIMLO - Regressivo iOS - Versão 1.17.0 - Detalhe combo de aposta o título (<) Carrinho de apostas não é apresentado na tela;SIMLO;Loterias e Canais Parceiros;Certificação;Q4;Johnathan Lemes Ferreira;31/01/2025;14/02/2025;1
22693924;Teste Funcional;Novo;;CSU106 - Amortizar Parcelamento de Recuperação de Crédito - FA3 - Falha ao Amortizar Valor da Dívida Total (conta situação Vencido);SILCR;Depósitos e Captação;Certificação;Q3;Adriana Abrantes Alexandre;31/01/2025;;1
22694309;Teste Funcional;Implantado;BF006 - GOVERNANCA - SIOPI;MPAS - Perfil de Auditor Externo no SIOPI - acessando indevidamente funcionalidades;SIOPI;Box Moradia PF;Certificação;Q3;Tiago Vasques Guimaraes;31/01/2025;10/02/2025;1
22694510;Teste Funcional;Novo;;CSU106 - Amortizar Parcelamento de Recuperação de Crédito - FA4 - Falha ao Amortizar Valor da Dívida Total (conta situação ATIVO);SILCR;Depósitos e Captação;Certificação;Q3;Adriana Abrantes Alexandre;31/01/2025;;1
22694649;Teste Funcional;Implantado;LT001 - Loterias Canais Digitais (Mobile);Defeito - SIMLO - Funcional iOS - Sprint 108 - Versão 1.18.0 - Resgate de Prêmios com Pix no app (Escolha da chave Pix);SIMLO;Loterias e Canais Parceiros;Certificação;Q4;Everson Jose de Souza Holanda;31/01/2025;25/02/2025;1
22694739;Teste Funcional;Implantado;LT001 - Loterias Canais Digitais (Mobile);Defeito - SIMLO - Funcional Android - Sprint 108 - Versão 1.17.0 - Resgate de Prêmios com Pix no app (Escolha da chave Pix);SIMLO;Loterias e Canais Parceiros;Certificação;Q4;Everson Jose de Souza Holanda;31/01/2025;05/03/2025;1
22694790;Teste de Regressão;Implementado;ES003 - Gestão de Limites;"Falhando o Caso de Teste ""CTM_CERTIF_TED_SIMOB_Tentativa de Transação diurno acima do limite global TP1 ou TP4""";SIGLM;Estruturantes de TI;Certificação;Q2;Edna Franca Tito;31/01/2025;;1
22694948;Teste de Regressão;Implantado;LT001 - Loterias Canais Digitais (Mobile);Defeito - SIMLO - Regressivo Android- Versão 1.17.0 - Simular Aposta - Cores da tela de inclusão de aposta simples Loteca no carrinho estão divergentes;SIMLO;Loterias e Canais Parceiros;Certificação;Q4;Wallace Rodrigues de Oliveira;31/01/2025;03/02/2025;1
22696787;Defeito;Em Desenvolvimento;LT010 - Loterias Canais Eletrônicos (site);03 - SELECT contendo READ ONLY WITH RR USE AND KEEP UPDATE LOCKS [GT_LOTERIAS];SILCE;Loterias e Canais Parceiros;Certificação;Q4;Daniel Vargas;03/02/2025;;1
22697231;Teste de Regressão;Implantado;LT001 - Loterias Canais Digitais (Mobile);"Defeito - SIMLO - Regressivo Android- Versão 1.17.0 - Pagamento via Pix, texto botão ir para minhas compras, ""Minhas compras"" está na fonte incorreta";SIMLO;Loterias e Canais Parceiros;Certificação;Q4;Johnathan Lemes Ferreira;03/02/2025;03/02/2025;1
22697339;Teste de Regressão;Implantado;LT001 - Loterias Canais Digitais (Mobile);"Defeito - SIMLO - Regressivo Android- Versão 1.17.0 - Tela Resultados mensagem de alerta fonte do texto ""Atenção"" está incorreta";SIMLO;Loterias e Canais Parceiros;Certificação;Q4;Johnathan Lemes Ferreira;03/02/2025;03/02/2025;1
22697965;Teste Funcional;Implantado;LT010 - Loterias Canais Eletrônicos (site);DEFEITO -Tirar o botão X da modal de confirmação de alteração;SILCE;Loterias e Canais Parceiros;Certificação;Q4;Anderson Rodrigo Saldanha Leao;03/02/2025;06/02/2025;1
22698210;Teste Funcional;Implantado;LT010 - Loterias Canais Eletrônicos (site);DEFEITO - Alterar a mensagem de confirmação de alteração;SILCE;Loterias e Canais Parceiros;Certificação;Q4;Anderson Rodrigo Saldanha Leao;03/02/2025;06/02/2025;1
22698327;Defeito;Implantado;CI020 - NOVO RENDA FIXA (SIIFX SQ-IPE);Defeito - Interface SIIFX / SISIB - Correção do trailler do arquivo - Arquivo de produtos;SIIFX;Câmbio, Investimentos e Mercado de Capitais;Certificação;Q3;Marcos Coutinho Martins;03/02/2025;10/02/2025;1
22698333;Teste Funcional;Novo;CR010 - SISGH Gestão de Honras;[GEQTI] Defeito - Contratos não sendo apresentados em tela;SISGH;Crédito Comercial e Agronegócio;Certificação;Q3;Diovany Pereira de Moura;03/02/2025;;1
22698394;Teste Funcional;Implantado;LT010 - Loterias Canais Eletrônicos (site);Defeito - Sistema evolui para tela de confirmação de dados sem preenchimento da chave;SILCE;Loterias e Canais Parceiros;Certificação;Q4;Fabricia da Silva;03/02/2025;06/02/2025;1
22698433;Teste Funcional;Implantado;CR010 - SISGH Gestão de Honras;[GEQTI] Defeito - Detalhamento dos contratos não são apresentados na geração de eventos contábeis;SISGH;Crédito Comercial e Agronegócio;Certificação;Q3;Diovany Pereira de Moura;03/02/2025;26/03/2025;1
22698576;Defeito;Aceito;BF005 - Nato-Digital e OpenHab;"Falhando o Caso de Teste ""CT011.001_UC_2162_Não foi encontrado nenhuma pendência para a proposta de operação imobiliária na Internet""";SIOPI;Box Moradia PF;Certificação;Q3;Davi Fonteles da Silva;03/02/2025;;1
22699036;Teste de Regressão;Implantado;LT001 - Loterias Canais Digitais (Mobile);Defeito - SIMLO - Regressivo Android- Versão 1.17.0 - Minhas Aposta - Cores do detalhamento da  aposta simples Loteca estão divergentes;SIMLO;Loterias e Canais Parceiros;Certificação;Q4;Wallace Rodrigues de Oliveira;03/02/2025;19/02/2025;1
22701138;Teste Funcional;Implantado;CI021 - NOVO RENDA FIXA (SIIFX SQ-SUSTENTAÇÃO);"[CEGTI] - KEEGGO - SIIFX - Defeito (DES) - Falhando o Caso de Teste ""CT_QLD_Serviço - Cancela Aplicação - Registra Transação Cancelamento - Retroativo""";SIIFX;Câmbio, Investimentos e Mercado de Capitais;Certificação;Q3;Jhonatan Jose da Silva;04/02/2025;13/02/2025;1
22701432;Defeito;Em Refinamento;LT010 - Loterias Canais Eletrônicos (site);04 - Migração do controle de transação HTTP para lib nativa do WAS JAX-RS;SILCE;Loterias e Canais Parceiros;Certificação;Q4;Daniel Vargas;04/02/2025;;1
22701477;Defeito;Implantado;LT010 - Loterias Canais Eletrônicos (site);79 - Avaliar implementação do cache na aplicação  - GT Loterias;SILCE;Loterias e Canais Parceiros;Certificação;Q4;Daniel Vargas;04/02/2025;11/03/2025;1
22701512;Defeito;Implantado;LT010 - Loterias Canais Eletrônicos (site);79 - servant sendo derrubado - loop rapidão após atendimento 22666854 - GT Loterias;SILCE;Loterias e Canais Parceiros;Certificação;Q4;Daniel Vargas;04/02/2025;11/03/2025;1
22701554;Teste Funcional;Implantado;LT010 - Loterias Canais Eletrônicos (site);79 - Aplicação não consegue acessar cache de EJB: classe MantemParametrosSistemaBean - metodo: recupereParametro - GT Loterias;SILCE;Loterias e Canais Parceiros;Certificação;Q4;Daniel Vargas;04/02/2025;11/03/2025;1
22702307;Teste Funcional;Aceito;BF006 - GOVERNANCA - SIOPI;"Falhando o Caso de Teste ""CT003.005_UC_393_Envia informações de unidade habitacional com situação Quitada""";SIOPI;Box Moradia PF;Certificação;Q3;Rahmey Cesar Palhares Martins;04/02/2025;;1
22702496;Teste Funcional;Aceito;BF006 - GOVERNANCA - SIOPI;"Falhando o Caso de Teste ""CT002.002_UC_2424_Enviar Informações de Tipologias do Empreendimento com UH Quitada""";SIOPI;Box Moradia PF;Certificação;Q3;Rahmey Cesar Palhares Martins;04/02/2025;;1
22702537;Defeito;Aceito;ES003 - Gestão de Limites;SIGLM - TED - Falha nos acumuladores usando TP1 e TP4;SIGLM;Estruturantes de TI;Certificação;Q2;Leonardo Santos de Assis;04/02/2025;;1
22702837;Teste Funcional;Aceito;BF006 - GOVERNANCA - SIOPI;"Falhando o Caso de Teste ""CT003.002_UC_2180_Gerar Informação do Tipo de Unidade com unidades comercializadas""";SIOPI;Box Moradia PF;Certificação;Q3;Rahmey Cesar Palhares Martins;04/02/2025;;1
22705916;Teste Funcional;Implantado;LT010 - Loterias Canais Eletrônicos (site);"DEFEITO - SILCE - Aumentar o campo de preenchimento ""Outra chave""";SILCE;Loterias e Canais Parceiros;Certificação;Q4;Fabricia da Silva;05/02/2025;07/02/2025;1
22706005;Teste Funcional;Implantado;LT010 - Loterias Canais Eletrônicos (site);"DEFEITO - SILCE - Retirar o ""x"" da modal";SILCE;Loterias e Canais Parceiros;Certificação;Q4;Fabricia da Silva;05/02/2025;07/02/2025;1
22706030;Teste Funcional;Implantado;LT010 - Loterias Canais Eletrônicos (site);DEFEITO - SILCE - Avaliar apostador bloqueado no início do fluxo de resgate;SILCE;Loterias e Canais Parceiros;Certificação;Q4;Fabricia da Silva;05/02/2025;07/02/2025;1
22706271;Teste Funcional;Aceito;BF006 - GOVERNANCA - SIOPI;"Falhando o Caso de Teste ""CT018.002_UC_2462_Registrar Pendência na Venda de Imóvel na situação “Conformidade aprovada""""";SIOPI;Box Moradia PF;Certificação;Q3;Rahmey Cesar Palhares Martins;05/02/2025;;1
22706390;Teste Funcional;Implantado;BF005 - Nato-Digital e OpenHab;"Falhando o Caso de Teste ""CT114.001_UC_2165_Dados inconsistentes ao Consultar Documento da Proposta Online para Canal Parceiro""";SIOPI;Box Moradia PF;Certificação;Q3;Adriano dos Santos Lima;05/02/2025;18/02/2025;1
22706512;Teste Funcional;Implantado;BF005 - Nato-Digital e OpenHab;"Falhando o Caso de Teste ""CT117.001_UC_2165_Tipo de Pessoa e CPF/CNPJ informados para Tipo de Associação diferente de “Pessoa” ao Consultar Documento da Proposta Online para Canal Parceiro""";SIOPI;Box Moradia PF;Certificação;Q3;Adriano dos Santos Lima;05/02/2025;18/02/2025;1
22706542;Teste de Regressão;Implantado;LT001 - Loterias Canais Digitais (Mobile);"Defeito - SIMLO - Regressivo Android - Versão 1.17.0 - Minhas apostas o ""Título do filtros"" de aposta está incorreta";SIMLO;Loterias e Canais Parceiros;Certificação;Q4;Johnathan Lemes Ferreira;05/02/2025;07/02/2025;1
22706602;Defeito;Implantado;BF005 - Nato-Digital e OpenHab;"Falhando o Caso de Teste ""CT120.001_UC_2165_Nenhum registro encontrado ao Consultar Documento da Proposta Online para Canal Parceiro""";SIOPI;Box Moradia PF;Certificação;Q3;Adriano dos Santos Lima;05/02/2025;18/02/2025;1
22706610;Teste de Regressão;Implantado;LT001 - Loterias Canais Digitais (Mobile);"Defeito - SIMLO - Regressivo Android - Versão 1.17.0 - Minhas apostas filtro ""Selecione o mês e o ano"" está desalinhado a direita";SIMLO;Loterias e Canais Parceiros;Certificação;Q4;Johnathan Lemes Ferreira;05/02/2025;07/02/2025;1
22706660;Teste Funcional;Implantado;BF005 - Nato-Digital e OpenHab;"Falhando o Caso de Teste ""CT112.001_UC_2165_Consulta documento informando Tipo de Associação igual a Pessoa na Proposta Online para Canal Parceiro com sucesso""";SIOPI;Box Moradia PF;Certificação;Q3;Adriano dos Santos Lima;05/02/2025;18/02/2025;1
22706736;Teste de Regressão;Implantado;LT001 - Loterias Canais Digitais (Mobile);Defeito - SIMLO - Regressivo Android - Versão 1.17.0 - Filtro de apostas, está apresentando a fonte escolhida no celular e não a fonte Caixa;SIMLO;Loterias e Canais Parceiros;Certificação;Q4;Johnathan Lemes Ferreira;05/02/2025;17/02/2025;1
22706843;Teste de Regressão;Implantado;CR010 - SISGH Gestão de Honras;[GEQTI] Defeito - Ao clicar em autorizar contratos com honras recuperadas do FGI o sistema está apresentando erro.;SISGH;Crédito Comercial e Agronegócio;Certificação;Q3;Jose Rudson Barbosa Vieira;05/02/2025;06/02/2025;1
22707092;Teste de Regressão;Implantado;CR010 - SISGH Gestão de Honras;[GEQTI] Defeito - Ao entrar na tela de Honras recuperadas junto ao cliente e clicar no número do contrato o sistema está apresentando erro.;SISGH;Crédito Comercial e Agronegócio;Certificação;Q3;Jose Rudson Barbosa Vieira;05/02/2025;21/02/2025;1
22708779;Teste de Regressão;Implantado;LT001 - Loterias Canais Digitais (Mobile);"Defeito - SIMLO - Regressivo iOS - Versão 1.17.0 - Filtros lista ""Minhas compras"" ao detalhar os filtros o texto está em bold";SIMLO;Loterias e Canais Parceiros;Certificação;Q4;Johnathan Lemes Ferreira;06/02/2025;07/02/2025;1
22708789;Teste Funcional;Implantado;BF006 - GOVERNANCA - SIOPI;"Falhando o Caso de Teste ""CT010.001_UC_2463_Desvincular Participante da Venda de Imóvel com papel do participante não permitido""";SIOPI;Box Moradia PF;Certificação;Q3;Rahmey Cesar Palhares Martins;06/02/2025;21/02/2025;1
22708855;Teste de Regressão;Implantado;LT001 - Loterias Canais Digitais (Mobile);Defeito - SIMLO - Regressivo iOS - versão 1.17.0 - Título filtro Minhas compras está incorreto;SIMLO;Loterias e Canais Parceiros;Certificação;Q4;Johnathan Lemes Ferreira;06/02/2025;07/02/2025;1
22709201;Teste Funcional;Aceito;BF006 - GOVERNANCA - SIOPI;"Falhando o Caso de Teste ""CT051.001_UC_325_Valida proposta individual no SIACI com exigência do CER/APF e parametrização de enquadramento de recursos para à proposta não existente""";SIOPI;Box Moradia PF;Certificação;Q3;Samuel Estevao de Farias Alves;06/02/2025;;1
22710105;Teste Funcional;Em Desenvolvimento;PS012 - SIPBS - Processos Online;[Aceite - Cod. - Solicitar Abertua de Conta_Solicitacao Rejeitada] - Abend da rotina;SIPBS;Programas Sociais;Certificação;Q3;Giselle Barbosa da Silva;06/02/2025;;1
22710245;Teste de Regressão;Implantado;CR010 - SISGH Gestão de Honras;[GEQTI] Defeito - Ao acessar o ambiente de TQS OKD3 o sistema está apresentando ERRO.;SISGH;Crédito Comercial e Agronegócio;Certificação;Q3;Jose Rudson Barbosa Vieira;06/02/2025;06/02/2025;1
22710540;Teste Funcional;Implantado;BF005 - Nato-Digital e OpenHab;"Falhando o Caso de Teste ""CT191.001_UC_2149_Usuario sem permissão de acesso para Vincular simulação em proposta operação imobiliária na internet para canal parceiro""";SIOPI;Box Moradia PF;Certificação;Q3;Gabriel Santos Brandao;06/02/2025;10/02/2025;1
22710629;Teste Funcional;Novo;FG036 - DPVAT Backoffice;"Falhando o Caso de Teste ""CT_CERTIF_Solicitar_Invalidez_Permanente_S11T (Relatório_Tratamento_Médico_Beneficiário)""";SISDC;Fundos de Governo;Certificação;Q1;Elenice da Silva Vicente;06/02/2025;;1
22710925;Teste Funcional;Implantado;LT010 - Loterias Canais Eletrônicos (site);Defeito - Mensagem de tentativa de resgate de teimosinha não está aparecendo;SILCE;Loterias e Canais Parceiros;Certificação;Q4;Fabricia da Silva;06/02/2025;12/02/2025;1
22710969;Teste Funcional;Implementado;LT010 - Loterias Canais Eletrônicos (site);Defeito Nova API consulta de apostas. Modalidade Dia de Sorte. não exibe mês de sorte na lista de apostas;SILCE;Loterias e Canais Parceiros;Certificação;Q4;Eduardo Camilo da Silva;06/02/2025;;1
22712292;Teste Funcional;Implantado;CR010 - SISGH Gestão de Honras;[GEQTI] Defeito - Calculo realizado pelo FAMPE incorreto;SISGH;Crédito Comercial e Agronegócio;Certificação;Q3;Diovany Pereira de Moura;07/02/2025;26/03/2025;1
22713078;Teste de Regressão;Implantado;LT001 - Loterias Canais Digitais (Mobile);"Defeito - SIMLO - Regressivo Android - Versão 1.17.0 - Simular aposta Loteca apresentando o campo ""Sorteio"" está incorreto";SIMLO;Loterias e Canais Parceiros;Certificação;Q4;Johnathan Lemes Ferreira;07/02/2025;07/02/2025;1
22713868;Defeito;Novo;BF005 - Nato-Digital e OpenHab;Defeito de envio de mensagem negocial (MN477) para os logs do SIOPI Batch;SIOPI;Box Moradia PF;Certificação;Q3;Caio Alexandre Ornelas Silva;07/02/2025;;1
22714610;Teste de Regressão;Implantado;LT001 - Loterias Canais Digitais (Mobile);"Defeito - SIMLO - Regressivo Android - Versão 1.17.0 - Carrinho de apostas somente com ""Combo de apostas"" ou ""Bolão"" não apresenta a barra azul com valor, ""Valor total do carrinho"" e ""ícone do carrinho""";SIMLO;Loterias e Canais Parceiros;Certificação;Q4;Johnathan Lemes Ferreira;07/02/2025;21/02/2025;1
22714776;Teste de Regressão;Implantado;LT001 - Loterias Canais Digitais (Mobile);Defeito - SIMLO - Regressivo iOS - versão 1.17.0 - Carrossel de apostas individuais, não está apresentando em algumas modalidades a funcionalidade de último resultado;SIMLO;Loterias e Canais Parceiros;Certificação;Q4;Johnathan Lemes Ferreira;07/02/2025;20/02/2025;1
22718854;Teste de Regressão;Implantado;LT001 - Loterias Canais Digitais (Mobile);Defeito - SIMLO - Regressivo Android- Versão 1.17.0 - Minhas Aposta - Situação das apostas não está trazendo os status;SIMLO;Loterias e Canais Parceiros;Certificação;Q4;Wallace Rodrigues de Oliveira;10/02/2025;21/02/2025;1
22719861;Teste de Regressão;Implantado;LT001 - Loterias Canais Digitais (Mobile);"Defeito - SIMLO - Regressivo Android- Versão 1.17.0 - Carrinho de apostas apostas de ""Bolão"", modalidade ""+milionária"" está quebrando linha";SIMLO;Loterias e Canais Parceiros;Certificação;Q4;Johnathan Lemes Ferreira;10/02/2025;19/02/2025;1
22720748;Defeito;Novo;;"Falhando o Caso de Teste ""CT_DEV_Erro ao tentar emitir OS recorrente_DES_1""";SIGDU;Box Moradia Plataforma;Certificação;Q3;Takashi Saito;10/02/2025;;1
22720770;Teste de Regressão;Implantado;LT001 - Loterias Canais Digitais (Mobile);Defeito - SIMLO - Regressivo Android- Versão 1.17.0 - Apostas favoritas pou-up de quantidade de teimosinhas estão na fonte incorreta;SIMLO;Loterias e Canais Parceiros;Certificação;Q4;Johnathan Lemes Ferreira;10/02/2025;19/02/2025;1
22721143;Defeito;Novo;;"Falhando o Caso de Teste ""CT_DEV_Alteração dos valores de contestação que estão zerados_DES_1""";SIGDU;Box Moradia Plataforma;Certificação;Q3;Takashi Saito;10/02/2025;;1
22721188;Teste de Regressão;Implantado;LT001 - Loterias Canais Digitais (Mobile);Defeito - SIMLO - Regressivo Android- Versão 1.17.0 - Filtro de apostas, as cores não estão no novo padrão da paleta de cores;SIMLO;Loterias e Canais Parceiros;Certificação;Q4;Johnathan Lemes Ferreira;10/02/2025;18/02/2025;1
22721876;Teste Funcional;Novo;CR010 - SISGH Gestão de Honras;[GEQTI] Defeito - Regularizar Honras - Desenrola;SISGH;Crédito Comercial e Agronegócio;Certificação;Q3;Diovany Pereira de Moura;10/02/2025;;1
22721957;Teste de Regressão;Implementado;ES003 - Gestão de Limites;"Falhando o Caso de Teste ""CTM_CERTIF_TED_SIMOB_Envio de Transação dentro do limite TP1 ou TP4""";SIGLM;Estruturantes de TI;Certificação;Q2;Edna Franca Tito;10/02/2025;;1
22725755;Teste Funcional;Aceito;BF006 - GOVERNANCA - SIOPI;"Falhando o Caso de Teste ""CT005.089_UC_047_Complementa dados da proposta vinculada que não existe CER/APF""";SIOPI;Box Moradia PF;Certificação;Q3;Samuel Estevao de Farias Alves;11/02/2025;;1
22726244;Teste de Regressão;Implantado;LT001 - Loterias Canais Digitais (Mobile);"Defeito - SIMLO - Regressivo iOS - versão 1.17.0 -  Detalhe de aposta tela de ""Resgate"" modalidade ""Dia de sorte"", com a situação premiada está com as cores invertidas";SIMLO;Loterias e Canais Parceiros;Certificação;Q4;Johnathan Lemes Ferreira;11/02/2025;21/02/2025;1
22726309;Teste de Regressão;Pronto;FG015 - Obrigações Financeiras;"Falhando o Caso de Teste ""CT_CERTIF_Agente Moradia - Alterar Autorização para Agente Moradia"" ao executar o Registro de Execução de Teste ""CT_CERTIF_Agente Moradia - Alterar Autorização para Agente Moradia_Ambiente_de_Teste_Windows 10 Enterprise_Chr";SIOFG;Fundos de Governo;Certificação;Q1;Elenice da Silva Vicente;11/02/2025;;1
22726438;Teste Funcional;Implantado;CR010 - SISGH Gestão de Honras;[GEQTI] Defeito - Importação Arquivo FGI-PEAC;SISGH;Crédito Comercial e Agronegócio;Certificação;Q3;Diovany Pereira de Moura;11/02/2025;20/03/2025;1
22727545;Teste Funcional;Implantado;BF036 - Emprestimo com Garantia Imobiliaria  - SIOPI;"Falhando o Caso de Teste ""CT105.001_UC_473_Consulta Dados da Liquidação de Contrato no SIBKO com sucesso.""";SIOPI;Box Moradia PF;Certificação;Q3;Marilia Santos Tavares Almeida;12/02/2025;12/02/2025;1
22728013;Teste de Regressão;Implantado;LT001 - Loterias Canais Digitais (Mobile);"Defeito - SIMLO - Regressivo android- versão 1.17.0 - Detalhe de aposta modalidade ""Dupla sena"", não está no padrão das cores do MKP";SIMLO;Loterias e Canais Parceiros;Certificação;Q4;Johnathan Lemes Ferreira;12/02/2025;05/03/2025;1
22728033;Teste Funcional;Implantado;CR010 - SISGH Gestão de Honras;[GEQTI] Defeito - Remessas não são geradas pelo FAMPE;SISGH;Crédito Comercial e Agronegócio;Certificação;Q3;Diovany Pereira de Moura;12/02/2025;20/03/2025;1
22728259;Teste de Regressão;Implantado;LT001 - Loterias Canais Digitais (Mobile);"Defeito - SIMLO - Regressivo android- versão 1.17.0 - Detalhe de aposta modalidade ""Loteca"", não está no padrão das cores do MKP";SIMLO;Loterias e Canais Parceiros;Certificação;Q4;Johnathan Lemes Ferreira;12/02/2025;07/03/2025;1
22728481;Teste de Regressão;Implantado;LT001 - Loterias Canais Digitais (Mobile);"Defeito - SIMLO - Regressivo android- versão 1.17.0 - Detalhe de aposta modalidade ""lotofácil"", não está no padrão das cores do MKP";SIMLO;Loterias e Canais Parceiros;Certificação;Q4;Johnathan Lemes Ferreira;12/02/2025;05/03/2025;1
22729410;Teste de Regressão;Implantado;LT001 - Loterias Canais Digitais (Mobile);"Defeito - SIMLO - Regressivo android- versão 1.17.0 - Detalhe de aposta modalidade ""+milionária"", não está no padrão das cores do MKP";SIMLO;Loterias e Canais Parceiros;Certificação;Q4;Johnathan Lemes Ferreira;12/02/2025;05/03/2025;1
22729530;Teste de Regressão;Implantado;LT001 - Loterias Canais Digitais (Mobile);"Defeito - SIMLO - Regressivo android- versão 1.17.0 - Detalhe de aposta modalidade ""mega-sena"", não está no padrão das cores do MKP";SIMLO;Loterias e Canais Parceiros;Certificação;Q4;Johnathan Lemes Ferreira;12/02/2025;05/03/2025;1
22729616;Teste de Regressão;Implantado;LT001 - Loterias Canais Digitais (Mobile);"Defeito - SIMLO - Regressivo android- versão 1.17.0 - Detalhe de aposta modalidade ""quina"", não está no padrão das cores do MKP";SIMLO;Loterias e Canais Parceiros;Certificação;Q4;Johnathan Lemes Ferreira;12/02/2025;05/03/2025;1
22729867;Teste de Regressão;Implantado;LT001 - Loterias Canais Digitais (Mobile);"Defeito - SIMLO - Regressivo android- versão 1.17.0 - Detalhe de aposta modalidade ""super sete"", não está no padrão das cores do MKP";SIMLO;Loterias e Canais Parceiros;Certificação;Q4;Johnathan Lemes Ferreira;12/02/2025;07/03/2025;1
22730097;Teste Funcional;Implantado;DC009 - Squad 4 Sustentação - LCR - NSGD BR;Contratação PF - Consultar Contrato - O sistema não realiza consulta de contratação PF no mês da contratação;SILCR;Depósitos e Captação;Certificação;Q3;Luize Maria Correia Torres;12/02/2025;17/03/2025;1
22730422;Teste de Regressão;Implantado;LT001 - Loterias Canais Digitais (Mobile);"Defeito - SIMLO - Regressivo android- versão 1.17.0 - Detalhe de aposta modalidade ""timemania"", não está no padrão das cores do MKP";SIMLO;Loterias e Canais Parceiros;Certificação;Q4;Johnathan Lemes Ferreira;12/02/2025;05/03/2025;1
22730445;Teste de Regressão;Implantado;LT001 - Loterias Canais Digitais (Mobile);"Defeito - SIMLO - Regressivo iOS - versão 1.17.0 -  Detalhe de aposta tela de ""Resgate"" modalidade ""super sete"", com a situação premiada está com as cores invertidas";SIMLO;Loterias e Canais Parceiros;Certificação;Q4;Johnathan Lemes Ferreira;12/02/2025;20/02/2025;1
22732343;Teste de Regressão;Implantado;LT001 - Loterias Canais Digitais (Mobile);"Defeito - SIMLO - Regressivo iOS - versão 1.17.0 -  Detalhe de aposta tela de ""Resgate"" modalidade ""timemania"", com a situação premiada está com as cores invertidas";SIMLO;Loterias e Canais Parceiros;Certificação;Q4;Johnathan Lemes Ferreira;13/02/2025;21/02/2025;1
22732455;Teste de Regressão;Implantado;LT001 - Loterias Canais Digitais (Mobile);"Defeito - SIMLO - Regressivo iOS - versão 1.17.0 - Carrossel de apostas individuais,  botão ""Aposte"" somente a ""timemania"" vai ter a cor de texto";SIMLO;Loterias e Canais Parceiros;Certificação;Q4;Johnathan Lemes Ferreira;13/02/2025;20/02/2025;1
22732477;Teste de Regressão;Implantado;LT001 - Loterias Canais Digitais (Mobile);"Defeito - SIMLO - Regressivo iOS - versão 1.17.0 - Carrossel de apostas individuais, trevo da modalidade ""timemania"" está na cor errada";SIMLO;Loterias e Canais Parceiros;Certificação;Q4;Johnathan Lemes Ferreira;13/02/2025;20/02/2025;1
22732553;Teste de Regressão;Implantado;LT001 - Loterias Canais Digitais (Mobile);"Defeito - SIMLO - Regressivo Android - versão 1.17.0 - Carrossel de apostas individuais,  botão ""Aposte"" somente a ""timemania"" vai ter a cor de texto";SIMLO;Loterias e Canais Parceiros;Certificação;Q4;Johnathan Lemes Ferreira;13/02/2025;18/02/2025;1
22732670;Teste de Regressão;Implantado;LT001 - Loterias Canais Digitais (Mobile);Defeito - SIMLO - Regressivo iOS - versão 1.17.0 - Filtro minhas apostas cor do trevo minhas apostas está na cor incorreta;SIMLO;Loterias e Canais Parceiros;Certificação;Q4;Johnathan Lemes Ferreira;13/02/2025;19/02/2025;1
22732862;Teste de Regressão;Implantado;LT001 - Loterias Canais Digitais (Mobile);Defeito - SIMLO - Regressivo Android - versão 1.17.0 - Filtro minhas apostas cor do trevo minhas apostas está na cor incorreta;SIMLO;Loterias e Canais Parceiros;Certificação;Q4;Johnathan Lemes Ferreira;13/02/2025;18/02/2025;1
22732979;Teste de Regressão;Implantado;LT001 - Loterias Canais Digitais (Mobile);"Defeito - SIMLO - Regressivo Android - versão 1.17.0 - Tela resgate de prêmio a frase ""Veja como retirar seu prêmio"" está incorreta";SIMLO;Loterias e Canais Parceiros;Certificação;Q4;Johnathan Lemes Ferreira;13/02/2025;21/02/2025;1
22733235;Teste Funcional;Implantado;LT010 - Loterias Canais Eletrônicos (site);Erro no relatório de eventos contábeis - Data do movimento não informada no relatório em PDF;SILCE;Loterias e Canais Parceiros;Certificação;Q4;Luiz Guilherme de Barros Costa;13/02/2025;20/02/2025;1
22734058;Teste de Regressão;Implantado;LT001 - Loterias Canais Digitais (Mobile);"Defeito - SIMLO - Regressivo iOS - versão 1.17.0 - Tela de resultados a modalidade ""Timemania"" está com a cor trevo incorreta";SIMLO;Loterias e Canais Parceiros;Certificação;Q4;Johnathan Lemes Ferreira;13/02/2025;20/02/2025;1
22734763;Teste de Regressão;Implantado;LT001 - Loterias Canais Digitais (Mobile);Defeito - SIMLO - Regressivo Android - versão 1.17.0 -  Rapidão a tela de seleção das modalidades o app está apresentando a modalidade de Loteca;SIMLO;Loterias e Canais Parceiros;Certificação;Q4;Johnathan Lemes Ferreira;13/02/2025;18/02/2025;1
22734824;Teste de Regressão;Implantado;LT001 - Loterias Canais Digitais (Mobile);"Defeito - SIMLO - Regressivo Android - versão 1.17.0 - Rapidão a tela de ""Resumo"" modalidades selecionadas não estão mostrando a cor da modalidade";SIMLO;Loterias e Canais Parceiros;Certificação;Q4;Johnathan Lemes Ferreira;13/02/2025;18/02/2025;1
22734864;Teste de Regressão;Implantado;LT001 - Loterias Canais Digitais (Mobile);Defeito - SIMLO - Regressivo iOS - versão 1.17.0 -  Rapidão a tela de seleção das modalidades a cor do trevo da modalidade timemania;SIMLO;Loterias e Canais Parceiros;Certificação;Q4;Johnathan Lemes Ferreira;13/02/2025;19/02/2025;1
22734905;Teste de Regressão;Implantado;LT001 - Loterias Canais Digitais (Mobile);"Defeito - SIMLO - Regressivo iOS - versão 1.17.0 -  Rapidão a tela ""Resumo"" modalidades a cor do trevo da modalidade timemania";SIMLO;Loterias e Canais Parceiros;Certificação;Q4;Johnathan Lemes Ferreira;13/02/2025;19/02/2025;1
22737622;Teste Funcional;Implantado;PS012 - SIPBS - Processos Online;[Aceite - Código - Criar parâmetro no online para selecionar opção de conta PJ - Incluir/Alterar Parâmetro Recursos Provenientes de Conta PJ] - Sistema sem ação ao tentar incluir/alterar CNPJ no programa;SIPBS;Programas Sociais;Certificação;Q3;Elma de Assis Pereira;14/02/2025;26/03/2025;1
22737708;Teste de Regressão;Implantado;LT001 - Loterias Canais Digitais (Mobile);Defeito - SIMLO - Regressivo Android - versão 1.17.0 - simula aposta as cores não estão no padrão da nova paleta de cores;SIMLO;Loterias e Canais Parceiros;Certificação;Q4;Johnathan Lemes Ferreira;14/02/2025;21/02/2025;1
22737993;Teste de Regressão;Implantado;LT001 - Loterias Canais Digitais (Mobile);"Defeito - SIMLO - Regressivo Android - versão 1.17.0 - simula aposta  modalidade ""dia de sorte"" a cor de texto está incorreta";SIMLO;Loterias e Canais Parceiros;Certificação;Q4;Johnathan Lemes Ferreira;14/02/2025;21/02/2025;1
22738037;Teste de Regressão;Implantado;LT001 - Loterias Canais Digitais (Mobile);"Defeito - SIMLO - Regressivo Android - versão 1.17.0 - simula aposta  modalidade ""dia de sorte"" na tela selecionar o mês de sorte a cor de fundo do botão selecionado está incorreta";SIMLO;Loterias e Canais Parceiros;Certificação;Q4;Johnathan Lemes Ferreira;14/02/2025;21/02/2025;1
22738109;Teste de Regressão;Implantado;LT001 - Loterias Canais Digitais (Mobile);Defeito - SIMLO - Regressivo Android - versão 1.17.0 - Leitura de bilhete físico não está apresentando as informações concurso e situação valor do prêmio;SIMLO;Loterias e Canais Parceiros;Certificação;Q4;Johnathan Lemes Ferreira;14/02/2025;18/02/2025;1
22738232;Teste de Regressão;Implantado;LT001 - Loterias Canais Digitais (Mobile);Defeito - SIMLO - Regressivo iOS - versão 1.17.0 - Acessar via experimente o app está solicitando login;SIMLO;Loterias e Canais Parceiros;Certificação;Q4;Johnathan Lemes Ferreira;14/02/2025;28/02/2025;1
22738298;Teste de Regressão;Implantado;LT001 - Loterias Canais Digitais (Mobile);"Defeito - SIMLO - Regressivo iOS - versão 1.17.0 -  Conferir bilhete está apresentando a opção digitar manual e ao realizar a consulta via ""QR CODE"" está crashando o app";SIMLO;Loterias e Canais Parceiros;Certificação;Q4;Johnathan Lemes Ferreira;14/02/2025;28/02/2025;1
22748996;Teste Funcional;Implantado;BF005 - Nato-Digital e OpenHab;"Falhando o Caso de Teste ""CT114.001_UC_2165_Dados inconsistentes ao Consultar Documento da Proposta Online para Canal Parceiro""";SIOPI;Box Moradia PF;Certificação;Q3;Adriano dos Santos Lima;17/02/2025;18/02/2025;1
22749139;Teste Funcional;Implantado;BF005 - Nato-Digital e OpenHab;"Falhando o Caso de Teste ""CT112.001_UC_2165_Consulta documento informando Tipo de Associação igual a Pessoa na Proposta Online para Canal Parceiro com sucesso""";SIOPI;Box Moradia PF;Certificação;Q3;Adriano dos Santos Lima;17/02/2025;18/02/2025;1
22749320;Teste de Regressão;Implantado;LT001 - Loterias Canais Digitais (Mobile);Defeito - SIMLO - Regressivo iOS - versão 1.17.0 -  Pagamento via Pix, a fonte está incorreta;SIMLO;Loterias e Canais Parceiros;Certificação;Q4;Johnathan Lemes Ferreira;17/02/2025;05/03/2025;1
22749505;Teste Funcional;Implantado;CR034 - SICCR PJ;Falhando o Caso de Teste ao Garantir a Analise de operação BNDES - Falso Concluído;SICCR;Crédito Comercial e Agronegócio;Certificação;Q3;Samuel Mozarth da Silva Soares;17/02/2025;23/04/2025;1
22749747;Teste de Regressão;Implantado;LT001 - Loterias Canais Digitais (Mobile);Defeito - SIMLO - Regressivo iOS - versão 1.17.0 - Rapidão carrinho de apostas geradas não está no padrão da novas paletas de cores;SIMLO;Loterias e Canais Parceiros;Certificação;Q4;Johnathan Lemes Ferreira;17/02/2025;28/02/2025;1
22749770;Teste de Regressão;Novo;;[GEQTI] - SICLI - Defeito - Teste de Regressão (Comp_Administrativa) - erro 524;SICLI;Clientes;Certificação;Q2;Eduardo Pirozzolo Pinto;17/02/2025;;1
22749795;Teste de Regressão;Novo;;[GEQTI] - SICLI - Defeito - Teste de Regressão (Comp_Societaria) - erro 524;SICLI;Clientes;Certificação;Q2;Eduardo Pirozzolo Pinto;17/02/2025;;1
22750275;Defeito;Implantado;BF006 - GOVERNANCA - SIOPI;BEMPF09 - DEFEITO - Pesquisa FGTS Futuro #IN0000000127367;SIOPI;Box Moradia PF;Certificação;Q3;Annesheron Mieko Almeida Saissu;17/02/2025;18/03/2025;1
22751013;Teste de Regressão;Implantado;LT001 - Loterias Canais Digitais (Mobile);Defeito - SIMLO - Regressivo Android- versão 1.17.0 - Erro ao gerar comprovante apostas individuais e bolão;SIMLO;Loterias e Canais Parceiros;Certificação;Q4;Johnathan Lemes Ferreira;17/02/2025;21/02/2025;1
22751138;Teste de Regressão;Implantado;LT001 - Loterias Canais Digitais (Mobile);Defeito - SIMLO - Regressivo iOS - Versão 1.17.0 - Simular Apostas - Nome da modalidade sobrescrevendo as informações;SIMLO;Loterias e Canais Parceiros;Certificação;Q4;Wallace Rodrigues de Oliveira;17/02/2025;05/03/2025;1
22751397;Teste Funcional;Implantado;LT010 - Loterias Canais Eletrônicos (site);DEFEITO PIX- Erro ao tentar resgatar prêmio;SILCE;Loterias e Canais Parceiros;Certificação;Q4;Fabricia da Silva;17/02/2025;10/03/2025;1
22755610;Teste de Regressão;Implantado;LT001 - Loterias Canais Digitais (Mobile);Defeito - SIMLO - Regressivo iOS - Versão 1.17.0 -  Detalhe de combo, ao detalhar ao combo os valores estão sendo apresentado de forma incorreta;SIMLO;Loterias e Canais Parceiros;Certificação;Q4;Johnathan Lemes Ferreira;18/02/2025;28/02/2025;1
22755649;Teste Funcional;Novo;LT010 - Loterias Canais Eletrônicos (site);Defeito Divergência entre situação de uma aposta com o microserviço ligado e desligado;SILCE;Loterias e Canais Parceiros;Certificação;Q4;Eduardo Camilo da Silva;18/02/2025;;1
22756153;Defeito;Implantado;CA027 - CAIXA Aqui;SICAQ Negocial - Cancelamento de avaliação/proposta por token - Ajuste da versão 3.08 implantada (piloto);SICAQ;Canais Físicos;Certificação;Q4;Martovane Simas Pereira;18/02/2025;25/02/2025;1
22757575;Teste de Regressão;Implantado;LT001 - Loterias Canais Digitais (Mobile);Defeito - SIMLO - Regressivo Android- versão 1.17.0 - carrossel de apostas individuais com a cor de texto no botão aposte na cor verde;SIMLO;Loterias e Canais Parceiros;Certificação;Q4;Johnathan Lemes Ferreira;18/02/2025;18/02/2025;1
22761955;Defeito;Aceito;CD006 - Cadastro Pessoas;SIISO-PJ -Acerto  de Ocorrência na Consulta CNPJ-base - Indicador  Tipo de Estabelecimento;SIISO;Clientes;Certificação;Q1;Silvana Maria Sales da Silva Diniz;19/02/2025;;1
22762616;Teste Funcional;Implantado;LT010 - Loterias Canais Eletrônicos (site);DEFEITO - SILCE - Erro na API ao efetuar consulta de apostas;SILCE;Loterias e Canais Parceiros;Certificação;Q4;Fabricia da Silva;19/02/2025;10/03/2025;1
22764452;Teste de Regressão;Implantado;LT001 - Loterias Canais Digitais (Mobile);Defeito - SIMLO - Regressivo Android- versão 1.17.0 - Minhas compras, ao realizar um pagamento com sucesso e ir ao minhas compras e detalhar a compra o app crash;SIMLO;Loterias e Canais Parceiros;Certificação;Q4;Johnathan Lemes Ferreira;19/02/2025;20/02/2025;1
22764587;Teste Funcional;Implantado;CR010 - SISGH Gestão de Honras;[GEQTI] Defeito - Sistema não está permitindo cadastrar transação.;SISGH;Crédito Comercial e Agronegócio;Certificação;Q3;Jose Rudson Barbosa Vieira;19/02/2025;21/02/2025;1
22764881;Teste Funcional;Pronto;BF006 - GOVERNANCA - SIOPI;"Falhando o Caso de Teste ""CT015.003_UC_2282_Alterar situação da Unidade Habitacional por perfil OPIDF039 (Construtor)""";SIOPI;Box Moradia PF;Certificação;Q3;Samuel Estevao de Farias Alves;19/02/2025;;1
22767905;Teste Funcional;Aceito;BF006 - GOVERNANCA - SIOPI;"Falhando o Caso de Teste ""CT187.001_UC_444_Altera Unidade Habitacional Quitada na pré-contratação com sucesso""";SIOPI;Box Moradia PF;Certificação;Q3;Samuel Estevao de Farias Alves;20/02/2025;;1
22768035;Teste de Regressão;Implantado;LT001 - Loterias Canais Digitais (Mobile);Defeito - SIMLO - Regressivo iOS - Versão 1.17.0 - simula aposta Super sete padronizar as cores;SIMLO;Loterias e Canais Parceiros;Certificação;Q4;Johnathan Lemes Ferreira;20/02/2025;28/02/2025;1
22768062;Teste de Regressão;Implantado;LT001 - Loterias Canais Digitais (Mobile);Defeito - SIMLO - Regressivo Android- Versão 1.17.0 - Simula aposta Super sete padronizar as cores;SIMLO;Loterias e Canais Parceiros;Certificação;Q4;Johnathan Lemes Ferreira;20/02/2025;21/02/2025;1
22768328;Teste de Regressão;Implantado;LT001 - Loterias Canais Digitais (Mobile);Defeito - SIMLO - Regressivo iOS- Versão 1.17.0 - Resgate de premio com MS - Comprovante de aposta está vindo no modelo antigo;SIMLO;Loterias e Canais Parceiros;Certificação;Q4;Wallace Rodrigues de Oliveira;20/02/2025;21/02/2025;1
22768743;Teste Funcional;Preparado;BF006 - GOVERNANCA - SIOPI;"- Carregar a coluna QT_UNDDE_CMRDA - na view materializada OPIMTV23 - Observando o Leiaute_UC_Gerar_Informacao_Negocial_Empreendimento - Campo ""Quantidade unidade comercializada""";SIOPI;Box Moradia PF;Certificação;Q3;Rahmey Cesar Palhares Martins;20/02/2025;;1
22769500;Teste Funcional;Implantado;BF006 - GOVERNANCA - SIOPI;"Falhando o Caso de Teste ""CT108.017_UC_004_Inclui participante na pré-contratação por usuário perfil OPIDF039""";SIOPI;Box Moradia PF;Certificação;Q3;Vanessa Vieira dos Santos;20/02/2025;25/02/2025;1
22769611;Teste Funcional;Implantado;BF006 - GOVERNANCA - SIOPI;"Falhando o Caso de Teste ""CT182.001_UC_004_Altera dados cadastrais do participante na pré-contratação por usuário perfil OPIDF039""";SIOPI;Box Moradia PF;Certificação;Q3;Vanessa Vieira dos Santos;20/02/2025;06/03/2025;1
22771593;Teste Funcional;Implantado;FP046 - SICVR;[SICVR] - TQS - DEFEITO - Java. 1 - ITENS INDEVIDOS NO CADASTRO DE PARAMETROS  ;SICVR;Financeiro e Controladoria;Certificação;Q3;Marcelo Martins Machado;20/02/2025;15/04/2025;1
22774782;Teste de Regressão;Implantado;LT001 - Loterias Canais Digitais (Mobile);Defeito - SIMLO - Regressivo Android- Versão 1.17.0 - Banner das modalidades especiais no android não estão sendo exibidos todas as situações;SIMLO;Loterias e Canais Parceiros;Certificação;Q4;Johnathan Lemes Ferreira;21/02/2025;21/02/2025;1
22776816;Teste de Regressão;Implantado;LT001 - Loterias Canais Digitais (Mobile);"Defeito - SIMLO - Regressivo iOS - versão 1.17.0 - Tela de sucesso de pagamento, o texto e a fonte do botão ""Acompanhe suas compras"" está incorreto";SIMLO;Loterias e Canais Parceiros;Certificação;Q4;Johnathan Lemes Ferreira;21/02/2025;11/03/2025;1
22777278;Teste Funcional;Implantado;ES003 - Gestão de Limites;"Falhando o Caso de Teste ""CTM_CERTIF_Redução do limite de PIX no período"" ao executar o Registro de Execução de Teste ""CT_CERTIF_Redução do limite de PIX no período diurno""";SIGLM;Estruturantes de TI;Certificação;Q2;Michelle Aparecida Ostinowsky;21/02/2025;24/02/2025;1
22777342;Teste de Regressão;Implantado;CR034 - SICCR PJ;"Falhando o Caso de Teste ""CTA_CERTIF_Realizar_Tarefa_Alcada_FB_Iniciar_Tarefa_Alcada_Operacao__PJ_7615"" ao executar o Registro de Execução de Teste ""CTA_CERTIF_Realizar_Tarefa_Alcada_FB_Iniciar_Tarefa_Alcada_Operacao_7615""";SICCR;Crédito Comercial e Agronegócio;Certificação;Q3;Samuel Mozarth da Silva Soares;21/02/2025;23/04/2025;1
22786037;Teste Funcional;Pronto;BF005 - Nato-Digital e OpenHab;"Falhando o Caso de Teste ""CT046.004_UC_002_Gera Solicitação de Processamento de Reserva Orçamentária com perfil atendente concessão Gestor de Orçamento com sucesso""";SIOPI;Box Moradia PF;Certificação;Q3;Joao Paulo de Andrade;24/02/2025;;1
22786601;Teste Funcional;Aceito;BF006 - GOVERNANCA - SIOPI;"Falhando o Caso de Teste ""CT002.010_UC_2279_Registra dados da operação de produto com Sistema de Administração “Sem administração”""";SIOPI;Box Moradia PF;Certificação;Q3;Tiago Vasques Guimaraes;24/02/2025;;1
22787358;Teste Funcional;Aceito;BF005 - Nato-Digital e OpenHab;"Falhando o Caso de Teste ""CT047.013_UC_002_Atendente da Concessão perfil Pré-Contratação gera solicitação de reserva orçamentária com sucesso.""";SIOPI;Box Moradia PF;Certificação;Q3;Joao Paulo de Andrade;24/02/2025;;1
22787398;Teste Funcional;Aceito;BF006 - GOVERNANCA - SIOPI;"Falhando o Caso de Teste ""CT015.003_UC_2282_Alterar situação da Unidade Habitacional por perfil OPIDF039 (Construtor)""";SIOPI;Box Moradia PF;Certificação;Q3;Samuel Estevao de Farias Alves;24/02/2025;;1
22787944;Teste Funcional;Preparado;BF006 - GOVERNANCA - SIOPI;[Erro Interno] Erro ao tentar validar uma proposta que não possui financiamento anterior vinculado;SIOPI;Box Moradia PF;Certificação;Q3;Gabriel Santos Brandao;24/02/2025;;1
22788417;Teste de Regressão;Implantado;LT001 - Loterias Canais Digitais (Mobile);"Defeito - SIMLO - Regressivo iOS - versão 1.17.0 - Detalhe de aposta modalidade ""timemania"", não está no padrão das cores do MKP";SIMLO;Loterias e Canais Parceiros;Certificação;Q4;Wallace Rodrigues de Oliveira;24/02/2025;10/03/2025;1
22788819;Teste de Regressão;Implantado;LT001 - Loterias Canais Digitais (Mobile);"Defeito - SIMLO - Regressivo iOS - versão 1.17.0 - Tela de sucesso de pagamento, o fonte do botão ""Voltar ao inicio"" está incorreto e sem o bold";SIMLO;Loterias e Canais Parceiros;Certificação;Q4;Johnathan Lemes Ferreira;24/02/2025;11/03/2025;1
22789711;Teste de Regressão;Implantado;CD001 - Cadastro de Clientes SICLI;[GEQTI] - SICLI - Defeito - Teste de Regressão (Data Documento CNH / Passaporte / CTPS / Certidão Nascimento);SICLI;Clientes;Certificação;Q2;Noeli da Fonseca Pereira Fernandes;24/02/2025;15/04/2025;1
22790352;Teste Funcional;Implantado;CR010 - SISGH Gestão de Honras;[GEQTI] Defeito - Perfil ADM não está com as permissões necessárias.;SISGH;Crédito Comercial e Agronegócio;Certificação;Q3;Jose Rudson Barbosa Vieira;24/02/2025;26/03/2025;1
22792544;Teste Funcional;Implantado;CR010 - SISGH Gestão de Honras;[GEQTI] Defeito - Mensagem ao solicitar honra do FGI;SISGH;Crédito Comercial e Agronegócio;Certificação;Q3;Diovany Pereira de Moura;25/02/2025;26/03/2025;1
22793123;Teste Funcional;Aceito;BF006 - GOVERNANCA - SIOPI;"Falhando o Caso de Teste ""CT024.016_UC_325_Valida proposta individual sistema de administração SIACI e indicador de envio ao SIACI (IES) diferente de “S” ou “I”""";SIOPI;Box Moradia PF;Certificação;Q3;Tiago Vasques Guimaraes;25/02/2025;;1
22793151;Teste Funcional;Implantado;CR010 - SISGH Gestão de Honras;[GEQTI] Defeito - Sistema está apresentando erro de comunicação não identificado ao clicar no SIM DIGITAL.;SISGH;Crédito Comercial e Agronegócio;Certificação;Q3;Jose Rudson Barbosa Vieira;25/02/2025;26/03/2025;1
22793430;Teste de Regressão;Implantado;LT001 - Loterias Canais Digitais (Mobile);"Defeito - SIMLO - Regressivo android- versão 1.17.0 - Detalhe de aposta modalidade ""timemania"" time do coração está apresentando a cor incorreta";SIMLO;Loterias e Canais Parceiros;Certificação;Q4;Johnathan Lemes Ferreira;25/02/2025;28/02/2025;1
22793479;Defeito;Aceito;BF005 - Nato-Digital e OpenHab;"Falhando o Caso de Teste ""CT057.001_UC_083_Orçamento inativo ao Gerar documento da proposta individual etapa Pronta para emitir instrumento contratual cujo produto exige reserva""";SIOPI;Box Moradia PF;Certificação;Q3;Davi Fonteles da Silva;25/02/2025;;1
22794537;Teste Funcional;Pronto;PE017 - Novo SOU CAIXA;[CEGTI] - iOS - SIGMP - QLD - Extrato PLR - Nome Funcionalidade - Apresentação;SIGMP;Pessoas;Certificação;Q1;Naim Ferreira dos Santos;25/02/2025;;1
22794643;Teste Funcional;Pronto;PE017 - Novo SOU CAIXA;[CEGTI] - iOS - SIGMP - QLD - Extrato PLR - Campo Quantidade de dias trabalhados - Adiantamento e Parcela Final;SIGMP;Pessoas;Certificação;Q1;Naim Ferreira dos Santos;25/02/2025;;1
22795303;Teste Funcional;Novo;BF006 - GOVERNANCA - SIOPI;DEFEITO - CERTIFICAÇÃO - EAP7 - Erro Fluxo OS;SIOPI;Box Moradia PF;Certificação;Q3;Emerson Santos Pereira;25/02/2025;;1
22795852;Teste Funcional;Implantado;PE017 - Novo SOU CAIXA;[CEGTI] - Android - SIGMP - QLD - Extrato PLR - Acesso - App fecha repentinamente;SIGMP;Pessoas;Certificação;Q1;Fernando Rodrigues;25/02/2025;10/03/2025;1
22795867;Teste Funcional;Implantado;DC018 - Squad 2 - TLegado - SIDEO e SIDON;"Falhando o Caso de Teste ""FB_Consultar_Cadastro_ Investidor""";SIDEO;Depósitos e Captação;Certificação;Q4;Marcio Wilson Galante;25/02/2025;07/03/2025;1
22796101;Teste Funcional;Implantado;PS012 - SIPBS - Processos Online;[Aceite - Doc - Criar parâmetro no online para selecionar opção de conta PJ - Consultar Parâmetro Recursos Provenientes de Conta PJ] - Divergência  mensagem hint;SIPBS;Programas Sociais;Certificação;Q3;Elma de Assis Pereira;25/02/2025;07/03/2025;1
22796184;Defeito;Implantado;CA027 - CAIXA Aqui;Acesso a dados Perfil secundário onde apenas o perfil Master possui permissão.;SICAQ;Canais Físicos;Certificação;Q4;Rodrigo Dias;25/02/2025;29/04/2025;1
22799742;Teste Funcional;Em Refinamento;CD006 - Cadastro Pessoas;[GEQTI] - SIISO - Defeito - API Privada Cadastro Receita Federal V1 - Buscar Empresas por CPF do Responsável Legal;SIISO;Clientes;Certificação;Q1;Juliana Souza Lotti Calheiros da Rocha;26/02/2025;;1
22800178;Teste de Regressão;Implantado;CR034 - SICCR PJ;"Falhando o Caso de Teste ""CTA_CERTIF_Solicitar_Analise_Operacao_FBFA2_Simular_Concessao_de_Credito_PJ_7615""";SICCR;Crédito Comercial e Agronegócio;Certificação;Q3;Samuel Mozarth da Silva Soares;26/02/2025;23/04/2025;1
22800341;Teste Funcional;Pronto;BF006 - GOVERNANCA - SIOPI;Erro S2 ao gerar interveniente quitante tags subpapel 2;SIOPI;Box Moradia PF;Certificação;Q3;Tiago Vasques Guimaraes;26/02/2025;;1
22801965;Teste Funcional;Em Refinamento;CD006 - Cadastro Pessoas;[GEQTI] - SIISO - Defeito - API Privada Cadastro Receita Federal V1 - Buscar Empresas por CPF ou CNPJ do sócio;SIISO;Clientes;Certificação;Q1;Juliana Souza Lotti Calheiros da Rocha;26/02/2025;;1
22802289;Teste Funcional;Implantado;PS012 - SIPBS - Processos Online;[Aceite - Doc - Criar parâmetro no online para selecionar opção de conta PJ - Incluir Parâmetro Recursos Provenientes de Conta PJ] - No requisito não consta mensagem de obrigatoriedade de seleção de conta;SIPBS;Programas Sociais;Certificação;Q3;Elma de Assis Pereira;26/02/2025;07/03/2025;1
22802350;Teste Funcional;Implantado;PS012 - SIPBS - Processos Online;[Aceite - Doc - Criar parâmetro no online para selecionar opção de conta PJ - Incluir Parâmetro Recursos Provenientes de Conta PJ] - Divergência  mensagem hint;SIPBS;Programas Sociais;Certificação;Q3;Elma de Assis Pereira;26/02/2025;07/03/2025;1
22802441;Teste Funcional;Implantado;PS012 - SIPBS - Processos Online;[Aceite - Doc - Criar parâmetro no online para selecionar opção de conta PJ - Incluir Parâmetro Recursos Provenientes de Conta PJ] - Mensagem de obrigatoriedade do float divergente;SIPBS;Programas Sociais;Certificação;Q3;Elma de Assis Pereira;26/02/2025;07/03/2025;1
22802445;Teste Funcional;Novo;DC009 - Squad 4 Sustentação - LCR - NSGD BR;"CSU106 - Amortizar Parcelamento de Recuperação de Crédito - FA5. Identificar Contrato com Situação ""Ativo"" com Recomposição ao final";SILCR;Depósitos e Captação;Certificação;Q3;Adriana Abrantes Alexandre;26/02/2025;;1
22804628;Teste Funcional;Em Refinamento;CD006 - Cadastro Pessoas;[GEQTI] - SIISO - Defeito - API Privada Cadastro Receita Federal V1 - Detalhar dados de Pessoa Jurídica;SIISO;Clientes;Certificação;Q1;Juliana Souza Lotti Calheiros da Rocha;27/02/2025;;1
22805025;Teste Funcional;Implantado;PS012 - SIPBS - Processos Online;[Aceite - Doc - Criar parâmetro no online para selecionar opção de conta PJ - Incluir Parâmetro Recursos Provenientes de Conta PJ] -  Divergência no tipo do campo <Produto> do item 4.2;SIPBS;Programas Sociais;Certificação;Q3;Elma de Assis Pereira;27/02/2025;07/03/2025;1
22805046;Teste Funcional;Implantado;PS012 - SIPBS - Processos Online;[Aceite - Doc - Criar parâmetro no online para selecionar opção de conta PJ - Incluir Parâmetro Recursos Provenientes de Conta PJ] - Divergência no tipo do campo <Propriedade> do item 4.2;SIPBS;Programas Sociais;Certificação;Q3;Elma de Assis Pereira;27/02/2025;07/03/2025;1
22805093;Teste de Regressão;Implantado;LT001 - Loterias Canais Digitais (Mobile);Defeito - SIMLO - Regressivo android- versão 1.17.0 - Detalhe de aposta modalidade +milionária, no campo números sorteados estão vindo desordenados;SIMLO;Loterias e Canais Parceiros;Certificação;Q4;Johnathan Lemes Ferreira;27/02/2025;05/03/2025;1
22805119;Teste Funcional;Implantado;PS012 - SIPBS - Processos Online;[Aceite - Doc - Criar parâmetro no online para selecionar opção de conta PJ - Incluir Parâmetro Recursos Provenientes de Conta PJ] - Divergência na obrigatoriedade do campo <Há previsão de float para este programa social>;SIPBS;Programas Sociais;Certificação;Q3;Elma de Assis Pereira;27/02/2025;07/03/2025;1
22805134;Teste Funcional;Implantado;PS012 - SIPBS - Processos Online;[Aceite - Doc - Criar parâmetro no online para selecionar opção de conta PJ - Incluir Parâmetro Recursos Provenientes de Conta PJ] - Divergência na regra de interface do campo <Há previsão de float para este programa social>;SIPBS;Programas Sociais;Certificação;Q3;Elma de Assis Pereira;27/02/2025;07/03/2025;1
22805425;Teste Funcional;Aceito;BF006 - GOVERNANCA - SIOPI;"Falhando o Caso de Teste ""CT009.008_UC_2070_Altera versão do produto individual para que Permita pós-contratação""";SIOPI;Box Moradia PF;Certificação;Q3;Tiago Vasques Guimaraes;27/02/2025;;1
22806299;Teste Funcional;Implantado;PS012 - SIPBS - Processos Online;[Aceite - Doc - Consultar Informacoes Detalhadas da Parcela] - Frase duplicada no passo a passo;SIPBS;Programas Sociais;Certificação;Q3;Giselle Barbosa da Silva;27/02/2025;27/03/2025;1
22806874;Defeito;Implantado;BF005 - Nato-Digital e OpenHab;Etapa Pronta Para Emitir Instrumento Contratual da proposta não permite a geração de solicitação de cancelamento da reserva orçamentária;SIOPI;Box Moradia PF;Certificação;Q3;Joao Paulo de Andrade;27/02/2025;20/03/2025;1
22808630;Teste Funcional;Implantado;CR010 - SISGH Gestão de Honras;[GEQTI] Defeito - Abend SGH_DESENROLA_RET4;SISGH;Crédito Comercial e Agronegócio;Certificação;Q3;Diovany Pereira de Moura;28/02/2025;20/03/2025;1
22809091;Teste Funcional;Implantado;PS012 - SIPBS - Processos Online;[Aceite - Doc - Criar parâmetro no online para selecionar opção de conta PJ - Alterar Parâmetro Recursos Provenientes de Conta PJ] -  Divergência no tipo do campo <Produto> do item 4.2;SIPBS;Programas Sociais;Certificação;Q3;Elma de Assis Pereira;28/02/2025;07/03/2025;1
22809102;Teste Funcional;Implantado;PS012 - SIPBS - Processos Online;[Aceite - Doc - Criar parâmetro no online para selecionar opção de conta PJ - Alterar Parâmetro Recursos Provenientes de Conta PJ] -  Divergência no tipo do campo <Propriedade> do item 4.2;SIPBS;Programas Sociais;Certificação;Q3;Elma de Assis Pereira;28/02/2025;07/03/2025;1
22809150;Teste Funcional;Implantado;PS012 - SIPBS - Processos Online;[Aceite - Doc - Criar parâmetro no online para selecionar opção de conta PJ - Alterar Parâmetro Recursos Provenientes de Conta PJ] - Divergência na obrigatoriedade do campo <Há previsão de float para este programa social>;SIPBS;Programas Sociais;Certificação;Q3;Elma de Assis Pereira;28/02/2025;07/03/2025;1
22809168;Teste Funcional;Implantado;PS012 - SIPBS - Processos Online;[Aceite - Doc - Criar parâmetro no online para selecionar opção de conta PJ - Alterar Parâmetro Recursos Provenientes de Conta PJ] - Divergência na regra de interface do campo <Há previsão de float para este programa social>;SIPBS;Programas Sociais;Certificação;Q3;Elma de Assis Pereira;28/02/2025;07/03/2025;1
22809216;Teste de Regressão;Implantado;LT001 - Loterias Canais Digitais (Mobile);Defeito - SIMLO - Regressivo iOS - versão 1.17.0 - Título no filtro de minhas compras está com o texto incorreto;SIMLO;Loterias e Canais Parceiros;Certificação;Q4;Johnathan Lemes Ferreira;28/02/2025;05/03/2025;1
22809259;Teste Funcional;Implantado;PS012 - SIPBS - Processos Online;[Aceite - Doc - Criar parâmetro no online para selecionar opção de conta PJ - Alterar Parâmetro Recursos Provenientes de Conta PJ] - Divergência  mensagem hint;SIPBS;Programas Sociais;Certificação;Q3;Elma de Assis Pereira;28/02/2025;07/03/2025;1
22809288;Teste de Regressão;Implantado;LT001 - Loterias Canais Digitais (Mobile);Defeito - SIMLO - Regressivo iOS - versão 1.17.0 - Filtro minhas compras o espaçamento dos filtros da situação de compra estão muito próximas;SIMLO;Loterias e Canais Parceiros;Certificação;Q4;Johnathan Lemes Ferreira;28/02/2025;05/03/2025;1
22809307;Teste Funcional;Implantado;PS012 - SIPBS - Processos Online;[Aceite - Doc - Criar parâmetro no online para selecionar opção de conta PJ - Alterar Parâmetro Recursos Provenientes de Conta PJ] - Mensagem de obrigatoriedade do float divergente;SIPBS;Programas Sociais;Certificação;Q3;Elma de Assis Pereira;28/02/2025;07/03/2025;1
22809421;Teste Funcional;Implantado;PS012 - SIPBS - Processos Online;[Aceite - Doc - Criar parâmetro no online para selecionar opção de conta PJ - Alterar Parâmetro Recursos Provenientes de Conta PJ] - Mensagem incorreta para quando o período de float for  inferior a 1 e superior a 365 dias;SIPBS;Programas Sociais;Certificação;Q3;Elma de Assis Pereira;28/02/2025;20/03/2025;1
22809435;Teste de Regressão;Implantado;LT001 - Loterias Canais Digitais (Mobile);"Defeito - SIMLO - Regressivo iOS - versão 1.17.0 - Filtros bolão, o botão ""Aplicar"" desabilitado está todo azul";SIMLO;Loterias e Canais Parceiros;Certificação;Q4;Johnathan Lemes Ferreira;28/02/2025;05/03/2025;1
22809643;Teste de Regressão;Implantado;LT001 - Loterias Canais Digitais (Mobile);Defeito - SIMLO - Regressivo iOS - versão 1.17.0 - Filtros bolão os textos de feedback fora do range permitido estão incorretos;SIMLO;Loterias e Canais Parceiros;Certificação;Q4;Johnathan Lemes Ferreira;28/02/2025;05/03/2025;1
22809698;Teste Funcional;Adiado;PS012 - SIPBS - Processos Online;[Aceite - Cód - Criar parâmetro no online para selecionar opção de conta PJ - Alterar Parâmetro Recursos Provenientes de Conta PJ] - Sistema não recupera as parametrizações para o perfil Auditor;SIPBS;Programas Sociais;Certificação;Q3;Elma de Assis Pereira;28/02/2025;;1
22809733;Teste Funcional;Adiado;PS012 - SIPBS - Processos Online;[Aceite - Cód - Criar parâmetro no online para selecionar opção de conta PJ - Alterar Parâmetro Recursos Provenientes de Conta PJ] - Sistema não recupera as parametrizações para o perfil Operador;SIPBS;Programas Sociais;Certificação;Q3;Elma de Assis Pereira;28/02/2025;;1
22809744;Defeito;Implantado;BF036 - Emprestimo com Garantia Imobiliaria  - SIOPI;"Falhando o Caso de Teste ""CT004.001_UC_2476_Envia solicitação de liquidação de contrato com sucesso""";SIOPI;Box Moradia PF;Certificação;Q3;Elmar Cesar Borges;28/02/2025;14/03/2025;1
22809761;Teste Funcional;Adiado;PS012 - SIPBS - Processos Online;[Aceite - Cód - Criar parâmetro no online para selecionar opção de conta PJ - Alterar Parâmetro Recursos Provenientes de Conta PJ] - Sistema não recupera as parametrizações para o perfil Contabilidade;SIPBS;Programas Sociais;Certificação;Q3;Elma de Assis Pereira;28/02/2025;;1
22810223;Teste Funcional;Implantado;DC009 - Squad 4 Sustentação - LCR - NSGD BR;Consultar Utilização por Situação - Campo Mês/Ano divergente da especificação;SILCR;Depósitos e Captação;Certificação;Q3;Luize Maria Correia Torres;28/02/2025;17/03/2025;1
22810413;Teste Funcional;Implantado;BF006 - GOVERNANCA - SIOPI;"Falhando o Caso de Teste ""CT182.001_UC_004_Altera dados cadastrais do participante na pré-contratação por usuário perfil OPIDF039""";SIOPI;Box Moradia PF;Certificação;Q3;Vanessa Vieira dos Santos;28/02/2025;06/03/2025;1
22810608;Teste Funcional;Implantado;DC009 - Squad 4 Sustentação - LCR - NSGD BR;Contrato com Garantia - O sistema está desabilitando o campo Agência ao realizar consulta com data inválida;SILCR;Depósitos e Captação;Certificação;Q3;Luize Maria Correia Torres;28/02/2025;17/03/2025;1
22810921;Teste Funcional;Implementado;BF006 - GOVERNANCA - SIOPI;BEMCC03 - Originação do Crédito - Ajuste na regra de taxa de avaliação de engenharia - Mantém Proposta - Melhorias Habitacionais Caixa Repasse;SIOPI;Box Moradia PF;Certificação;Q3;Rahmey Cesar Palhares Martins;28/02/2025;;1
22811453;Teste Funcional;Aceito;BF006 - GOVERNANCA - SIOPI;"Falhando o Caso de Teste ""CT015.003_UC_2282_Alterar situação da Unidade Habitacional parte 2";SIOPI;Box Moradia PF;Certificação;Q3;Samuel Estevao de Farias Alves;28/02/2025;;1
22811706;Teste de Regressão;Implantado;LT001 - Loterias Canais Digitais (Mobile);"Defeito - SIMLO - Regressivo iOS - versão 1.17.0 - Filtros MKP - ""Números que quero"" e ""Números que  não quero"" não está apresentando a mensagem de feedback";SIMLO;Loterias e Canais Parceiros;Certificação;Q4;Johnathan Lemes Ferreira;28/02/2025;12/03/2025;1
22812043;Teste Funcional;Implantado;BF005 - Nato-Digital e OpenHab;"Falhando o Caso de Teste ""CT004.001_UC_2486_Perfil informado na vinculação já está cadastrado para a fonte de recurso informada""";SIOPI;Box Moradia PF;Certificação;Q3;Gabriel Santos Brandao;28/02/2025;07/03/2025;1
22812151;Teste Funcional;Implantado;BF005 - Nato-Digital e OpenHab;"Falhando o Caso de Teste ""CT001.001_UC_2486_Consultar perfil por fonte de recurso para reserva""";SIOPI;Box Moradia PF;Certificação;Q3;Gabriel Santos Brandao;28/02/2025;07/03/2025;1
22812237;Teste Funcional;Implantado;BF005 - Nato-Digital e OpenHab;"Falhando o Caso de Teste ""CT008.002_UC_2486_Valida MPAS ao Consultar Observação do histórico""";SIOPI;Box Moradia PF;Certificação;Q3;Gabriel Santos Brandao;28/02/2025;07/03/2025;1
22827395;Teste Funcional;Implantado;CR010 - SISGH Gestão de Honras;[GEQTI] Defeito - Rotina Correção de base está pegando a versão incorreta do jar.;SISGH;Crédito Comercial e Agronegócio;Certificação;Q3;Jose Rudson Barbosa Vieira;05/03/2025;05/03/2025;1
22828394;Teste Funcional;Aceito;BF036 - Emprestimo com Garantia Imobiliaria  - SIOPI;"Falhando o Caso de Teste ""CT004.001_UC_2476_Envia solicitação de liquidação de contrato com sucesso""";SIOPI;Box Moradia PF;Certificação;Q3;Elmar Cesar Borges;05/03/2025;;1
22829072;Teste Funcional;Novo;;[GEQTI] - SINBC - Transferência TED Campo data de agendamento;SINBC;Box Conta Digital;Certificação;Q2;Robson de Oliveira Afonso;05/03/2025;;1
22829266;Teste Funcional;Novo;;[GEQTI] - SINBC - Transferência Depósito Judicial;SINBC;Box Conta Digital;Certificação;Q2;Robson de Oliveira Afonso;05/03/2025;;1
22829714;Defeito;Implantado;DC009 - Squad 4 Sustentação - LCR - NSGD BR;SILCR - Erro ASRA na contratação;SILCR;Depósitos e Captação;Certificação;Q3;Daniel Maranhao Machado;05/03/2025;13/03/2025;1
22832649;Teste Funcional;Implantado;BF036 - Emprestimo com Garantia Imobiliaria  - SIOPI;"Falhando o Caso de Teste ""CT104.001_UC_473_Sistema CROT não retorna resposta do serviço""";SIOPI;Box Moradia PF;Certificação;Q3;Elmar Cesar Borges;06/03/2025;12/03/2025;1
22832658;Teste de Regressão;Implantado;LT001 - Loterias Canais Digitais (Mobile);Defeito - SIMLO - Regressivo android- versão 1.17.0 - Simula aposta modalidade Loteca, ao fazer uma aposta e retornar pra fazer uma nova o contador fica com negativo;SIMLO;Loterias e Canais Parceiros;Certificação;Q4;Johnathan Lemes Ferreira;06/03/2025;10/03/2025;1
22833484;Teste de Regressão;Implantado;LT001 - Loterias Canais Digitais (Mobile);Defeito - SIMLO - Regressivo android- versão 1.17.0 - Carrinho de apostas somente com apostas de  bolão o ícone da lixeira não é apresentado;SIMLO;Loterias e Canais Parceiros;Certificação;Q4;Johnathan Lemes Ferreira;06/03/2025;10/03/2025;1
22834328;Teste Funcional;Implantado;BF005 - Nato-Digital e OpenHab;"Falhando o Caso de Teste ""CT008.002_UC_2486_Valida MPAS ao Consultar Observação do histórico""";SIOPI;Box Moradia PF;Certificação;Q3;Gabriel Santos Brandao;06/03/2025;07/03/2025;1
22834802;Teste Funcional;Implantado;BF006 - GOVERNANCA - SIOPI;"Falhando o Caso de Teste ""CT182.001_UC_004_Altera dados cadastrais do participante na pré-contratação por usuário perfil OPIDF039""";SIOPI;Box Moradia PF;Certificação;Q3;Vanessa Vieira dos Santos;06/03/2025;12/03/2025;1
22835064;Teste Funcional;Implantado;PS012 - SIPBS - Processos Online;"[Aceite - Cód - Devolução - Relatório Sintético - visualização online - Emitir Relatório de Processamento de Devolução de Parcelas] - Apresenta parcelas na situação ""Vencida""";SIPBS;Programas Sociais;Certificação;Q3;Elma de Assis Pereira;06/03/2025;18/03/2025;1
22835331;Teste Funcional;Aceito;BF005 - Nato-Digital e OpenHab;"Falhando o Caso de Teste ""CT167.007_UC_2149_Alterar proposta de operação imobiliária na internet informando Categoria do Financiamento = 10 e código de convênio via Canal Parceiro com sucesso (Motivo 1)""";SIOPI;Box Moradia PF;Certificação;Q3;Marcos Anderson Almeida Oliveira;06/03/2025;;1
22835792;Teste Funcional;Aceito;BF006 - GOVERNANCA - SIOPI;"Falhando o Caso de Teste ""CT010.001_UC_2481_Excluir parametrização de enquadramento de recursos""";SIOPI;Box Moradia PF;Certificação;Q3;Samuel Estevao de Farias Alves;06/03/2025;;1
22839811;Teste Funcional;Implantado;CI021 - NOVO RENDA FIXA (SIIFX SQ-SUSTENTAÇÃO);[CEGTI] - KEEGGO - SIIFX - Defeito (DES) - Consultar dados do ativo financeiro para o serviço de resgate da aplicação - Etapa 1 não está considerando os parâmetros de entrada tipo pessoa e documento;SIIFX;Câmbio, Investimentos e Mercado de Capitais;Certificação;Q3;Jhonatan Jose da Silva;07/03/2025;28/03/2025;1
22839977;Teste de Regressão;Implantado;LT001 - Loterias Canais Digitais (Mobile);"Defeito - SIMLO - Regressivo iOS - versão 1.17.0 - Simular aposta ""timemania"", Surpresinha está com as cores divergentes.";SIMLO;Loterias e Canais Parceiros;Certificação;Q4;Wallace Rodrigues de Oliveira;07/03/2025;07/03/2025;1
22840877;Teste de Regressão;Implantado;LT001 - Loterias Canais Digitais (Mobile);Defeito - SIMLO - Regressivo iOS - versão 1.17.0 - Realizar pagamento via cartão o ao aguardar a tela de sucesso o app está crashando;SIMLO;Loterias e Canais Parceiros;Certificação;Q4;Johnathan Lemes Ferreira;07/03/2025;11/03/2025;1
22841070;Teste de Regressão;Implantado;LT001 - Loterias Canais Digitais (Mobile);Defeito - SIMLO - Regressivo iOS - versão 1.17.0 - Minhas Compras - timemania e dia de sorte estão com as cores dos números divergentes.;SIMLO;Loterias e Canais Parceiros;Certificação;Q4;Wallace Rodrigues de Oliveira;07/03/2025;10/03/2025;1
22841405;Teste Funcional;Implantado;PS012 - SIPBS - Processos Online;[Aceite - Doc - Criar parâmetro no online para selecionar opção de conta PJ - Incluir Parâmetro Recursos Provenientes de Conta PJ] - Divergência no tamanho do campo <Propriedade> do item 4.2;SIPBS;Programas Sociais;Certificação;Q3;Elma de Assis Pereira;07/03/2025;16/04/2025;1
22841417;Teste Funcional;Implantado;PS012 - SIPBS - Processos Online;[Aceite - Doc - Criar parâmetro no online para selecionar opção de conta PJ - Incluir Parâmetro Recursos Provenientes de Conta PJ] - Divergência no tamanho do campo <Produto> do item 4.2;SIPBS;Programas Sociais;Certificação;Q3;Elma de Assis Pereira;07/03/2025;16/04/2025;1
22853614;Defeito;Novo;BM003 - BPPMO03 - SIGDU;SIGDU - Erro na mensagem ao incluir grupo de atividade já existente;SIGDU;Box Moradia Plataforma;Certificação;Q3;Rivaldo Mendes Pinto;10/03/2025;;1
22854463;Teste de Regressão;Pronto;LT016 - Refatoração SILCE;silce refatoração - novo ciclo de teste regressivo;SILCE;Loterias e Canais Parceiros;Certificação;Q4;Daniel Vargas;10/03/2025;;1
22854472;Teste Funcional;Pronto;LT016 - Refatoração SILCE;silce refatoração - novo ciclo de testes funcionais referentes ao módulo silce-carrinho-processamento;SILCE;Loterias e Canais Parceiros;Certificação;Q4;Daniel Vargas;10/03/2025;;1
22857592;Defeito;Novo;BM003 - BPPMO03 - SIGDU;SIGDU - Mensagens duplicadas na inclusão de produto no serviço de desenvolvimento urbano;SIGDU;Box Moradia Plataforma;Certificação;Q3;Rivaldo Mendes Pinto;11/03/2025;;1
22859497;Teste Funcional;Aceito;BF036 - Emprestimo com Garantia Imobiliaria  - SIOPI;Divergências entre aplicação e protótipo/DI na tela Lista de Contrato Anterior a Liquidar;SIOPI;Box Moradia PF;Certificação;Q3;Marcos Anderson Almeida Oliveira;11/03/2025;;1
22859508;Teste Funcional;Implantado;DC009 - Squad 4 Sustentação - LCR - NSGD BR;Manter Dados do Cliente - CSU037 - O sistema não permite incluir Dados do Cliente após realizar exclusão;SILCR;Depósitos e Captação;Certificação;Q3;Luize Maria Correia Torres;11/03/2025;14/04/2025;1
22860959;Teste de Regressão;Implantado;FP046 - SICVR;SICVR - DEFEITO - TQS - Teste Regressão - Regra para Controle de Acesso_CVR_OPERADOR_CN_CECOQ;SICVR;Financeiro e Controladoria;Certificação;Q3;Liomar Rodrigues Costa;11/03/2025;30/04/2025;1
22864310;Teste Funcional;Novo;;"Falhando o Caso de Teste ""CT_CERTIF_FB_Validar_Informacoes_Encerramento_Contas_SINDA""";SIDEO;Depósitos e Captação;Certificação;Q4;Marcio Wilson Galante;12/03/2025;;1
22867035;Teste Funcional;Implantado;BF036 - Emprestimo com Garantia Imobiliaria  - SIOPI;"Falhando o Caso de Teste ""CT001.050_UC_176_Autoriza contratação quando valor da avaliação do imóvel maior que o valor da garantia do contrato original""";SIOPI;Box Moradia PF;Certificação;Q3;Arthur Henrique Santana dos Santos;12/03/2025;14/03/2025;1
22870160;Teste Funcional;Implantado;BF036 - Emprestimo com Garantia Imobiliaria  - SIOPI;"Falhando o Caso de Teste ""CT006.001_UC_2479_Recupera saldo devedor e Simula Operacao Imobiliaria - Prazo Maximo Financiamento""";SIOPI;Box Moradia PF;Certificação;Q3;Elmar Cesar Borges;13/03/2025;14/03/2025;1
22871198;Teste Funcional;Aceito;BF005 - Nato-Digital e OpenHab;"Falhando o Caso de Teste ""CT068.001_UC_2163_Proposta de operação imobiliária na internet inexistente ao Consultar Validação para canal parceiro""";SIOPI;Box Moradia PF;Certificação;Q3;Marcos Anderson Almeida Oliveira;13/03/2025;;1
22875462;Teste Funcional;Novo;;"Falhando o Caso de Teste ""CT_CERTIF_FA1_Alterar_Mensagem""";SIDEO;Depósitos e Captação;Certificação;Q4;Marcio Wilson Galante;14/03/2025;;1
22875586;Teste Funcional;Novo;DC009 - Squad 4 Sustentação - LCR - NSGD BR;Recuperação de Crédito - O sistema não exibe valor de Entrada de contrato com parcelamento ativo;SILCR;Depósitos e Captação;Certificação;Q3;Luize Maria Correia Torres;14/03/2025;;1
22875587;Defeito;Novo;BM003 - BPPMO03 - SIGDU;SIGDU - Alteração na descrição de um produto já existente com descrição igual a outro já existente;SIGDU;Box Moradia Plataforma;Certificação;Q3;Rivaldo Mendes Pinto;14/03/2025;;1
22876710;Teste Funcional;Novo;;Sistema está exigindo o preenchimento do campo declaraIrpf quando o participante é vendedor S008.041 e S008.044;SIOPI;Box Moradia PF;Certificação;Q3;Zelia Caroline Silva dos Santos;14/03/2025;;1
22877108;Teste Funcional;Aceito;BF005 - Nato-Digital e OpenHab;"Falhando o Caso de Teste ""CT081.001_UC_2163_CPF do Cônjuge informado ao Tratar Participante não casado para Validar Operação Imobiliária na Internet (PARTICIPANTES) para Canal Parceiro""";SIOPI;Box Moradia PF;Certificação;Q3;Marcos Anderson Almeida Oliveira;14/03/2025;;1
22877378;Teste Funcional;Aceito;BF005 - Nato-Digital e OpenHab;"Falhando o Caso de Teste ""CT072.001_UC_2163_Proposta de operação imobiliária na internet com validação válida ao Consultar Validação para Canal Parceiro""";SIOPI;Box Moradia PF;Certificação;Q3;Marcos Anderson Almeida Oliveira;14/03/2025;;1
22885095;Teste de Regressão;Implantado;CR010 - SISGH Gestão de Honras;[GEQTI] Defeito - Erro ao executar o arquivo SIEMP;SISGH;Crédito Comercial e Agronegócio;Certificação;Q3;Jose Rudson Barbosa Vieira;16/03/2025;17/03/2025;1
22887839;Teste de Regressão;Implantado;CR010 - SISGH Gestão de Honras;[GEQTI] Defeito - Ao executar o RET 2 o sistema apresentou SQL Error: 904, SQLState: 42000.;SISGH;Crédito Comercial e Agronegócio;Certificação;Q3;Jose Rudson Barbosa Vieira;17/03/2025;26/03/2025;1
22888133;Teste Funcional;Implantado;LT010 - Loterias Canais Eletrônicos (site);Erro no cadastro de novo usuário no campo CEP no Portal do Apostador em HMP;SILCE;Loterias e Canais Parceiros;Certificação;Q4;Luiz Guilherme de Barros Costa;17/03/2025;21/03/2025;1
22889656;Teste Funcional;Aceito;BF005 - Nato-Digital e OpenHab;Sistema exige o preenchimento do campo email para os serviços S008.041 e S008.044 quando deveria ser um campo opcional;SIOPI;Box Moradia PF;Certificação;Q3;Zelia Caroline Silva dos Santos;17/03/2025;;1
22889670;Defeito;Novo;BF006 - GOVERNANCA - SIOPI;BEMCC07 - Defeito - Unidade Movimento - Reavaliação de Unidades - RESIDENCIAL SUBLIME MOD I;SIOPI;Box Moradia PF;Certificação;Q3;Raquel dos Santos Rambo;17/03/2025;;1
22889872;Teste Funcional;Preparado;PE017 - Novo SOU CAIXA;[CEGTI] - Android - SIGMP - QLD - Aniversariante - Aniversariante do mês não é exibido;SIGMP;Pessoas;Certificação;Q1;Fernando Rodrigues;17/03/2025;;1
22890467;Teste Funcional;Implantado;PS012 - SIPBS - Processos Online;[Aceite - Doc - Devolução - Relatório Sintético - visualização online - Emitir Relatório de Processamento de Devolução de Parcelas] - Caminho do menu divergente do sistema;SIPBS;Programas Sociais;Certificação;Q3;Elma de Assis Pereira;17/03/2025;15/04/2025;1
22891100;Teste Funcional;Implantado;PS012 - SIPBS - Processos Online;[Aceite - Doc - Devolução - Relatório Sintético - visualização online - Emitir Relatório de Processamento de Devolução de Parcelas] - Mensagem para quando não houver dados divergente;SIPBS;Programas Sociais;Certificação;Q3;Elma de Assis Pereira;17/03/2025;15/04/2025;1
22894711;Teste Funcional;Implantado;BF006 - GOVERNANCA - SIOPI;"Falhando o Caso de Teste ""CT109.002_UC_067_Criar Pós-Contratação da proposta com situação que não permite a operação - Cancelada""";SIOPI;Box Moradia PF;Certificação;Q3;Bruno Henrique Silva de Jesus;18/03/2025;19/03/2025;1
22896416;Teste Funcional;Implantado;BF006 - GOVERNANCA - SIOPI;"Falhando o Caso de Teste ""CT003.002_UC_2483_Consultar pós-contratação pelo CPF""";SIOPI;Box Moradia PF;Certificação;Q3;Bruno Henrique Silva de Jesus;18/03/2025;19/03/2025;1
22896450;Teste de Regressão;Implantado;CD003 - Cadastro de Clientes SICLI API;[GEQTI] - SICLI - Defeito - Teste de Regressão (Inclusão_Cliente_PF) - Erro ao consultar dados no SIICO 524;SICLI;Clientes;Certificação;Q2;Eduardo Pirozzolo Pinto;18/03/2025;27/03/2025;1
22897625;Teste Funcional;Novo;;[GESQI] - Testes Funcionais: HU 22635357 - Antecipação Saque Aniversario FGTS_Desktop;SINBC;Box Relacionamento Digital;Certificação;Q2;Marilene da Silva Moura;18/03/2025;;1
22897923;Defeito;Pronto;LT016 - Refatoração SILCE;Erro no retorno da API Silce Parametros - valorEstimativaEspecialManual;SILCE;Loterias e Canais Parceiros;Certificação;Q4;Eduardo Camilo da Silva;18/03/2025;;1
22901143;Teste Funcional;Implantado;CR010 - SISGH Gestão de Honras;[GEQTI] Defeito - Erro de comunicação não identificado na tela de transferências efetivadas.;SISGH;Crédito Comercial e Agronegócio;Certificação;Q3;Jose Rudson Barbosa Vieira;19/03/2025;26/03/2025;1
22901282;Teste Funcional;Implantado;CR010 - SISGH Gestão de Honras;[GEQTI] Defeito - Ao acessar a tela de remessa pendente de movimentação financeira o sistema apresentou Erro de comunicação não identificado.;SISGH;Crédito Comercial e Agronegócio;Certificação;Q3;Jose Rudson Barbosa Vieira;19/03/2025;26/03/2025;1
22901468;Teste Funcional;Aceito;BF006 - GOVERNANCA - SIOPI;"Falhando o Caso de Teste ""CT002.012_UC_2279_Registra dados da operação de produto com Sistema financeiro SFN e Tipo de Modalidade Melhorias habitacionais""";SIOPI;Box Moradia PF;Certificação;Q3;Samuel Estevao de Farias Alves;19/03/2025;;1
22901893;Teste Funcional;Aceito;BF006 - GOVERNANCA - SIOPI;"Falhando o Caso de Teste ""CT037.003_UC_1951_Detalha condição checklist - Incluir pergunta 5 e 6 do Tipo Associação OPERAÇÃO""";SIOPI;Box Moradia PF;Certificação;Q3;Samuel Estevao de Farias Alves;19/03/2025;;1
22903868;Teste Funcional;Aceito;BF006 - GOVERNANCA - SIOPI;"Falhando o Caso de Teste ""CT018.001_UC_2248_Consulta proposta individual vinculada com Sistema Financeiro igual a SFN""";SIOPI;Box Moradia PF;Certificação;Q3;Samuel Estevao de Farias Alves;19/03/2025;;1
22904026;Teste Funcional;Implantado;CR010 - SISGH Gestão de Honras;[GEQTI] Defeito - Ao acessar o SISGH em DES o ambiente apresentou Erro de comunicação não identificado.;SISGH;Crédito Comercial e Agronegócio;Certificação;Q3;Jose Rudson Barbosa Vieira;19/03/2025;26/03/2025;1
22904080;Defeito;Novo;PS012 - SIPBS - Processos Online;Defeito - Relatório de Processamento de Item tarifário;SIPBS;Programas Sociais;Certificação;Q3;Keilla Cristinna Pereira Gomes;19/03/2025;;1
22904258;Teste Funcional;Novo;;[GESQI] - Testes Funcionais: HU 22635357 - Antecipação Saque Aniversario FGTS_Mobile;SINBC;Box Relacionamento Digital;Certificação;Q2;Marilene da Silva Moura;19/03/2025;;1
22906692;Teste de Regressão;Novo;DD025 - CRM - Sistemas de CRM - RMC e Visão Clientes;SIRMC -  Módulo Ted-PIX - Botão Atender Cliente;SIRMC;Box Dados, CRM e Marketing Digital;Certificação;Q1;Noeli da Fonseca Pereira Fernandes;20/03/2025;;1
22906833;Defeito;Pronto;LT016 - Refatoração SILCE;Defeito - Recarregamento em loop;SILCE;Loterias e Canais Parceiros;Certificação;Q4;Eduardo Camilo da Silva;20/03/2025;;1
22907916;Teste Funcional;Aceito;BF006 - GOVERNANCA - SIOPI;"Falhando o Caso de Teste ""CT043.008_UC_2299_Inclui pergunta 6 do checklist para o momento Termos da Proposta em termo do Tipo Associação PESSOA""";SIOPI;Box Moradia PF;Certificação;Q3;Samuel Estevao de Farias Alves;20/03/2025;;1
22908000;Teste Funcional;Implantado;BF006 - GOVERNANCA - SIOPI;"Falhando o Caso de Teste ""CT010.001_UC_2483_Detalhar_Pós_Contratação""";SIOPI;Box Moradia PF;Certificação;Q3;Vanessa Vieira dos Santos;20/03/2025;20/03/2025;1
22908476;Teste Funcional;Implantado;CR010 - SISGH Gestão de Honras;[GEQTI] Defeito - Abend DES_SGH_PROCRED360_RET2;SISGH;Crédito Comercial e Agronegócio;Certificação;Q3;Diovany Pereira de Moura;20/03/2025;26/03/2025;1
22908605;Defeito;Pronto;LT016 - Refatoração SILCE;(N/I) Defeito - Exibição prognostico Time do Coração - usuário deslogado/logado;SILCE;Loterias e Canais Parceiros;Certificação;Q4;Eduardo Camilo da Silva;20/03/2025;;1
22909446;Teste Funcional;Aceito;BF006 - GOVERNANCA - SIOPI;"Falhando o Caso de Teste ""CT008.006_UC_2419_Reavalia unidade habitacional em empreendimento com sucesso""";SIOPI;Box Moradia PF;Certificação;Q3;Marcos Anderson Almeida Oliveira;20/03/2025;;1
22913080;Teste de Regressão;Implantado;CR034 - SICCR PJ;"Falhando o Caso de Teste ""CTA_CERTIF_Solicitar_Analise_Operacao_FBFA2_Simular_Concessao_de_Credito_PJ_7615""";SICCR;Crédito Comercial e Agronegócio;Certificação;Q3;Samuel Mozarth da Silva Soares;21/03/2025;23/04/2025;1
22913190;Teste Funcional;Implantado;CR006 - SICCR PF - Consignado;"Falhando o Caso de Teste ""CT_QLD_INSS_Efetivar_Contratacao_Com_Seguro_Parcial"" ao executar o Registro de Execução de Teste ""CT_QLD_INSS_Efetivar_Contratacao_Com_Seguro_Parcial_(7)""";SICCR;Crédito Comercial e Agronegócio;Certificação;Q3;Luiz Fernando Silva Lopes;21/03/2025;26/03/2025;1
22913311;Teste de Regressão;Implantado;CR034 - SICCR PJ;"Falhando o Caso de Teste ""CTA_CERTIF_Solicitar_Risco_Operacao_FB_Iniciar_Tarefa_Risco_da_Operacao_PJ_7615""";SICCR;Crédito Comercial e Agronegócio;Certificação;Q3;Samuel Mozarth da Silva Soares;21/03/2025;23/04/2025;1
22913968;Defeito;Em Desenvolvimento;BF006 - GOVERNANCA - SIOPI;BEMPF15 - OD - Defeito - Upload de documentos - Etapa 5;SIOPI;Box Moradia PF;Certificação;Q3;Lena Xavier de Souza;21/03/2025;;1
22914344;Teste Funcional;Implantado;PS012 - SIPBS - Processos Online;[Aceite - Doc - Devolução - Relatório Sintético - visualização online - Exportar Relatório de Processamento de Devolução de Parcelas] - Caminho do menu divergente do sistema;SIPBS;Programas Sociais;Certificação;Q3;Elma de Assis Pereira;21/03/2025;16/04/2025;1
22914742;Teste de Regressão;Pronto;BF036 - Emprestimo com Garantia Imobiliaria  - SIOPI;DEFEITO - CERTIFICAÇÃO - Simulador Caixa - Tipo Financiamento;SIOPI;Box Moradia PF;Certificação;Q3;Emerson Santos Pereira;21/03/2025;;1
22914772;Teste de Regressão;Pronto;BF036 - Emprestimo com Garantia Imobiliaria  - SIOPI;DEFEITO - CERTIFICAÇÃO - Fluxo Empreendimento - Incluir Proposta PJ com erro;SIOPI;Box Moradia PF;Certificação;Q3;Emerson Santos Pereira;21/03/2025;;1
22915230;Teste Funcional;Aceito;BF006 - GOVERNANCA - SIOPI;"Falhando o Caso de Teste ""CT037.003_UC_1951_Detalha condição checklist - Incluir pergunta 5 e 6 do Tipo Associação OPERAÇÃO""";SIOPI;Box Moradia PF;Certificação;Q3;Samuel Estevao de Farias Alves;21/03/2025;;1
22915785;Defeito;Pronto;LT016 - Refatoração SILCE;Defeito - Sistema não realiza compras - Não realiza pagamentos;SILCE;Loterias e Canais Parceiros;Certificação;Q4;Eduardo Camilo da Silva;21/03/2025;;1
22915820;Teste Funcional;Implementado;PS012 - SIPBS - Processos Online;[Aceite - Cód - Devolução - Relatório Sintético - visualização online - Exportar Relatório de Processamento de Devolução de Parcelas] - Nome do relatório cortado na aba;SIPBS;Programas Sociais;Certificação;Q3;Elma de Assis Pereira;21/03/2025;;1
22915931;Teste de Regressão;Implantado;FP046 - SICVR;SICVR - TQS - Erro - JAVA - Sistema sem crítica no campo Data fim de Vigência ao informar somente o ano.;SICVR;Financeiro e Controladoria;Certificação;Q3;Liomar Rodrigues Costa;21/03/2025;30/04/2025;1
22916315;Defeito;Em Refinamento;BR040 - Internet Banking 3;Defeito - Homologação - Cesta PF  - 21116112: Épico - NSGD - IBC x NSGD x SICET - Cesta de Serviços - Consulta e Altera Conta Desconto - Desktop e Mobile;SINBC;Box Relacionamento Digital;Certificação;Q2;Monica Suely de Assuncao Sousa;21/03/2025;;1
22918318;Teste Funcional;Aceito;BF006 - GOVERNANCA - SIOPI;Sistema não apresenta msg MN2074 ao substituir documento com data de validade anterior;SIOPI;Box Moradia PF;Certificação;Q3;Zelia Caroline Silva dos Santos;22/03/2025;;1
22925534;Teste de Regressão;Implantado;CR010 - SISGH Gestão de Honras;[GEQTI] Defeito - Abend SGH_CARGA_SIEMP;SISGH;Crédito Comercial e Agronegócio;Certificação;Q3;Diovany Pereira de Moura;24/03/2025;24/03/2025;1
22926897;Teste Funcional;Aceito;BF006 - GOVERNANCA - SIOPI;"Falhando o Caso de Teste ""CT005.011_UC_067_Detalha dados da proposta individual Pronta p/ Emitir Instr. Contratual de Sistema de administração igual a “Sem administração”""";SIOPI;Box Moradia PF;Certificação;Q3;Tiago Vasques Guimaraes;24/03/2025;;1
22927180;Teste Funcional;Implantado;DC009 - Squad 4 Sustentação - LCR - NSGD BR;Manter Dados do Cliente - CSU037 - Incluir Endereço - Erro de ortografia na Mensagem campo Correspondência;SILCR;Depósitos e Captação;Certificação;Q3;Luize Maria Correia Torres;24/03/2025;31/03/2025;1
22927491;Teste de Regressão;Pronto;CD003 - Cadastro de Clientes SICLI API;[GEQTI] - SICLI - Defeito - Teste de Regressão (ERRO 503) API V3 PF;SICLI;Clientes;Certificação;Q2;Eduardo Pirozzolo Pinto;24/03/2025;;1
22927558;Teste de Regressão;Pronto;CD003 - Cadastro de Clientes SICLI API;[GEQTI] - SICLI - Defeito - Teste de Regressão (ERRO 503) API V3 PJ;SICLI;Clientes;Certificação;Q2;Eduardo Pirozzolo Pinto;24/03/2025;;1
22927662;Teste Funcional;Implantado;DC009 - Squad 4 Sustentação - LCR - NSGD BR;Manter Dados do Cliente - CSU037 - Incluir Endereço - Mensagem não especificada para o campo Data de Início e CEP;SILCR;Depósitos e Captação;Certificação;Q3;Luize Maria Correia Torres;24/03/2025;31/03/2025;1
22928143;Teste de Regressão;Pronto;BF036 - Emprestimo com Garantia Imobiliaria  - SIOPI;DEFEITO - CERTIFICAÇÃO - Proposta Intranet - Checklist de Documentos;SIOPI;Box Moradia PF;Certificação;Q3;Emerson Santos Pereira;24/03/2025;;1
22928772;Defeito;Em Desenvolvimento;PE018 - Auto-Gestão Saúde;PORTAL SIAGS - Atualização para release 2.0.42;SIAGS;Pessoas;Certificação;Q1;Wesley Vargas Sampaio;24/03/2025;;1
22930610;Teste de Regressão;Novo;;[GEQTI] - SICLI - Defeito - Teste de Regressão (ERRO 503-250325);SICLI;Clientes;Certificação;Q2;Eduardo Pirozzolo Pinto;25/03/2025;;1
22930945;Teste Funcional;Implantado;CR010 - SISGH Gestão de Honras;[GESQI] Defeito - Após solicitar honras do FGI o sistema não está diminuindo a quantidade total.;SISGH;Crédito Comercial e Agronegócio;Certificação;Q3;Jose Rudson Barbosa Vieira;25/03/2025;03/04/2025;1
22931045;Teste Funcional;Implantado;CR010 - SISGH Gestão de Honras;[GESQI] Defeito - Sistema está permitindo solicitar para o FGI sem finalizar o processo de solicitação de honra.;SISGH;Crédito Comercial e Agronegócio;Certificação;Q3;Jose Rudson Barbosa Vieira;25/03/2025;02/04/2025;1
22931258;Teste Funcional;Pronto;PS012 - SIPBS - Processos Online;[Aceite - Código - Exportar Parcelas do Beneficiario_CPF] - Código do Conveniado é apresentado no arquivo mas não consta no sistema;SIPBS;Programas Sociais;Certificação;Q3;Giselle Barbosa da Silva;25/03/2025;;1
22931387;Teste Funcional;Pronto;PS012 - SIPBS - Processos Online;[Aceite - Código - Exportar Parcelas do Beneficiario_Plataforma Social] - NSU divergente no arquivo;SIPBS;Programas Sociais;Certificação;Q3;Giselle Barbosa da Silva;25/03/2025;;1
22932255;Teste Funcional;Preparado;BF006 - GOVERNANCA - SIOPI;"Falhando o Caso de Teste ""CT005.001_UC_2066_Envia arquivo geral de avaliação de imóvel""";SIOPI;Box Moradia PF;Certificação;Q3;Vanessa Vieira dos Santos;25/03/2025;;1
22933138;Defeito;Novo;;[GEQTI] - SINBC - Cartão de Débito - Pacote 09.00.22;SINBC;Box Conta Digital;Certificação;Q2;Fabiana Aparecida da Silva;25/03/2025;;1
22933157;Teste Funcional;Implantado;CR010 - SISGH Gestão de Honras;[GEQTI] Defeito - Ao tentar solicitar honra para o SIM DIGITAL o sistema apresentou erro interno do servidor.;SISGH;Crédito Comercial e Agronegócio;Certificação;Q3;Jose Rudson Barbosa Vieira;25/03/2025;26/03/2025;1
22933483;Defeito;Novo;BM003 - BPPMO03 - SIGDU;SIGDU - Na associação de unidade demandante ao serviço de desenvolvimento urbano não associa todas selecionadas.;SIGDU;Box Moradia Plataforma;Certificação;Q3;Rivaldo Mendes Pinto;25/03/2025;;1
22933528;Teste Funcional;Novo;;[GESQI] - Testes Funcionais: HU 22635357 - Antecipação Saque Aniversario FGTS_Desktop;SINBC;Box Conta Digital;Certificação;Q2;Marilene da Silva Moura;25/03/2025;;1
22933632;Teste Funcional;Novo;;[GESQI] - Testes Funcionais: HU 22635357 - Antecipação Saque Aniversario FGTS_Mobile;SINBC;Box Conta Digital;Certificação;Q2;Marilene da Silva Moura;25/03/2025;;1
22933691;Teste Funcional;Implementado;LT016 - Refatoração SILCE;silce refatoração - teste fluxo silce-carrinho-processamento;SILCE;Loterias e Canais Parceiros;Certificação;Q4;Daniel Vargas;25/03/2025;;1
22933769;Teste Funcional;Novo;;Não está especificando o tipo de aplicação financeira, quando há duas aplicações distintas;SILCR;Depósitos e Captação;Certificação;Q3;Adriana Abrantes Alexandre;25/03/2025;;1
22934012;Defeito;Novo;;[GEQTI] - SINBC - Cartão de Crédito Adicional - Pacote 09.00.22;SINBC;Box Conta Digital;Certificação;Q2;Fabiana Aparecida da Silva;25/03/2025;;1
22934068;Teste Funcional;Novo;;Não está Detalhando no campo Histórico em manutenção do contrato que houve contratação de aplicação financeira;SILCR;Depósitos e Captação;Certificação;Q3;Adriana Abrantes Alexandre;25/03/2025;;1
22934267;Teste Funcional;Novo;;Ao consultar conta com contratação de mais uma aplicação aparece a mensagem: ERRO DE ACESSO AO BANCO DE DADOS;SILCR;Depósitos e Captação;Certificação;Q3;Adriana Abrantes Alexandre;25/03/2025;;1
22934656;Teste Funcional;Implantado;CR010 - SISGH Gestão de Honras;[GEQTI] Defeito - Contratos não foram migrados para a tela de recuperação.;SISGH;Crédito Comercial e Agronegócio;Certificação;Q3;Jose Rudson Barbosa Vieira;25/03/2025;27/03/2025;1
22934856;Teste Funcional;Pronto;PS012 - SIPBS - Processos Online;[Aceite - Código - FB_Exportar Parcelas do Beneficiario_Credito Conta] - Parcela paga Credito Conta apresentando no arquivo Código do Conveniado e NSU;SIPBS;Programas Sociais;Certificação;Q3;Giselle Barbosa da Silva;25/03/2025;;1
22937272;Defeito;Pronto;LT016 - Refatoração SILCE;"Defeito - Detalhamento de cotas de bolão para modalidades que possuem ""sub-prognósticos""";SILCE;Loterias e Canais Parceiros;Certificação;Q4;Eduardo Camilo da Silva;26/03/2025;;1
22937385;Teste Funcional;Implantado;DC009 - Squad 4 Sustentação - LCR - NSGD BR;Manter Dados do Cliente - CSU037 - Alterar Renda - Quando o cursor está posicionado sobre a opção não exibe a mensagem de hint [MH0102].;SILCR;Depósitos e Captação;Certificação;Q3;Luize Maria Correia Torres;26/03/2025;14/04/2025;1
22937500;Teste Funcional;Novo;CR010 - SISGH Gestão de Honras;[GESQI] Defeito - No menu importação ao clicar no programa FGI o sistema não abre a tela  de importações do FGI;SISGH;Crédito Comercial e Agronegócio;Certificação;Q3;Jose Rudson Barbosa Vieira;26/03/2025;;1
22937528;Defeito;Pronto;LT016 - Refatoração SILCE;Defeito - A funcionalidade de filtrar por modalidades de bolão não está funcionando;SILCE;Loterias e Canais Parceiros;Certificação;Q4;Eduardo Camilo da Silva;26/03/2025;;1
22938387;Teste Funcional;Pronto;PS012 - SIPBS - Processos Online;"[Automação - Cód - Crítica para os campos obrigatórios no parâmetro do produto social - Alterar Parâmetro Interface de Pagamento] - Não apresenta o ícone de alerta para a seção ""Interface de Pagamento""";SIPBS;Programas Sociais;Certificação;Q3;Elma de Assis Pereira;26/03/2025;;1
22939523;Defeito;Pronto;LT016 - Refatoração SILCE;Defeito - Erro ao acessar Dúvidas;SILCE;Loterias e Canais Parceiros;Certificação;Q4;Eduardo Camilo da Silva;26/03/2025;;1
22939745;Teste Funcional;Implantado;CR010 - SISGH Gestão de Honras;[GEQTI] Defeito - Detalhamento dos contratos não são apresentados na geração de eventos contábeis;SISGH;Crédito Comercial e Agronegócio;Certificação;Q3;Diovany Pereira de Moura;26/03/2025;26/03/2025;1
22939980;Teste de Regressão;Pronto;BF036 - Emprestimo com Garantia Imobiliaria  - SIOPI;DEFEITO - CERTIFICAÇÃO - Erro na Reserva Orçamentária;SIOPI;Box Moradia PF;Certificação;Q3;Emerson Santos Pereira;26/03/2025;;1
22940177;Teste Funcional;Novo;ES003 - Gestão de Limites;"Falhando o Caso de Teste ""CTM_CERTIF_Realização de pré cadastro de conta Pix Apenas Uma Vez no GCX"" ao executar o Registro de Execução de Teste ""CT_CERTIF_Pré-Cadastro acima do limite no GCX(Carência 24h)""";SIGLM;Estruturantes de TI;Certificação;Q2;Gustavo Rodrigues de Souza;26/03/2025;;1
22940832;Teste Funcional;Preparado;LT001 - Loterias Canais Digitais (Mobile);Defeito - SIMLO - Funcional [iOS] - Sprint 111 - Versão 1.18.0 - Resgate de Prêmios com Pix (Alteração de tela Minhas Apostas);SIMLO;Loterias e Canais Parceiros;Certificação;Q4;Everson Jose de Souza Holanda;26/03/2025;;1
22940874;Teste Funcional;Novo;;Falha ao gerar Tarifa de Contratação PJ;SILCR;Depósitos e Captação;Certificação;Q3;Adriana Abrantes Alexandre;26/03/2025;;1
22940930;Teste de Regressão;Novo;;"Falhando o Caso de Teste ""CTA_CERTIF_Solicitar_Analise_Operacao_FB_Consultar_Cliente_PJ_7615"" ao executar o Registro de Execução de Teste ""CTA_CERTIF_Solicitar_Analise_Operacao_FB_Consultar_Cliente_PJ_7615_(1)""";SICCR;Crédito Comercial e Agronegócio;Certificação;Q3;Samuel Mozarth da Silva Soares;26/03/2025;;1
22943462;Teste Funcional;Implantado;CR010 - SISGH Gestão de Honras;[GEQTI] Defeito - Contrato 1686889 não está sendo apresentado na tela de honras ressarcidas.;SISGH;Crédito Comercial e Agronegócio;Certificação;Q3;Jose Rudson Barbosa Vieira;27/03/2025;27/03/2025;1
22945030;Teste Funcional;Preparado;PE017 - Novo SOU CAIXA;[CEGTI] - iOS - SIGMP - QLD - Calendário Afastamento;SIGMP;Pessoas;Certificação;Q1;Naim Ferreira dos Santos;27/03/2025;;1
22945297;Teste Funcional;Pronto;PE017 - Novo SOU CAIXA;[CEQTI] - Android - SIGMP - Acolhe - Sábados e domingos selecionáveis;SIGMP;Pessoas;Certificação;Q1;Fernando Rodrigues;27/03/2025;;1
22945825;Defeito;Pronto;LT016 - Refatoração SILCE;"Defeito - compras ""em processamento""";SILCE;Loterias e Canais Parceiros;Certificação;Q4;Eduardo Camilo da Silva;27/03/2025;;1
22949106;Defeito;Em Refinamento;BR042 - Internet Banking Sustentação;SINBC - GPS COM CÓDIGO DE BARRAS - consulta comprovante está retornando pagamento de concessionária.;SINBC;Box Relacionamento Digital;Certificação;Q2;Anelize da Silva Moraes de Queiroz;28/03/2025;;1
22949257;Defeito;Pronto;LT016 - Refatoração SILCE;Defeito - Menu LOTECA – Ajuste na Fraseologia “Concursos”;SILCE;Loterias e Canais Parceiros;Certificação;Q4;Guilherme da Costa Gomes;28/03/2025;;1
22949267;Defeito;Pronto;LT016 - Refatoração SILCE;Defeito - Menu LOTECA – Layout da Legenda fora do padrão;SILCE;Loterias e Canais Parceiros;Certificação;Q4;Guilherme da Costa Gomes;28/03/2025;;1
22949277;Defeito;Pronto;LT016 - Refatoração SILCE;Defeito - Rodapé – Demais Regiões sem Telefone;SILCE;Loterias e Canais Parceiros;Certificação;Q4;Guilherme da Costa Gomes;28/03/2025;;1
22949441;Teste de Regressão;Novo;;"Falhando o Caso de Teste ""CTA_CERTIF_Solicitar_Risco_Operacao_FBFA2_Solicitar_Avaliacao_Risco_da_Operacao_a_CERIS_PJ_7615""";SICCR;Crédito Comercial e Agronegócio;Certificação;Q3;Samuel Mozarth da Silva Soares;28/03/2025;;1
22949483;Teste de Regressão;Novo;;"Falhando o Caso de Teste ""CTA_CERTIF_Solicitar_Risco_Operacao_FB_Iniciar_Tarefa_Risco_da_Operacao_PJ_7615""";SICCR;Crédito Comercial e Agronegócio;Certificação;Q3;Samuel Mozarth da Silva Soares;28/03/2025;;1
22949509;Teste de Regressão;Novo;;"Falhando o Caso de Teste ""CTA_CERTIF_Solicitar_Risco_Operacao_FBFA2_Solicitar_Avaliacao_Risco_da_Operacao_a_CERIS_PJ_7615""";SICCR;Crédito Comercial e Agronegócio;Certificação;Q3;Samuel Mozarth da Silva Soares;28/03/2025;;1
22950352;Defeito;Novo;;[GEQTI] - SINBC - Cancela Transação Pendente - Pacote 09.00.22;SINBC;Box Conta Digital;Certificação;Q2;Fabiana Aparecida da Silva;28/03/2025;;1
22951379;Defeito;Pronto;BR040 - Internet Banking 3;SINBC - Defeito - Homologação - Pacote 09.00.22- CDC - Renovar - Mobile;SINBC;Box Relacionamento Digital;Certificação;Q2;Monica Suely de Assuncao Sousa;28/03/2025;;1
22951659;Teste Funcional;Implantado;CR010 - SISGH Gestão de Honras;[GESQI] Defeito - Ao solicitar honra para o SIM DIGITAL o sistema gerou erro.;SISGH;Crédito Comercial e Agronegócio;Certificação;Q3;Jose Rudson Barbosa Vieira;28/03/2025;02/04/2025;1
22951961;Teste Funcional;Novo;;[GESQI] - Testes Funcionais: HU 22231034 Contestação por Fraude_Erro ao tentar informar senha de acesso no Desktop;SINBC;Box Conta Digital;Certificação;Q2;Marilene da Silva Moura;28/03/2025;;1
22952478;Teste Funcional;Preparado;PE017 - Novo SOU CAIXA;[CEGTI] - Android - SIGMP - QLD - Home - Extrato PLR - Ao acionar extrato tela de auxilio calamidade é exibida;SIGMP;Pessoas;Certificação;Q1;Fernando Rodrigues;28/03/2025;;1
22952550;Teste Funcional;Novo;;[GESQI] - Testes Funcionais: HU 22231034 Contestação por Fraude_Erro no tooltip da tela de confirmação_Desktop;SINBC;Box Conta Digital;Certificação;Q2;Marilene da Silva Moura;28/03/2025;;1
22963578;Teste Funcional;Implantado;CR010 - SISGH Gestão de Honras;[GESQI] Defeito - Ao solicitar honra para o FGI o sistema apresentou erro.;SISGH;Crédito Comercial e Agronegócio;Certificação;Q3;Jose Rudson Barbosa Vieira;31/03/2025;02/04/2025;1
22963753;Teste Funcional;Implantado;CR010 - SISGH Gestão de Honras;[GESQI] Defeito - Ao clicar em regularizar honras rejeitadas do DESENROLA o sistema apresentou erro.;SISGH;Crédito Comercial e Agronegócio;Certificação;Q3;Jose Rudson Barbosa Vieira;31/03/2025;02/04/2025;1
22963856;Teste Funcional;Implantado;CR010 - SISGH Gestão de Honras;[GESQI] Defeito - Ao clicar em solicitar honra do DESENROLA o sistema apresentou erro.;SISGH;Crédito Comercial e Agronegócio;Certificação;Q3;Jose Rudson Barbosa Vieira;31/03/2025;02/04/2025;1
22968138;Teste Funcional;Pronto;ES003 - Gestão de Limites;"Falhando o Caso de Teste ""CTM_CERTIF_Consulta Log de Transações Cics""";SIGLM;Estruturantes de TI;Certificação;Q2;Edna Franca Tito;01/04/2025;;1
22968171;Teste Funcional;Implantado;BF042 - INOVAÇÃO – SIOPI;Mensagem indevida ao informar Gestor e Número/Ano;SIOPI;Box Moradia PF;Certificação;Q3;Arthur Henrique Santana dos Santos;01/04/2025;30/04/2025;1
22968304;Teste Funcional;Implantado;DC009 - Squad 4 Sustentação - LCR - NSGD BR;Gerar Proposta PF - Serviço - Erro POC68 - Cobol;SILCR;Depósitos e Captação;Certificação;Q3;Luize Maria Correia Torres;01/04/2025;09/04/2025;1
22968318;Defeito;Pronto;LT016 - Refatoração SILCE;Defeito migração não sinaliza aposta espelho da lotomania.;SILCE;Loterias e Canais Parceiros;Certificação;Q4;Eduardo Camilo da Silva;01/04/2025;;1
22968465;Defeito;Pronto;LT016 - Refatoração SILCE;Defeito - Quando existe aposta da Loteca a compra não é concluída;SILCE;Loterias e Canais Parceiros;Certificação;Q4;Eduardo Camilo da Silva;01/04/2025;;1
22968505;Teste Funcional;Implantado;BF042 - INOVAÇÃO – SIOPI;"Mensagem indevida ao informar o campo ""Itens vigentes na data""";SIOPI;Box Moradia PF;Certificação;Q3;Arthur Henrique Santana dos Santos;01/04/2025;30/04/2025;1
22968611;Teste Funcional;Preparado;BF006 - GOVERNANCA - SIOPI;"Falhando o Caso de Teste ""CT005.001_UC_2066_Envia arquivo geral de avaliação de imóvel""";SIOPI;Box Moradia PF;Certificação;Q3;Vanessa Vieira dos Santos;01/04/2025;;1
22968634;Teste Funcional;Implantado;BF042 - INOVAÇÃO – SIOPI;Detalhamento do campo observação não é apresentado.;SIOPI;Box Moradia PF;Certificação;Q3;Arthur Henrique Santana dos Santos;01/04/2025;30/04/2025;1
22968789;Teste Funcional;Implantado;BF042 - INOVAÇÃO – SIOPI;"Falhando o Caso de Teste ""CT005.001_UC_054_Nenhum item selecionado para vincular perfil ao informativo""";SIOPI;Box Moradia PF;Certificação;Q3;Arthur Henrique Santana dos Santos;01/04/2025;30/04/2025;1
22970233;Teste Funcional;Preparado;BF042 - INOVAÇÃO – SIOPI;"Falhando o Caso de Teste ""CT001.001_UC_2453_Consulta e lista documento com sucesso.""";SIOPI;Box Moradia PF;Certificação;Q3;Marcos Anderson Almeida Oliveira;01/04/2025;;1
22970380;Teste Funcional;Preparado;BF042 - INOVAÇÃO – SIOPI;"Falhando o Caso de Teste ""CT006.001_UC_2453_Inclui tipo de documento com sucesso""";SIOPI;Box Moradia PF;Certificação;Q3;Marcos Anderson Almeida Oliveira;01/04/2025;;1
22973755;Teste Funcional;Implantado;CR010 - SISGH Gestão de Honras;[GESQI] Defeito - Ao clicar no botão rejeitar honras do FAMPE o sistema gerou erro.;SISGH;Crédito Comercial e Agronegócio;Certificação;Q3;Jose Rudson Barbosa Vieira;02/04/2025;03/04/2025;1
22973845;Teste Funcional;Novo;CR010 - SISGH Gestão de Honras;[GESQI] Defeito - Após rejeitar honra para o FAMPE, o sistema não está migrando os contratos para a tela de honras rejeitadas.;SISGH;Crédito Comercial e Agronegócio;Certificação;Q3;Jose Rudson Barbosa Vieira;02/04/2025;;1
22975088;Teste de Regressão;Novo;;SISDC - DPVAT - Solicitação Despesa Médica como Representante Legal -  o sistema exibe mensagem de pendência na opção: “Documentos do beneficiário” e não permite continuar no fluxo;SISDC;Fundos de Governo;Certificação;Q1;Daniel Dias Sartorelli;02/04/2025;;1
22975157;Teste de Regressão;Novo;;SISDC - DPVAT - Solicitação Indenização por morte Representante Legal o sistema não permite avançar no fluxo exibe pendência na opção: Documentos do acidente e da Vítima.;SISDC;Fundos de Governo;Certificação;Q1;Daniel Dias Sartorelli;02/04/2025;;1
22975296;Teste Funcional;Preparado;BF042 - INOVAÇÃO – SIOPI;"Falhando o Caso de Teste ""CT007.001_UC_2453_Altera categoria de documento com sucesso""";SIOPI;Box Moradia PF;Certificação;Q3;Marcos Anderson Almeida Oliveira;02/04/2025;;1
22975369;Teste Funcional;Preparado;BF042 - INOVAÇÃO – SIOPI;"Falhando o Caso de Teste ""CT013.001_UC_2453_Exclui tipo de documento com sucesso""";SIOPI;Box Moradia PF;Certificação;Q3;Marcos Anderson Almeida Oliveira;02/04/2025;;1
22975616;Teste Funcional;Preparado;BF042 - INOVAÇÃO – SIOPI;"Falhando o Caso de Teste ""CT008.001_UC_2453_Altera tipo de documento com sucesso""";SIOPI;Box Moradia PF;Certificação;Q3;Marcos Anderson Almeida Oliveira;02/04/2025;;1
22976770;Teste Funcional;Implantado;BF005 - Nato-Digital e OpenHab;"Falhando o Caso de Teste ""CT114.001_UC_1978_Solicitar lista de Itens de produto com item de produto não recuperado e HTTP 204""";SIOPI;Box Moradia PF;Certificação;Q3;Adriano dos Santos Lima;02/04/2025;04/04/2025;1
22976834;Teste Funcional;Implantado;CR010 - SISGH Gestão de Honras;[GESQI] Defeito - Rotina des_sgh_solicita_reenvia_honra está apresentando resultado diferente do esperado.;SISGH;Crédito Comercial e Agronegócio;Certificação;Q3;Jose Rudson Barbosa Vieira;02/04/2025;02/04/2025;1
22977153;Teste Funcional;Em Desenvolvimento;LT010 - Loterias Canais Eletrônicos (site);Defeito acessibilidade- Leitura dos cards;SILCE;Loterias e Canais Parceiros;Certificação;Q4;Fabricia da Silva;02/04/2025;;1
22977507;Teste Funcional;Implantado;CR010 - SISGH Gestão de Honras;[GESQI] Defeito - Ao selecionar o FGI em solicitar honra o sistema gerou erro.;SISGH;Crédito Comercial e Agronegócio;Certificação;Q3;Jose Rudson Barbosa Vieira;02/04/2025;03/04/2025;1
22977577;Teste Funcional;Implantado;CR010 - SISGH Gestão de Honras;[GESQI] Defeito - Erro na quantidade de honras solicitadas do FGI;SISGH;Crédito Comercial e Agronegócio;Certificação;Q3;Jose Rudson Barbosa Vieira;02/04/2025;03/04/2025;1
22977605;Teste Funcional;Implantado;CR010 - SISGH Gestão de Honras;[GESQI] Defeito - Ao acessar a tela de contratos com honras solicitadas do FGI o sistema apresentou erro.;SISGH;Crédito Comercial e Agronegócio;Certificação;Q3;Jose Rudson Barbosa Vieira;02/04/2025;03/04/2025;1
22977896;Teste Funcional;Implantado;BF036 - Emprestimo com Garantia Imobiliaria  - SIOPI;Falha ao tentar incluir informativo, mensagem indevida.;SIOPI;Box Moradia PF;Certificação;Q3;Arthur Henrique Santana dos Santos;02/04/2025;30/04/2025;1
22977926;Teste Funcional;Implantado;BF042 - INOVAÇÃO – SIOPI;"Falhando o Caso de Teste ""CT008.001_UC_054_Altera informativo com sucesso"" ao executar o Registro de Execução de Teste ""CT008.001_UC_054_Altera informativo com sucesso_(2)""";SIOPI;Box Moradia PF;Certificação;Q3;Arthur Henrique Santana dos Santos;02/04/2025;30/04/2025;1
22978180;Teste Funcional;Implantado;BF042 - INOVAÇÃO – SIOPI;"Menu ""INFORMATIVO"" não é apresentado.";SIOPI;Box Moradia PF;Certificação;Q3;Arthur Henrique Santana dos Santos;02/04/2025;30/04/2025;1
22978214;Teste Funcional;Implantado;BF042 - INOVAÇÃO – SIOPI;"Falhando o Caso de Teste ""CT016.001_UC_054_Data início de publicação informada inválida na consulta de informativo""";SIOPI;Box Moradia PF;Certificação;Q3;Arthur Henrique Santana dos Santos;02/04/2025;30/04/2025;1
22978267;Teste Funcional;Implantado;BF042 - INOVAÇÃO – SIOPI;"Falhando o Caso de Teste ""CT019.001_UC_054_Data de término informada anterior à data de início na consulta de informativo""";SIOPI;Box Moradia PF;Certificação;Q3;Arthur Henrique Santana dos Santos;02/04/2025;30/04/2025;1
22979457;Teste Funcional;Implantado;CR010 - SISGH Gestão de Honras;[GESQI] Defeito - Ao selecionar qualquer programa para solicitar honra o sistema está apresentando erro.;SISGH;Crédito Comercial e Agronegócio;Certificação;Q3;Jose Rudson Barbosa Vieira;03/04/2025;03/04/2025;1
22979482;Teste Funcional;Aceito;BF006 - GOVERNANCA - SIOPI;"Falhando o Caso de Teste ""CT004.001_UC_2170_Consultar percentual acumulado mais recente de evolução de obra com Nenhum registro encontrado - sem proposta""";SIOPI;Box Moradia PF;Certificação;Q3;Tiago Vasques Guimaraes;03/04/2025;;1
22979490;Teste Funcional;Implantado;BF042 - INOVAÇÃO – SIOPI;"Falhando o Caso de Teste ""CT027.001_UC_054_Tamanho do arquivo inválido na inclusão de informativo""";SIOPI;Box Moradia PF;Certificação;Q3;Arthur Henrique Santana dos Santos;03/04/2025;30/04/2025;1
22979593;Teste Funcional;Implantado;BF042 - INOVAÇÃO – SIOPI;"Falhando o Caso de Teste ""CT028.001_UC_054_Informativo idêntico informado na inclusão de informativo""";SIOPI;Box Moradia PF;Certificação;Q3;Arthur Henrique Santana dos Santos;03/04/2025;30/04/2025;1
22979792;Teste Funcional;Preparado;PE017 - Novo SOU CAIXA;[CEGTI] - iOS - SIGMP - QLD - Auxílios;SIGMP;Pessoas;Certificação;Q1;Naim Ferreira dos Santos;03/04/2025;;1
22979805;Teste Funcional;Aceito;CI020 - NOVO RENDA FIXA (SIIFX SQ-IPE);[CEGTI] - KEEGGO - SIIFX - Defeito (DES) - Serviço Consulta da posição da operação de Renda Fixa Bancária por investmentId com retorno 500;SIIFX;Câmbio, Investimentos e Mercado de Capitais;Certificação;Q3;Jhonatan Jose da Silva;03/04/2025;;1
22980159;Defeito;Pronto;LT016 - Refatoração SILCE;Defeito - Erro de nulltoken expirado null;SILCE;Loterias e Canais Parceiros;Certificação;Q4;Guilherme da Costa Gomes;03/04/2025;;1
22980591;Teste Funcional;Novo;;Falhando o Caso de Teste ao Adicionar Garantia a Analise de operação BNDES;SICCR;Crédito Comercial e Agronegócio;Certificação;Q3;Samuel Mozarth da Silva Soares;03/04/2025;;1
22981319;Teste Funcional;Novo;DC009 - Squad 4 Sustentação - LCR - NSGD BR;Contratação PF - CSU044 - Conformidade - o sistema está permitindo Limite Efetivo sem Parecer de Conformidade;SILCR;Depósitos e Captação;Certificação;Q3;Luize Maria Correia Torres;03/04/2025;;1
22983113;Teste Funcional;Implantado;CR010 - SISGH Gestão de Honras;[GESQI] Defeito - Botão de reenviar honras continua desabilitado mesmo após executar a rotina de processamento.;SISGH;Crédito Comercial e Agronegócio;Certificação;Q3;Jose Rudson Barbosa Vieira;03/04/2025;03/04/2025;1
22983345;Defeito;Implementado;LT010 - Loterias Canais Eletrônicos (site);Defeito - Nota tela do MKP APÓS encerramento da captação não apresentou a estimativa do concurso 6971 normal 6972 da Quina;SILCE;Loterias e Canais Parceiros;Certificação;Q4;Luiz Guilherme de Barros Costa;03/04/2025;;1
22988360;Teste de Regressão;Novo;;"Falhando o Caso de Teste ""CTA_CERTIF_Solicitar_Risco_Operacao_FBFA2_Solicitar_Avaliacao_Risco_da_Operacao_a_CERIS_PJ_7615""";SICCR;Crédito Comercial e Agronegócio;Certificação;Q3;Samuel Mozarth da Silva Soares;04/04/2025;;1
22988462;Teste de Regressão;Novo;;"Falhando o Caso de Teste ""CTA_CERTIF_Solicitar_Analise_Operacao_FBFA2_Simular_Concessao_de_Credito_PJ_7615""";SICCR;Crédito Comercial e Agronegócio;Certificação;Q3;Samuel Mozarth da Silva Soares;04/04/2025;;1
22988490;Teste de Regressão;Novo;;"Falhando o Caso de Teste ""CTA_CERTIF_Solicitar_Analise_Operação_FBFA3_Concluir_Tarefa_Risco_Operacao_PJ_7615"" ao executar o Registro de Execução de Teste ""CTA_CERTIF_Solicitar_Analise_Operação_FBFA3_Concluir_Tarefa_Risco_Operação_Operacao_7615""";SICCR;Crédito Comercial e Agronegócio;Certificação;Q3;Samuel Mozarth da Silva Soares;04/04/2025;;1
23007404;Teste de Regressão;Novo;;"Falhando o Caso de Teste ""CTA_CERTIF_Solicitar_Risco_Operacao_FB_Iniciar_Tarefa_Risco_da_Operacao_PJ_7615""";SICCR;Crédito Comercial e Agronegócio;Certificação;Q3;Samuel Mozarth da Silva Soares;07/04/2025;;1
23007731;Teste de Regressão;Novo;;"Falhando o Caso de Teste ""CTA_CERTIF_Realizar_Tarefa_Alcada_FB_Iniciar_Tarefa_Alcada_Operacao__PJ_7615"" ao executar o Registro de Execução de Teste ""CTA_CERTIF_Realizar_Tarefa_Alcada_FB_Iniciar_Tarefa_Alcada_Operacao_7615""";SICCR;Crédito Comercial e Agronegócio;Certificação;Q3;Samuel Mozarth da Silva Soares;07/04/2025;;1
23007845;Teste de Regressão;Implantado;CR010 - SISGH Gestão de Honras;[GEQTI] Defeito - Abend SGH_CARGA_SIEMP;SISGH;Crédito Comercial e Agronegócio;Certificação;Q3;Diovany Pereira de Moura;07/04/2025;07/04/2025;1
23008600;Teste de Regressão;Novo;;"Falhando o Caso de Teste ""CTA_CERTIF_Solicitar_Risco_Operacao_FBFA2_Solicitar_Avaliacao_Risco_da_Operacao_a_CERIS_PJ_7615""";SICCR;Crédito Comercial e Agronegócio;Certificação;Q3;Samuel Mozarth da Silva Soares;07/04/2025;;1
23010390;Teste Funcional;Implantado;LT001 - Loterias Canais Digitais (Mobile);SIMLO - Testes Funcional [ANDROID]- Versão 1.17.1 - O Filtro default está sendo apresentado de forma incorreta, apresentando 15 dias;SIMLO;Loterias e Canais Parceiros;Certificação;Q4;Johnathan Lemes Ferreira;07/04/2025;08/04/2025;1
23010847;Teste Funcional;Novo;LT001 - Loterias Canais Digitais (Mobile);SIMLO - Testes Funcional [ANDROID]- Versão 1.17.1 - e 1.16 -  Comprovante da aposta premiada está com as letras cortadas e desalinhadas;SIMLO;Loterias e Canais Parceiros;Certificação;Q4;Taise Matos dos Santos Nunes;07/04/2025;;1
23011052;Teste Funcional;Preparado;LT001 - Loterias Canais Digitais (Mobile);SIMLO - Testes Funcional [IOS]- Versão 1.17.1 - O Filtro default está setado em 7 dias não permitindo alteração para os demais dias.;SIMLO;Loterias e Canais Parceiros;Certificação;Q4;Wallace Rodrigues de Oliveira;07/04/2025;;1
23011161;Teste de Regressão;Novo;;"Falhando o Caso de Teste ""CTA_CERTIF_Solicitar_Conformidade_Pro_Ativa_FB_Solicitar_Analise_Conformidade_da_Concessao_PJ_7615""";SICCR;Crédito Comercial e Agronegócio;Certificação;Q3;Samuel Mozarth da Silva Soares;07/04/2025;;1
23011174;Teste Funcional;Implantado;LT001 - Loterias Canais Digitais (Mobile);SIMLO - Testes Funcional [ANDROID]- Versão 1.17.1 - Comprovante está apresentando mensagem de erro;SIMLO;Loterias e Canais Parceiros;Certificação;Q4;Johnathan Lemes Ferreira;07/04/2025;08/04/2025;1
23013065;Teste de Regressão;Novo;;"Falhando o Caso de Teste ""CTA_CERTIF_Solicitar_Conformidade_Pro_Ativa_FB_Solicitar_Analise_Conformidade_da_Concessao_PJ_7615""";SICCR;Crédito Comercial e Agronegócio;Certificação;Q3;Samuel Mozarth da Silva Soares;08/04/2025;;1
23013247;Defeito;Pronto;LT016 - Refatoração SILCE;Migração de carrinho favorito - não sinaliza espelho e não exibe mês da sorte;SILCE;Loterias e Canais Parceiros;Certificação;Q4;Eduardo Camilo da Silva;08/04/2025;;1
23013880;Teste Funcional;Em Refinamento;BF042 - INOVAÇÃO – SIOPI;"Falhando o Caso de Teste ""CT048.001_UC_2453_Nenhuma categoria de documento retornado na consulta""";SIOPI;Box Moradia PF;Certificação;Q3;Matheus de Amorim dos Santos;08/04/2025;;1
23014603;Teste Funcional;Implementado;LT010 - Loterias Canais Eletrônicos (site);Defeito- O sistema está limpando o carrinho depois de realizar login;SILCE;Loterias e Canais Parceiros;Certificação;Q4;Izac Claudino da Silva Junior;08/04/2025;;1
23015039;Teste Funcional;Preparado;BF042 - INOVAÇÃO – SIOPI;"Falhando o Caso de Teste ""CT018.001_UC_2453_Lista condições inativas do checklist com sucesso""";SIOPI;Box Moradia PF;Certificação;Q3;Davi Fonteles da Silva;08/04/2025;;1
23015264;Teste Funcional;Implementado;LT010 - Loterias Canais Eletrônicos (site);DEFEITO MKP - Quantidade de bolões por pagina não padronizado em TQS;SILCE;Loterias e Canais Parceiros;Certificação;Q4;Lucas Matheus Soares da Silva Alves Pint;08/04/2025;;1
23016414;Teste Funcional;Preparado;BF042 - INOVAÇÃO – SIOPI;"Falhando o Caso de Teste ""CT049.001_UC_2453_Dados obrigatórios não informados para incluir tipo de documento""";SIOPI;Box Moradia PF;Certificação;Q3;Matheus de Amorim dos Santos;09/04/2025;;1
23017411;Teste Funcional;Em Refinamento;BF042 - INOVAÇÃO – SIOPI;"Falhando o Caso de Teste ""CT050.001_UC_2453_Dados obrigatórios não informados para alterar tipo de documento""";SIOPI;Box Moradia PF;Certificação;Q3;Matheus de Amorim dos Santos;09/04/2025;;1
23018295;Teste Funcional;Aceito;BF006 - GOVERNANCA - SIOPI;"Falhando o Caso de Teste ""CT004.005_UC_2170_Consultar percentual acumulado mais recente de evolução de obra de OS de acompanhamento de obra - registro de evolução sem vistoria com situação diferente de “Completo”.";SIOPI;Box Moradia PF;Certificação;Q3;Tiago Vasques Guimaraes;09/04/2025;;1
23018510;Teste Funcional;Novo;;[GEQTI] - SINBC - Filtrar favoritos Pix;SINBC;Box Relacionamento Digital;Certificação;Q2;Robson de Oliveira Afonso;09/04/2025;;1
23019449;Teste Funcional;Implantado;DC009 - Squad 4 Sustentação - LCR - NSGD BR;Consulta Utilização - DIC14 - Detalhamento do Resultado da Consulta Utilização de Crédito Rotativo – Recuperação - Descrição do campo divergente da especificação;SILCR;Depósitos e Captação;Certificação;Q3;Luize Maria Correia Torres;09/04/2025;14/04/2025;1
23019470;Teste Funcional;Aceito;BF005 - Nato-Digital e OpenHab;"Falhando o Caso de Teste ""CT012.021_UC_132_Inclui_Imovel_Individual""";SIOPI;Box Moradia PF;Certificação;Q3;Joao Paulo de Andrade;09/04/2025;;1
23021276;Teste de Regressão;Novo;CL004 - Contratações e Suporte aos Processos de TI;SICLG - DEFEITO - Defeito na fila de trabalho;SICLG;Contratações e Logística;Certificação;Q4;Tiago Juvencio Alves;10/04/2025;;1
23021304;Teste de Regressão;Novo;CL004 - Contratações e Suporte aos Processos de TI;SICLG - DEFEITO - Defeito ao efetuar a tratativa da ação renovatória;SICLG;Contratações e Logística;Certificação;Q4;Tiago Juvencio Alves;10/04/2025;;1
23022063;Teste Funcional;Pronto;PE017 - Novo SOU CAIXA;[CEGTI] - iOS - SIGMP - QLD - Contracheque - mês;SIGMP;Pessoas;Certificação;Q1;Naim Ferreira dos Santos;10/04/2025;;1
23022084;Defeito;Implementado;PS012 - SIPBS - Processos Online;SIPBS ONLINE - Defeito - Itens filhos do Menu Relatórios não destacados ao acessar a página;SIPBS;Programas Sociais;Certificação;Q3;Joao Marcos Gabriel Santos;10/04/2025;;1
23022379;Teste Funcional;Implantado;DC009 - Squad 4 Sustentação - LCR - NSGD BR;"Ao realizar a recuperação de crédito com pagamento ""à vista"", o sistema exibe incorretamente a informação ""Total Parcelado""";SILCR;Depósitos e Captação;Certificação;Q3;Adriana Abrantes Alexandre;10/04/2025;14/04/2025;1
23022632;Defeito;Novo;;[GESQI] - SINBC - Consultar Comprovante TEV - Enviada - Pacote 09.00.26;SINBC;Box Conta Digital;Certificação;Q2;Fabiana Aparecida da Silva;10/04/2025;;1
23022818;Defeito;Novo;;[GESQI] - SINBC - CDC Formatação campo valor - Pacote 09.00.26;SINBC;Box Relacionamento Digital;Certificação;Q2;Fabiana Aparecida da Silva;10/04/2025;;1
23023040;Teste Funcional;Implantado;LT010 - Loterias Canais Eletrônicos (site);DEFEITO RESPONSIVO_SILCE - Novo MKP - Tela de inicio do Marketplace [Nova tela com produtos apresentados];SILCE;Loterias e Canais Parceiros;Certificação;Q4;Fabricia da Silva;10/04/2025;25/04/2025;1
23024823;Teste Funcional;Em Desenvolvimento;BF042 - INOVAÇÃO – SIOPI;"Falhando o Caso de Teste ""CT001.001_UC_2470_Consulta projeto habitacional com sucesso.""";SIOPI;Box Moradia PF;Certificação;Q3;Matheus de Amorim dos Santos;11/04/2025;;1
23025254;Teste de Regressão;Novo;;"Falhando o Caso de Teste ""CTA_CERTIF_Solicitar_Conformidade_Pro_Ativa_FB_Solicitar_Analise_Conformidade_da_Concessao_PJ_7615""";SICCR;Crédito Comercial e Agronegócio;Certificação;Q3;Samuel Mozarth da Silva Soares;11/04/2025;;1
23026527;Teste Funcional;Novo;;[GESQI] - SINBC - Novo Extrato - Ordenamento - Extrato por Período - Desktop - Pacote 09.00.27;SINBC;Box Relacionamento Digital;Certificação;Q2;Marilene da Silva Moura;11/04/2025;;1
23029510;Teste Funcional;Aceito;BF006 - GOVERNANCA - SIOPI;"Falhando o Caso de Teste ""CT001.001_UC_2488_Atualizar Produto Misto""";SIOPI;Box Moradia PF;Certificação;Q3;Samuel Estevao de Farias Alves;14/04/2025;;1
23031593;Defeito;Em Desenvolvimento;LT016 - Refatoração SILCE;Mesmo aceitando o termo de uso, o mesmo aparece várias vezes para aceitação.;SILCE;Loterias e Canais Parceiros;Certificação;Q4;Eduardo Camilo da Silva;14/04/2025;;1
23032091;Defeito;Preparado;LT016 - Refatoração SILCE;Defeito: Permitiu incluir apostas acima do limite do carrinho;SILCE;Loterias e Canais Parceiros;Certificação;Q4;Eduardo Camilo da Silva;14/04/2025;;1
23033783;Teste Funcional;Novo;;[GESQI] - SINBC - CDC - Renovar - Nova Jornada - Desktop - Pacote 09.00.27;SINBC;Box Relacionamento Digital;Certificação;Q2;Marilene da Silva Moura;15/04/2025;;1
23034449;Defeito;Em Refinamento;BF006 - GOVERNANCA - SIOPI;BEMPF24 - PORTABILIDADE - Tramitação de Arquivos com situação Erro de Processamento porém foi Processado;SIOPI;Box Moradia PF;Certificação;Q3;Susiane Morales Vieira;15/04/2025;;1
23034501;Teste Funcional;Implementado;PE017 - Novo SOU CAIXA;[CEGTI] - iOS - SIGMP - QLD - Adiantamento - Filtro;SIGMP;Pessoas;Certificação;Q1;Naim Ferreira dos Santos;15/04/2025;;1
23035705;Teste Funcional;Novo;;Consultar Utilização de Crédito Rotativo - DES | TQS - O sistema está travando ao realizar Consulta;SILCR;Depósitos e Captação;Certificação;Q3;Luize Maria Correia Torres;15/04/2025;;1
23035758;Teste Funcional;Implantado;BF036 - Emprestimo com Garantia Imobiliaria  - SIOPI;"Falha ao listar informativos através do acesso rápido ""Painel""";SIOPI;Box Moradia PF;Certificação;Q3;Arthur Henrique Santana dos Santos;15/04/2025;30/04/2025;1
23036433;Teste Funcional;Implantado;LT010 - Loterias Canais Eletrônicos (site);DEFEITO - Ressalvas - SILCE - Novo MKP - A Página inicial do Portal do apostador deve apresentar as modalidades em Cards;SILCE;Loterias e Canais Parceiros;Certificação;Q4;Fabricia da Silva;15/04/2025;25/04/2025;1
23036464;Teste Funcional;Implantado;BF042 - INOVAÇÃO - OPEN HAB – SIOPI;Registro no histórico ao desvincular informativo incorreto.;SIOPI;Box Moradia PF;Certificação;Q3;Arthur Henrique Santana dos Santos;15/04/2025;30/04/2025;1
23036832;Defeito;Novo;BF006 - GOVERNANCA - SIOPI;BEMPF09 - Pedido de apólice na pesquisa de financiamento anterior produto Aquisição à vista;SIOPI;Box Moradia PF;Certificação;Q3;Kelly Nakandakari Ribeiro;15/04/2025;;1
23036847;Teste Funcional;Novo;;[GESQI] - IBC - CSAT - Funcionalidade CDB RDB LCI LCA - Aplicar  ID287 - Desktop;SINBC;Box Relacionamento Digital;Certificação;Q2;Marilene da Silva Moura;15/04/2025;;1
23038804;Defeito;Novo;BF006 - GOVERNANCA - SIOPI;BEMPF09 - Defeito no retorno da informação autoriza consulta do FGTS;SIOPI;Box Moradia PF;Certificação;Q3;Annesheron Mieko Almeida Saissu;16/04/2025;;1
23039245;Teste Funcional;Novo;;[GESQI] - IBC - CSAT - Pagamento com Cod Barras DARF - Desktop;SINBC;Box Relacionamento Digital;Certificação;Q2;Marilene da Silva Moura;16/04/2025;;1
23041206;Teste Funcional;Novo;;[GESQI] - IBC - CSAT - Funcionalidade HABITAÇÃO - Pagar prestação - Desktop;SINBC;Box Relacionamento Digital;Certificação;Q2;Marilene da Silva Moura;16/04/2025;;1
23042649;Teste de Regressão;Implementado;BF036 - Emprestimo com Garantia Imobiliaria  - SIOPI;DEFEITO - CERTIFICAÇÃO - Erro ao Incluir Proposta PJ;SIOPI;Box Moradia PF;Certificação;Q3;Emerson Santos Pereira;17/04/2025;;1
23042797;Defeito;Preparado;LT016 - Refatoração SILCE;"Defeito - Detalhamento de cotas de bolão na modalidade ""Loteca"" não apresenta os números do jogo";SILCE;Loterias e Canais Parceiros;Certificação;Q4;Guilherme da Costa Gomes;17/04/2025;;1
23043626;Defeito;Em Desenvolvimento;LT016 - Refatoração SILCE;Apostas da Super Sete Surpresinha não estão sendo efetivadas.;SILCE;Loterias e Canais Parceiros;Certificação;Q4;Eduardo Camilo da Silva;17/04/2025;;1
23044416;Teste Funcional;Aceito;BF006 - GOVERNANCA - SIOPI;[GESQI] - SIOPI - GESEC01 - BEMPF15 - IB 23018068 - Retirar imagens do Simulador Habitacional - Defeito;SIOPI;Box Moradia PF;Certificação;Q3;Rahmey Cesar Palhares Martins;17/04/2025;;1
23045743;Teste de Regressão;Implementado;BF036 - Emprestimo com Garantia Imobiliaria  - SIOPI;DEFEITO - CERTIFICAÇÃO - Erro ao Incluir Proposta PJ - Valores da Operação;SIOPI;Box Moradia PF;Certificação;Q3;Emerson Santos Pereira;17/04/2025;;1
23046165;Teste Funcional;Novo;;[GESQI] - IBC - SEGURIDADE CVP - PREST - MINHAS APÓLICES - Desktop;SINBC;Box Relacionamento Digital;Certificação;Q2;Marilene da Silva Moura;17/04/2025;;1
23056710;Teste de Regressão;Novo;;[GEQTI] - SICLI - Defeito - Teste de Regressão (ERRO 503-220425);SICLI;Clientes;Certificação;Q2;Eduardo Pirozzolo Pinto;22/04/2025;;1
23058010;Teste Funcional;Novo;;[GESQI] - IBC - SEGURIDADE CVP - VIDA MINHAS  APÓLICES - Desktop;SINBC;Box Relacionamento Digital;Certificação;Q2;Marilene da Silva Moura;22/04/2025;;1
23058498;Defeito;Adiado;LT016 - Refatoração SILCE;Os números da Super Sete E Mais Milionária (Modalidades do SISPL2) não estão sendo exibidos para apostas;SILCE;Loterias e Canais Parceiros;Certificação;Q4;Eduardo Camilo da Silva;22/04/2025;;1
23062574;Defeito;Pronto;BF006 - GOVERNANCA - SIOPI;"Falhando o Caso de Teste ""CT088.002_UC_442_MPAS_Invalido_Alterar_Unidade_Demandante_Pre_Contratacao""";SIOPI;Box Moradia PF;Certificação;Q3;Bruno Henrique Silva de Jesus;23/04/2025;;1
23064574;Teste Funcional;Em Refinamento;;[CEGTI] - KEEGGO - SIIFX - Defeito (DES) - Serviço Incluir registro de devolução de impostos para o investidor - Etapa 2 - Registra com a estrutura do response body fora do padrão nos cenário de insucesso;SIIFX;Câmbio, Investimentos e Mercado de Capitais;Certificação;Q3;Jhonatan Jose da Silva;23/04/2025;;1
23064601;Teste de Regressão;Implantado;CR010 - SISGH Gestão de Honras;[GESQI] Defeito - Ao solicitar honra para o FGI o sistema apresentou erro.;SISGH;Crédito Comercial e Agronegócio;Certificação;Q3;Diovany Pereira de Moura;23/04/2025;24/04/2025;1
23067763;Teste Funcional;Implementado;BF006 - GOVERNANCA - SIOPI;"Falhando o Caso de Teste ""CT089.009_UC_442_Alterar_Unidade_Demandante_Em_Lote_Pre_Contratacao_Nao_Confirmar_Operacao""";SIOPI;Box Moradia PF;Certificação;Q3;Rahmey Cesar Palhares Martins;24/04/2025;;1
23068268;Defeito;Em Refinamento;BF006 - GOVERNANCA - SIOPI;BPNNM13 - Erro Java Lang ao clicar em criar proposta da tela Detalhe do Empreendimento;SIOPI;Box Moradia PF;Certificação;Q3;Paula Souza Filgueira;24/04/2025;;1
23068391;Teste de Regressão;Novo;FP046 - SICVR;"SICVR - TQS - Erro - A funcionalidade Controle_de_Remessa_Gerar_Capa_De_Lote_Cadoc_9810 - o campo 'Escolha uma data base"" vazio.";SICVR;Financeiro e Controladoria;Certificação;Q3;Liomar Rodrigues Costa;24/04/2025;;1
23068448;Teste de Regressão;Novo;FP046 - SICVR;SICVR - TQS - Erro - A funcionalidade Alterar_Cadastro_de_Interfaces_Critica_ao_Acionar_Botao_Voltar_Mensagem:'Deseja salvar a interface?' Sim  Não  - Não é apresentada.;SICVR;Financeiro e Controladoria;Certificação;Q3;Liomar Rodrigues Costa;24/04/2025;;1
23069434;Teste Funcional;Novo;;Manter Dados do Cliente - CSU037 - Alterar Endereço - Erro ao realizar alteração do meio de comunicação;SILCR;Depósitos e Captação;Certificação;Q3;Luize Maria Correia Torres;24/04/2025;;1
23070405;Teste Funcional;Em Desenvolvimento;CI021 - NOVO RENDA FIXA (SIIFX SQ-SUSTENTAÇÃO);[CEGTI] - KEEGGO - SIIFX - Defeito (DES) - Serviço de consulta detalhada de transações do Ativo Financeiro a aplicação apresentou erro 524 (timeout) no cenário de insucesso da consulta do Perfil Investidor.;SIIFX;Câmbio, Investimentos e Mercado de Capitais;Certificação;Q3;Jhonatan Jose da Silva;24/04/2025;;1
23070687;Teste Funcional;Implementado;BF006 - GOVERNANCA - SIOPI;"Falhando o Caso de Teste ""CT089.010_UC_442_Alterar_Unidade_Demandante_Em_Lote_Pre_Contratacao_Com_Sucesso""";SIOPI;Box Moradia PF;Certificação;Q3;Rahmey Cesar Palhares Martins;24/04/2025;;1
23070807;Teste de Regressão;Preparado;LT001 - Loterias Canais Digitais (Mobile);SIMLO - Teste Regressivo [ANDROID]- Versão 1.18.0 -  Comprovante da aposta timemania está com letras desalinhadas e cor fora do padrão;SIMLO;Loterias e Canais Parceiros;Certificação;Q4;Wallace Rodrigues de Oliveira;24/04/2025;;1
23071658;Defeito;Em Desenvolvimento;LT016 - Refatoração SILCE;Sistema não realiza resgate de prêmios pelo mercado Pago (TQS carrinho ligado);SILCE;Loterias e Canais Parceiros;Certificação;Q4;Eduardo Camilo da Silva;24/04/2025;;1
23073980;Teste Funcional;Preparado;BF042 - INOVAÇÃO - OPEN HAB – SIOPI;Nome incorreto da tela de incluir;SIOPI;Box Moradia PF;Certificação;Q3;Matheus de Amorim dos Santos;25/04/2025;;1
23074380;Defeito;Preparado;LT001 - Loterias Canais Digitais (Mobile);SIMLO - Teste Regressivo [ANDROID]- Versão 1.18.0 - Resultado da aposta com as informações desalinhadas;SIMLO;Loterias e Canais Parceiros;Certificação;Q4;Wallace Rodrigues de Oliveira;25/04/2025;;1
23074396;Teste Funcional;Preparado;PE017 - Novo SOU CAIXA;[CEGTI] - iOS - SIGMP - QLD - Contracheque - Saiba Mais - Financeiro;SIGMP;Pessoas;Certificação;Q1;Naim Ferreira dos Santos;25/04/2025;;1
23075553;Teste Funcional;Preparado;PE017 - Novo SOU CAIXA;[CEGTI] - iOS - SIGMP - QLD - Contracheque - Saiba Mais - Tela;SIGMP;Pessoas;Certificação;Q1;Naim Ferreira dos Santos;25/04/2025;;1
23075763;Teste Funcional;Preparado;PE017 - Novo SOU CAIXA;[CEGTI] - iOS - SIGMP - QLD - Auxílios;SIGMP;Pessoas;Certificação;Q1;Naim Ferreira dos Santos;25/04/2025;;1
23075871;Teste Funcional;Preparado;PE017 - Novo SOU CAIXA;[CEGTI] - iOS - SIGMP - QLD - FUNCEF - Histórico de Contribuição;SIGMP;Pessoas;Certificação;Q1;Naim Ferreira dos Santos;25/04/2025;;1
23075944;Teste Funcional;Aceito;BF006 - GOVERNANCA - SIOPI;"Falhando o Caso de Teste ""CT089.010_UC_442_Alterar_Unidade_Demandante_Em_Lote_Pre_Contratacao_Com_Sucesso""";SIOPI;Box Moradia PF;Certificação;Q3;Rahmey Cesar Palhares Martins;25/04/2025;;1
23076429;Teste Funcional;Pronto;BF036 - Emprestimo com Garantia Imobiliaria  - SIOPI;"Falhando o Caso de Teste ""CT070.005_UC_2149_Define canal de atendimento da proposta online cuja Categoria de Financiamento é 7-Crédito Real Fácil Novo Residencial PF com sucesso""";SIOPI;Box Moradia PF;Certificação;Q3;Elmar Cesar Borges;25/04/2025;;1
23076456;Defeito;Pronto;BF006 - GOVERNANCA - SIOPI;"Falhando o Caso de Teste ""CT088.002_UC_442_MPAS_Invalido_Alterar_Unidade_Demandante_Pre_Contratacao""";SIOPI;Box Moradia PF;Certificação;Q3;Bruno Henrique Silva de Jesus;25/04/2025;;1
23077051;Teste Funcional;Novo;;Atualizar Utilização do Contrato de Crédito Rotativo - CSU021 - Campo Motivo apresentando erro após clicar no botão Limpar;SILCR;Depósitos e Captação;Certificação;Q3;Luize Maria Correia Torres;25/04/2025;;1
23083298;Teste Funcional;Aceito;BF006 - GOVERNANCA - SIOPI;"Falhando o Caso de Teste ""CT089.010_UC_442_Alterar_Unidade_Demandante_Em_Lote_Pre_Contratacao_Com_Sucesso""";SIOPI;Box Moradia PF;Certificação;Q3;Rahmey Cesar Palhares Martins;28/04/2025;;1
23084560;Defeito;Preparado;PS009 - SIPBS - Processos Batch;SIPBS - DEFEITO - Inconsistências encontradas nas homologações da HU 22583799;SIPBS;Programas Sociais;Certificação;Q3;Stanley Dias Nobrega;28/04/2025;;1
23084798;Teste de Regressão;Implantado;BF034 - PLATAFORMA CAIXA;Não foi possível abrir a Ordem de Serviço: Motivo: B031 Não Existe Fila de Distribuição para a Empresa informada;SIOPI;Box Moradia PF;Certificação;Q3;Renan Carlos Pauferro Young;28/04/2025;30/04/2025;1
23085278;Teste Funcional;Preparado;BF036 - Emprestimo com Garantia Imobiliaria  - SIOPI;"Falhando o Caso de Teste ""CT104.022_UC_047_Calcula valores da operação com execução da fórmula contendo a variavel VA_IC_FINANCIAMENTO_ATIVO definida para o item de produto da proposta no evento “PROP_VALORES_OPERACAO” retornando ""S"" com sucesso.";SIOPI;Box Moradia PF;Certificação;Q3;Marcos Anderson Almeida Oliveira;28/04/2025;;1
23089585;Teste Funcional;Novo;;"Falhando o Caso de Teste ""CT_CERTIF_FB_Consultar_Situacao_Retorno_compras_SIPDM""";SIDEO;Depósitos e Captação;Certificação;Q4;Marcio Wilson Galante;29/04/2025;;1
23089983;Defeito;Preparado;LT001 - Loterias Canais Digitais (Mobile);SIMLO - Teste Regressivo [ANDROID]- Versão 1.18.0 - Cota de bolão modalidade dia de sorte não está trazendo o mês da sorte.;SIMLO;Loterias e Canais Parceiros;Certificação;Q4;Wallace Rodrigues de Oliveira;29/04/2025;;1
23091437;Teste Funcional;Preparado;PE017 - Novo SOU CAIXA;[CEGTI] - Android - SIGMP - QLD - APIP - Divergência no texto;SIGMP;Pessoas;Certificação;Q1;Fernando Rodrigues;29/04/2025;;1
23091456;Teste Funcional;Preparado;PE017 - Novo SOU CAIXA;[CEGTI] - Android - SIGMP - QLD - LP - Divergência no texto;SIGMP;Pessoas;Certificação;Q1;Fernando Rodrigues;29/04/2025;;1
23092143;Teste de Regressão;Preparado;LT001 - Loterias Canais Digitais (Mobile);SIMLO - Teste Regressivo [ANDROID]- Versão 1.18.0 -  Resgate de Premio - Realizar resgate via mercado pago titulo divergente;SIMLO;Loterias e Canais Parceiros;Certificação;Q4;Wallace Rodrigues de Oliveira;29/04/2025;;1
23092287;Teste de Regressão;Preparado;LT001 - Loterias Canais Digitais (Mobile);SIMLO - Teste Regressivo [ANDROID]- Versão 1.18.0 -  Comprovante da aposta dia de sorte e supersete estão com a cor fora do padrão;SIMLO;Loterias e Canais Parceiros;Certificação;Q4;Wallace Rodrigues de Oliveira;29/04/2025;;1
23092684;Teste Funcional;Novo;LT010 - Loterias Canais Eletrônicos (site);DEFEITO - Apresentação do nome +Milionária na tela Recibo de aposta;SILCE;Loterias e Canais Parceiros;Certificação;Q4;Fabricia da Silva;29/04/2025;;1
23093001;Teste Funcional;Em Desenvolvimento;LT010 - Loterias Canais Eletrônicos (site);DEFEITO - Ajuste na tela de consulta do Painel de Prêmios e no arquivo .CSV;SILCE;Loterias e Canais Parceiros;Certificação;Q4;Fabricia da Silva;29/04/2025;;1
23095037;Teste Funcional;Preparado;BF006 - GOVERNANCA - SIOPI;Erro em mensagem de encaminhamento de Ordem de Serviço;SIOPI;Box Moradia PF;Certificação;Q3;Renan Carlos Pauferro Young;30/04/2025;;1
23095433;Teste Funcional;Novo;PS012 - SIPBS - Processos Online;[ Aceite - Cod - Funcionalidade Mensagens - Evolutiva para os programas sociais de realizam repescagem -  Excluir Mensagem de Interface para Parcelas em situação de Repescagem ] - Não apresenta ícone da lixeira;SIPBS;Programas Sociais;Certificação;Q3;Marcelo Amorim Soares;30/04/2025;;1
23095939;Teste de Regressão;Preparado;LT001 - Loterias Canais Digitais (Mobile);SIMLO - Teste Regressivo [ANDROID]- Versão 1.18.0 -  Leitura de bilhete - Pop-uo de avaliação do app não está aparecendo nas apostas premiadas;SIMLO;Loterias e Canais Parceiros;Certificação;Q4;Wallace Rodrigues de Oliveira;30/04/2025;;1
22727980;Teste de Regressão;Novo;ES009 - Acompanhamento de Demandas;Teste seção de teste;SIGID;TESTE_21_11_2024;;;Fernando Franco Morais da Silva;12/02/2025;;1
22974558;Defeito;Implantado;ES009 - Acompanhamento de Demandas;teste novo IB DEFEITO;SIGID;Master_Comunidade_V5.3.2;;;Felipe Vargas da Costa;02/04/2025;02/04/2025;1
