reviewId;content;score;date;version;app_name
deb292079765e097bf51816d30119d01;simplificado,importante p/as pessoas que têm dificuldade!!;5;2026-01-18 17:35:27;5.22.0;Caixa
9423140213217a49b864e73d4fce15f4;Caixa, bando de vagabundos tem que ser do governo do amor ne, roubando um dinheiro que e meu!!!;1;2026-01-18 17:32:37;5.22.0;Caixa
7a69d79fe859562779c1ac8d297cce0d;essa nova atualização ó app ficou muito ruim tem que vê isso aí direitinho;1;2026-01-18 17:29:06;5.22.0;Caixa
137595cf6c34507a45148cfd06392f05;aplicativo evoluiu muito!;5;2026-01-18 17:24:31;5.22.0;Caixa
b9cfdd37fe70012636fbf714a418fcdd;aplicativo não carrega as opções impedindo eu fazer um ajuste no meu limite de pix;1;2026-01-18 17:19:13;5.22.0;Caixa
7a76c424a13262a48af18a505fea3ad7;aplicativo de fácil entendimento, e agilidade nas transações;5;2026-01-18 17:13:55;5.22.0;Caixa
c962403351986074099287803d3a39d2;Já tenho conta na Caixa;5;2026-01-18 17:09:36;5.22.0;Caixa
15683dacfc8c334028a3e2bcf42eece0;bem, fui atendido na semana passada por um atendente, seu Guilherme, e fui muito bem atendido. muito obrigado. o problema que tinha naquele momento foi resolvido, com muita tranquilidade, e facilmente.;5;2026-01-18 16:54:42;5.22.0;Caixa
d6abe730b56da1702558dfa2397fac80;infelizmente o governo criou um programa Reforma casa Brasil porém o aplicativo não permitiu enviar as fotos, sempre fica com a tela branca, algo deu errado e etc... tentei contato com o 0800 porém sem sucesso e infelizmente o aplicativo é bom mais deixa a desejar nessa questão.;1;2026-01-18 16:33:28;5.22.0;Caixa
614f31eef8ba866344ce3aa23dd77ded;resgatar meu aplicativo da Caixa econômica federal;5;2026-01-18 16:31:17;5.22.0;Caixa
cee99d5696a41ec79fa4ecde2fe019bb;o AP e muito bom;5;2026-01-18 16:28:28;5.22.0;Caixa
34935adcace2519b1e48b9e2faf87e4b;muito bom rápido e prático.;5;2026-01-18 16:19:19;N/A;Caixa
031a03e666be18eb6a24c62ef21340d6;muito boa 😃;4;2026-01-18 16:12:14;N/A;Caixa
f463aa1ddc404f4239eba08bbb304505;Não estou conseguindo abrir uma conta!;4;2026-01-18 16:05:01;5.21.1;Caixa
c6b81c4e94817eb26728e75a4e07d668;Ótimo;5;2026-01-18 16:03:50;N/A;Caixa
a4179e51951b94e6c52f67f00ba62d56;banco está de parabéns;5;2026-01-18 16:01:49;5.22.0;Caixa
646ce12ea48e5ec009b2f86d883908a2;regular;2;2026-01-18 15:57:30;5.22.0;Caixa
439677b0da90e53faa140940c416af42;muito legal mesmo;5;2026-01-18 15:48:56;5.22.0;Caixa
1b4fae42089d6e6b3ff3f04e756faf03;péssimo péssimo;1;2026-01-18 15:29:49;5.22.0;Caixa
d8691538f3a6cf818fda342800f3d19c;muito bom;5;2026-01-18 15:25:53;5.22.0;Caixa
1eb07054ab602c2e0eb6f6d5962bdb42;ótimo;5;2026-01-18 15:22:53;5.22.0;Caixa
ab64a25be48e63f883d0151a7eeeaf48;ótimo;5;2026-01-18 15:22:27;5.22.0;Caixa
e78a067d07723b1343ba83f9a2355402;Meu esposo não consegue baixar um boleto há dias, já mandei email para o suporte e até agora nada.;1;2026-01-18 15:04:28;N/A;Caixa
993ccb091794db09fb472a60d9cec6d2;aplicativo só fica fora do ar , e sempre na hora q vc precisa ele te deixa na mão , app li. xoooo;1;2026-01-18 15:01:50;5.22.0;Caixa
c482a32f0fe36f3f53b0ea7fcc03588c;muito bom;5;2026-01-18 14:44:27;N/A;Caixa
583e3b7beaae0f9fa19800d72408d58c;ótima;5;2026-01-18 14:41:26;5.22.0;Caixa
5907b5ec2439462973dab8b6e19a29e9;estou usando hj n tenho uma opinião formada;3;2026-01-18 14:14:50;5.22.1;Caixa
c2a69880f3ccb63a74ee50a4e1ae1046;muito bom;5;2026-01-18 14:11:55;5.22.0;Caixa
c8abaf38c735f6cd2d750b447fb09bef;muito boas;5;2026-01-18 14:08:00;5.22.0;Caixa
a23c1da05620980e14e1aa88a77f4883;Ótimo aplicativo 😉 vejo todo que preciso em um só lugar. parabéns;5;2026-01-18 13:42:43;5.22.0;Caixa
7402c77aa6fb06e337697cf1e0dc41b6;muito bom;5;2026-01-18 13:13:44;5.22.0;Caixa
a304f80a51736587fc12594c175d6023;banco lixo da erro com as credenciais correta nao tem tecnologias recentes muito retrógrado;1;2026-01-18 13:11:13;5.22.0;Caixa
4d97af294da5b02ff8d1fdee4aa7b971;Aplicativo horrível;1;2026-01-18 12:53:32;5.22.0;Caixa
410cdf382a9ef10663ad6909dfc4ece3;Pede senha duas vezes e agora qdo envi am Pix pra minha conta, não aparece! Recebo notificação e nada! A data está dois dias à frente. Já limpei cachê e dados, atualizei, revisei celular porém, kd o dinheiro?!;3;2026-01-18 12:25:08;5.22.0;Caixa
2f78d381a5b629af809ba3d23124f98d;muito bom mesmo 😃;5;2026-01-18 12:18:29;N/A;Caixa
c044a372aa4240763451b85d1db3d945;eu quero o meu fgts é dinheiros esquecidos;5;2026-01-18 12:16:44;5.22.0;Caixa
509ff66e09605d2c5dd135766712c26a;gosto muito do aplicativo da CAIXA, há anos que tenho conta CAIXA e não me arrependo, valeu tmj.;5;2026-01-18 12:13:45;5.22.0;Caixa
badb7f6c6337839841fe0a36368d0db9;um dos Piores app de banco, pede autorização para ter acesso às chamadas telefônica e números de pessoas comum ele cancela automaticamente dizendo ser golpe, e ainda mais se desativar essa função o App não funciona um dos piores bancos em atendimento e agora em App triste.;5;2026-01-18 12:11:42;N/A;Caixa
f1cbf6d93ba932acc55040a836a07d2d;ótima;5;2026-01-18 11:42:41;N/A;Caixa
58a67571d8f43a3d7165518295b0471a;o app não entra com a senha já cadastrei mais de três vezes e nada;1;2026-01-18 11:37:24;5.22.0;Caixa
7e6b4cfa30853a817ee2208f2cf7524c;aprendendo me evoluí com a caixa;5;2026-01-18 11:35:43;5.22.0;Caixa
b52d3be055118e610b937bb92f31780d;Bem fácil de usar;5;2026-01-18 11:25:43;5.22.0;Caixa
749a79254489d4ef7c14d30b762569e8;Sempre acessei o app normalmente,do nada começou a dar erro 6906 e mesmo desabilitando opções de desenvolvedor,limpando cachê, reinstalando o app e reiniciando o erro permanece.;1;2026-01-18 11:18:30;5.22.0;Caixa
97cb54a5f52d009ff27e43d065c5150f;a contestação do pix deveria ser devolvido na mesma hora,e não esperar dez dias, isso é um absurdo! dez dia a pessoa morre ,e o dinheiro não chega na conta e se chegar,se contestou é por que foi um golpe!se o banco devolver o dinheiro vai seu um divino milagre de Deus!;1;2026-01-18 11:18:13;N/A;Caixa
a9a870da964e82ad09f3a7664ceeb0dd;antes era bem ruim melhorou muito, tipo da água pro vinho.;5;2026-01-18 11:13:52;N/A;Caixa
49c6fac9c9d5c8ced15eadbdae7694b3;ótimo!!!!!;5;2026-01-18 11:05:21;5.22.0;Caixa
7823b4440b1187d8add5ae04d60e1223;C E F... É meu Bco desde 02/82.. Eu estou bem satisfeito 😍;5;2026-01-18 10:47:19;5.22.0;Caixa
70bdb9b572aec1a8fa90ceb41a2e5555;ótimo;5;2026-01-18 10:43:46;5.22.0;Caixa
a23422199ffaeed39845ad39dbdcd9e4;A Caixa Sempre fez parte da minha vida;5;2026-01-18 10:33:40;5.22.0;Caixa
b1bde7b30c65882aaa6e0507762e4dd9;ótimo 👍🏼;5;2026-01-18 10:31:34;5.22.0;Caixa
c04739198101c39990907116ceb0574b;excelente;5;2026-01-18 10:23:20;N/A;Caixa
52c709361b491556b7f76b49ac506b8f;muito bom;5;2026-01-18 10:21:26;5.22.0;Caixa
b41e42c452a695bcf899ee318e08b5d8;eu tinha um cartão foi cancelado e não sei o motivo ok obrigado;1;2026-01-18 10:19:33;3.15.0;Caixa
14f1d491e217319f7090b9f4ba71f3a3;Já faz duas semanas que não consigo entrar no aplicativo, só dá mensagem de erro, já liguei pra caixa e não conseguem resolver o problema, ficaram de ligar para tentar resolver e até hoje nada isso é uma falta de consideração com o cliente Já desinstalei e instalei novamente e o erro ainda continua;1;2026-01-18 10:12:35;5.22.0;Caixa
c81582ade1f483547bea2e9ed944ac9d;tudo OK;5;2026-01-18 10:07:39;N/A;Caixa
41e7046bc0754d1132ca41283708d3b7;confiança;5;2026-01-18 10:03:20;5.22.0;Caixa
424f6e4cb7151b84c9571c695ce19c73;muito bom o atendimento continue assim;5;2026-01-18 09:30:50;5.22.0;Caixa
96edd0f7e1e740999f32a7e5411a7244;tá ruizinho viu muitas vezes não abri as coisas, fica carregando e nunca termina;2;2026-01-18 09:21:17;5.22.0;Caixa
cbd63239e5b427f0d24a1a32d2f24b0d;experiência ótima adorei ter cadastro na caixa;5;2026-01-18 09:14:33;5.22.0;Caixa
9ad389e3455aa06736d2096d0ec57ef7;primeira vez que usar o app caixa . se der tudo certo eu dou 5 estrelas.;2;2026-01-18 09:14:25;5.22.0;Caixa
cbda6cbd047b67fbc148beee43db9f8f;muito bom;5;2026-01-18 09:01:53;5.22.0;Caixa
5981fe10f3158773e5ab12ea17754ab3;ta chato cada vez que preciso entrar tem cadastrar tudo de novo;2;2026-01-18 08:55:32;5.22.0;Caixa
7de2424dfbd7596e949d03c7c659b3d4;Bom dia a caixa econômica está de Parabéns Sempre será nosso Banco número 01 Parabéns.;5;2026-01-18 08:47:27;5.22.0;Caixa
6390d90d3670eff051548ef2227d92de;muito fácil a navegação;5;2026-01-18 08:37:32;5.22.0;Caixa
7d7c59d2175470cb5d4d14fd3d3d68ee;Leitor códigos de barras não funciona. Pensei que era a qualidade do código mas quando troquei o pg pra outro banco não tive problema. E o mesmo código que não leu na caixa no bradesco leu muito rápido e eu fiz o teste mais de três vezes. Favor olhar isso pra nós correntista da caixa. No aguardo.;5;2026-01-18 08:26:09;5.22.0;Caixa
40070599889fd47662a768d18244c75f;gostei de navegar no app.;5;2026-01-18 08:16:05;5.22.0;Caixa
9d964b9d425b88cb397cc65097dd7d66;muito bom;5;2026-01-18 08:09:27;5.22.0;Caixa
afd82d481bdcdf946147ba59309c98b5;ótima;4;2026-01-18 08:04:31;5.22.0;Caixa
50e4a6a0c2ce9d7454328073919c92fd;muito bom;5;2026-01-18 07:55:38;5.22.0;Caixa
0d43eaff4c51e6571a96988b0c8ad05b;Super recomendo;5;2026-01-18 07:49:51;5.22.0;Caixa
b94533b6f1c6d3073646eb803b238793;meu dinheiro está segura não entendi porque não encontro um empréstimo ou liberam meu FGTS estou doente.;5;2026-01-18 07:47:38;5.22.0;Caixa
69b5489fc5d93ba608013679254145c9;Todos os meses acontece a mesma coisa. Não consigo pagar a prestação habitacional. O app entra em um loop infinito. Mais um problema é que não se consegue pagar um boleto em dia de Domingo ou feriado.;1;2026-01-18 07:36:39;5.22.0;Caixa
84f97bf9b3fed4ee33fac985b91d0d3e;Boa tarde! fiz um empréstimo que se chama,reforma Brasil, e não consigo mandar as fotos da reforma concluída,já fiz varais tentativas e nada. já abri um chamado. aguardando;3;2026-01-18 07:35:36;5.6.0;Caixa
3da58122bf3d63bca141e903bfd6cbc7;muito bom;2;2026-01-18 06:59:12;5.22.0;Caixa
bea3d3611ee385fe53404824d895b0ad;Excelente;5;2026-01-18 06:45:53;5.22.0;Caixa
8a3511ee5f46d8416b515097fc0326c3;toda hora pede pra ficar alterando configurações do celular pra acessar o aplicativo;1;2026-01-18 05:39:06;5.22.0;Caixa
7ac51a657c0f646af3f7c4797b046129;otima;5;2026-01-18 05:35:41;5.22.0;Caixa
6602ee1b127bf9b6fb422ede28a1aa54;ótimo muito bom;5;2026-01-18 04:42:46;N/A;Caixa
d6039c1a9ed5def01336ecc023721625;App horrível. Não consigo fazer o mínimo que é abrir uma conta. Acontece erros em cada etapa, erros na foto, erros pra colocar meu próprio nome. Realizei todas as instruções para resolver, exclui várias vezes o app, atualizei, usei outro celular, apaguei memória, nada resolve. Avaliação correspondente a minha experiência que está sendo péssima e cansativa.;1;2026-01-18 03:37:42;5.22.0;Caixa
75c78a083a6c62d9773a44d63a96a40a;olá gostaria de saber mais informações;5;2026-01-18 03:19:21;5.22.1;Caixa
b2d850263fc211408dfd3c49953acf19;é excelente;5;2026-01-18 00:16:58;5.22.0;Caixa
7ea8c0ca2a9dbe6924206016938b72b0;ótimo 😊😊😊;5;2026-01-17 23:57:29;5.22.0;Caixa
4d0a524db591ad37d9c75c64d1a8635d;muito ruim o acesso desse banco;5;2026-01-17 22:28:08;5.22.0;Caixa
fd06391fe92d7fba35b5eb00496fae0e;PIOR APLICATIVO DO MUNDO !!! NÃO CONSIGO ACESSAR MINHA CONTA, FICA DANDO ERRO . RUIM DEMAIS .;1;2026-01-17 21:51:44;5.22.1;Caixa
3ab1cefaddc6f2d065cc7c147e3868c2;o app continua apresentando problema. não salva o nome de usuário...que que fazer a etapa todas as vezes que entra no aplicativo....;1;2026-01-17 21:38:02;5.22.0;Caixa
44ae98c3af905db8cef7ff24995dc9ee;não tô conseguindo acessar;1;2026-01-17 21:21:02;N/A;Caixa
fcb8842282afc98883be5f7eeb46c776;aplicativo trava bem final de semana;2;2026-01-17 21:17:33;5.22.0;Caixa
b028acc09dda1fd5a11b1cee0af6dd91;não gostei;1;2026-01-17 21:05:43;5.22.0;Caixa
60879bd5c108e107050ddb3e6eb2817e;ótimo;5;2026-01-17 21:03:29;5.22.0;Caixa
4d458d305d75de2efee42570365aecb1;gostaria de saber sobre o saque aniversário é seguro;5;2026-01-17 21:03:05;5.22.0;Caixa
6f621c1a71878508681c6819646d39f5;Depois da última atualização ficou difícil acessar o saldo, ficou muito lento;3;2026-01-17 20:55:37;5.22.0;Caixa
36badab1c2e6884102d33b5f7ae25ac7;ótimo;5;2026-01-17 20:53:32;5.22.0;Caixa
c63263965362ed338773014c12d1eca1;muito bom;5;2026-01-17 20:53:30;N/A;Caixa
d2b8fca9a0962ba827cedba31522fb8b;show;5;2026-01-17 20:40:47;5.22.0;Caixa
46f616b3206780259cff44e1d97ddedf;Atendimento muito bom;5;2026-01-17 20:28:07;5.22.0;Caixa
bca402423d3fc63d2762562eb22acdb0;aplicativo está melhorando;4;2026-01-17 19:59:16;5.22.1;Caixa
dce429e0038693e92626e14528247362;bomm;5;2026-01-17 19:47:46;5.22.0;Caixa
dab73c017be35177512f9bea41178634;Eu vi que foi mudando o app da caixa econômica Federal ( a minha é poupança) hoje foi feito um pix entrou no app, mas não no saldo. Pix entra no momento. Esta Assim: 19 de janeiro 2026 segunda-feira..e o valor a baixo. como sendo programado. por favor veja isso, porque se estiver programado foram vocês..por favor. preciso que veja isso, por favor.;5;2026-01-17 19:44:44;5.22.0;Caixa
2d8785a43681aeb1319967c9a8247dc1;O aplicativo melhorou muito Parabéns para todos e quem ganha somos nós Clientes 😄😄😄😄👏👏👏;5;2026-01-17 19:29:45;5.22.0;Caixa
2b7d677830d7814802781583fbbdf7d9;é muito bom gostei muito;5;2026-01-17 19:19:29;5.22.0;Caixa
e946b3320586fbc6488c391a7ac4e368;Eu preciso que vcs atualizem meus dados do FGTS digital não tenho pendencias.[ obs Dados do Empregador .];5;2026-01-17 19:17:51;5.22.0;Caixa
a0d66472d8297bc3ffd38e89bfcf0f56;ficou bem fácil e melhor;5;2026-01-17 19:07:52;5.22.0;Caixa
6b0f35615f7ba5733a48eae9c1813df2;muito bom;5;2026-01-17 19:03:46;5.22.0;Caixa
1dfe4b8b89bc6b938e63aba5f4322884;Como sempre o pior aplicativo de todos os bancos brasileiros. Até para um simples extrato não se consegue obter a informação completa.;1;2026-01-17 18:41:07;5.22.0;Caixa
76a2e54a24a0f33c17ef8ddee636bb7d;muito bom;4;2026-01-17 18:31:47;5.22.0;Caixa
1e7f73cfdaf63cfcff226b1870f6388f;muito bom;5;2026-01-17 18:30:16;5.22.0;Caixa
b2c4a710d25eb36ce034318d585120c9;Muito bom de se trabalhar;5;2026-01-17 18:29:23;5.22.0;Caixa
42affc62c4878defeadb0b1ed8a58967;muito bom o atendimento da caixa;5;2026-01-17 18:17:22;5.22.0;Caixa
10aff5bf5aca48a97e3a3e267509ee84;"Tem opção de habilitar um dispositivo por outro cadastrado, mas diz que precisa ir na agência. Solução muito ""moderna"". Perda de tempo.";2;2026-01-17 18:17:16;5.22.1;Caixa
93e55acf752d4b68ffaab3e78782aa8c;ruim;1;2026-01-17 18:04:35;5.22.0;Caixa
b37e40b6c619ba39d8339386c4190800;O Aplicativo melhorou muito parabéns;5;2026-01-17 18:03:36;N/A;Caixa
e6a8478cd88aa283e3806942bd7c82f6;app muito útil e , só de não ter que sair de casa para resolver algumas coisas já ajuda muito!;5;2026-01-17 18:00:35;5.22.0;Caixa
fbfffdb82e2b0b67470d8f7106454810;ótimo 👍;5;2026-01-17 17:40:41;5.22.0;Caixa
1e75ed9447d399b60088b7595f566ee8;caixa Econômica Federal já sou cliente a mais de 20 anos e faço tudo só na caixa e segura pelo governo federal e garante minha confiança e de todos nós brasileiros;5;2026-01-17 17:31:08;5.22.0;Caixa
99c203e7d13ef842f50c3d5e7cdad05f;Fácil acesso.;5;2026-01-17 17:29:47;5.22.0;Caixa
5e0229f5732f241f05af46c0f6367575;app bom.;5;2026-01-17 17:24:51;5.22.0;Caixa
abd34235579bc40d59c5d3203e2cb8e8;melhorou bastante, parabéns;5;2026-01-17 16:49:05;5.22.0;Caixa
0f298fd8a2ee8b955e123c0e9b9af6f7;❤️❤️ Excelente!!! ❤️❤️;5;2026-01-17 16:43:25;5.22.0;Caixa
faa4e3c49b8a692cbc5121bf10d43b68;Não é intuitivo. Muito burocrático, muitos cliques até chegar ao objetivo.;1;2026-01-17 16:33:29;5.22.0;Caixa
5ce1f89b1ac59f2864ddf22d0b70ad9e;super recomendo;5;2026-01-17 16:04:01;5.22.0;Caixa
fa562d64ddee8f29d243957e3075c9d5;ótimo;5;2026-01-17 15:48:15;5.22.0;Caixa
a1ecc61032d5d35093af602401982dd8;muito bom;5;2026-01-17 15:46:34;5.22.0;Caixa
f8ec1505c34a863faea6ac93f0641e27;Que legal abri uma conta por engano. Pensando que estava criando,novo acesso para conta poupança. Conta corrente achei ótimo e perfeito Essa conta Corrente acessa pelo celular sem complicar Muito fácil e prático Diferente da Conta poupança que exige,ir no caixa eletrônico p/desbloqueio uma dor de cabeça. Gostei muito assim que meu cartão chegar,vou agência solicitar a transferência do meu bolsa família para conta corrente Caixa Até que em fim deu certo Estou super feliz e contente gratidao;5;2026-01-17 15:45:51;5.22.0;Caixa
0338d66f41a1540ab00468a900a78d56;ótimo, funciona muito bem.;4;2026-01-17 15:38:35;N/A;Caixa
d8da641b7822c591797c5af7fcaaef4e;ótimo;5;2026-01-17 15:32:09;N/A;Caixa
dea1bb76b0b39476e5e9314ae9da06ec;não tem como pagar QRcode de imagens que estavam na Galeria do celular, igual outros bancos;3;2026-01-17 15:02:06;5.22.0;Caixa
28eec926bdd59d1059852ef65f53498b;não consigo fazer atualização para nova versão pois não tá cadastrando o cartão virtual;4;2026-01-17 14:49:21;5.22.0;Caixa
c577f3dc6095e85da88b905fa0f2c86a;depois da atualização o app ficou ótimo;5;2026-01-17 14:46:36;N/A;Caixa
001d88ba2439234d07cc880f9331cd2c;Muito funcional e de confiança.;5;2026-01-17 14:43:08;5.22.0;Caixa
e995c6109d20cc54b4c8dd2056743782;excelente;5;2026-01-17 14:38:50;5.22.0;Caixa
b093e243c8d995f77465c1e7b2bc2fbd;uma avaliação muito boa;5;2026-01-17 14:33:38;5.22.0;Caixa
cb589d5b95ef8a92c682a333dbb90f7b;muito boa mesmo essa experiência;5;2026-01-17 14:32:50;5.22.1;Caixa
3bd83cdc47572b28567d3d5e1d784cfc;Gosto de trabalhar com a caixa.;5;2026-01-17 14:31:39;5.22.0;Caixa
dd72906e293c5d73c9187b5d6228986e;"3 dias tentando entrar nesse mísero aplicativo, e só recebo o ""tente novamente"". Após anos de Caixa, terei que ver outro Banco. Ninguém precisa passar por isso. Serviço PÉSSIMO (Claro)! Mais uma vez! Claro, depois de TANTAS! Não acesso o Aplicativo. A-AUT! Que miséria é essa? Aonde temos de buscar ajuda? Na presidência? Na ouvidoria? Arre! Mais e mais e mais uma vez o aplicativo não responde, não abre, e só fica o ""não saiu como esperado"". Que coisa triste!";1;2026-01-17 14:12:04;5.22.0;Caixa
4309098e856a91f66c70daeb702b151c;ótima;5;2026-01-17 14:11:34;5.22.0;Caixa
5aa8b358e3080edc4327c5e0ef62121b;eu opero bem;5;2026-01-17 13:56:00;5.22.0;Caixa
d9d56c61523f51a09ca612e4934e9f54;Problemas ao enviar fotos do Reforma Brasil. Sempre dá erro. Pelo aplicativo fiz uma simulação para para um empréstimo pelo Reforma Brasil que em seguida foi aprovado o valor ficando só faltabdo a conclusão enviando fotos como exigido para liberação do dinheiro através do aplicativo. Mas todas as tentativas que fiz ocorreu erro. Já fiz alguns procedimentos chegando até desinstalar e instalar o aplicativo mais até agora não consegui enviar as fotos.;3;2026-01-17 13:50:39;5.22.0;Caixa
39e2de096f8b645947a88c49dc3ea08f;bom 😃,;3;2026-01-17 13:41:50;5.22.0;Caixa
9f759443192797131170fab10ba9b252;ótima;5;2026-01-17 13:31:56;5.22.0;Caixa
42b8a3a213e29e13f378d49a215c434a;Por quê tudo tem que resolver na agência da caixa econômica Federal. aq na minha cidade não tem tenho que viajar pra longe por uma coisa tão sempres de sé resolve 🤔🤔;1;2026-01-17 13:26:00;5.22.0;Caixa
8ba699232722cffa522ce175a372740b;um dos melhores banco caixa econômica federal;5;2026-01-17 13:14:13;5.22.1;Caixa
6c208552d26e4655de89e01fb9c04885;Está de parabéns a Caixa econômica.;5;2026-01-17 13:12:33;N/A;Caixa
ea5142dbdf62bc14db23319fb03d065f;É um banco 🏦 muito bom eu adoro ser cliente da caixa 📤;5;2026-01-17 13:12:23;5.22.0;Caixa
557b561a3887f8dedee0a05ca41d14a9;muito Bom;5;2026-01-17 13:03:18;5.22.0;Caixa
26d971760552485418518bf2ac80d6ef;não me acho no extrato;2;2026-01-17 13:00:13;5.22.0;Caixa
99819934ed9923c987ec0c63cbe81dea;muito bom;5;2026-01-17 12:52:24;5.22.0;Caixa
a0e26b9dc7cccc78b6f0d6ae8d540e5d;ótimo amo ser cliente caixa nunca tive problema com esse banco parabéns;5;2026-01-17 12:39:02;5.22.0;Caixa
e3a339c882c0d141fff63fbcf12c4e11;muito bom esse aplicativo eu conseguir fazer pix tira extrato pagar minhas contas;5;2026-01-17 12:34:37;5.22.0;Caixa
d40eca5b94a8a2ce9cb6920f4d474d85;ótimo;5;2026-01-17 12:32:00;5.22.0;Caixa
4bf8dd9c063a8f00e7055106ab551cfd;meu app parou de funcionar e agora diz que meu dispositivo não está cadastrado;1;2026-01-17 12:26:59;N/A;Caixa
14a03455a36d826b7ab660c8fccb8190;muito boa;5;2026-01-17 12:23:47;5.22.0;Caixa
35dc7d9096cb6b0e7f8a1ddc125659b2;muito legal estou utilizando a pouco tempo mas já estou gostando;5;2026-01-17 11:59:21;5.22.0;Caixa
73899f82e0b7f7a7eb95b351b5352c62;precisa melhorar a acessibilidade. dias de muito movimento o app trava;4;2026-01-17 11:51:02;5.22.0;Caixa
57d07e0eda6a3f59acd93dded3f17b16;tá difícil de usar o app não se ficar uns dias sem acessar bloqueia a senha mesmo estando correta toda vez que tento acessar tem que cadastrar novo usuário e estou tentando fazer o cadastro e não consigo esta tentando vincular o usuário a uma conta que não é a minha tá muito difícil;2;2026-01-17 11:50:42;5.22.0;Caixa
d865703e714c36fab60cfe444112e3cc;muito bom o atendimento;5;2026-01-17 11:48:11;5.22.0;Caixa
6644c9925ac5b691195530b1049f854b;Porque pede para atualizar o aplicativo e não atualiza? não consigo entrar na minha conta;5;2026-01-17 11:47:58;5.22.0;Caixa
83d08a9b25d252255f91586174a86cab;Boa!;4;2026-01-17 11:33:03;5.22.0;Caixa
f0caaa6d1ed1edea3afc56af5c1f5e17;ótimo aplicativo;5;2026-01-17 11:27:15;5.22.0;Caixa
67d6920f4ca3706a47bec3f6449d6217;horrível;1;2026-01-17 11:26:29;5.22.0;Caixa
e9ec8632b469f0a2280b62e6cf2f20b0;o brasileiro só usa o aplicativo caixa porque é obrigado nem pra pagar conta serve;1;2026-01-17 11:16:01;N/A;Caixa
573db51c7bad2ed246896e7ffeae36f3;Ótimo!;5;2026-01-17 11:02:13;5.22.0;Caixa
ab09a116942a9e6ec32f1888155f6f8c;"Sou ""cliente"" desde 1985 e sempre fui bem atendido.";5;2026-01-17 10:59:13;5.22.0;Caixa
3f70e81dafb6062afe9ec8b115e7f4b1;ainda acho meio confuso, não é personalizável, botão de extrato no lugar do'olho' do saldo confunde a gente. foi uma pioria. concordo em ficar mais acessível mas não quebrando a relação do saldo com seu botão de visualização.;3;2026-01-17 10:44:19;5.22.0;Caixa
52f8fd79fc1fc65a49852587a8e940b9;Estou gostando muito de utilizar.;5;2026-01-17 10:43:31;5.22.0;Caixa
a7f92ec6ad2f1c816a9114950aba5d73;ótima;5;2026-01-17 10:39:50;4.9.0;Caixa
209913459d017ea2b28302e36a9fdea0;muito bom;5;2026-01-17 10:24:44;5.22.0;Caixa
04483a2b4a2613dcee1aab1e4281f28d;ótima;5;2026-01-17 10:22:37;N/A;Caixa
20de005199b9b65839c124441dd3d3b4;otimo;5;2026-01-17 10:11:00;5.22.0;Caixa
d2ffbeb2f474d6cd8b4a86a43753e444;De fácil operação;5;2026-01-17 09:58:49;5.22.0;Caixa
5348cf4624f82f033f36cdb6dbb23e7a;EXPERIÊNCIA BOA;5;2026-01-17 09:53:00;5.22.0;Caixa
21916b63702ca514350bba8e89b0fa81;sem reclamações;5;2026-01-17 09:40:24;5.22.0;Caixa
4044d9a42490e29c57537f02f58dff98;, tenho essa conta des 16 anos estou com 54;5;2026-01-17 09:33:31;5.22.0;Caixa
b8edcdcd813f2ae849f8150f3cd40961;e um app bom e confortável;4;2026-01-17 09:30:40;N/A;Caixa
d3b6e865ddd909a537c651f74350d887;gostando muito;5;2026-01-17 09:28:18;5.22.0;Caixa
50e67280643e146eb8df3385d28ec10c;O aplicativo não está abrindo quando acesso. Só abre quando bem quer. Está atualizado porém não consigo acessar .;1;2026-01-17 09:28:05;N/A;Caixa
02c189fc39bef1207a4db5a18e6f95cf;ótimo;5;2026-01-17 09:24:06;5.22.0;Caixa
3aa87ff415f999f8aeb5a3862745661c;gostei;5;2026-01-17 09:15:51;5.22.0;Caixa
0de858223928acd2f5fdae68efb0b344;já tenho conta na caixa polpanca;5;2026-01-17 09:10:49;5.21.1;Caixa
6b790b44465aa22b64436f809fbec6d3;muito bom rápido e prático!;5;2026-01-17 09:00:32;5.22.1;Caixa
353ea7fc79c44211c20e3770aff68f4f;faz 16 dias que eu não consigo fazer pix já fui a agência eles falaram que era estabilidade que o msm voltaria e até agora não resolveram a minha senha está bloqueada já fiz outra e nada de nada,eu estou sem conseguir pagar meus boletos queroooooo uma solução porfavor dona caixa;1;2026-01-17 09:00:19;5.22.0;Caixa
9aef60a5b424951d1696f244beb9b352;É ruim irritante.;1;2026-01-17 08:46:02;5.22.1;Caixa
d78448314340a1e6181cc1fa181beaa2;Aplicativo orrivel;1;2026-01-17 08:45:54;5.22.0;Caixa
f6ac52c1e620a55240d3f32220dc48e7;muito bom ótimo app caixa estou satisfeito;5;2026-01-17 08:44:42;5.22.1;Caixa
1d450e3b46243ef12f06f7d96f3593ff;atendimento de qualidade, pessoa muito educado, atencioso e tem muita paciência;5;2026-01-17 08:31:29;5.22.0;Caixa
6b97e3b9d5c22fcb75a1be5400a6ae50;muito útil pra mim no meu dia adia;5;2026-01-17 08:28:31;5.22.0;Caixa
49749df44bfab2c0cb17ea86ad92692c;tudo de bom e maravilhoso;5;2026-01-17 08:28:11;5.22.0;Caixa
a5f1acc65f11f2e44a5fa2e1b8fe0a4f;aqui diz impossível realizar cadastro;5;2026-01-17 08:12:05;5.22.0;Caixa
3bb985f7002fed23eb5e7718b39a6bec;sou bem atendida, as pessoas são atenciosos, trabalham com responsabilidade, respeitosos.;5;2026-01-17 08:10:35;5.22.0;Caixa
08171372cdbdbf637170941395f62cee;muito bom;5;2026-01-17 08:05:05;5.22.0;Caixa
0bba01c3b085b2829fe82553552a4677;demora muito pra abrir o aplicativo;3;2026-01-17 07:50:05;5.22.0;Caixa
8c56c760025274380e6c36dad0256abd;rápido e simples;5;2026-01-17 07:36:17;5.22.0;Caixa
898e1ce5618afc3a332f9edbb3e9aa03;bom diaaaaa muito bom o aplicativo da caixa econômica federal tá de parabéns 👏👏👏👏;5;2026-01-17 07:29:25;5.22.0;Caixa
fce6994cd47bb2519be73450a4b25216;Excelente.;5;2026-01-17 07:20:21;5.22.0;Caixa
130fce69eed3cff3e688a71dfef4910f;excelente;5;2026-01-17 06:53:47;5.22.0;Caixa
7a24cd3c48a8afa426b24c7592deddf5;muito bom. obrigada;5;2026-01-17 06:18:45;5.22.0;Caixa
b360f00d038e235dbea0a7670f70dd25;muito falho;2;2026-01-17 05:58:20;5.22.0;Caixa
c6942713b213ca4c2af51b90d38a9212;ótimo;5;2026-01-17 04:58:59;5.22.0;Caixa
2e5e2281fd7a1e9d4694c4f5afea41d6;Deu uma melhorada após últimas atualizações.;4;2026-01-17 04:54:07;5.22.0;Caixa
41f5ee875a3d5b82b410065c4480273d;agora tá pior transfere a conta pra outra agência e nem a conta agente consegue acessar tinha dado 2 estrelas me arrependi tirei 1 nunca presta essa b.;1;2026-01-17 03:51:13;5.22.0;Caixa
63c0c593a4823cbda8e2dea133843656;Depois da última atualização, as vezes não consigo abrir o app, tento até três vezes e dá erro, quando está copiado um Pix pra pagar não aparece mais como aparecia na hora que abria o app, e quando tento colar e copiar só aparece que a chave pix é inválida;3;2026-01-17 03:05:27;5.22.0;Caixa
abddd464432e4bd7b596e375e0edd032;tá um lixo ta só dando erro essa nova atualização tá loco não consigo nem entrar na minha conta incrível foi só postar meu comentário que resolveu o problema agora sim;5;2026-01-17 02:29:17;5.22.0;Caixa
a63fce1e9abc85f60a4ae8f8cc6bc40c;não existe app pior que esse toda vez que vou acessar sou obrigado a fazer um cadastro novo criar nova senha novo usuário isso é um saco sem contar que toda vez tenho que cadastrar a biometria o app ficou um lixo;1;2026-01-17 02:23:15;5.22.0;Caixa
16edebb323270ff46ccf368bbbe13d35;estou tentando na minha conta pix que absurdo mas o splicativo da caixa nao abri preciso de ajuda;3;2026-01-17 02:11:17;5.22.0;Caixa
283a139d54956892ec8e08cbb21da621;ruim;1;2026-01-17 02:02:59;5.22.0;Caixa
1ebce44d4d98c058f2ebf22d46f5b52a;Aplicativo muito ruim, difícil de usar.;2;2026-01-17 00:16:24;5.22.0;Caixa
3b7feb6900f764ca2a10685966c7fe02;boa nota 👏 10;4;2026-01-16 23:18:48;5.22.0;Caixa
5f0d34225381bb82311fc877c0b969ef;estão de parabéns;5;2026-01-16 23:02:05;5.22.0;Caixa
df3dc7d85ec246a9898f31af2dff15b8;sempre que preciso,consigo fazer minhas transações comerciais .;5;2026-01-16 22:48:50;5.22.0;Caixa
140ac4e1a70a6449ef9018df80beaed7;otima;5;2026-01-16 22:45:15;5.22.0;Caixa
da5f2ce7fd9ada017196cd352833347a;app todo cheios de bug, demora e da muitos erros na hora de entrar no app, e nao é porque eu coloquei algo errado nao, é erro do próprio app;2;2026-01-16 22:43:48;5.22.0;Caixa
f0f328d8bcb09d99504502db273b9625;me adaptei bem com aplicativo;5;2026-01-16 22:43:16;5.22.0;Caixa
f3725e0bcdcbaa45b1e0d6e277c92f68;muito bom;5;2026-01-16 22:38:02;5.22.0;Caixa
ccc8a92aa6dd762d09d4c61d5c924c81;facilitou muito a vida de milhões de usuários.;5;2026-01-16 22:31:54;5.22.0;Caixa
89f48aeadcf9327e53b292f3c83bed9c;ótimo atendimento;5;2026-01-16 22:31:50;5.22.0;Caixa
dce2495f5fdcc416a46781c1fdcdea21;não está funcionando na carteira do Google no poco X7 pro da xiaomi só pede pra atualizar o aplicativo da caixa;5;2026-01-16 22:29:50;5.22.0;Caixa
e301ab01d0caffefded3abbb73f425f2;CADA ATUALIZAÇÃO INVÉS DE MELHORA PIORA DESDE A ÚLTIMA ATUALIZAÇÃO SISTEMA LENTO ATÉ DEMAIS PRA ACESSAR PÉSSIMO;1;2026-01-16 22:11:34;5.21.1;Caixa
e7251b992bd9aed87ec4868e30d4d9e8;simplesmente me ajuda em tudo que preciso obrigado;5;2026-01-16 22:11:21;5.22.0;Caixa
a0c65d03057e14bda3658f58fec4fbc3;maravilhoso;5;2026-01-16 21:54:50;5.22.0;Caixa
1afc6af956605d75b61f95ac1c4d1240;permissões de notificação e localização câmera microfone já é o suficiente agora nossas ligações aí já e de mais né;1;2026-01-16 21:53:19;5.22.0;Caixa
2b75e8ac266b2f117de2d71eb8201779;Está complicado esses dias de acessar o aplicativo Tenho que reinstalar toda hora para entrar;1;2026-01-16 21:50:11;4.2.2;Caixa
6ea61b3d344caf43510ab8d71fbe90c7;Horrivel;1;2026-01-16 21:44:51;5.17.1;Caixa
718aad1ba885bdc384db6ec29a8d9309;aplicativo não ta me permitindo enviar as fotos da reforma pronta do progama reforma casa brasil,não aparece nem o local onde envia as fotos,se vou na agência também não dão jeito ai a multa e as restrições de cpf vem pra mim por não cumprir a minha parte...sendo que a culpa nem minha esta sendo isso e um absurdo.;3;2026-01-16 21:44:16;N/A;Caixa
41314171f9dc96a2ac4c2b2c4e59710d;ótimo durante a semana ,mais sinal de semana é complicado;5;2026-01-16 21:37:59;5.22.0;Caixa
3b27ae5b2b9913570b37feda23718b4a;gostei muito da nova atualização.;5;2026-01-16 21:29:23;5.22.0;Caixa
4ac324bab06c6b9fcce0c280eaf4cffa;Simplesmente o app bancário mais lento que eu já vi (presumo que seja para manter o alinhamento com o atendimento presencial nas agências). A programação de débito da fatura do cartão de crédito não aparece nos lançamentos futuros. Isso precisa ser regularizado com urgência.;1;2026-01-16 21:02:41;5.22.0;Caixa
12dea7208030dc431e11df7a9d72f57d;muito bom o app;5;2026-01-16 20:57:18;5.22.1;Caixa
2304bb14380c7b7ad138cd1a249f51e6;muito demorado pra resolver problema com o aplicativo da caixa via pix;3;2026-01-16 20:56:16;5.22.0;Caixa
a739929f9b22ccfca70e3c1ca00979f6;bom atendimento facil de manuzear;5;2026-01-16 20:54:49;5.22.1;Caixa
901caf0c1dc38d08a56d51cbff199994;o aplicativo melhorou muito depois que foi atualizado, a interface também ficou mais bonita. parabéns aos desenvolvedores.;5;2026-01-16 20:53:16;N/A;Caixa
d81f0ba3b2a62612ed5d15d99b205c3c;bom 🔝;5;2026-01-16 20:44:38;5.22.0;Caixa
116cbe547a558384a8454f086e73e802;bem agradável.;4;2026-01-16 20:40:26;5.22.0;Caixa
e8186bee4f56caba444645d258c34b6b;a experiência é boa;4;2026-01-16 20:35:56;5.22.0;Caixa
e756a5004bd1d9397de6be9524f8d27d;ótimo.;5;2026-01-16 20:34:22;5.22.0;Caixa
44d2673eef61510583b07e96db674908;muito bom o atendimento;5;2026-01-16 20:28:49;5.22.0;Caixa
3f10b487d6f5f1ca5944e5b3b96d8266;excelente;5;2026-01-16 20:27:03;5.22.1;Caixa
534eaece55950fc0286754ad47a3c25a;Ótima;5;2026-01-16 20:25:18;5.21.1;Caixa
0b9e7e6975ad1efe963da5ffd8e0d35c;exatamente 🙌;5;2026-01-16 20:24:22;5.22.0;Caixa
a3e2a66dd75d5ce69dd61380eea48b00;excelente, muito util;5;2026-01-16 20:13:00;5.22.0;Caixa
bc34158ba288e2492cd99dc6d08ad394;Eu gostei muito;5;2026-01-16 20:12:14;5.22.0;Caixa
8da198773e77a882192e444ea50031d6;praticidade;5;2026-01-16 20:08:21;5.22.0;Caixa
7c445841cd140e52d7a913f4104a4e76;Horrível não da pra instalar;5;2026-01-16 20:01:56;5.22.0;Caixa
82af579d3f727f8c8d0939d1883d87c1;ótimo;5;2026-01-16 19:59:33;5.22.0;Caixa
43c861b4f124fb84bd7934256e98f6cf;muito bol;5;2026-01-16 19:51:06;5.22.0;Caixa
ec98b74b0683d53fb066c28279f3bb9e;Fala q para usar o Google play tem q fazer uma atualização no app da cx econômica, mas não tem atualização e não abre no Google play. muito ruim.;3;2026-01-16 19:43:48;5.22.0;Caixa
3c8e3ef4f08f60c842386eaf8e040193;aplicativo que eu quero que abra da loteria não abre abre o da Caixa play store eu não consigo ficar logado;1;2026-01-16 19:38:37;5.22.0;Caixa
c5cfeab79c1edf2817b07839e113a7a2;nao consigo abrir a conta. Quando chega na parte da facial ele da erro.;1;2026-01-16 19:34:45;5.22.0;Caixa
e1e65de8fdaf0775a6d90b69ecfae726;pior app de banco.;1;2026-01-16 19:29:21;5.22.0;Caixa
f77b4cd7a2bc4c3ba4ae19b29e46702e;Estava gostando, porém está demorando muito para carregar últimas compras e faturas, não venham dizer sobre internet porque já testei e não é.Já falei bem aqui mas começou deixar a desejar.;3;2026-01-16 19:26:35;N/A;Caixa
0e30c2dadced46150e9cb622aff72b99;Não consigo mais acessar desde o dia 17/12/25, fui a agência, também, não solucionaram, toda vez que atualiza app eu fico sem conseguir abrir o app, decepcionado e sem atendimento adequado, vou tentar na ouvidoria, nem ouvidoria consigo nada Tudo em vão, vou ter que ir na agência, perder um dia trabalho, por app que vive perdendo a função;1;2026-01-16 19:26:01;5.22.0;Caixa
0ffade527ee8e46d24fc12359a8e954a;pra mim tem sido bom;5;2026-01-16 19:17:22;5.22.0;Caixa
877f5064fc8afd4c5a6db732c4f5525e;caixa não é só um banco é tudo que precisamos ela é top e caixa 👏👏;5;2026-01-16 19:16:04;5.22.0;Caixa
4aea82462ad6921adc2786d466efe990;o cartão da caixa sempre é uma excelente opção, não importa onde a gente está, você pode usar para tudo sem burocracia um app completo.;5;2026-01-16 19:12:35;5.22.0;Caixa
428c39b22605247be1f33a2f9f9efad7;muito boa;4;2026-01-16 18:58:44;5.22.0;Caixa
abed2dd62a23c062660382f44784b623;sempre bem atendido com rapidez eficiente;5;2026-01-16 18:51:50;5.21.1;Caixa
1bca7b98af6c3ed559feb946af247a1e;oi a primeira vez que uso este sistema, pode fscio + vou tentar faser este jogo.;4;2026-01-16 18:51:23;5.22.0;Caixa
40cbc09e6212f34dd194e6f70670e35e;aplicativo péssimo, não reconhece o meu usuário.;1;2026-01-16 18:49:38;N/A;Caixa
cf40aab328af4880e1b643a2e48e6144;ganância descontrolada falsa ajuda;1;2026-01-16 18:44:31;5.22.0;Caixa
ed72422c196cfb253d91d3593e97543f;nota 10 o brigado qui Deus a bençoa;5;2026-01-16 18:27:21;N/A;Caixa
42c2cda99512d20feebcc0af616358a6;Vocês poderiam liberar o dispositivo em uma lotérica também. La e até melhor, porque você apresenta todos os documentos presencialmente e o atendente mostra na tela do computador qual dispositivo desejava desbloquear, ai o cliente mostrava o qual ele queria liberar. Ir até agência não deveria ser uma única opção com caixa eletrônico. Estou achando difícil porque estou morando longe e não tem agência. Esse era um serviço que as lotéricas deveriam fazer também. Estou rebaixando a nota, lamento;3;2026-01-16 18:24:05;5.22.0;Caixa
14434e4a365ae0e2528a9f9644bf0fed;tudo tranquilo;5;2026-01-16 18:17:16;5.22.0;Caixa
0fd78fbc341b1aad6b2bae6cfe96b6d9;Sempre boa;5;2026-01-16 18:05:40;5.22.0;Caixa
63b18a2673b7da30e335af2a2f60de2a;excelente;5;2026-01-16 18:03:38;5.22.0;Caixa
0f4e515972dda0ba5c5eb994bd8b7a8b;trabalho a muitos anos e é ótimo;5;2026-01-16 18:02:50;5.22.0;Caixa
28c6261f9dc46980f6ee8d4663f95cfc;rápido;4;2026-01-16 17:58:38;5.22.0;Caixa
ae889723cd26a761d696c90246d043bd;como sempre o app nunca funciona direito. sempre que pagou DAE de MG, a tela fica branca, não gera comprovante. ao tentar pagar mais um, fala que a transação está indisponível e que eu deveria logar novamente. eu passo o dia todo pagando DAE e esse procedimento toda vez só atrasa;1;2026-01-16 17:55:17;5.22.1;Caixa
e56aadb1b6dd6e466d1f4ffb25691bc2;Ótimo serviço deste aplicativo da caixa,facilita bastante o nosso dia a dia;5;2026-01-16 17:54:11;5.22.0;Caixa
7c88dd435da2ae2bccb44fa5312d6d5a;muito bom obrigado;5;2026-01-16 17:48:30;5.22.0;Caixa
74cea6920abc69c0513417e399c84d8e;feliz novo ciclo de 12 MESES, gratidão por tudo 🙏.;5;2026-01-16 17:37:16;5.22.0;Caixa
413af0763aed6e77ae9cd8693b008a67;Ok...;5;2026-01-16 17:36:30;N/A;Caixa
3238ce8da9edeed0785cf07b6fe8a963;não estou nem entrando no app! fica dando erro! FOI BEM ATENDIDO PELOS FUNCIONARIOS DA CAIXA DÍAS D'ÁVILA BA! ESTAVA PEDINDO PRA CADASTAR UM NOVO USUARIO! DESCOBRIMOS QUE FOI A PERMISSÃO DE LOCALIZAÇÃO! CONCLUIDO COM SUCESSO! ESPERO QUE NÃO ACONTEÇA MAIS ESSE ERRO! OBRIGADO PELA ATENÇÃO CAIXA!;3;2026-01-16 17:33:47;5.22.0;Caixa
94a3f8a11df2df301754fd3f3c21c855;agora está excelente, 100%Excelente;5;2026-01-16 17:29:42;5.22.0;Caixa
d15d7cf47b759c7e9a7f7711fb4cf5f4;muito bom;5;2026-01-16 17:23:02;5.22.0;Caixa
468494bfd4d46b09b43e91159afaf3cd;muito bem explicado;5;2026-01-16 17:20:21;5.22.0;Caixa
59b13bd1892829037f76ea48f6165af8;"Não consigo criar minha conta sempre aparece a mensagem ""SISTEMA INDISPONÍVEL TENTE MAIS TARDE"" 🥹";1;2026-01-16 17:07:08;N/A;Caixa
da4f0b783df83a5104576e6b2dc5dd7b;demora no saldo;3;2026-01-16 17:01:37;5.22.0;Caixa
971317c6f2855ed0153fb6cd966bc088;Está impossível abrir a conta digital caixa, espero que a equipe de TI se mostrem competentes e melhore essa situação.;1;2026-01-16 16:57:09;N/A;Caixa
e0fd51c3565d91717718d121ec93b22a;o APP está com problema, entra na conta mas não dá para fazer nada, qualquer função que vai fazer não carrega a página, nem para pagar conta como pagar o próprio cartão de crédito. depois vão querer cobrar juros por atraso.;2;2026-01-16 16:50:07;5.22.1;Caixa
451b95cf285f87ca7219070aafd3b4b1;excelente;5;2026-01-16 16:49:34;5.22.0;Caixa
1d5f34fc8120e87ff8525a8afda8eba2;excelente banco;5;2026-01-16 16:49:26;5.22.0;Caixa
102b1141c0f6e7d80ce1f7b53577f7d6;o melhor;5;2026-01-16 16:44:18;5.22.0;Caixa
5aa14d11c96cc257b4c055657e27cd32;muito bom;5;2026-01-16 16:33:34;N/A;Caixa
797e593b3f5b475f7c18797cdd95dac5;App muito bom, bem intuitivo.;5;2026-01-16 16:31:44;N/A;Caixa
bd925bb6aba92784b0552b0a2163d9de;Obrigar o usuário a desabilitar o modo desenvolvedor do celular pra utilizar o App é o fim mesmo! eu sempre utilizo modo desenvolvedor ativado pra fazer melhorias e agora não libera acesso a caixa. Então vou ter q deixar de usar o aplicativo CAIXA...;2;2026-01-16 16:28:39;5.22.0;Caixa
5a5df72654b44936ab6a03ab68fcde91;Tenho tido um bom retorno e facilidade em utilizar o app estou aprendendo aos poucos.;5;2026-01-16 16:26:13;5.22.0;Caixa
3553244e4b5064df58db3cf3010d33ae;exatamente;5;2026-01-16 16:20:57;5.22.0;Caixa
f19ff63b0915f4ba4fd46b2f350c4d58;não estou conseguindo acessar;1;2026-01-16 16:17:27;5.22.0;Caixa
e13de98c0cfc2e2bbfd37867dde85103;É muito bom ter a caixa!;5;2026-01-16 16:16:25;N/A;Caixa
e845de19fca383468f513d7da926b55a;excelente;5;2026-01-16 16:13:43;5.22.0;Caixa
12c436d72ac9734ca318b68b3a6b478f;facilidade e praticidade, sem burocracias, gostei muito da experiência, obrigada!;5;2026-01-16 16:13:26;5.22.0;Caixa
47b84ecfa2981002bca34134da310f5f;Voltei para parabenizar pela correção dos erros do aplicativo, só não darei 5 estrelas, pois não consigo transferir o dinheiro da poupança que possuo por muito tempo.;4;2026-01-16 16:05:19;5.22.0;Caixa
0ef94c598ac0e26bbf8f260855cc0359;Falta um pouco mais de simplificação mas c mais recursos e tem hora q custa p processar ou abrir. Mas está bom.;4;2026-01-16 15:52:46;5.22.0;Caixa
e5298b9cde1946bf5e750d1e8332e798;otimo atendimento sempre prontos pra nos ajudar;5;2026-01-16 15:47:44;5.22.0;Caixa
d58893a21639188da92369a106253641;ótimo;5;2026-01-16 15:38:33;5.22.0;Caixa
c0963142d291727600a55075024fcdce;muito eficiente;5;2026-01-16 15:29:14;5.22.0;Caixa
a1045b8e053e70666f4cc5263343e802;muito lento f8ca muito fora do ar;3;2026-01-16 15:25:25;5.22.0;Caixa
57e1156afa11fe1035d03fa03e99c861;boa muito bom maravilhosa então foi legal a boa boa boa;5;2026-01-16 15:24:58;5.22.0;Caixa
ce05fdb4852776080221e6e36b0a74f9;muito fácil de usar e com muita segurança... sem precisar me deslocar a uma agência física... amei 💓;5;2026-01-16 15:21:05;5.22.0;Caixa
4fc81bcc22f94baeaf89f2bd31e800fa;muito bem construído, experiência fluida e direta ao ponto;5;2026-01-16 15:20:54;5.22.0;Caixa
7b021d1fdb3358878748ab9cd6cd51e6;muito bom;5;2026-01-16 15:05:47;5.22.0;Caixa
ce9bf5981234bee38e840c6f5135ffcc;gostei;5;2026-01-16 14:56:17;5.22.0;Caixa
cbdd0ee80ed8840c8783b6d96f3f9e7b;ótimo 👍;5;2026-01-16 14:54:16;5.22.0;Caixa
e62bcca02cb44158bd2fa4e9fb6ef743;valeu;5;2026-01-16 14:52:08;5.22.0;Caixa
fcebe86fe7c354bb2df00c6b654d65ac;muito boa, as vezes trava um pouco;4;2026-01-16 14:50:46;5.22.0;Caixa
02c3f55d02ae7ce91d225380bb11a3d9;Muito tempo de espera de um assunto pro outro, as vezes tem que repetir uma operação já sido feita .;2;2026-01-16 14:45:01;5.22.0;Caixa
ec1dc18d3ed894b968782748dcb55f51;É um ótimo Banco;5;2026-01-16 14:40:18;5.22.0;Caixa
6001b6ab6540a80b628a4bc16ac4429c;otimo;5;2026-01-16 14:35:24;5.22.0;Caixa
7f7bf2d103b6f796e0e659e7b3b7a10d;muito bom 👍;5;2026-01-16 14:34:37;5.22.1;Caixa
5bea55faa1027afa004d2053855a9850;Muita dificuldades de acesso para aposentados.;1;2026-01-16 14:27:13;5.22.0;Caixa
4353b251e8cdcd5ad4736259da263064;excelente;5;2026-01-16 14:26:18;5.22.0;Caixa
ada55765183ac0463a51b9d5be0c1108;erro na leitura facial, aplicativo lento e informações erradas. aplicativo horrível. tem que demitir os desenvolvedores desse aplicativo.;1;2026-01-16 14:24:36;5.22.0;Caixa
ad6e8ad5692041973c86a0f9289c7423;amo o aplicativo muito básico e funcional;5;2026-01-16 14:16:24;5.22.0;Caixa
010048aa2f2b3bd807f4244ae2a795b1;Bom 👍;5;2026-01-16 14:12:46;5.22.0;Caixa
173c8e9bafa008ca1ec3b2254b0ea2a4;ser cliente é o máximo;5;2026-01-16 14:12:45;5.22.0;Caixa
f0000112375a7ea52d105e91e6c62814;muito bom o aplicativo.;5;2026-01-16 14:05:46;5.22.0;Caixa
a808c3a8cdc0ac9f22ea96184f4087e7;Esse aplicativo da Cx e uma parada eles inventaram essa tal de senha eletrônica que faz o cliente ir na agência sendo que pôde fazer no aplicativo como os outros Bancos fazem não sei porque tanta burocracia nota zero p eles;1;2026-01-16 13:54:41;5.22.0;Caixa
2d7de14de93fef91cb8a60a625b515e5;app muito proveitoso.;4;2026-01-16 13:53:29;5.22.0;Caixa
579ef76b82ce7d873b1cf3bfb88310b3;app caixa....confiável e simples;5;2026-01-16 13:53:22;N/A;Caixa
cb6b3bf7460b2064d36aeaf1f81a7a15;muito claro o aplicativo. gostei da atualização;5;2026-01-16 13:40:14;5.22.0;Caixa
25d057ed87f758f7223d119d12b5ecc2;fácil utilização;5;2026-01-16 13:39:43;5.22.0;Caixa
2793f9f724ea8993af82dd71cd44c154;queria que a conta do cartão fosse descontada automaticamente.;3;2026-01-16 13:39:19;5.22.0;Caixa
e59ffdf112aa2a7212934551385d8508;ótima. muito bem atendida;5;2026-01-16 13:37:02;5.22.0;Caixa
9b076910185161af624f923590560aa0;Facilidade de operação;5;2026-01-16 13:33:05;5.22.0;Caixa
7cc47d8dd9fed1f04cd4dcd7039bf4de;demora muito para abrir.;3;2026-01-16 13:32:46;5.22.0;Caixa
40b07481fcd348aff16451ed9a61c688;motorista;5;2026-01-16 13:30:48;5.22.0;Caixa
5b2f64c7a3588b89fd5665bbaffabc4f;fácil acesso;5;2026-01-16 13:25:45;5.22.0;Caixa
90d6a774eb514d681f561e7d624b218a;muito bom;5;2026-01-16 13:22:48;5.22.0;Caixa
de7817a1bf5db4de73cd584c102e4a83;É muito gratificante trabalhar com a cx Econômica sempre estão mandando novidades e ficamos por dentro de todas as informações;5;2026-01-16 13:14:59;5.22.0;Caixa
5b59638febd565f88cc578347f581542;estou otimosta;5;2026-01-16 13:09:34;5.22.0;Caixa
568fcedb85f24b92b9cefbcef0ae8877;boa! achei ótima.;5;2026-01-16 13:08:49;5.22.0;Caixa
c80837de94e28ff1c5fab00ffb7b1dbe;muito bom!;4;2026-01-16 13:06:26;5.22.0;Caixa
74c94533867dcd05880bef332652c39f;falha toda hora;1;2026-01-16 13:05:24;5.22.0;Caixa
2e36caf88d4a2983c1c026c86add4571;muito lento;3;2026-01-16 13:03:12;5.22.0;Caixa
588f107fc406a839662a49caea60bcb7;Muito bom, facilitou a vida,sem ter que dirigir a uma casa loterica!;5;2026-01-16 12:56:41;5.22.1;Caixa
964a12234ad2fea4e1d8d341de9a3aab;ótimo;5;2026-01-16 12:53:55;5.22.0;Caixa
195601618bf5f9647bf56e9ce979194f;eu gosto pq eu não sou muito inteligente e eu consigo mexer com facilidade;5;2026-01-16 12:43:46;5.22.0;Caixa
863b461f1d311a7d3dfd89593eb8cd38;ótimo;5;2026-01-16 12:39:20;5.22.0;Caixa
061fc45c60a916d88e8baf661f4c63e0;eu gosto muito do aplicativo da Caixa;5;2026-01-16 12:34:29;5.22.0;Caixa
f28e0294b4eda5643fc486ab73a0f597;ótima;5;2026-01-16 12:31:12;N/A;Caixa
5155155de0ee38ecd48d2191438130fe;não sei como fazer PIX;5;2026-01-16 12:30:42;N/A;Caixa
a354a834d3c6904b435c49c2b1ac6d57;muito lento ,demora carregar todos os serviços que o aplicativo oferece;3;2026-01-16 12:28:51;5.22.0;Caixa
71cd17ad780fa6c76e98d9a70dd6134a;facilita bastante;5;2026-01-16 12:22:07;5.22.0;Caixa
35b9d1005830eaf3db86601fd91e7d17;ótimo;5;2026-01-16 12:18:56;5.22.0;Caixa
e72ab1efa8dcb189216465c36970acaf;a caixa é uma maravilha.;5;2026-01-16 12:16:58;5.22.0;Caixa
2da2dcec71803f90208dbeff1ef8fd9a;ótimo;5;2026-01-16 12:14:59;N/A;Caixa
e8923228ff9b9afd692d500ab9ce31e5;aplicativo muito bugado,trava direto, da muito erro na hora de acessar a conta;2;2026-01-16 12:14:14;N/A;Caixa
ca915be6de319962a9630c9ee172c0cf;Aplicativo sempre atrasado em recursos;1;2026-01-16 12:08:30;5.22.0;Caixa
2d9d2034af155439c98fd22eaee0112a;otimo;5;2026-01-16 12:07:42;N/A;Caixa
f46f4af0df747ab93251b7cd4e0ff517;satisfeito;5;2026-01-16 12:04:06;5.22.0;Caixa
4cb9fdbf965e42cab42ccf01ab34a843;ótimo;5;2026-01-16 12:01:57;5.22.0;Caixa
a686f8426e8759f95211001ef2a01db9;ótimo;5;2026-01-16 11:59:56;N/A;Caixa
e50e0b320fcdf7083e07c8a0d289677e;eficiente;5;2026-01-16 11:58:34;5.22.0;Caixa
06ade35ab0302381b2ddf09df2c8ea83;muito bom;5;2026-01-16 11:53:49;5.22.0;Caixa
a470fec04b92a2d9a6913c4e38bf2fb9;muito bom.;5;2026-01-16 11:51:23;5.22.0;Caixa
735596006d5837195143d8166adb1527;só melhoras e + praticidade no dia a dia,muito grata.;5;2026-01-16 11:50:53;5.22.0;Caixa
3b9e3b86d42e8421a8861d346cedae1d;Eu gosto muito esse aplicativo resolve todos os meus problemas;5;2026-01-16 11:45:56;5.22.0;Caixa
9c3bf1297370c79fc2ede3de1602d2e6;legal;5;2026-01-16 11:45:55;5.22.0;Caixa
31bc47c5bd03ffe5b3785fd35f54d89e;dou 4 porque vi que ele não entrou no golpe do rak que entrou em meu celular;4;2026-01-16 11:41:06;4.7.0.;Caixa
9dfe0b5cd8167245b6a6f94ef9be2695;aplicativo muito bom 👍;5;2026-01-16 11:31:33;5.22.0;Caixa
995d16ed684ef8d355c62e7860d14f3e;Muito bom e rapido;5;2026-01-16 11:18:14;5.22.1;Caixa
af07bc70b23ccaa1283d084a5d24e727;minha conta quero usar, e não consigo;4;2026-01-16 11:15:07;5.22.0;Caixa
1108b35240d06ed4db8c169d3b735bbc;muito lento;1;2026-01-16 11:05:13;5.22.0;Caixa
c6e1081bb68b06c66fd06df532ba2910;fácil de usar faz todos os meus pagamentos rapidinho;5;2026-01-16 10:56:05;5.22.0;Caixa
7157d1d652633141a134686d7a9dad2b;APLICATIVO COM ERRO Não dá para tirar os extratos dos meses de 2025!!! só aparece dezembro, que saco!! os bancos lotados de gente, mais de 1h40min de espera pra ser atendido, horrível, assim não dá! vou trocar de banco!!!;1;2026-01-16 10:54:51;5.22.0;Caixa
7481fcaa6c9db9c239188d8b9c5b4635;ótimo;5;2026-01-16 10:51:35;5.22.0;Caixa
f0473dc7988a3b4421f9e3ad2c1f54cc;muito bom;1;2026-01-16 10:50:29;5.22.0;Caixa
85335dae9c80ca696700a6af4806ca07;ótimo app;5;2026-01-16 10:49:04;5.22.0;Caixa
588764dea5381d931a16523bd10e3af1;fácil e prático;5;2026-01-16 10:34:57;5.22.0;Caixa
358b00f142c72b4178c12895f70ac043;muito bom ser cliente caixa atendimento rápido e fácil;5;2026-01-16 10:32:15;5.22.0;Caixa
f0fa6caa85f7a34302c34e7f3ed2bf1e;péssimo atendimento;1;2026-01-16 10:20:05;5.22.0;Caixa
98a042ed6f913e8c96403292b8f6868f;não tô conseguindo abrir não ta chegando e-mail pra mim;1;2026-01-16 10:15:14;5.22.0;Caixa
9b521f96052cacce1ed274415723e74e;o app melhorou muito, mas a caixa deixa a desejar qdo se fala em deixar dinheiro n poupança q não rede absolutamente quase nada enquanto os outros bancos oferecem investimentos diversos e rendimentos de até 120% do CDI;3;2026-01-16 10:09:43;5.22.0;Caixa
c56c2906b0186785bbb7c3efb9cb879c;o app caixa deixa o cliente na mão pois funciona mal;1;2026-01-16 10:08:55;5.22.0;Caixa
12514ae9fdbd22c2850022ede110e7b6;trava muito;1;2026-01-16 09:49:09;5.22.0;Caixa
41a5989fddab954fc0d5ae39656a4dc3;muito bom;1;2026-01-16 09:43:21;5.17.0;Caixa
3bbfa33aff2b4dbbc9e17c29739233fd;a Caixa econômica federal é um excelente banco;5;2026-01-16 09:42:35;5.22.0;Caixa
3947fcc3e47df548395ec8486345e3a8;Aplicativo muito bom, mas ainda não é tão fluido quanto alguns outros;4;2026-01-16 09:40:35;5.22.0;Caixa
1ebe0b0603c53e1dead70141029004d7;Top!;5;2026-01-16 09:35:38;5.22.0;Caixa
c5539bc87dfbe8576d702f5f15d3e9a8;ótimo aplicativo!;5;2026-01-16 09:35:31;5.22.0;Caixa
26d72d94efa1874a1b72f44f06b31324;ótimo;5;2026-01-16 09:34:41;5.22.0;Caixa
d49c86521c1fd203e4e05463a5a93477;muito bom este banco;5;2026-01-16 09:32:04;5.22.0;Caixa
7a9147b7d6fc82e303f048cc070087e8;simplesmente difícil de mecher reforma casa brasil não consigo mandar foto da reforma pronta;1;2026-01-16 09:11:40;5.22.0;Caixa
fb1bb1458bffc3c0162173684ec4e19d;Atendimento on-line ótimo.;5;2026-01-16 09:03:28;5.22.0;Caixa
a71e306477144dbf82d6c9a71331e58e;muito bom essa conta caixa na minha vida e também na sua vida vem participar dessa conta caixa.;5;2026-01-16 09:02:43;5.22.0;Caixa
1df5924e90a85dda2caec2257685feb4;Sistema muito bom;4;2026-01-16 08:58:59;5.22.0;Caixa
efca6a8737e312f0a6ef1374ee323da9;loteria.caixa;5;2026-01-16 08:50:09;5.22.0;Caixa
01c7bc1d461a83e88d444ddd71f20976;ótimo;5;2026-01-16 08:46:57;5.22.0;Caixa
ec71b6646b1500cbcdd23c1bf651c944;ola.alguem.saber dizer se.refoma Brasil volto a pega estou tirando foto e.nao.pega;5;2026-01-16 08:46:39;5.22.0;Caixa
aed6c06d3b9d87a6d118211186318238;Praticidade e segurança.;5;2026-01-16 08:41:08;5.22.0;Caixa
1b19a7bf844054ea9a750b8a2c761396;em 165 anos, se não houvesse mudanças, seria ridículo.;4;2026-01-16 08:32:07;5.22.0;Caixa
8cd77909a0239ebc5959dbf38028f236;muito bom;5;2026-01-16 08:24:36;5.22.0;Caixa
806631c91d24cafecfed755eac5f76fa;ótimo;5;2026-01-16 08:13:00;5.22.0;Caixa
2a057360b4bfae3e24da3f1db3ccd075;fiz o pedido do recurso já recebi os 90% do valor e já terminei a obra, porém não consigo enviar as fotos da obra pronta para receber os 10% do saldo. pode me passar o passo a passo para eu saber se estou indo na opção correta mesmo?;1;2026-01-16 08:04:49;5.22.0;Caixa
4d3e804d2fde7a47ddc9d64a6bb3ca72;precisa melhorar em clareza e atendimento, mais preciso;3;2026-01-16 08:03:18;3.9.2;Caixa
aa354216721624b555d396c12c71bd7f;tô querendo pagar o boleto do banco da caixa de 17,26 e vcs tá falando que tô colocando a senha errada;5;2026-01-16 07:54:24;5.22.0;Caixa
c9e59a07e5aa6df8747f31e00e9e947d;satisfeita com aplicativo 👏👏👏👏;5;2026-01-16 07:45:12;5.22.0;Caixa
272bf462f612889517e776c409f15339;muito bom;5;2026-01-16 07:24:02;5.22.0;Caixa
11bd216dce2e94864de391b0f28e7403;muito bom,vários benefícios;5;2026-01-16 07:23:26;5.22.0;Caixa
7e5b5f0bc541d03ea6dc50f279241ec6;muito bom o brigado;5;2026-01-16 07:11:07;5.22.0;Caixa
5690a3087baeed6dd69a460dc64fb30a;Não consegui avançar para o empréstimo;1;2026-01-16 07:08:10;N/A;Caixa
43d89fce09805160eef9df49ecaab031;muito bom o aplicativo mais não estou conseguindo acessa nessa aparelho;5;2026-01-16 06:50:48;5.22.0;Caixa
e4197b92239c5e955d98d70de3f55d6c;aplicativo não abre a fatura do cartão,por esse motivo atrasa o pagamento da mesma me deixando com tarifas de juros para o proximo mês;1;2026-01-16 06:48:36;5.22.0;Caixa
091033a244485ebfc768fb66f71de732;Esse app está uma vergonha! Quando está chegando final de semana inventam moda para que não tenhamos acesso a conta! Ainda bem que tenho conta em outro banco! Depois de tantos anos terei que encerrar conta na Caixa.;3;2026-01-16 06:43:44;5.22.0;Caixa
f0a1e6d9aea37af5c4e471f8b9d3023a;aplicativo não funciona para enviar a foto do reforma Brasil, sempre dá erro e a resposta sempre é a mesma, que estamos trabalhando nisso. terrível!;1;2026-01-16 06:43:04;5.22.0;Caixa
c8ba2c283b58229a3241d9e2d5113abb;muito bom;5;2026-01-16 05:43:02;5.22.0;Caixa
435a77d8de06e4abcb92d4b62ce0362e;preciso atualizar meu endereço mas meu CEP não confirma;3;2026-01-16 05:42:41;5.22.0;Caixa
3f1d3abbe9324830302969ffa44f81d8;para pegar empréstimo consignado clt sempre acusa com restrição nunca aprova recebo aposentadoria e recebo salário mensal CLT e no aplicativo nunca aprova nada hora que outro banco que tenho conta e recebo por ele tenho cartão de crédito limite em conta e até 3 empréstimo consignado a aplicativo tá atualizado para empréstimo consignado para aposentado e até o CLT este banco não aprova nunca eu ia tranferir minha aposentadoria e salário CLT pra caixa mais nem vou;3;2026-01-16 05:17:11;5.22.0;Caixa
3a5ee060dab0d58805e9f7e7d529291b;gosto muito da caixa, é a melhor opção pra relacionar;5;2026-01-16 03:55:48;5.22.0;Caixa
51522c4ef67abff3faed0eadaed494dc;agora cm acesso tá ótimo;5;2026-01-16 03:17:11;5.22.0;Caixa
873e9ed3df86e873c3c88e8fb2f3944e;horrível não resolve nada pragas;1;2026-01-16 02:51:55;5.22.0;Caixa
1ac0fb9dcd69d47ca4897e3a06f54d31;maus crédito;5;2026-01-16 02:20:37;5.22.0;Caixa
ecde50041556579f67c86a72538cc457;Não consigo abrir o app..sempre pede para desbloquear o mesmo..terei que ir na agencia física tentar resolver...aparece uma mensagem para eu desativar o modo rooter..;5;2026-01-16 01:47:49;5.22.0;Caixa
53c2825d2e8d66a3289021da0ab752ab;ótimo 👍;5;2026-01-16 00:51:00;5.22.0;Caixa
fbb529a605f5914e7432ef7fcdb90296;pede pra atualizar mais não tem como;5;2026-01-16 00:36:16;N/A;Caixa
cafdc56311cff3f2f9ceec083f293abb;não consigo cadastrar meu novo celular no aplicativo, não tem opção de digitar o nome ou modelo do celular! só aparece um monte de letras sugestão do aplicativo, que na realidade não funciona, porque fica inviável o reconhecimento do celular em si.;1;2026-01-16 00:15:45;5.22.0;Caixa
7e01a49405c332ea284de27425b44ae8;maravilhosa e recomendo se fosse possível eu daria mas do que dez estrelas 🌃🌃🌃;5;2026-01-15 23:27:13;5.22.0;Caixa
6c367d91ae0f0c7df8495cdf8fa4feaa;fico feliz em fazer parte de time;5;2026-01-15 23:25:01;5.22.0;Caixa
b14b691b9efc6815ca700cf20a55c8e1;pra a caixa tem o melhor aplicativo.que eu conheço tá pra novo quanto pra velho tem tudo que um aplicativo precisa principalmente segurança;5;2026-01-15 23:09:24;N/A;Caixa
9189028c520babbca42276894b599024;problema com usuário e senha;1;2026-01-15 23:09:06;5.22.0;Caixa
399f75e3376fb1286c655bd83b3d0771;pior app de banco q conheci;1;2026-01-15 23:05:31;5.22.0;Caixa
330da34684a3a6a189d7e4043ea64d88;bem explicativo;5;2026-01-15 22:41:08;5.22.0;Caixa
ae33ce606a410089d070af42db8a2a28;Pedem compartilhamento de dados de outras contas, mas não tem opção do Banco que eu tenho uma conta;3;2026-01-15 22:26:32;5.22.0;Caixa
88c813e05885010ace4161e0b72f7293;muito boa e segura!muito boa!;5;2026-01-15 22:24:52;5.22.0;Caixa
109652ecbdb2cbd1d2a81dd42a0102ba;uso a muito tempo boa de más;5;2026-01-15 22:23:10;5.22.0;Caixa
f8dd2e9644ea0b4b89240e940bd3d03e;bacana demais 👏👏👏👏👏 merece parabéns !!! o atendimento caixa tem melhorado muitíssimo!!!;5;2026-01-15 22:20:47;5.22.0;Caixa
666f6ec8d2f8c8e1259d758fe2f3cb04;vive travando, fora do ar, não tem atalhos bons, tem muito que melhorar;1;2026-01-15 22:07:34;5.22.0;Caixa
637d052b413287662c277fbf9404da6d;ótimo. rápido. ágil.;5;2026-01-15 22:01:23;5.22.0;Caixa
aa2b6e7b5dbb9149e637b7bea53a5042;Muito bom ...não dá problemas Amo muito esse app Gosto muito Uso muito Sem palavras...;5;2026-01-15 21:57:09;5.22.0;Caixa
79bf03a64e8f53604d9ca798d8617db3;gostei das mudanças;5;2026-01-15 21:36:51;5.22.0;Caixa
5e9106082e8073b5c3facf1b53eb0f38;tenho a caixa na palma das mãos,;5;2026-01-15 21:36:15;5.22.0;Caixa
10d89441559bbb0b7b46f8e14b61b163;. uito bomm;5;2026-01-15 21:35:48;5.22.0;Caixa
0467c89d2ad0638ef9dafc1745500ab0;O aplicativo é excelente uso bastante, depois que que teve a última atualização, ficou muito ruim pra fazer pagamentos principalmente pra fazer compras online não reconhece as chaves aleatórias;3;2026-01-15 21:33:49;5.22.0;Caixa
c6f199be8771072b3b2731bf227881e8;Amo muito a minha Caixa econômica 😍;5;2026-01-15 21:23:54;5.22.0;Caixa
01cb510f78d50456bf076e3f05813871;fácil de usar;5;2026-01-15 21:21:08;5.22.0;Caixa
089a9fd0fc804d235da79bb6e2784338;péssimo atendimento;1;2026-01-15 21:04:52;5.22.0;Caixa
df88b16408aa661c337e6bb04dba7969;ótima e ágil e muita praticidade;5;2026-01-15 21:03:21;5.22.0;Caixa
be5f94a3dc83db566dd934efca490c2f;aplicativo é bom;5;2026-01-15 20:54:43;5.22.0;Caixa
d72c9accadec12d07d96a6bd9107b3f1;simplesmente após fazer a biometria ou colocar a senha para entrar no banco o app trava !!! não consigo acessar o app!!!;1;2026-01-15 20:54:12;5.22.0;Caixa
34f44c68b7916294fc588a3b800d45b7;Aplicativo simplesmente inútil, todas as vezes que preciso usar mostra algum tipo de erro . Tanto usando os dados móveis ou wi-fi, chega ser estressante a quantidade de vezes que acontece isso.;1;2026-01-15 20:46:30;5.22.0;Caixa
fd41951af0b774bbc607920ea089d11b;Bom atendimento, fácil de utilizar e ótimos informativos;5;2026-01-15 20:44:20;5.22.0;Caixa
70db743f7e8b7bfdb54d13036ed3b9ed;adoro;5;2026-01-15 20:41:33;5.22.0;Caixa
b759ca657c4e1b4a2c401eb1b98932c7;muito boa;5;2026-01-15 20:35:13;5.22.0;Caixa
411a384b1e1e08b1458312983fe32d87;Não tenho problemas com a Caixa.;5;2026-01-15 20:32:34;N/A;Caixa
0e678343c95bf4f1e4f33b118bb46eb1;Ainda não testei,mas parece ser bom.;5;2026-01-15 20:31:56;5.22.0;Caixa
0ee036e4bfbf0ca14f30de39e071078c;Não está abrindo o meu aplicativo.;5;2026-01-15 20:26:12;5.22.0;Caixa
e67cb64274c3a559e0f1e8c70fefbd01;Excelente muito bom trabalho obrigado...;5;2026-01-15 20:25:40;N/A;Caixa
3d9ec56f6ccbdb2a837092ecacfcf927;como se não bastasse ser explorado, o trabalhador ainda tem que lidar com um serviço PORCO como o da caixa. PRECISO do meu extrato, docs e do MEU DINHEIRO. eu NÃO ESCOLHI RECEBER NESSA SUCATA. EXIJO ACESSO À MINHA CONTA!;1;2026-01-15 20:15:21;N/A;Caixa
6b229708be400a3f4a0b701cb5ce7c86;foi bom;5;2026-01-15 20:13:34;5.22.1;Caixa
2bf04d5ddb8b0335e1db0eef30bcfba2;não consigo usar, está dificil;2;2026-01-15 20:02:42;5.22.0;Caixa
c7f27cea9ef983c04d708e42cb0109ac;fácil manuseio, identificação rápida e objetivo;5;2026-01-15 20:01:24;5.22.0;Caixa
30f0057f3ec17710f8fa3cf582840e02;me atende perfeitamente com o que procuro.;5;2026-01-15 19:59:44;5.22.0;Caixa
2ad7a12311efc9d37bcbb3be32468965;não tô conseguindo entra no meu aplicativo caixa econômica federal;5;2026-01-15 19:54:39;5.22.0;Caixa
058c9539059cd6c99cf6a8ba05644cce;O app não está funcionando;1;2026-01-15 19:54:13;5.22.0;Caixa
e518aaecb8ef02e4b6edbca0c50083eb;Muito bom não me deixa na mão;5;2026-01-15 19:51:58;5.22.0;Caixa
f99e884a861ad24933d69b6a19f50129;o aplicativo muito bom porém sistema da caixa precário não consigo desbloquear um cartão de crédito só no banco aplicativo não libera o desbloqueio da senha;3;2026-01-15 19:44:29;5.22.0;Caixa
e8d0f98408c627a725ac9f190db1ff4a;ótima;1;2026-01-15 19:43:13;5.22.0;Caixa
7fb460a0b7ec8010c5426db61e84237a;Estou a alguns dias tentando acessar o informe de rendimentos,sem sucesso!!!;4;2026-01-15 19:40:22;5.22.0;Caixa
fa4295f85eb2a8bfa2689c633feef8f0;a caixa económica esta de parabéns;5;2026-01-15 19:34:26;5.22.0;Caixa
c3c7c3d9cdb11a11b2a86fe21eb5a622;parabéns Feliz aniversário 🎂;5;2026-01-15 19:24:09;N/A;Caixa
0831c48c07b9fa7f9daa56ab7dc49d05;paguei a caixa tem i a caixa economica ki ofereceu 244 de kicrocredito com meu investimento de garantia o gerente marcelo da qntoniu carlos jao sabia do seraza eli tentou falsificar paguei multiplas vezis q divida nao some porque;5;2026-01-15 19:14:59;N/A;Caixa
894d16b2ae8447ff911eb9a247ea4605;muito bom;5;2026-01-15 19:13:27;5.22.0;Caixa
17f9139b02a78a795826836ae434d056;Excelente, Parabéns pelo trabalho.;5;2026-01-15 19:10:28;5.22.0;Caixa
4f5e13fa4dd1d3db0c0c5e763a9b99f3;regular;3;2026-01-15 19:10:28;5.22.0;Caixa
5d83eaaa787ea1edc156894a8feb248c;direito, simples, tranquilo;5;2026-01-15 19:04:40;5.22.0;Caixa
39582893a6f3b2500e59cc7056aed7e9;muito bom, melhorou muito em alguns anos.;5;2026-01-15 19:01:10;N/A;Caixa
6eec60860919577435d98a3a5c14f989;maravilhoso;5;2026-01-15 18:51:59;5.22.0;Caixa
86e1c3f1101111e3ea7ab01df8bc3689;está melhor o aplicativo mais rápido;5;2026-01-15 18:50:52;5.22.0;Caixa
85f868fb7ae8a02f68595098f315e82a;ótimo 👍;5;2026-01-15 18:47:19;5.22.0;Caixa
6ee339c685cb0c149f0514c875e0b046;acho que o app deveria dar opção de bloqueio de cartão de crédito..e nao tem essa opção. outra o site fora de sistema tem muito tempo, outra parcelamento de cartão...so ligando... deveria ter essa opção disponível... então tem que me chorar muito.;3;2026-01-15 18:32:15;5.22.0;Caixa
53657ad3c9c9574b60e89bd0eaca81b5;o atendimento é maravilhoso e no aplicativo,fazemos muita coisa,evitando a ida até agência física.;5;2026-01-15 18:31:29;5.22.0;Caixa
7c6c476b6a6bf7390f10ed8175f10118;Aplicativo podre, parece feito de propósito pra dificultar a vida do usuário. Nada funciona direito.;1;2026-01-15 18:17:59;5.22.0;Caixa
00d4f69697bc49bb72dfa1323c50bb5a;O aplicativo ja foi bom, da muito problema de acesso;5;2026-01-15 18:17:18;5.22.0;Caixa
cd715e87d2a5135a1c93f64ec79fa106;gostei do app;5;2026-01-15 18:11:05;5.22.0;Caixa
aee2c8d4a6d1187afa4dc6996a7c0584;minha experiência é maravilhosa, me sinto tranquila e segura;5;2026-01-15 18:06:19;N/A;Caixa
4b15f3a19e268a7a0794141916db0f50;Não consigo finalizar a abertura da conta de jeito nenhum. Mds. Que app horrível! Depois de mandar fazer a biometria, fala que algo saiu errado e manda procurar a agência.;1;2026-01-15 18:04:43;5.22.0;Caixa
a04d258d24a0809bdc773a96cb30817e;ótima;5;2026-01-15 18:03:27;N/A;Caixa
3f9af0aad8b9ad3e77a18c3e9bd034df;o melhor banco do Brasil;5;2026-01-15 17:57:41;5.22.0;Caixa
f7f5ff1eaeb3808ed640fcda6bddd977;ainda precisa melhorar;3;2026-01-15 17:51:07;5.22.0;Caixa
9fe1eb94d388385b3459ae5909986344;A caixa é um excelente banco;5;2026-01-15 17:50:52;5.22.0;Caixa
e25fb297d8153574ac7f5b86b073c530;é o melhor app tudo muito fácil e descompactado é tudo de bom;5;2026-01-15 17:45:34;5.22.0;Caixa
53b95c140fa97e9d4eeadcc7caf1f31e;A contento.;5;2026-01-15 17:45:23;5.22.0;Caixa
d7c3d8e9b657f21cd005d6116821e00e;Sou cliente e acho um banco ideal pra quem quer poupar;5;2026-01-15 17:41:15;5.22.0;Caixa
8310aa43de4b07ee184ac98dd8bb6e07;não consigo abrir a conta;1;2026-01-15 17:36:12;N/A;Caixa
bbece3e8c4a2f12d20fa7438556b1a40;horrível essa conta você aí que não tem e pensa em fazer desista vai ser a melhor decisão da sua vida. nunca vi uma coisa ser tão ruim por completo espero ter te ajudado ☺️;1;2026-01-15 17:32:07;5.22.0;Caixa
27ba58bc922d2be8693d9bb1455b6a53;meu banco 💸🏦 parceiro de toda família;5;2026-01-15 17:31:45;5.22.0;Caixa
c1d9ebb9aaf1ec0347553fda7a323b47;caixa nao abre no meu app vou cancelar;3;2026-01-15 17:28:36;5.22.0;Caixa
aa77baf3193750bdbd1ded41bb03e468;muito obrigado vcs são ótimos;5;2026-01-15 17:25:39;5.22.0;Caixa
5c9e8bea7f7744b6ca5c331114a82857;o aplicativo foi feito pra não ser usado, só da erro kkk;1;2026-01-15 17:21:21;N/A;Caixa
eb067ef1ee490a27d9529230185dfbfd;muito boa;5;2026-01-15 17:19:29;5.22.0;Caixa
07e392d4b52777b3309770504be3bab2;excelente;5;2026-01-15 16:49:31;5.22.0;Caixa
3c9765838a113b9c0443c70e483c9622;excelente aplicativo super recomendo . gosto muito super recomendo.;5;2026-01-15 16:46:34;5.22.0;Caixa
aa202842bb4eddb506c807a632ac74a8;muito bom;5;2026-01-15 16:44:41;5.22.0;Caixa
40a83bffea9d79e2be6b6aba72c6e185;muito bom;5;2026-01-15 16:34:18;5.22.0;Caixa
920668a92e3cca2f2a1288326231525f;toppp;5;2026-01-15 16:15:32;5.22.0;Caixa
86f004f2dcc8819ae2f8401bdf0f52d6;não Tou gostando não consegui resolver o que eu quero no app;5;2026-01-15 16:15:15;5.22.0;Caixa
3b919e4245d2ead0fc94e062f01364ec;é um app visual muito bom;3;2026-01-15 16:09:39;5.22.0;Caixa
5fbde7b9c85d0eed9984882c30fc3fe5;da muito erro na hora do acesso;3;2026-01-15 16:07:24;5.22.0;Caixa
74d34382d3e6ab08027819e2303e01de;PODERIA DAR 5 MAS,,,FICA PRA PROXIMA NAO VEJO MUITAS OPORTUNIDADES PRA COMIGO MAS BANC DO POVO NÉ 🙏🤝🔑😉🤭;3;2026-01-15 16:04:52;5.22.0;Caixa
4f74dc9956b5f7ab010063caa07e15ec;preciso de colocar o aplicativo da caixa econômica federal como posso fazer não estou conseguindo acessar;5;2026-01-15 15:52:28;5.22.1;Caixa
8b056dc6bfb5d0e8a4ef15a5d6cef2ca;otimo;5;2026-01-15 15:46:48;5.22.0;Caixa
8202b6ce83f7443edadbc704eda5d02a;A Caixa é ótima!!!;5;2026-01-15 15:42:33;5.22.0;Caixa
19fbf9dc06568ac0e1fbadedaf4f22bf;ótimo;5;2026-01-15 15:35:02;5.22.0;Caixa
660efd65bab307e8504464d05711e8c7;muito fácil de mexer no app;4;2026-01-15 15:33:44;5.22.0;Caixa
0ffe3840cff5b32b49a919564b224861;lixo lixo, além do app só viver fora do ar. comprei outro celular agr tem que ir em um caixa para liberar o acesso, um aplicativo que cobrar um juros altíssimo não tem ser que o respeito com os clientes;1;2026-01-15 15:28:51;N/A;Caixa
1bd075261f53ce7aaa4a09f40893fdc8;não consigo acessar o app está aparecendo escrito desative o modo desenv.caixa.gov.br/segurança o que faço;1;2026-01-15 15:13:20;5.22.0;Caixa
e322f1fb937fd99e212c8fd384439104;muito bom;5;2026-01-15 15:05:26;5.22.0;Caixa
2e01119a8a95f4032a70d8ac4d047e92;excelente;5;2026-01-15 15:03:55;5.22.0;Caixa
02c86dd80873cbdb9efb327d1f70225e;muito bom mesmo é o timo;5;2026-01-15 14:53:46;5.19.0;Caixa
50a484619d58fbdae2310f63232ddaa4;cadastrar telefone;5;2026-01-15 14:52:13;5.22.0;Caixa
b3de7fffa895a7ba9f69eaef47917973;péssimo principalmente o app cnpj;1;2026-01-15 14:51:43;5.22.0;Caixa
730f15104920896f7bb0f7cb5ac682e8;Pior em tudo... Não consigo cadastrar uma favoritos pra pix. não abre pic-list para selecionar o tipo e chave pix;1;2026-01-15 14:50:27;5.22.0;Caixa
dff4ff4a7b1b777ed2b643bf7fae824c;Atualizem por favor, preciso enviar as fotos do reforma casa Brasil e só fica uma tela branca.;3;2026-01-15 14:47:05;5.22.0;Caixa
4651a75b3a29ede59b82fa3d40d0d797;Muito boa essa nova versão do aplicativo , acesso facil.;5;2026-01-15 14:44:49;5.22.0;Caixa
e7013e2ad18bdfb8b06fa6d8b28afad0;otimo experiência;5;2026-01-15 14:40:55;5.22.0;Caixa
032330dd7656d881f05761441b080354;ótimo;4;2026-01-15 14:36:56;5.22.0;Caixa
b776efad6e65415fd847534a5ac6535e;otimo;5;2026-01-15 14:36:44;5.22.0;Caixa
738041c301abf220ad4196ead2f8a7ab;péssimo aplicativo, tentando criar a conta. porém para validar a criação é necessário confirmar o email. porém tento várias a várias vezes e aparece uma mensagem de erro dizendo que não foi possível enviar um simples email. não consegui enviar um e-mail é bizarro. bizarro, versão do app na última versão, desinstalado e instalado e o problema continua, bizarro como as coisas públicas não funcionam bem.;1;2026-01-15 14:32:34;5.22.0;Caixa
ccfe7c2af84d59c55e17d836c3800428;eu gosto muito da Caixa econômica;5;2026-01-15 14:32:14;5.22.0;Caixa
5a2857bdcff77a19eaa6a573ccdc9674;muito bom;4;2026-01-15 14:26:23;5.22.0;Caixa
639af7a54c5be0194e6f234df198f6e4;fiz o pagamento de $39,00 e ate agora nada éuma sacanagem;5;2026-01-15 14:26:10;5.22.0;Caixa
3db7b24c35edd7cc40fc4e33e335df22;biometria não funciona. do que adianta oferecer a função de abrir conta online se quase todos tem problemas ao abrir a conta online?;1;2026-01-15 14:26:03;5.22.0;Caixa
891582a39ffae26a77dc052e269153de;antes de atualizar funcionava agora trava todo momento eu tô com dinheiro preso lá não deixa fazer o Pix bug toda hora péssimo;1;2026-01-15 14:19:31;5.22.0;Caixa
cdab52968d4d88bdbba48f0e217eaef5;Excelente!;5;2026-01-15 14:18:06;5.22.0;Caixa
193aebac78b494ec9c85edb662b463eb;Não estou conseguindo enviar as fotos da reforma concluída, da erro na hora de enviar as fotos;1;2026-01-15 14:06:25;5.22.0;Caixa
0baab63d172686258f297c5f5da34a89;Facilidade de acesso. Tá excelente!;5;2026-01-15 14:02:55;5.22.0;Caixa
b3a971d1e81fc24eb0f66b4a492a1c6a;app tá atualizado pois baixei agora e mesmo assim não envia o código pro email da erro no app não dá pra criar conta;1;2026-01-15 14:02:50;5.22.0;Caixa
b1dd56e2d9b06393aca3b35bfa11852b;não consigo ver valor conta;4;2026-01-15 14:01:01;5.22.0;Caixa
6044b726102bc72c0eaaf975d1fb77eb;rápido e prático;5;2026-01-15 13:58:05;5.22.0;Caixa
0f978143f61d4a72a06da949c9a438cf;para mim é muito satisfatório esse app desta agência.estou muito feliz.;5;2026-01-15 13:57:47;5.22.0;Caixa
f9afda5e8b536d946cd77e5fdb550930;Ótimo 😀;5;2026-01-15 13:54:47;5.22.0;Caixa
891e77f29462aa97ae5dfa72461e12e7;ótimo;5;2026-01-15 13:54:07;5.22.0;Caixa
5daf04a9e801b0ed743c5b2265c48899;muito bom;5;2026-01-15 13:48:21;5.22.0;Caixa
7cbc0b347ce3eaf7c5c44aba659d701d;muito bom , sou muito satisfeito com o serviço;5;2026-01-15 13:46:21;5.22.0;Caixa
e443b24fd3312634dee5b3ee4deea9cf;O app simplesmente parou de funcionar, apresentou o erro B-TZ-BLK-LGN. E fui informado que tenho que RESETAR meu aparelho sem Backup. se não, não consigo acessar minha conta no aparelho... bizarro. o que esperar mais da caixa?;1;2026-01-15 13:46:07;5.22.0;Caixa
27a4a499c6558d7a22ac42894772b383;precisa melhorar a funcionalidade do app;2;2026-01-15 13:43:52;N/A;Caixa
e1cfc8f241508305be12fb59262e5395;muito bom novo formato app;5;2026-01-15 13:43:15;5.22.0;Caixa
543db6ba815c77472307cc9cb38beb61;Lixo. Consegue ser pior cada ano. Mesmo efetuando todos os recursos de segurança como desativar o modo de desenvolvedor do meu celular ele diz que o meu aparelho é inseguro... todas as alternativas, reiniciar, etc entre outras coisas eu já fiz. App sempre foi péssimo, mas pelo menos eu conseguia abrir as minhas contas... neste ano nem consigo abrir o aplicativo para ver meu saldo.;1;2026-01-15 13:39:26;5.22.0;Caixa
aa0bbcc289473df06525a4a0386f971d;é depois que o meu telefone iniciou não estou conseguindo entrar novamente no aplicativo sempre está pedindo alguma permissão sendo que eu dei permissão para tudo mas não abre o aplicativo de jeito nenhum;1;2026-01-15 13:38:54;5.22.0;Caixa
d1b5a58f8dffe3438e7d71986ac8d1aa;Nota dez!;5;2026-01-15 13:36:02;5.22.0;Caixa
e06f416f89a210df765a55a8aadc9e3c;excelente e muito prático. continue assim e pra melhorar.;5;2026-01-15 13:34:28;5.22.0;Caixa
0de2003fc98689180b9a7739422169e8;está mais dinâmico!;4;2026-01-15 13:34:17;5.22.0;Caixa
d0ff22f58a818e3991b75999bfe1bcd7;ótimo;5;2026-01-15 13:25:06;5.22.0;Caixa
471a478776b1bc0745a729f7f207ce0e;melhor não poderia se amo a caixa;5;2026-01-15 13:24:43;5.21.1;Caixa
d0d7fd61dda4cf279bed73893f03bc17;seria muito bom agente obter tudo disponível;5;2026-01-15 13:18:29;5.20.1;Caixa
a6c41f6a2c888f1b5456d20a3dca3736;Muito bom;5;2026-01-15 13:07:12;5.22.0;Caixa
47c3296d0d2b6d3c01fc2cd0a02802ae;muito bom;5;2026-01-15 13:03:51;N/A;Caixa
aeef6783cbbdc21de5966c2fcc3da2c9;muito bom 👍;5;2026-01-15 13:02:26;5.22.0;Caixa
4e22a6c84cb87a31011af101df5843df;otima;5;2026-01-15 12:57:06;5.22.0;Caixa
93a4041519a500905f227bcb69b88e70;já foi atualizado 17/12/25;1;2026-01-15 12:53:45;N/A;Caixa
a934583f6412afece7ff399896bbf13a;tem que digitar várias vezes o código de barras para o sistema entender.;3;2026-01-15 12:52:38;5.22.0;Caixa
5f54ee25af877bc4c4e908b094455f8f;não existe banco pior na face da terra, eu fiz um pagamento na conta com dinheiro e depois refiz o pagamento de novo e descontou do meu cheque especial que eu tô precisando e agora tá negativada.;1;2026-01-15 12:48:36;5.22.0;Caixa
41eb79525a596775b5e638b458e6d117;Dá problema direto e tem sempre que criar um usuário novo. É horrível! Arrumem para o acesso ser o CPF, esse usuário que tem que trocar o tempo todo é desnecessário.;1;2026-01-15 12:43:40;5.22.0;Caixa
11757ee37015c2d6abe60f9ef165d598;excelente 👏🏼;5;2026-01-15 12:43:23;5.22.0;Caixa
66c5daa40396c0b5a141d1efe24a3378;eu estou aposentado a mais de 2 anos não recebi meu FGTS por motivo de saque aniversário tenho mais de 17 mil preso na caixa e aposentei por idade e tempo de serviço preciso muito desse dinheiro não sei como receber trabalhei na comurg .;4;2026-01-15 12:40:50;3.15.1;Caixa
4a113094cf23188e478cede72ed0eac7;foi péssima á minha experiência com o aplicativo, nunca mais baixo ele, não presta pra nada, á gente não consegui resolver nada nele, nem pegar um estrato eu consegui, que é uma coisa tão simples de obter, muito decepcionada 😕😞☹️🤬😡;1;2026-01-15 12:36:22;N/A;Caixa
5847f472ec495f793dd0ec571b7cb77c;horrível. não consegue finalizar. sempre dá erro.;1;2026-01-15 12:34:45;5.22.0;Caixa
8ad7c14b694109ed189572533245cefb;Excelente atendimento aos Clientes e usuário;5;2026-01-15 12:33:45;5.22.0;Caixa
11ee1dfcfa5935dbf8a5d5458e84835c;ótima;5;2026-01-15 12:27:45;5.22.0;Caixa
6df0b50c5904bb7ab79342e5619c6c9a;muito bom;5;2026-01-15 12:22:33;5.22.0;Caixa
d18353fd0fe5104a9fc11dddfa05e227;grandes oportunidades apenas para classes médias acima.;3;2026-01-15 12:21:01;N/A;Caixa
58a9bf78e61977d05c26580c1221dc25;contestei pix a 2 meses por fraude e a caixa n resolveu isso e um absurdo;1;2026-01-15 12:20:25;5.22.0;Caixa
4527f41b14910f78485ef6dbbce3de4d;muitos pedidos de informação, dificulta para idosos.;4;2026-01-15 12:19:00;5.22.0;Caixa
1d22ce36ca2acf24339a4fcf8a66ee25;acho que deveria ter a opção de liberar o limite antes do vencimento da fatura;3;2026-01-15 12:12:11;5.22.0;Caixa
32555af6ae5cd55afddcb90124620f0a;Excelente!;5;2026-01-15 12:09:41;N/A;Caixa
7b2842a4d9e3a065e865ba905a3f3a61;péssimo. não abre o aplicativo;1;2026-01-15 11:58:23;5.22.0;Caixa
aa08b6d63e4df078d17390a9a5862387;erro a uma semana;1;2026-01-15 11:48:02;5.21.1;Caixa
e370766bb64dd71a62127b0a68a0618c;não consigo abrir uma conta on-line;3;2026-01-15 11:44:57;5.22.0;Caixa
5d6ab905eca5cb2f6cbee8b245d7b2b9;muito boa;5;2026-01-15 11:44:57;5.22.0;Caixa
4746a55703aff6e70370b5ecc7e4e5ca;Super facilitado;5;2026-01-15 11:44:13;5.22.0;Caixa
df0148a1bc11208394946da59043dcec;app semanalmente pede para cadastrar novo usuário, complica a vida de usuários, por isto vou encerrar a conta e enviar meu Inss ao Bradesco, minha filha precisa sempre vir de longe me ajudar a fazer novo usuário e agora é foto, perguntas de cep, escolaridade, senha, muitas camadas de proteção que significa dificuldade ao usuário;1;2026-01-15 11:39:08;5.22.0;Caixa
020b3483ed88632d34ad6a9e41c3b54a;muito bom;5;2026-01-15 11:38:45;5.22.0;Caixa
201b9fb3daae5f296b0d8727e454a4d4;poderia melhorar o extrato com as transações recentes em cima e com saldo pra poder ver o valor quando se envia Pix ou paga;4;2026-01-15 11:35:14;5.22.0;Caixa
45dfabc78972d8d97e90f926859188e5;excelente muito bom mesmo.;5;2026-01-15 11:28:33;5.22.0;Caixa
c10356507614c23fe7d28baec2b3ff52;muito ruim;3;2026-01-15 11:09:13;5.22.0;Caixa
e2e8a1dee4f41710c8849d52798a3531;hoje vim aqui parabenizar a eficiência desse aplicativo, essa questão de fazer um novo cadastro sem passar na agência, ficou maravilhoso, sempre gostei da caixa econômica, vou voltar a operar na caixa, aplicativo ficou delícia de usar, parabéns a todos ...;5;2026-01-15 11:06:54;5.22.0;Caixa
d7f46033bf4ef5d9316a7776497c74c9;confiança;5;2026-01-15 10:59:28;5.22.0;Caixa
d7ac1d231b6bc1a02ae671cf2a0cbf90;muito mais rapidez, economia de tempo. agilidade e segurança pessoal.;5;2026-01-15 10:43:35;5.22.0;Caixa
8c35a911368f78b14598dcf891f2186d;Não consigo fazer pagamentos com o Pix copiar e colar, desde dezembro de 2025.;3;2026-01-15 10:39:11;N/A;Caixa
0d6b603a6b14e5bacf00b70abc954157;muito bom;5;2026-01-15 10:38:47;5.22.0;Caixa
3d4b3cc16f03e905347f843a34555731;otimo;5;2026-01-15 10:28:59;5.22.0;Caixa
3bbb6d24d090d4b43c0577a32ad54dda;eu gosto muito desse app;5;2026-01-15 10:28:52;5.22.0;Caixa
32bc2f1e10c3524edcee2a1ca3e2fd62;muito bom e satisfeito otimo;5;2026-01-15 10:28:14;5.22.0;Caixa
f955c1aa4ce838281fb1cfee246c8075;não tá entrando nem carregando nada já desinstalei e instalei novamente e nada;1;2026-01-15 10:25:32;5.22.0;Caixa
88963c0b5cdbafa9cf5989f5ef4bb00e;Quanto mais mexem nesse app, pior fica. Com essa nova mudança, ficou parecendo que um app antigo. Nota 0.;1;2026-01-15 10:10:31;5.22.0;Caixa
7dd4fce32a4310cf922cd8a90876f639;Uso com frequência para pagamento das contas, muito bom. Mas o atendimento pelo chat é muito ruim, não consegue falar com atendente;1;2026-01-15 10:03:54;5.22.0;Caixa
f40a47b5980d8604dbbcb71bc1b7a286;"Bom dia! Desde dezembro não consigo fazer pix nem transferência no app caixa, já desinstalei e reinstalei e até o momento não solucionou o problema . Mensagem "" Ops! Não foi possível atender a sua solicitação no momento.""";2;2026-01-15 10:01:33;N/A;Caixa
859f8dedb32c411e84f846998ac28da5;Perfeito!;5;2026-01-15 09:46:20;5.22.0;Caixa
b0b3b99a622f778b03409814345bd1df;A agilidade do aplicativo caixa me agrada muito.;5;2026-01-15 09:45:38;5.21.1;Caixa
4fed9eee11a6e3372c1e20e45be6d122;preciso fazer senha Internet,e só na minha agência,é Caixa,deveria ser e qualquer agência.;4;2026-01-15 09:42:42;5.21.1;Caixa
ac5cc742a216118898aa84f19095dd4a;ótimo;5;2026-01-15 09:42:28;5.22.0;Caixa
d80514383a6af33e7793860ae550eca8;pior app de banco!!!;1;2026-01-15 09:36:42;N/A;Caixa
1ce1e04820c5b0dde3c5106ab72b7639;muito bom;5;2026-01-15 09:33:26;5.22.0;Caixa
3136fb57ca9e9045ffefb6af2162dd53;O que aconteceu com o App da Caixa? cadastro a senha, 15 dias fala que preciso cadastrar de novo? pra que isso ?;1;2026-01-15 09:16:25;5.22.0;Caixa
7973a6c95bf72ae49a4a7fd5e28d1c37;"Muito ""burrocratico"" trava e bloqueia por motivos simples quando isso acontece ainda precisa se descolar para uma agência e ficar esperando horas para resolver um pequeno problema... Vocês precisam tomar umas aulas com Bradesco, Itaú, etc...";2;2026-01-15 09:15:13;5.22.0;Caixa
2aeeb6aeb5c89cab8ac9f7aa87f086a5;Muito bom.;5;2026-01-15 09:14:24;5.21.1;Caixa
55bbd905262b104cc645c766cd5f4616;09Jan2026: Já há dois meses que o aplicativo sempre trava e é necessário sair e abri-lo novamente. Acontecendo algumas vezes durante o dia ao acionar algum tipo de serviço tipo PAGAR, fazer PIX, ver EXTRATO da conta etc.. Tenho APP de outros dois bancos e isso não acontece. Celular trabalha limpo e tem antivírus (Samsung Galaxy S10+). HOJE, 15Jan2026, continua travando ao acionar PAGAR, fica processando interminavelmente. Já tentei quatro vezes e não consegui.;2;2026-01-15 09:13:24;5.22.0;Caixa
4c1c283d4cc0069c57d38b005e36be1b;Ótimo app muito intuitivo.;5;2026-01-15 09:12:27;5.22.0;Caixa
3d8ace38c0205c9263c76ce19d2ae83d;excelente;5;2026-01-15 09:09:10;5.22.0;Caixa
7fd8e2a4e5e4562a2946bbcaa0381614;Lixo;1;2026-01-15 08:59:13;N/A;Caixa
bca00650f3fd421cc5d8cccfc6bea1f4;muito bom;5;2026-01-15 08:56:05;5.22.0;Caixa
dbddbd22155d30d5d3b5e27d9a2a119a;Estão de Parabéns 👏;5;2026-01-15 08:50:52;5.22.0;Caixa
5a722c12e06071a5e5eb592060e3e8fc;muito lento,muitas vezes fora do ar;3;2026-01-15 08:48:07;5.22.0;Caixa
520383c0d82e49e9c775acd88bd196f4;muito bom app;5;2026-01-15 08:42:57;5.22.0;Caixa
691587e35ae29837182744e9fadd5e72;ótimo aplicativo;5;2026-01-15 08:41:40;5.22.0;Caixa
01184508a6f888fd79f38a70803cb696;muito bom;5;2026-01-15 08:38:35;5.22.0;Caixa
327f0a22d5765076e3fc527ab2ea66db;só funciona com internet residencial...... não acessa Pix, extratos com internet de rede.;3;2026-01-15 08:37:12;5.22.0;Caixa
61e6c97d796aa214b1bf262661528532;otima;5;2026-01-15 08:31:36;5.22.0;Caixa
0ed5a1c7bf7f1c78580f42d472963584;5 estrelas.;5;2026-01-15 08:27:54;5.22.0;Caixa
1711afd2aa53ae90d9fc00461e946a3b;Melhorou muito. Open Finance com todas as contas de todos os bancos e podendo fazer transferência entre essas coisas ficou sensacional .;5;2026-01-15 08:15:57;5.22.0;Caixa
01fe9d91b76798cfca2f4389ede98682;excelente atendimento e muito rápido;4;2026-01-15 08:14:24;5.22.0;Caixa
9d0e0b8279268e148ff104bebad668e2;otima;5;2026-01-15 08:12:08;5.22.0;Caixa
b0c3df1e4b8bbcdc8a70d2754bf12963;Atenção e paciência q os proficionais da caixa te m com os usuaris é nota 10;5;2026-01-15 08:07:49;5.22.0;Caixa
3b148ac0091ce48c3530408a342faa31;ótimo só recomendo;5;2026-01-15 07:55:32;5.22.0;Caixa
665dacd1020b5ceab8f017b2fe09f10b;ótimo;5;2026-01-15 07:53:07;5.22.0;Caixa
c13ed50ef53e1c5a799fd6fbfefe690f;esse app nunca deixa abrir uma conta, n tenho tempo de ir em agência, e mesmo assim esse aplicativo nunca funciona, sempre dá um jeito que n abrir a conta, horrível;1;2026-01-15 07:52:07;5.22.0;Caixa
c4fae80a45edee8aa0d36bb8bf2cff9b;aplicativo completo, fácil navegação;5;2026-01-15 07:42:14;5.22.0;Caixa
a3553ab7e18eb66bac9d4518acf5c4a7;com a nova atualização não consigo ter acesso as informações FGTS, saque aniversário...e outros dados serviço cidadão;4;2026-01-15 07:41:35;5.22.0;Caixa
dec072182736dab143918df0b74efdc4;muito bom continue sempre assim bom de mais;5;2026-01-15 07:38:38;5.22.0;Caixa
900ed4ee37c70376dbb0ac78cb7c7cf5;muito boa;5;2026-01-15 07:20:47;5.22.0;Caixa
6198c7f9855f30a5d550c8452247721c;super recomendo 😃;5;2026-01-15 07:03:16;5.22.0;Caixa
433fe6affe57eb8cc44c49daeb684fb5;muito prático fácil de lidar;5;2026-01-15 06:56:40;5.22.0;Caixa
d87f80879c94f2428297bce0a9c74bb4;Maravilhoso;5;2026-01-15 06:52:52;5.22.0;Caixa
297004a0753bb3145891a1fd77360ef9;muito bommmmm;5;2026-01-15 06:28:21;5.22.0;Caixa
8cb274f8a946fcfaf2a221f97b48a92b;Otimo;4;2026-01-15 04:46:13;5.22.0;Caixa
72500d00e861b4f5e716c91204f3c8ec;Devo ser obrigada a deixar que outros dispositivos = celulares que tem aplicativo da caixa me encontrem??? Para que??? Facilitar assalto, golpes??? UM ABSURDO ISSO!!!;1;2026-01-15 04:30:32;5.22.0;Caixa
f3ed5f2126c4659c81ec6306c73d9f38;muito bom.;5;2026-01-15 04:26:09;5.22.0;Caixa
493846a739c8f7e3a66bedab941a7ea5;muito;5;2026-01-15 03:56:39;5.22.0;Caixa
865f536661e5514adc9d49f426f7de4a;Não consigo acessar o programa de pontos do cartão de crédito;1;2026-01-15 00:26:03;5.22.0;Caixa
72b9a446b04f67c3204d33ed87eca3a2;maravilhoso parabéns obrigado;5;2026-01-15 00:23:42;5.22.0;Caixa
9c65008fb25a7ed06b28ebeda2ff821b;Não deixa abrir uma conta pela App da erro 017, simplesmente não reconhece a biometria facial de jeito nenhum, tentei desinstalar e instalar 4 vezes e simplesmente não funciona;1;2026-01-15 00:17:03;5.22.0;Caixa
bc17594a5497847d90e09db24301deac;Experiência é boa gosto muito;5;2026-01-15 00:03:08;5.22.0;Caixa
0345d5a704ed73c20a7273fc2e72821f;"fazem três dias quê estou sem o serviço do aplicativo Pix, surge a mensagem: ""Algo inesperado aconteceu"" Atrasou o meu negócio!";1;2026-01-14 23:50:19;5.22.0;Caixa
532ae4639f6a3aa96c2857248d1496d5;ótima;5;2026-01-14 23:22:48;5.22.0;Caixa
40cac8f969d2349a935d0ac0ccf0ccd8;quando liberar a minha senha de acesso pra todas as funções do app dou 5 estrelas.;3;2026-01-14 23:01:49;5.22.0;Caixa
b6c44b46d826ac0f7b49c1fa259d4f51;Apresenta falhas, dificuldade com a digital. Com frequência, não consigo acessar.;3;2026-01-14 22:49:39;5.21.1;Caixa
1101318173db27f32a16b5fa99bf7844;fácil acesso e confiável;4;2026-01-14 22:44:49;5.22.0;Caixa
53b2ea77495c18acb8089e498b511a85;excelente;5;2026-01-14 22:44:22;N/A;Caixa
2e02591321b23ec7aff7af6d505b39be;vou fechar a nossa conta, a caixa está se transformando em um dos piores bancos;1;2026-01-14 22:37:04;5.22.0;Caixa
a1af18995371421f59390703b734b381;sinceramente já era ruim e agora ficou ridículo.o aplicativo é horrível pirou mil. vezes mais,ou seja,o que era ruim ficou pior.;1;2026-01-14 22:20:22;5.22.0;Caixa
344494c3496a957d12c80aeb9df0f9d2;um lixo de app e um lixo de banco não resolve nada pelo app nem pelo telefone;1;2026-01-14 22:09:42;5.22.0;Caixa
d66bb984786f00a73ab3949c1c86e99e;pessimo!;1;2026-01-14 22:04:27;5.22.0;Caixa
1fdb0244ac59f4c153990bb8a1a9674b;Excelente.;5;2026-01-14 21:52:57;N/A;Caixa
db631fb5b03300ac794848888ec604a3;ótimo;5;2026-01-14 21:52:42;5.22.0;Caixa
8ed1dc4e6bf8c942e2858b001a365bb1;muito bom;5;2026-01-14 21:43:15;5.21.1;Caixa
29331dd9d78e575f7fcfff76bb1a8df7;ótimo;4;2026-01-14 21:35:00;5.22.0;Caixa
9ed67de2a97486121b6a3b1ca3884744;É ótimo trabalhar com a caixa econômica;5;2026-01-14 21:34:20;5.22.0;Caixa
a06c9c4703e8efee86bbec67fbdaa1ca;ótima;5;2026-01-14 21:24:32;5.22.0;Caixa
5b7364d02e833e3fee2b2e458aadc263;Praticidade e eficiência;5;2026-01-14 21:21:25;5.22.0;Caixa
43f616be99d3ae4b8f383c6a2e6c7052;ver meu financiamento habitacional;3;2026-01-14 21:12:16;5.22.0;Caixa
a9fefd5b34564d4d1de6f3e3e8441e6e;Melhor banco do Brasil;5;2026-01-14 21:07:33;5.22.0;Caixa
00dafc2ac0501b8035cc564a08b0fd73;eficiênciente👏;5;2026-01-14 20:51:07;5.22.0;Caixa
7dd6220ef5eafcfe76d3f7031637c1a9;ficou lento, demora pra.abrir extratos fazer qualquer operação antes era melhor, atualizou ficou ruim;2;2026-01-14 20:49:23;5.22.0;Caixa
7b6433042c5ceb8110ec8baffaee3a0a;gostei do serviço que vcs fazem;5;2026-01-14 20:47:21;5.22.0;Caixa
1f901e9cbc3de780312d5f94bf0e46d4;eu estou adorando ,ótimo;5;2026-01-14 20:42:49;5.21.1;Caixa
bc9472042d4a795acf311f31623bcc0d;horrível, pois não consegui abrir a conta pelo celular e ja tentei unas 15 vezes e moro há 60km da agência mais próxima. Eu quis dizer que não consigo abrir minha conta corrente na CEF, pois sempre que vou cadastrar minha foto dá erro;1;2026-01-14 20:24:21;5.22.0;Caixa
a032f6e6859e835d04605e950fd0ff10;adoro o aplicativo da caixa;5;2026-01-14 20:24:00;N/A;Caixa
81b335c64c311b8a35d614916462dedb;otimo;5;2026-01-14 20:15:37;5.22.0;Caixa
b808e161c1a7ae7a1acdbd086cc4005e;atendimento excelente;5;2026-01-14 20:15:14;5.22.0;Caixa
43226588d3b72ceb7c8fbf204c5b5a9a;instituição e aplicação não mais confiável.;1;2026-01-14 20:07:26;5.22.0;Caixa
daa845be34180db946ca1698219f9fcf;Muito bom;5;2026-01-14 19:49:27;5.22.0;Caixa
0d75357ed65c93901613ad16ed2ed788;demora pra acessar o aplicativo;3;2026-01-14 19:28:49;5.22.0;Caixa
b51fcd4a892a3f98f59a4d28aa7bbedf;muito bom;5;2026-01-14 19:25:17;5.22.0;Caixa
e6c2117314b97da7336e9733041725bf;conta muito boa nota 10;5;2026-01-14 19:19:52;5.22.0;Caixa
e64e1eb3bce6a9866a3ce3a43ab496de;péssimo;1;2026-01-14 19:19:46;5.22.0;Caixa
6d1ab24ef0c62f6f0192e094ec1517ba;muito bom;5;2026-01-14 19:19:43;5.21.1;Caixa
5b5d0d255091ce25e20e27c7287a589d;muito bom;5;2026-01-14 19:19:23;5.22.0;Caixa
12c45a603b848d309262a1ddcc3ce438;Tops;5;2026-01-14 19:18:36;5.22.0;Caixa
502dbf540d9e7bb21637b8c5c8460f8a;Um dos piores apps de banco ! só vive dando erro na hora de entrar na conta, tem que tá fazendo novo usuário direto, e ainda sim, o erro persiste. Layout ruim, informações que não carregamos não ficam disponível. Tem que ter a paciência de Jó por conta da lentidão , olhe que não é o aparelho que é ruim.;1;2026-01-14 19:13:17;5.22.0;Caixa
e3569dcdcfd08204803d136272993bec;muito ótima pelo eu gosto;5;2026-01-14 18:58:12;5.22.0;Caixa
515bea14659902bc884fb4afa33f8a51;pecima,muito enrolado.;1;2026-01-14 18:34:00;5.22.0;Caixa
e58abfbc4d7c6a74fb391ca5f625f2ef;Praticidade e excelência no serviço por aplicativo.;5;2026-01-14 18:33:53;5.22.0;Caixa
1881008fde844150b07ed33fec866b18;gosto do aplicativo, mas acho que demora pra aparecer compras ou pagamentos recentes.;4;2026-01-14 18:29:46;5.22.0;Caixa
579d35502179755e768ad635cd927810;Está simplesmente horrível todo momento, não se permite ser acessado. Afff;1;2026-01-14 18:17:48;5.22.0;Caixa
e797b0e00d14b29c6a4f776dfc404140;muito bom 😊😊😊;5;2026-01-14 18:07:31;5.22.0;Caixa
deb06c0c4de0b24bde50085792795a85;ótimo;5;2026-01-14 18:01:46;5.22.0;Caixa
fcc422d6e945b4351c17136219446732;ruim de acessar;1;2026-01-14 17:54:39;N/A;Caixa
6e51240dcee15f6c9f53724408cee9a1;muito falho em atender nossas solicitacoes;2;2026-01-14 17:53:04;5.22.0;Caixa
15e57d988e3755d6d6620fa2ee458c8a;muito Rui o aplicativo;2;2026-01-14 17:51:49;5.22.0;Caixa
22f64dc4828b33f3395130ebdfd34f2a;excelente aqq;5;2026-01-14 17:44:23;5.22.0;Caixa
2df611cb0fdc0e233799946476e31e42;o aplicativo da caixa ficou ruim demais depois da última atualização, demora muito pra abrir quando abri dá erro pede pra fexar nuuuuuu muito ruim mesmo.Levo horas pra conseguir fazer um pix agora;1;2026-01-14 17:41:56;5.22.0;Caixa
51d598243a844968fabee7519073a511;maravilhosa;5;2026-01-14 17:39:04;5.22.0;Caixa
83779c00809749342fa2ae73f21ca55d;Esse atualização ficou horrível o modo do extrato melhor o antigo 👍🏿;2;2026-01-14 17:37:06;5.22.0;Caixa
7cd03f83b0cef3340fbda144901f1777;Muito bom;5;2026-01-14 17:30:29;5.22.0;Caixa
59e363755f8db979bcc2c88b3899c724;não consigo nas entrar no aplicativo;1;2026-01-14 17:28:14;4.5.0;Caixa
a7d2c1dead639b6ba03fa222dd91435a;app infernal sempre solicitando atualização, sempre com problemas ... esse app é muito ruim 😠;1;2026-01-14 17:23:23;5.22.0;Caixa
3e2d0770a14a59693ed2c3fb289b0210;Boa tarde o app nao entra de modo algum,voltou a ter problemas.;1;2026-01-14 17:22:02;5.22.0;Caixa
4714f00613cb3dd71e97d586a8f07c27;após a última atualização o aplicativo fecha sozinho e não abre mais, dando erro;1;2026-01-14 17:19:30;5.22.0;Caixa
9d207efc916808f0071f947962a5c739;eu nao tenho conta, queria criar pelo app, na primeira vez abri mas travou no final do processo, na hora de cadastrar a senha de saque, agora eu tento entrar pra dar continuidade aparece um erro (A-00-000) ja tentei no Wi-Fi, no 5g...;4;2026-01-14 17:12:41;5.22.0;Caixa
e136cbb9a07a8b3f47d4cac781ecb5f2;funcionamento nota 10;5;2026-01-14 17:06:51;5.22.0;Caixa
98b1133cd069a60d9c7606be59dc550d;"aplicativo era bom e hoje fui receber um Pix pra minha conta poupança e diz no aplicativo da pessoa que ""a conta está bloqueada"" ou ""o banco recusou a sua transferência"". Por favor, consertem isso";5;2026-01-14 17:05:14;5.22.0;Caixa
c5d9d33aadde3044438aa8c6d7ffb6ae;Excelente App !!;5;2026-01-14 17:00:23;N/A;Caixa
e133937253733128936dcb6412d80b94;bom sempre que preciso sou bem atendida;5;2026-01-14 16:46:33;5.22.0;Caixa
02d8226f241e6ee86e1fa9e0ef53e675;caixa e econômica melhor banco;5;2026-01-14 16:39:33;5.22.0;Caixa
540645d900f6b3f3eeab8523fd628cdc;É rápido, mas e só falta colocar os vencimentos do cartão nos meses da frente para saber valor das faturas;4;2026-01-14 16:29:26;5.22.0;Caixa
b0ff01c4a5bb42c83bd1e70871dae822;muito ruim;1;2026-01-14 16:22:50;5.22.0;Caixa
a9ed7ae529aabc8cfd75a166537380c6;Excelente aplicativo e banco.;5;2026-01-14 16:17:14;5.22.0;Caixa
783340493248ca63ed6def3e07d7f22a;app péssimo. fica dando erro ao tentar abrir conta!;1;2026-01-14 16:07:25;N/A;Caixa
185658b18af96273f0072f2dc76c6af6;ótimo banco para resolver meus problemas financeiros rapidinho;5;2026-01-14 15:58:58;5.22.0;Caixa
e03097e8787bc5f90f9bee308a9afd0b;ótimo 👍;1;2026-01-14 15:49:35;5.22.0;Caixa
3a2d3253756de57cd0f12a9679903ff7;fácil.;5;2026-01-14 15:45:59;5.22.0;Caixa
75ae4208c28876f208f699423d6691cd;Ótimo;5;2026-01-14 15:44:25;5.22.0;Caixa
d2444100cf89aa81a1f6addc42040b41;NÃO DAR PRA ATUALIZAR A SENHA PIX PELO APLICATIVO PIOR APLICATIVO DE BANCOS;1;2026-01-14 15:26:07;3.15.1;Caixa
909c7f206f37a3021641d773d888aec7;muito fácil e rápido;5;2026-01-14 15:20:02;5.22.0;Caixa
8358f59d45047823a4d62f1fe0163b5a;Hoje sem dúvidas a CAIXA é o melhor banco que trabalho;5;2026-01-14 15:11:12;5.22.0;Caixa
8538e2820aa76439b4d487781bc6bed5;muito bom ele;5;2026-01-14 15:09:04;5.22.0;Caixa
baf42864d3b25827703dad3045ab36d4;Sempre consulto saldo. Pagamento via pix e outros;5;2026-01-14 15:01:27;5.22.0;Caixa
a842f85b22bca3fa0024384ad3582e87;aplicativo muito instável, nada funciona, suporte não funciona, atendimento horrível;1;2026-01-14 14:56:38;5.22.0;Caixa
7688a79b0e3f43c72d22165592acc05a;tem melhorado bastante;5;2026-01-14 14:51:25;5.22.0;Caixa
9ef98fdfe01c44fac458ddce9212c9a4;bom demais;5;2026-01-14 14:48:43;5.22.0;Caixa
62a620e215a5d4237fbb17fa21196a19;otimo;5;2026-01-14 14:43:34;5.22.0;Caixa
491f300c57ee0b67ce17dfa1863fb530;ótimo aplicativo;5;2026-01-14 14:36:42;5.22.0;Caixa
60c21bcf24d8a68bbaddff9d73f48776;O aplicativo está bom;5;2026-01-14 14:32:37;5.22.0;Caixa
32b61a3a9b7c9d5fa76183f745ed83ec;demora muito pra ver o saldo.;4;2026-01-14 14:28:21;5.22.0;Caixa
bc11de49450c217b31123a9b15407024;fácil entendimento;5;2026-01-14 14:23:22;5.22.0;Caixa
c3e214f99e5aa8461e5e17011fdb19f5;me diga ai qual a diferença do internet bank pu aplicativo da caixa ?;2;2026-01-14 14:22:30;5.22.0;Caixa
77cf90750e1d9c5bad89de8c0cfbd684;maravilhoso;5;2026-01-14 14:21:51;5.22.0;Caixa
111684afa539c7908dd16ccddf07480d;otimo;5;2026-01-14 14:16:41;5.22.0;Caixa
301cdf14022908613057d663bb52fe4a;ótimo app;5;2026-01-14 14:15:37;5.22.0;Caixa
481bc5f3d44b4f307a45745f49533677;não dá para abrir a conta online como sugere o aplicativo, para quem tem conta o app e bom porém para fazer uma conta tem muito erro na leitura da biometria e pelo telefone também não consegue resolver somente indo na agência;2;2026-01-14 14:13:12;5.22.0;Caixa
f4993c5ba8d546c46abd3bdb2d18ada2;Porque a caixa demora muito a dar respostas para as pessoas a respeito de imprestimis.;5;2026-01-14 14:08:33;5.22.0;Caixa
4eefc71289cf8740ab9452f65e92e4c2;não tenho experiência primeira vez .;5;2026-01-14 13:57:49;5.22.0;Caixa
3d7d5df12fae70f43f7960d3b4089c83;"Esse app sempre dando problema, peguei outro aparelho, autorizei via o antigo, aí continua dando erro de segurança ""btzblklgn"" cheio de reclamações no reclame aqui, programadores e pessoal do TI vamo se Mexer, pq vergonha isso";1;2026-01-14 13:56:23;5.22.0;Caixa
5e70101adabe1e58e871057479fb24bf;Olá! o aplicativo é muito bom e prático,sou cliente a um bom tempo e uso muito o AP! faço quase tudo nele .;5;2026-01-14 13:42:48;5.22.0;Caixa
df31229b8b363a2e175b7c804cc7842f;quando vai volta normal o aplicativo da caixa;5;2026-01-14 13:39:24;5.22.0;Caixa
62b9b8420c78d738805a91c01ba0447b;não funciona;1;2026-01-14 13:33:35;5.22.0;Caixa
7a4b7e1e52f3c2944bdff6e1a1c15605;ótima, atendimento.🙌;5;2026-01-14 13:27:33;5.22.0;Caixa
79c634b08c5a675d7d3e56764cb3cf99;rápido e fácil;5;2026-01-14 13:26:26;5.22.0;Caixa
1950fafe8276eecf8b8083693ce46ea3;muito difícil de resolver algum problema sempre foi assim deste quando tirei o cartão em 2016.;1;2026-01-14 13:22:48;5.22.0;Caixa
1a11e08e11d2af3109557110e4510440;muito bom;5;2026-01-14 13:19:05;5.22.0;Caixa
4191a808bd337e6133383005a65e9fda;"Fiz a conta digital e não consigo ter acesso. Só apresenta a informação ""não foi possível efetuar o acesso à sua conta no momento""";1;2026-01-14 13:16:01;5.22.0;Caixa
cc75017792f19af05bd873b6f2ac913a;legal;5;2026-01-14 13:10:07;5.22.0;Caixa
4bfbb9d703fe5db8f5468c9fadb2e2af;eficiente e fácil;5;2026-01-14 13:06:36;5.22.0;Caixa
4167561f84ca908e9e64932244052c1d;acho o aplicativo complicado de entender na parte do cartão de crédito. não trás clareza e facilidade de manuseio.;3;2026-01-14 13:04:58;5.21.1;Caixa
46d691be5d50a579ff9da7d6c08aa840;ruim, nada funciona direito. lento e arcaico.;1;2026-01-14 12:58:03;5.22.0;Caixa
1f1b0b70f27e65d25a6fefe8c44e8d5f;ótima;5;2026-01-14 12:55:14;5.22.0;Caixa
e2c0efe071cf9765213c15aeb487f553;o aplicativo é bom ,porém apresenta uma falha , quando precisa olha os comprovantes, o aplicativo não aparece os meses e o ano .e também não aparece atualização para fazer ,para melhorar o desempenho.;1;2026-01-14 12:54:26;5.22.0;Caixa
caa5cba9df44cadcd1b980f7ef439730;Por acidente exclui meu app da CEF, baixei novamente e agora não consigo mais entrar. Quando tento cadastrar novo usuário entra em uma tela azul infinita. Poderiam me ajudar? O aparelho que uso para acesso a esta conta é um samsung J7 neo. Desde ontem que tento novamente cadastrar ou entrar e não consigo. Já tentei usando dados, wifi, já desinstalei e instalei, já limpei cache e nada muda. Quando clico em cadastrar novo usuário aparece uma tela branca com um X da caixa e ID e depois a tela azul.;2;2026-01-14 12:54:11;5.22.0;Caixa
20e3b05de2ad769f63491b9677c595b7;e nota 1000;5;2026-01-14 12:51:38;5.22.0;Caixa
2bf0b56be4031ad57e72085e3ee7555e;um lixo, no app não aparece o saldo real, a gente paga e fica negativado. não da opção de contactar um ser humano, fica enrolando a gente entre robôs em robôs.;1;2026-01-14 12:49:18;5.22.0;Caixa
ff2de60dab5040a360e392a1bf321de5;excelente de mais não tem outra igual;5;2026-01-14 12:44:25;5.22.0;Caixa
b59139936dc9f414a38a96d9f6d82d05;porque tá pedindo token ??? meu não entra mais;1;2026-01-14 12:42:47;5.22.0;Caixa
cf9c41fd128aaccfecb107627e3b7f4d;facilidade pra tudo;5;2026-01-14 12:37:25;5.22.0;Caixa
9c99221202dc70bd1af6dba645f53618;Não está anexando as fotos do Reforma casa Brasil. Todos os dias desinstalo e instalo o app e nada muda. No app do caixa tem fala que meu contrato está ativo e pede para anexar as fotos da obra concluída. se nem as iniciais eu consigo anexar para receber a verba. Nao da certo. já fiz isso. Aliás, nem na agência sabem o que está acontecendo.;1;2026-01-14 12:36:31;5.22.0;Caixa
594111e4b604e2b799fbf802033e35bc;ótimo;5;2026-01-14 12:24:29;5.22.0;Caixa
e0d46b1c87c2045aeb360cf5d9649e39;ótimo;3;2026-01-14 12:14:09;5.22.0;Caixa
7a0c4554c17be131dd12d7b0d2acc22e;antigamente era melhor, está mudando demais e para pior lançamento futuro ficou escondido, horrível;2;2026-01-14 12:06:22;5.22.0;Caixa
af71a9b25da8ec90980e78c30889560b;Ótima;5;2026-01-14 12:05:26;5.22.0;Caixa
d6802a1dfc35f4e98a84bfa6d52ea1f3;APP lento. Necessário melhorar urgente;3;2026-01-14 11:47:22;5.22.0;Caixa
78bd6815377db9eb5ff1796ef6016dfe;ótimo aplicativo;5;2026-01-14 11:47:02;5.22.0;Caixa
efe637c8b41f48b842ccfa3e87e6eb21;não consigo logar no app;1;2026-01-14 11:45:48;5.22.0;Caixa
33256725f973c6fbbde2ee752461a450;regular;4;2026-01-14 11:45:09;5.22.0;Caixa
ab308c9742e24a472bcd83094845f66d;Bom atendimento, segurança e satisfação;4;2026-01-14 11:44:39;5.22.0;Caixa
80a203c7d70bd9f30708761b1ec5ba84;poderia ter pelo menos 100% do CDI e opções como metas para fazer investimento.. tá na hora de renovar caixa econômica.;3;2026-01-14 11:44:29;5.22.0;Caixa
20a22ccca8767603c69556c70f1ca686;Aplicativo ruim, sempre tem algum problema.;1;2026-01-14 11:37:49;5.22.0;Caixa
09b517b96ff0bef969636552a2fd65a7;muito bom!;5;2026-01-14 11:26:03;5.22.0;Caixa
d89c0cfce93a567fd5271f04f7cdbd87;quando tenta entrar no credito faturas esta com poblemas fica carregando um circulo amarelo ai fica dificil pagar faturas tem que ficar tentando várias vezes ai fica dificil fazer o pagamento.;4;2026-01-14 11:20:06;5.22.0;Caixa
126cf32b0a6b2c2ad072769254e810a4;muito bom dá bastante limite;5;2026-01-14 11:19:02;5.22.0;Caixa
c065157cf2b335f06897f40975362669;satisfação imensa com atendimento da caixa;5;2026-01-14 11:17:57;5.22.0;Caixa
92fa286a850ee24be6f411734d5ecaa1;ótimo trabalhar com a Caixa;5;2026-01-14 11:11:21;5.22.0;Caixa
56c3a0b240e60457fab5036c6eea2c25;nao consigo abrir a conta! da falhar sempre , ja tentei umas 10 vezes!!;1;2026-01-14 11:06:58;N/A;Caixa
ffa173abe1f440037769143549ed4bd4;Excelente;5;2026-01-14 11:06:30;5.22.0;Caixa
c3b317a81f2777ec94adeedb808310b6;horrível;1;2026-01-14 11:04:04;5.22.0;Caixa
2eb06ee04eed0f7fd77430d985a09262;ótima conta e banco caixa Econômica maravilhoso;5;2026-01-14 11:01:02;5.22.0;Caixa
8bc3cf62b79669f56ae743e11144d3f7;não recebo mais notificação do app;1;2026-01-14 10:55:34;5.22.0;Caixa
886b87d79ced45a0b40c4f8ce2cf9fac;não consegui um cartão de crédito;3;2026-01-14 10:54:15;5.22.0;Caixa
f4cd2ffafc286623f54f59c6cf94c4c5;uma experiência excelente, feliz em ser cliente;5;2026-01-14 10:47:10;5.22.0;Caixa
412d1deaf27cb99624ad98838a6afcff;uma negação quando se trata de resolver problemas pelo app;1;2026-01-14 10:46:17;5.22.0;Caixa
2a2f09a132b769581d8d8ac08e5dd850;Estou tentando solicitar segunda via do meu cartão de débito e não consigo. Diz que minha conta tá bloqueada e não consigo resolver nem por telefone.;1;2026-01-14 10:35:45;5.22.0;Caixa
4786b32b9cdf6635e7683996d9c43b4b;o meu tá com erro pedindo para desativar o root mas já fiz muitos procedimentos como desativar o modo desenvolvedor, limpei cache dele e resetei o celular e nada funciona.;3;2026-01-14 10:33:51;N/A;Caixa
cbea9723b5e065f1ffd43ed8c59fc3d7;MUITO BOM. ..EXELENTE...!!;5;2026-01-14 10:32:04;5.22.0;Caixa
fd57e4f1bda49da92f0eee93b9fbe739;esta otimo;5;2026-01-14 10:30:43;5.22.0;Caixa
057f3bc4b0fd7e797b3ca86bad4c9d61;Apesar de fazer tudo pelo app quando chega o fim de semana ou feriado não consigo fazer nada, o app nem abre, fica dando erro, optei por ele para não precisar sair em função da pandemia mas fico ilhada nós finais de semana e feriados;5;2026-01-14 10:21:01;5.22.0;Caixa
8b99ce45d0ad267593df499b591b8e59;Direto esse aplicativo trava, ou não faz pix, ou dá um erro quando mais preciso. Estou precisando entrar agora por exemplo e está travado na tela de login. Complicado demais!;1;2026-01-14 10:15:39;N/A;Caixa
f9dc4782748538339d6071a66f619974;horrível;1;2026-01-14 09:52:46;5.22.0;Caixa
8f23f216d9db98abac55a8a954664ecd;infelizmente meu cadastro não passa da facial, código de erro n° 17, já liguei várias vezes para tentar resolver, já reinstalei várias vezes o aplicativo e mesmo assim não consigo abrir a conta, e na agência demorou tanto para ser atendido que fui embora, detalhe agência no Itaim Bibi e tava vazia, mesmo assim o gerente fingindo que as poucas pessoas que estavam lá nem existia, vou continuar tentando.;1;2026-01-14 09:51:00;5.22.0;Caixa
348492d8859200269bf0952626ce2282;Eficiente;5;2026-01-14 09:41:10;5.22.0;Caixa
05992b55966bedc0b0c043f676d6482d;muito bom o aplicativo,tem tudo o que o cliente precisa.;5;2026-01-14 09:36:39;5.22.0;Caixa
19c7ada5d77abb8575ef8957537ac0f4;Muito bom prático;5;2026-01-14 09:31:06;5.22.0;Caixa
ffa4e141b276fa439f8c3aaed26bfb64;muito bom;5;2026-01-14 09:14:40;5.21.1;Caixa
385fc405ad910b28f1a1c0308fb3d04a;satisfatório;5;2026-01-14 09:14:30;5.22.0;Caixa
4f042a5d5116646472e3d6f375ebd28e;muito bom;5;2026-01-14 09:02:32;5.22.0;Caixa
4cacb33a38026137f6617000fd04ba03;Estou sem acesso ao meu app caixa des do mês 10/2025, Ao tentar acessar o app aparece uma mensagem pra desativar root porém nunca fiz root e o modo desenvolvedor esta desativar. Preciso de suporte;5;2026-01-14 09:00:17;4.6.0;Caixa
36a85ef1d9ed3158273105b6cd3bac94;esse APP q está substituído o caixa tem ?;5;2026-01-14 09:00:08;N/A;Caixa
565d5acb69cc4e95a4e16acf1cc1566e;otimo;5;2026-01-14 08:51:33;5.22.0;Caixa
d565b9209b4bddea070308f573e85661;Gosto muito do atendimento.;5;2026-01-14 08:47:14;5.22.0;Caixa
b0f61b3f5d8ab9f92271dbb737f313d4;aplicativo intuitivo. prático. ultil...;5;2026-01-14 08:41:12;5.22.0;Caixa
a46ce178c3ef4728b1f96b7d5d7c6197;"Falta uma maneira de agilizar as consultas, pois nem sempre clicando em ""voltar"" eu consigo voltar para a página anterior. Isso torna a consulta mais demorada.";3;2026-01-14 08:38:14;5.21.1;Caixa
5e6a7b6c11874e7fbf35b2b0eaf4533b;graças a Deus a caixa descomplicou tudo e muito, hoje uso minha conta devido a facilidade do app , não trava , , não está lento ou seja é como se a caixa já me conhecesse e faz tudo pra me vê feliz;5;2026-01-14 08:29:16;5.22.0;Caixa
b26043317de3818ba49af1cdd06d2a2e;muito obrigado o aplicativo;5;2026-01-14 08:10:35;5.22.0;Caixa
9bd174eac2e8e3c0bfba1c89d2b53aeb;gostei mais ainda não consegui entrar no App;5;2026-01-14 08:08:00;5.22.0;Caixa
8fc740b0340b52aca25f83d4e875234e;ótimo;5;2026-01-14 08:04:21;5.22.0;Caixa
7c7fb96f8e561055159405ab24aff7bf;mto bom;5;2026-01-14 07:43:52;5.22.0;Caixa
7ba55933de6ad9596d50d1339762e801;Muito bom.;5;2026-01-14 07:35:55;5.22.0;Caixa
42427eb31ea9f4e7390c50cddf7fb4b9;agora tá top;5;2026-01-14 06:55:05;5.22.0;Caixa
78d426894bffb85d59dffe7e68065421;aplicativo muito bom;5;2026-01-14 06:44:28;5.22.0;Caixa
e669cf4129d991a4ba1844a734bc1501;, Ótima .Gostei mto.;5;2026-01-14 06:36:51;5.22.0;Caixa
3d3d8916761d237b1023b0175e341fcc;péssimo;1;2026-01-14 06:26:18;5.22.0;Caixa
d78734880ab55e0519f4e09651b6a510;muito bom;5;2026-01-14 06:26:15;5.22.0;Caixa
fff88c817f5011538897a0316309644b;por está atualização nova não está dando pra enviar as fotos por reforma casa brasil arrumem esse app está horrível;1;2026-01-14 06:25:50;5.22.0;Caixa
f4835ad0916dc6b96bb6664596c0f5ef;muito bom;5;2026-01-14 05:38:10;N/A;Caixa
e5b17fbd856606a8a7d1f1039a7c89c3;Muito bom;5;2026-01-14 05:07:53;5.22.0;Caixa
8d490656de42f4637b99309840d5b62f;não consegui acessar minha conta;1;2026-01-14 04:58:27;N/A;Caixa
6d26ceac8ae064f3cb069a41db529210;preciso a cessar o aplicativo;5;2026-01-14 04:56:38;N/A;Caixa
195536c2cd6baabc512c3d9c4edcae89;pior que eu já vi ,n e possível resolver nada pelo celular, tudo e presencial e quando vai presencial n resolve tbm ,;1;2026-01-14 03:48:21;5.22.0;Caixa
8521a0372a42626cedadc4420d661493;exelente;5;2026-01-14 01:50:37;5.21.1;Caixa
d2b79e5e3c0fab0d308f5f68333b85cb;app horrível..;1;2026-01-14 00:35:01;5.22.0;Caixa
5f0dbffb68048be00facf48707f0cb71;Parabéns a Caixa, tive facilidade para abrir minha Conta e o App está funcionando muito bem !!;5;2026-01-14 00:31:10;5.22.0;Caixa
d3b6428648adaea82d57f0b92cabf670;nao sei pra que toda essas informações tudo para o governo ficar vigiando tudo que fazemos!;3;2026-01-14 00:29:38;5.22.0;Caixa
98991a1fb67fdb1c21118541a3ada1cf;e ruim essa atualização não precisa mais ir na caixa pra abrir o aplicativo não e muito seguro qualquer raquer pode raquiar a conta;4;2026-01-13 23:59:57;5.17.1;Caixa
24e39ea36309f68ab368a44e9363e129;eu gostaria de saber se tem dinheiro pra receber?;5;2026-01-13 23:58:39;5.21.0;Caixa
41e9515aeb0707ce3f3d1e394db104d4;Meu app favorito.;5;2026-01-13 23:01:20;4.9.0;Caixa
8eac8c97195698a665b6e495eedf3227;cobrança indevida;1;2026-01-13 22:57:19;5.22.0;Caixa
0ee2b761d72bfd08b17623d342f22c92;Gosto muito da parceria caixa econômica federal. Muito responsável com seus trabalhos, seus clientes.;5;2026-01-13 22:52:42;5.22.0;Caixa
512a088d4720ba9e03ba727d53278f59;praticidade é eficiência operacional!;5;2026-01-13 22:51:09;5.22.0;Caixa
c869fe54bb0c240d92797de8d3a5adbe;Nunca tive problemas com a instuição;5;2026-01-13 22:44:21;5.22.0;Caixa
d6b5ee7c3af7ffa8b0e94385ddb2e7d5;o app não abre;1;2026-01-13 22:39:49;5.22.0;Caixa
01d78addf09d83b40da216655c795099;já é mais de semanas que eu não recebo nenhum centavo a mais de juros na minha conta poupança,oq está acontecendo com a Caixa afinal,vou começar a investir em outro banco que com certeza o meu dinheiro irá valer mais do que a Caixa;1;2026-01-13 22:33:01;5.22.0;Caixa
82abdf83b27be818e0f102ff05d44732;muito bom ser criente caixa;5;2026-01-13 22:30:47;N/A;Caixa
c424f1b977cb0a5cef9a7045dd33c7f3;fui lesada fui roubada praticamente pedi o estorno de um Pix e foi negado não me devolveram meu dinheiro, pois tem uma empresa restaurante que tá vendendo lanches combo no Google e quando vc efetua o pagamento diz que a empresa tá fechada manda vc pagar uma taxa pq o Google vai achar outra empresa mais próxima e vc acaba caindo em um golpe nisso perdi 70,00 que vcs não querem me devolver pois vcs viram que é fraude esse restaurante nem existe eo Google fala pra vc efetuar o pagamento.;1;2026-01-13 22:29:43;5.22.0;Caixa
efb573c04446a75038dd7632bf1983f1;muito bom;5;2026-01-13 22:24:43;N/A;Caixa
3bd823409b5e0b68b84ed27c97338444;problemas;5;2026-01-13 22:20:38;5.22.0;Caixa
e61cfe4c5a5ab1dd24c941d8881a8012;caixa ta muito muito muito ruim todo hora que vou entrar não tá dando tá mando faz login todo hora hj fui entra já falou não é posilve fui tenta faz outro logo nao deu desbloquear de novo eu já fui no banco faz isso agora todo vez que não consigo faz loquinho vou ter ir no bonco tá muito chato tá mi mando revia eu vou cancelar essa conta tá dando do cabeça😡😡😡😡😡😡 já fiz isso tudo eu vou e mesmo esxlui essa conta;1;2026-01-13 22:09:52;5.22.0;Caixa
2a3f565c44676d32a166e1610143921b;boa noite eu gosto muito do app;5;2026-01-13 21:53:51;4.5.0;Caixa
b2941ab5601d1e074756927013f335c3;sensacional 😃;5;2026-01-13 21:40:11;5.22.0;Caixa
bb0762eac4c6b1cda74651181182816c;muito ruim não consegui o que eu queria;1;2026-01-13 21:38:45;5.22.0;Caixa
f26171e57619563a71240e10754e18e0;muito bom . gostei;5;2026-01-13 21:38:04;5.22.0;Caixa
7dac2da097add8acb61497ca99eec79a;adoro;4;2026-01-13 21:37:14;N/A;Caixa
8fff36303c47e7e442eccdbcb0f6ee7b;Boa e celente;5;2026-01-13 21:36:35;5.22.0;Caixa
f3140407b6c7154ad7d17249ab6e5f5e;não tenho what zap não consigo mais ter o aplicativo, vou ter que trocar de banco, porque eu tentei baixar o aplicativo novamente para fazer um novo usuário, mas ele pede what sap não tenho não uso isto, nem lá no site consegui entrar;1;2026-01-13 21:20:53;5.22.0;Caixa
e28fad11cd4cc18ac75172f1c1881620;gostei da nova roupagem do aplicativo;5;2026-01-13 21:19:41;5.22.0;Caixa
a139fe86d301f90a169c304ed8e404c8;muito bom parabéns;5;2026-01-13 21:15:38;5.22.0;Caixa
821cb4c772a3d07cec3cd4b1c03a6d69;top demais amo a caixa;5;2026-01-13 20:57:09;5.22.0;Caixa
feda791be7f4a76aa0bf59c1eb73d55d;sempre fui bem atendido pelos colaboradores da caixa econômica federal;5;2026-01-13 20:52:15;5.22.0;Caixa
a351cc57e0f75e825952a8af982cb796;Quero enaltecer a excelência de favorecimento de todos trabalhando e da equipe de funcionários federal. sucesso.;5;2026-01-13 20:47:56;5.22.0;Caixa
c96ceeab6aa75d1667a13e46ea5af98f;Pois não abril antes era muito bom pois tem us 3mês q não concigo entrar nesse aplicativo desciztalei e estou tentanto estalar mas não estala o q está acontecendo pode explicar por favor não consigo entra na minha conta;1;2026-01-13 20:45:04;5.22.0;Caixa
724cfabaeb52b0fd04574cb0b447bbd7;excelente muito bom!;5;2026-01-13 20:43:13;5.22.0;Caixa
db70b5a32747940ad761e22d9cb62c7c;o aplicativo era bom, mas agora pede o tempo todo que se faça login e se repiaenpre o processo de cadastro de biometria a cada vez que é preciso acessar. Nao sei o que houve, mas está muito inconveniente o uso, a ponto de pensar em mudar de banco por causa do aplicativo;2;2026-01-13 20:35:22;5.22.0;Caixa
9a56a21749ab5682c109857c0ee1872b;sempre que tento entrar fica falando para eu desativar o modo de segurança do desenvolvedor;1;2026-01-13 20:21:01;5.22.0;Caixa
ff94a4eb114f70996188205a83a19e37;Aplicativo proporciona segurança e tranquilidade para fazer transações no nosso dia a dia!;5;2026-01-13 20:16:28;5.22.0;Caixa
a5fda18d26722d20934829473b0f1525;Complicado viu sistema tá horrível, não consigo efetuar Pix só fica oscilando não abre, já desinstalei instalei de novo e nada , difícil viu passaria vergonha na rua ., e meus pagamentos como fica, se continuar desse jeito., como eu vou pegar a moto pra trabalhar amanhã?? já basta o caixa tem , que toda vez que fica logando toda hora com senha, não entra a digital, sinceramente estou me arrependo de ter largado outros bancos pra passar por isso. meu aniversário amanhã, imagina;1;2026-01-13 20:15:52;N/A;Caixa
9cf0f542fac7b03c6296938ae8a75e9c;se voce nao tiver problemas o aplicativo é otimo;4;2026-01-13 20:15:21;5.22.0;Caixa
35feb164976e013995f56fd85429dd5b;É horrível consultar extrato, depósitos, pix;1;2026-01-13 19:58:39;5.22.0;Caixa
bdc73a6f243ab38cc505e02720a2ab2a;muito bom;5;2026-01-13 19:55:25;5.21.1;Caixa
032c6e00eaf8bae2384b091c438f28ad;Testando ainda. Vamos ver dá pra usar sem ter que pedir portabilidade de salário.;2;2026-01-13 19:53:37;5.22.0;Caixa
d04dae3c10f9e19c680ffc1baa72c6c4;Está muito ruim essa nova atualização, demora muito pra abrir qualquer coisa nele .;1;2026-01-13 19:52:20;5.22.0;Caixa
b56ae57ac11d6a88a85cf0138d33a8bb;bom quero amei;5;2026-01-13 19:41:56;5.22.0;Caixa
a8adf5c86c9f7779d7f4687e22d4209e;muito bom;5;2026-01-13 19:36:30;5.22.0;Caixa
a671c969af4f0f4478dcd51981db28d9;muito bom caixa;5;2026-01-13 19:23:52;5.22.0;Caixa
19077bd159acae387d1e232267ca2a3c;muito bom;5;2026-01-13 19:18:45;N/A;Caixa
1a99aa64ee10c2aadff54831fb51a770;muito boa;5;2026-01-13 19:16:28;5.22.0;Caixa
848f1b93ff298bcfdbcc4412e8355db9;ótimo;5;2026-01-13 19:15:41;5.22.0;Caixa
9c79c872a099c4f80fa4db31e4418bc9;abrir conta é rápido fácil uns dos bancos que prefiro resolver tudo é com a caixa econômica, vcs estão parabéns!!ótimo atendimento;5;2026-01-13 19:15:21;5.22.0;Caixa
18283a02b5a4f537c5cd4e46faeab20b;muito boa;5;2026-01-13 19:09:21;5.22.0;Caixa
93e373ba6b749280997442283e436d58;honesto;1;2026-01-13 19:08:18;5.22.0;Caixa
c25635e09ca7e03c8aa17e103cc3f880;após a última atualização não funciona no Samsung s25;1;2026-01-13 19:01:29;5.22.0;Caixa
956f1bd1f1514d8e2ab378f1449fc7bd;atendimento excelente,;5;2026-01-13 19:00:21;5.22.0;Caixa
6c0eb3e11291e41676e9459d6e8ace19;ótimo aplicativo, consigo pagar todas as minhas contas sem sair de casa;5;2026-01-13 18:48:31;5.22.0;Caixa
ba5f324ea1d240020f17e387a56e9add;não consigo mandar foto da reforma casa Brasil pronta;4;2026-01-13 18:47:36;N/A;Caixa
791ee0a0660ed9f2fa9cfc488a19024d;ótimo;5;2026-01-13 18:46:03;5.22.0;Caixa
ea0d186c5fd166a98628e302c09cfd0a;ótimo;5;2026-01-13 18:41:16;N/A;Caixa
a322da958ee74879b00066b39adfe1ee;O APP apresenta erros para abrir conta digital, mesmo alternando de celular e de pessoa.;1;2026-01-13 18:40:09;5.22.0;Caixa
b07e064364b4b9111191335fe70280b5;excelente;5;2026-01-13 18:38:37;5.22.0;Caixa
7f28c07dce54e7188715ca14bc6c034e;Experiência de usuário horrorosa. Bem abaixo da média do mercado.;1;2026-01-13 18:36:44;5.22.0;Caixa
d812f841e344e5ec95e607497ccc5af5;so far so good!;4;2026-01-13 18:33:05;5.22.0;Caixa
6c52357bbe409784b3801eb100ca43b8;magnífico muito bom prático confiável e muito bom ter a caixa esse app tem minhas palavras consideráveis com respeito e agradecimento ao serviço prestado aos seus clientes,;5;2026-01-13 18:29:52;5.22.0;Caixa
61e3a3f96457b4dc97de6d8a0c9a7e41;As vezes fica lento e confuso;4;2026-01-13 18:28:03;5.22.0;Caixa
0ce2032af3463a7b5c579885a7f91740;tem que ir na agência sempre porque da problema ao entra meu esposo está com saco cheio da agência ser tão ruim assim;1;2026-01-13 18:27:17;5.22.0;Caixa
c32085b89bae15c664609c26fdbce2a3;ainda falta algumas opções de pagamento;3;2026-01-13 18:23:59;5.22.0;Caixa
d840626c3bdc900aa2e748434e0f917b;Pior banco, não resolvem nada e o dinheiro da poupança não rende nada,.prefiro guardar meu dinheiro no cofrinho do mercado pago, onde nosso dinheiro é valorizado.;1;2026-01-13 18:23:09;N/A;Caixa
0bf74d4fcbfbf9115a865e581abb33a5;aplicativo muito lento, as vezes nem abre, necessário otimizar mais.;3;2026-01-13 18:20:17;5.22.0;Caixa
9bac2480ed02aa9c3c31ddba9842e37d;muito bom;5;2026-01-13 18:15:33;N/A;Caixa
57084e41519d228aec4b7a543eba815d;o app deslogou a minha conta no dia 31 de dezembro e não volta, fica pedindo pra eu recadastrar, e dando erro,vou ter que ir ao banco pra voltar usar o app.;3;2026-01-13 17:42:38;5.22.0;Caixa
0d5ff91b24636a47f23dd6c5b96a2934;Eu amo meu aplicativo da caixa muito bom mesmo, é de fácil acesso, multo fluido, seguro,tudo bem organizado parabéns para os desenvolvedores;5;2026-01-13 17:42:19;5.22.0;Caixa
6ae60cc8585d3fd95334a3b2f22ab72f;Toda vez que o app atualiza,apaga meus dados e me obriga a ir ao caixa eletrônico para validar o app em meu celular. Que comodidade é essa que vocês prometem? Eu fiz atualização presencial no dia 09/01/26, hoje precisei usar o app,e está pedindo que eu vá ao caixa novamente,para fazer outra atualização presencial.;1;2026-01-13 17:42:19;5.22.0;Caixa
e9e5897ea0f8576be1e4a34b0c0240c5;prezados depois da última atualização o cartão no Google pay está dando erro;4;2026-01-13 17:13:45;5.22.0;Caixa
42f90d57178da62f6718bc90925bc43d;poderia ter um tipo de caixinha pra separar dinheiro para outros fins, com o propósito de guardar dinheiro.;5;2026-01-13 17:05:13;5.22.0;Caixa
42565680c7eea911945c1b7b609d636e;Se desse para dar menos estrelas eu daria desde da última atualização, o aplicativo simplesmente não entra na minha conta dizendo que estou sem internet e etc...;1;2026-01-13 16:55:27;5.22.0;Caixa
ec3e32415491b133f411591f7ef75c0c;muito bom;5;2026-01-13 16:50:01;5.22.0;Caixa
113ef701200d26d211c3e2be9aef11e7;muito bom;5;2026-01-13 16:47:53;5.22.0;Caixa
b4a88487ef3ca33d5b62dfde59e58c8e;muito bom;5;2026-01-13 16:32:52;5.22.0;Caixa
86cce4cd5cc41c5552b3d615d6c17039;ñ consigo cadastrar só da tela azul e ñ sai dela ñ consigo cadastrar tá muito ruim o App abre normal. mais quando viu inserir meu usuário ñ dá certo ao se cadastrar novamente a tela fica azul e ñ sai mais desta dela;2;2026-01-13 16:26:48;5.22.0;Caixa
03de89ff761abd1ac576a4371c3c1f8a;ótimo . Quase nunca falha .;5;2026-01-13 16:23:53;4.3.1;Caixa
54083ff38392650edf3ffab7dcbe5221;otimo rapudo e fácil;5;2026-01-13 16:14:26;5.22.0;Caixa
08a02355256772debde85569e1d22700;não consigo abrir o aplicativo da caixa;5;2026-01-13 16:13:20;5.22.0;Caixa
57d97dea30d9cf8e5d94b8b6a1586354;Maravilhoso esse app☺️👏🏽👏🏽;5;2026-01-13 16:12:41;N/A;Caixa
5c8ecf39b905b7c958e184116827a00f;app tem 3 meses que tento abrir conta e nunca está funcionando .....;1;2026-01-13 16:00:35;5.22.0;Caixa
6e3dc177a96432f734253a3fb1593693;gostei bastante;5;2026-01-13 15:59:04;5.22.0;Caixa
0cfd8db1e48b6c7a87a43b298cd8ad69;muito bom 👍🏿;5;2026-01-13 15:56:49;5.22.0;Caixa
f9ddcb69a8cc97a0e5ee11c7d5129b85;muito bom;5;2026-01-13 15:54:02;5.22.0;Caixa
6bbefb10f3e86941d0b8c551a9490826;muito bom;5;2026-01-13 15:53:09;5.22.0;Caixa
9dacf3608308483b0434cddac28a1b2b;gostei muito da novidade;5;2026-01-13 15:50:13;5.22.0;Caixa
0ce9d814ec81469e5ba0d0250ba9a578;otimo;5;2026-01-13 15:50:02;5.22.0;Caixa
d443395b1be80ca02ce92a3be394658a;ótima;5;2026-01-13 15:47:38;5.22.0;Caixa
4f9cc75d94e3867db10717da300bab53;muito bom a aplicativo da caixa e agora que autorizou ficou melhor ainda .;5;2026-01-13 15:43:31;5.22.0;Caixa
216217918b52cdcda1ad566142cd099e;tentando ser cliente;5;2026-01-13 15:39:33;5.22.0;Caixa
8d445dd84155df134944c8bbebf61212;muito bom esse app da caixa.;5;2026-01-13 15:38:51;5.22.0;Caixa
6760a7a920530f075d93a89b802043f2;não estou gostando portanto pago em dia e estou sempre sem internet;2;2026-01-13 15:32:26;5.22.0;Caixa
4453e34ecefff12873e853924beee69d;Muito bom;5;2026-01-13 15:27:35;5.22.0;Caixa
8e842945d9c1c82496c4e35ea098e28e;Muito simples e rápido;5;2026-01-13 15:19:33;5.22.0;Caixa
34e1b80a34e8f8e056c8dd818b228274;muito bom com tudo que precisamos.;5;2026-01-13 15:14:42;5.22.0;Caixa
bd8cc56406e629dfe03d7c84507c7f85;ótimo;5;2026-01-13 15:11:26;5.22.0;Caixa
e7bb5bc7de6418ca9bbd21063c09cb90;muito bom eu satisfatório ajuda muito no dia a dia;5;2026-01-13 15:10:11;5.22.0;Caixa
11a3c46fd16a5f9775587a4549cb454c;esquece meu login cada vez que tenho que entrar;1;2026-01-13 15:09:44;5.22.0;Caixa
a89f73949e8901706c5ab8e6bd6472d8;app LIXO, n dá nem pra fazer um conta pq da erro. Horrível a interface. Não recomendo!!;1;2026-01-13 15:08:13;5.22.0;Caixa
d528892528242d9dc122b40d9e16462a;Infelizmente grandes dificuldades pra resolver situações simples como visualizar as informações do financiamento.;1;2026-01-13 15:04:10;5.22.0;Caixa
3d0a0cdb4186f2fdd8ff0f8a06aaacc8;ótimo 👍 👍 👍 👍;5;2026-01-13 14:59:43;5.22.0;Caixa
b3aa10a87d95d8eb91ceb45c689b867b;péssimo;1;2026-01-13 14:57:12;5.22.0;Caixa
3b2e0206070b62ca3080e7377d006d5c;muito bom;5;2026-01-13 14:43:23;5.22.0;Caixa
5445ab58239b6c8c960c58f7c87d1a84;tenho conta poupança, na caixa econômica federal.;5;2026-01-13 14:42:32;5.22.0;Caixa
69b3ca9be9c8478b96951f45a2828d6d;pra que inventa um aplicativo que não presta, só dá bug🤡;1;2026-01-13 14:39:32;5.22.0;Caixa
c05bd79ff3097fb3a71df2c7aa84cdea;Excelente;5;2026-01-13 14:32:24;5.22.0;Caixa
07c71039d718688e12d9a3a4099d68c8;tenho um contrato de penhor e dizem que não acho o meu CPF. como pode isso?;1;2026-01-13 14:26:37;N/A;Caixa
b35012b958d42eddfd8400a9fd2637b8;muito ótimo;5;2026-01-13 14:26:36;5.22.0;Caixa
fc06a8f4f3ed4921c1ffbb7e265fe601;ÓTIMO 💯;5;2026-01-13 14:21:03;5.22.0;Caixa
d9c29a4e06cad23e141fe06af849f95f;terrível,não consigo acessar minha conta,que chinelagem;1;2026-01-13 14:19:27;5.22.0;Caixa
1eaa81040071cb8384649499c51b2128;não estou conseguindo acessar o app ,nem indo a uma agência, simplesmente não tenho acesso, cadastro novo usuário e nada.;1;2026-01-13 14:15:08;5.22.0;Caixa
b6a673dd46167da4f9ed56498b78310a;o app não entra;1;2026-01-13 14:04:32;5.22.0;Caixa
b7fce35eb09a1faf21568ca36d8a3b53;Muito intuitivo, excelente para internet bankig.;5;2026-01-13 14:04:16;5.22.0;Caixa
5932ac5c729bdd249cc7e560dcfe7eb1;muito bom ser cliente caixa;5;2026-01-13 14:01:09;5.22.0;Caixa
042f915bde38e3712506f7f7e81c93b7;muito fácil de acessar;5;2026-01-13 13:59:48;5.22.0;Caixa
7284de1c7ad6fe6c05a7a3b02be8b3fa;O aplicativo funciona bem, isso é o mais importante;5;2026-01-13 13:58:05;5.22.0;Caixa
a437c93456bb0d870914bee8f7ea06ad;Não consigo realizar o envio das fotos para contratação do Reforma Casa Brasil. App com mais de 2 semanas com problema.;1;2026-01-13 13:55:17;5.22.0;Caixa
b51af67125c2694b91c7ef1f0bf5eced;o aplicativo agora está 💯 ótimo até estou voltando a trabalhar com a minha conta caixa e deixando os bancos online.. obrigada continuar assim.;5;2026-01-13 13:44:38;5.22.0;Caixa
8359e8f8b11827c23d2fad932bab35c1;Infelizmente ainda com o erro Cód: 017. Não sei porque tem uma opção de abrir conta pelo app se nem ao menos funciona, o pior que passas dias, semanas e meses e isso não muda.;3;2026-01-13 13:42:44;5.22.0;Caixa
85e79daec273a6b1fc76720dbb8f87ac;o atendimento online está cada dia melhorando.;4;2026-01-13 13:33:37;5.22.0;Caixa
4b896aaf1d86f4e2e014ac889dcdcc89;cada dia que passa , sofro mais constrangimento, quando tento realizar um Pix através o caixa tem, o aplicativo vive indisponível;1;2026-01-13 13:31:44;5.22.0;Caixa
52b51ffe2e34f2ef41e2c290a0112186;Atendimento profissional excelente!;5;2026-01-13 13:28:12;5.22.0;Caixa
29c3064c49ad72ef193d075c750c0ae0;muito bom 👍;5;2026-01-13 13:24:57;5.22.0;Caixa
ba211101b8a59b9166c39733a85f0934;ótimo;5;2026-01-13 13:20:07;5.22.0;Caixa
5210aa4d46031be69251e0dec5769574;Não sei o que fizeram, mas tá péssimo, se eu pudesse dava era negativo de avaliação, quase toda vez que vou acessar minha conta ele bloqueia, isso e uma vergonha...;1;2026-01-13 13:19:23;5.22.0;Caixa
ab99ce5df11cf158e525950043708867;Novamente, ficou péssimo. A restrição ao modo desenvolvedor só favorece os criminosos. Pois retira várias camadas de proteção que podem ser ativadas nesse modo. resolvam isso.!;1;2026-01-13 13:13:32;N/A;Caixa
facfa516a4bfb0f7a966973c99c83423;bom ,conta digital;5;2026-01-13 13:10:11;5.22.0;Caixa
84dc689cb83f14adf815ab249f31e0d3;nota dezzzz;5;2026-01-13 12:41:59;5.22.0;Caixa
2622209dd755600a45653150d728abfb;dá muito bug e muito problema com a biometria. Às vezes aparece o openfinence e às vezes não.;2;2026-01-13 12:40:52;5.22.0;Caixa
09c588fe466544ff4c53635551d6d907;excelente;5;2026-01-13 12:38:23;N/A;Caixa
e240808cd57bca999040b8d1d9b18d28;ótima experiência;5;2026-01-13 12:35:51;5.22.0;Caixa
16ef2395a43942084f9c43898d93866e;péssimo... procuro extrato do PIS PASEP e não encontrei;1;2026-01-13 12:30:25;5.22.0;Caixa
55d84c29ab050b6d9243bb9ec1c64bf7;praticidade, facilita nossa vida;5;2026-01-13 12:30:19;5.22.0;Caixa
068c3288bbcb355f4226a877f89894bc;melhor app;5;2026-01-13 12:29:50;5.22.0;Caixa
70473fe33fd4e2a1b6f5526eece5fe90;operando perfeitamente 👍;5;2026-01-13 12:29:17;5.22.0;Caixa
1602550e06c58f8fa084351d57194a06;muito bom esse aplicativo da caixa e rápido e ágil..;5;2026-01-13 12:25:40;5.22.0;Caixa
fc85ed1c75b91732e3e05a0269db800c;otimo;5;2026-01-13 12:25:33;N/A;Caixa
bab142ae7bcb49420df052fae2214773;um pouco instável, mas bem melhor que antes;5;2026-01-13 12:22:03;5.22.0;Caixa
bd46e5e1b97c3b5af564618ffe6cdcb1;ótima gostei muito;5;2026-01-13 12:17:34;5.21.1;Caixa
c704f4851ad2e3a0672e51c71ab66541;perfeito atendimento!;5;2026-01-13 12:14:21;5.22.0;Caixa
e57648e2228ac2787a4c96bbafb6c916;facilidade pra acessar;5;2026-01-13 12:13:04;5.22.0;Caixa
d82c7d7fe6ffe2e26ce0b35ce4ff67d2;A visualização de extratos e comprovantes é horrível. Não troco o Banco por um privado porque entendo que a CEF e BB são do povo brasileiro...mas os técnicos que cuidam do aplicativo são incapazes.;2;2026-01-13 12:08:21;5.22.0;Caixa
85fb0c2023cdb09ac7da8180c4f13386;lixo nem tenho root e diz para desativar e não abre, meu celular não tem root nem modo administrador ativo;1;2026-01-13 12:06:03;N/A;Caixa
a55dc498bcd95b60fd7f32aeaeee6220;o app demora pra abrir. estou usando o Nubank para movimento financeiro. Infelizmente ainda recebo meu salário pela, mas jogo tudo pro Nubank nota zero pro app caixa;1;2026-01-13 11:57:13;5.22.0;Caixa
2ee8bd383f117d1fcba5a3d672a7beba;app muito pesado, cheio de falhas, so funciona quando quer;1;2026-01-13 11:54:31;5.22.0;Caixa
5c21990dc69ca70a56d731a190702c7a;muito bom e seguro, alguma coisa às vezes demora pra encontrar, por exemplo, não estou conseguindo acessar a conta poupança.;4;2026-01-13 11:51:42;5.22.0;Caixa
bd971cdcfda274001ea17ef8dd9e2cfe;ótima;5;2026-01-13 11:49:00;5.22.0;Caixa
31a1ec72e173048704898c76fd3354b1;Dentre os apps de banco, eis o pior.;1;2026-01-13 11:48:25;5.22.0;Caixa
f02255b4037021021c07dcadc6f6979b;muito difícil pra entrar paga o cartão de créditos;1;2026-01-13 11:39:22;5.22.0;Caixa
27b45a95386d33a4b03bd8f84ab1de39;otima;5;2026-01-13 11:24:11;5.22.0;Caixa
0d4a00040adc6a253d5717d73507ec16;muito bom;5;2026-01-13 11:19:02;5.22.0;Caixa
2e3e1e09a0730bef2f9613d0d8a39f91;minha agência meu banco minha vida tenho minha casa 🏠 graças à ela tenho volta 🙏🙏;5;2026-01-13 11:16:54;5.22.0;Caixa
1792f7faa140bd926fd93438e879ea8a;Tudo resolvido sem problema;5;2026-01-13 10:51:40;5.22.0;Caixa
cdeb39866e275cf8001ab42c522f42c5;muito bom Amei Excelente;5;2026-01-13 10:48:15;N/A;Caixa
5e4a03ac46e83eb2c47ccf52cd12682c;muita burocracia;1;2026-01-13 10:41:15;5.22.0;Caixa
eb42bf6faf89b5c21112edc4340183f0;A Caixa Econômica tem um nível de ineficiência absurdo. A criação de conta pelo aplicativo simplesmente não funciona. Fui até a agência apenas para redefinir a senha do meu cartão e fui informado de que teria que levar xerox da documentação para que os dados fossem inseridos no sistema da agência e, só depois disso, poderiam resolver o problema. Resultado: saí de casa para nada;1;2026-01-13 10:33:07;5.22.0;Caixa
c3ab2f9d3a75f54e39abf1241b559f01;sem acesso no exterior;3;2026-01-13 10:06:05;5.22.0;Caixa
79c531c9137891deeb4406cbba2f8b7b;então sou cliente a muitos anos é acho um ótimo atendimento;5;2026-01-13 10:02:23;5.22.0;Caixa
8123d2fe0146a9fd4f2a0f33e7bfc37b;facilidade;4;2026-01-13 09:55:30;5.22.0;Caixa
83c94d1a346a3dd2475d64a1fcb6f77c;muito bom 😊;5;2026-01-13 09:51:56;5.22.0;Caixa
cb881b2824d69f81d98be313ff915c98;muito bom. Obrigada;5;2026-01-13 09:51:21;5.22.0;Caixa
7a513ea9d4cd28e62e1765febf76b73f;eu gosto do app,mas tô chateada com as aposta que a gente faz nele e que só retira na agência.ce vez em quando eu acerto 4 dígitos,daí só na agência pra retirar? favor melhore isso aí.;3;2026-01-13 09:39:21;5.22.0;Caixa
f393d5d658fcf0851a8ef61b60573cd0;eu estou a dois dias tentando abrir o aplicativo caixa ele não abre e não tem nenhuma opção simplesmente e horrivel!;1;2026-01-13 09:36:55;5.22.0;Caixa
8c79e2a9bf3290be8a780477f3f20f80;muito prático, qualquer pessoa consegue usar.;5;2026-01-13 09:30:11;5.22.0;Caixa
5de62be2a4d05967c32a0572bb1abdef;excelente;5;2026-01-13 09:29:48;5.22.0;Caixa
cc746a305d6f21557917feca35550f7e;nao conaigo ter acesso a extratos de 2024;2;2026-01-13 09:21:35;5.22.0;Caixa
186a642570747427936732f030d23872;Muito bom, falta acrescentar a opção de débito automático do XCAP com resultados de ganhadores.sempre tem que ir na lotérica pagar.ps.o resgate de prêmios da loteria em aposta através do App, também é muito difícil de acessar., tem que facilitar, assim como é pra apostar. ninguém merece, se fez pela conta do cliente, pq já não creditar...;2;2026-01-13 09:08:21;5.22.0;Caixa
c389cbb83afe46ba52dee9517197f511;orivel nao consigo gerar meus boleto do imprestimo pesoal so da ero orivel 🤨;4;2026-01-13 09:00:52;5.22.0;Caixa
4a80c6f1e8ebb897162f99f670d3116c;não consigo efetuar um pagamento pra propria caixa, vai dá como atraso e agora?;4;2026-01-13 08:59:56;5.22.0;Caixa
541cd5bcf6a162d1026e87c373bb5330;Achei bem prático;5;2026-01-13 08:56:54;5.22.0;Caixa
9cdacca69a94886fa584583c16cc0250;agradeço ao caixa estou muito satisfeita, obgda;5;2026-01-13 08:49:09;5.22.0;Caixa
83b29868b689a8924026683f70823f48;muito bom 🙏🙏;5;2026-01-13 08:48:24;5.22.0;Caixa
c379c9e84188e5f2b5b0e199c1821076;sim ótimo;5;2026-01-13 08:43:40;5.22.0;Caixa
065154ac5a365128553b44ef296b3a96;muito. bom. obrigodo;5;2026-01-13 08:36:43;5.22.0;Caixa
cf1cd0152ef1bb85d2661109422472f8;ótimo, experiência boa em usar o caixa;5;2026-01-13 08:24:59;5.22.0;Caixa
58d191ab60fae825499bb88989a5418d;ótimo;5;2026-01-13 08:15:13;5.22.0;Caixa
ddb5df632a15fc2d33846ca0bb24f7b3;otimo;5;2026-01-13 08:13:37;5.22.0;Caixa
8bf353868ce46e39d44d40a863f34c94;muito boa;5;2026-01-13 08:08:29;5.22.0;Caixa
544d2eda6452bb59e4d6ffb511a74d87;muito bom e prático;5;2026-01-13 08:07:02;5.22.0;Caixa
d83f31824ce7d481ad58791f72c7a770;trava muito e perde digital com frequência;1;2026-01-13 08:05:57;5.22.0;Caixa
305f59248f1691250e06f56ba76f68fa;Frequentemente não reconhece a senha por digital. Pode melhorar muito ainda.;3;2026-01-13 08:00:27;5.22.0;Caixa
70dd4a19b844bdf9a5855b15ca036abd;difícil de manter;4;2026-01-13 07:46:10;5.22.0;Caixa
9e989e86f446258bd3bf62339f5a8bd1;cada dia melhorando mais;5;2026-01-13 07:42:23;5.22.0;Caixa
933622e14952fede5c71488a7b714af1;eu acho q tô ficando doida, não to entendendo nada... paguei uns 200 a mais na fatura do cartão de crédito, beleza ne... 🤔💭 próximo mês tenho 200 a menos... tá... chegou a próxima e esses 200 viraram mais 200 na conta do cartão. ou seja, eu paguei 200, e a fatura ao invés de vir por exemplo... 800, veio fe 1200. não intendi! como assim? o q paguei a mais era pra ser crédito... mas virou foi contas... taa certo isso?;1;2026-01-13 07:31:15;5.22.0;Caixa
8a2094d5d4b9a1073c077856d12fed30;É um sofrimento usar esse app, quase todas as vezes que preciso ele não abre as opções, fica carregando depois fica só tela branca e não dá continuidade. Por conta de um simples app vou trocar de banco, é bem difícil se manter em algo que era pra ser mais prático se tornar algo sofrido.;1;2026-01-13 07:26:02;5.22.0;Caixa
b4a5dd45630be2ec8e3bd26849511108;muito bom o aplicativo. parabéns;5;2026-01-13 06:46:45;5.22.0;Caixa
2c3658ac052b89c342ec1e872e6a05a7;em alguns casos fica difícil de usar;4;2026-01-13 06:36:54;5.22.0;Caixa
c48c8017c2ef1c8db42ce3cf70f1b3ea;atendimento excelente;5;2026-01-13 06:19:31;5.22.0;Caixa
522fb1b433b5078d5b9d6cc2f00c83a1;o aplicativo não atualiza os dados impossível fazer login.;1;2026-01-13 05:58:59;5.22.0;Caixa
2fc0616897f0b3e19fca04f7526a0d7e;Está melhorando.;5;2026-01-13 04:26:58;5.22.0;Caixa
f28857039b55c740c4d4de08ff4e6247;super recomendo;5;2026-01-13 02:57:38;5.22.0;Caixa
985af358bb076c678b18af3f16283cf6;fui cadastrar o cartão na carteira digital, não funciona, pede pra atualizar o aplicativo da caixa, mais já está na última versão, isso dentro do app da caixa.;5;2026-01-13 02:02:00;5.22.0;Caixa
288fc60859f5bff6cb9e35df14934dae;Falta muitos conteúdos;3;2026-01-13 01:44:18;5.22.0;Caixa
36e82ef35bde1b54289c25871ab08cc8;ótimo;5;2026-01-13 01:36:55;5.22.0;Caixa
6560e4852f618d5f536590f45f5628c1;não recebo cartão de crédito a concorrência ganha nisso . movimento a metade do meu dinheiro por aqui acima de 10 mensal podia ser 22 mil .;5;2026-01-13 00:42:19;5.22.0;Caixa
62ae0e3bd1d9ae21b85f2bcc07cae1df;ótimo 👍;5;2026-01-12 23:51:43;5.22.0;Caixa
d6efd4127b2f90d788c76e73d7649eec;ótimo 👍 👍;5;2026-01-12 23:38:45;5.22.0;Caixa
7745629ea2a24a6cde0b085682af7d0e;abrir o app para compartilhar minha conta para pessoa fazer depósito em dinheiro adivinha não dá, tive que tirar print para poder usar o Google Lens. App caixa muito atrasado, por isso dou preferência para banco digital. Só sabem dar essa resposta, até pra isso usam robô AFF.;1;2026-01-12 23:34:01;5.22.0;Caixa
047bd249976621efbd10d14cf3fec2bb;horrível!!, não consigo abrir uma conta nova por conta da falha com biometria fácil, já tentei de tudo e nada funciona.;1;2026-01-12 23:33:18;5.22.0;Caixa
8fecb0126ab3a43d0cd46a420a3b671f;editando minha avaliação de 2022 que era 1 estrela, para adivinha, 1 estrela de novo! app horrível, nem se compara a outros bancos, deixa muito a desejar e so faz passar raiva, varios bugs, so nao sou 0 estrelas pq n tem como;1;2026-01-12 23:21:51;5.22.0;Caixa
f8e30b2e41a555555f0345e62f989a36;muito boa;5;2026-01-12 23:08:51;5.22.0;Caixa
3772cbedb606655d93ee94c8749cc0b6;acho ótimo;5;2026-01-12 23:03:46;N/A;Caixa
0aef625cf40e3552d0bfc256ae52ced8;muito bom, tirando as atualizações que dificultam depois, e tbm não conseguir ver o valor para confirmar antes de enviar um Pix, tive uma ótima experiência;4;2026-01-12 22:30:34;5.22.0;Caixa
737a9c97c43fbb478b9675fb6d034c67;nota 10 na qualidade de atendimento;5;2026-01-12 22:15:34;5.22.0;Caixa
5272bd9616f950d11c4f0f849daa5fe2;muito boa;5;2026-01-12 22:13:14;5.22.0;Caixa
28def33455de80f38cf99522555dbe71;péssimooooo, tentei fazer biometria facial várias vezes e não dá certo;1;2026-01-12 22:13:05;5.22.0;Caixa
fa021f7ab3b312e91c65d4d755f4f2d7;Muitas opções de consulta dentro da mesma plataforma.;5;2026-01-12 22:12:10;5.22.0;Caixa
6e230f9dd923f45173618021bb11212c;não consigo atender meu investimento .;1;2026-01-12 22:04:25;5.22.0;Caixa
7e0b37aebcb4edbeb9659233b7db51ec;O App e ótimo meu parabéns;5;2026-01-12 21:58:54;5.22.0;Caixa
0bf1bd4bd5eb94ae01def1b6bcbde665;EXCELENTE;5;2026-01-12 21:53:09;5.22.0;Caixa
721a49b78c1015ee55e096b33e370627;atualmente está muito lento principalmente p acessar faturas p pagamento.;3;2026-01-12 21:49:26;5.22.0;Caixa
1a45781c60a9374a3dc39899352730d1;Está muito ruim;2;2026-01-12 21:48:49;5.22.0;Caixa
e458cc865f3f27b8e0c4d68b630914b6;ótimo;5;2026-01-12 21:43:04;5.22.0;Caixa
75b882904c9d690f43f1cefd590ea193;Ótimo 👍🏼;5;2026-01-12 21:28:52;N/A;Caixa
de49aa3d21f70456eee582ad846638a2;acho descomplicado e simples de usar e tem de tudo.;5;2026-01-12 21:28:24;5.22.0;Caixa
a94ab3b2f022939288b265b3a31e03bc;dois dias sem conseguir fazer nada no aplicativo.;2;2026-01-12 21:24:47;5.22.0;Caixa
0e75ce88c74358cb4cf48af1a704a0a0;Excellente muito bom fácil e rápido,não preciso mais sair de casa;5;2026-01-12 21:21:12;5.22.0;Caixa
65a39645cbd14bb283f35ec4bc7eff33;tudo de bom !!!;5;2026-01-12 21:13:45;5.22.0;Caixa
543a3847f3a8189420e327497844327a;fronteira de dificuldade para consultar se eu posso fazer empréstimo ou não com bolsa família;5;2026-01-12 21:02:35;5.22.0;Caixa
dcd1cddd72213ea5e2ac776378b16286;caixa e top demais!;5;2026-01-12 21:01:48;5.22.0;Caixa
4082ca16970dab29f6f787284e9a7f99;muito bom,só que se errar qual quer coisa, fica muito difícil retornar pra o começo;5;2026-01-12 21:00:56;5.22.0;Caixa
cc3026ff464e1f4128f36d3b88cea6f9;ainda é o pior aplicativo, era pra ser exemplo, mas os bancos privamos estão muito na frente.;1;2026-01-12 20:53:22;N/A;Caixa
741d552b03adae25319c6837ee4e84f8;excelente;5;2026-01-12 20:47:43;5.22.0;Caixa
f5abf825c61d8b5cb5208d5e0fa3ea7c;Explicativo, eficiente;5;2026-01-12 20:43:17;5.22.0;Caixa
55a51b63ab671ac5128375252cf43538;por favor. resolvam a questão do boleto do cartão de crédito que mesmo depois de pago fica no app e se a gente quer pagar o boleto atual não consegue. contatei mês passado o banco e eles me enviaram o boleto correto. esse mês o erro permanece no novo boleto.;2;2026-01-12 20:42:38;N/A;Caixa
69d514f63e7620011d6bb99d00a2a613;A biometria não ler caso vc fique um período sem acessa o app da caixa.;1;2026-01-12 20:39:55;5.22.0;Caixa
20416f49734de1911935c451e18ceb2e;horrível abrir conta online;1;2026-01-12 20:38:48;N/A;Caixa
461de53a268dfc708333decf0b2af27f;não estou conseguindo entrar no app da Caixa;5;2026-01-12 20:32:58;5.22.0;Caixa
29f2ae0c7f90d5e3d6adc03c3e49d6ec;parabéns 👏;5;2026-01-12 20:29:03;5.22.0;Caixa
5e8a14e53fd7248ca00a6b9efac2dbdb;muito boa ótima;5;2026-01-12 20:28:47;5.22.0;Caixa
9bb4c36c53a4f958e5ba16b0677c154f;Muito burocrático pra entrar no app;3;2026-01-12 20:26:46;5.22.0;Caixa
7ed3e9133abd1dc74b7c2346cc4e88e6;satisfeito....;5;2026-01-12 20:24:18;5.22.0;Caixa
fbf48d8ccc778760d9b6b62ec8cc3dc6;muito bom;5;2026-01-12 20:07:05;5.22.0;Caixa
d39c5251a4056aef9a24441f5167ae84;excelente;5;2026-01-12 20:04:33;5.22.0;Caixa
8fb7d859753af81113f741de24703145;aplicativo não está funcionando não consigo fazer Pix;1;2026-01-12 20:01:38;5.22.0;Caixa
f03c7597261d68455cfd40a22b5525e3;horrível. banco péssimo;1;2026-01-12 19:58:13;5.22.0;Caixa
e0bd8f9ffe9efb04a54907b85e46b14f;a caixa para mim é muito boa graças a Deus;5;2026-01-12 19:57:17;5.22.0;Caixa
0f1f812d489b146bc6e26f7075346aa4;não devo na caixa e nunca me deram crédito é um banco que só tem propaganda;1;2026-01-12 19:55:16;5.22.0;Caixa
cb2fb2ba033497813e67cc84cb72850b;muito bom!!!!;5;2026-01-12 19:44:09;5.22.0;Caixa
f7d817e94e292ce8e9b849418707d035;Fácil manuseio;5;2026-01-12 19:43:34;5.20.1;Caixa
987e352ce3d8edd56cbcabee34c9f2bb;boa!!;5;2026-01-12 19:40:46;5.22.0;Caixa
eedebc470bf31a375aca0a904ab41c4c;Não gostei desse aplicativo Não!;1;2026-01-12 19:40:28;5.22.0;Caixa
1dd69639d5e333a865db4639ef611327;gentemmm, tá acabando meu prazo para eu enviar as fotos da reforma casa Brasil 🫠 e aparece uma nova solicitação de empréstimo.... não quero receber multa!;2;2026-01-12 19:37:29;5.22.0;Caixa
2ecd28a1e05e6ed4805ce89ac36de86c;péssimo o app, outros bancos tem mais facilidade;2;2026-01-12 19:30:40;5.21.1;Caixa
dc05bf1d56d0ae5743a38e6c030651e3;Nesta última versão de 2026 estou notando lentidão, msm com wifi de 1gb. Mas no restante melhorou o layout, poderia aumentar o tamanho do Sair do app, ficou bom na cor vermelha, mas destacando seria legal.;4;2026-01-12 19:25:31;5.22.0;Caixa
c74a6045e231b8867aefbb371f4d54b1;muito bom aplicativo;5;2026-01-12 19:14:40;5.22.0;Caixa
c8d8613ee72a90c64ad9ddcde07d1cda;incluir atualizações de dam ou boleto após o vencimento similar ao boleto do fies.;5;2026-01-12 19:12:21;5.22.0;Caixa
6b5e291a547627ac258b5395491db5d0;acho o pior app vive saindo do ar ai tenho que ir na agência redefinir senha...;1;2026-01-12 19:09:36;5.21.1;Caixa
fe0ce8a7f11b50061bbd026278850b82;fechei a conta,cansei,o App não funcioma, troquei usuário e senhas uma dezena de vezes, App é pra facilitar e não pra complicar!;2;2026-01-12 19:08:08;5.22.0;Caixa
5b923ff5576835e43a87164d1edd89a8;muito bom;5;2026-01-12 19:06:01;5.22.0;Caixa
657271749c2b9d07267b25525df74884;"simplesmente não sonsigo criar a conta pelo app, dps da biometria fácil smp diz que ""ocorreu algum erro""...";1;2026-01-12 18:54:25;N/A;Caixa
f9f6cde806846c65be7bedd915b21e96;não tô conseguindo entrar no app de forma nem uma,vai pra parte de tirar foto do rosto e não sai mais de lá,e preciso entrar no app;2;2026-01-12 18:33:22;5.22.0;Caixa
b2c86c78c42fca262ca189d52756c8f7;muito bom;5;2026-01-12 18:32:02;5.22.0;Caixa
3b753163e49f84ca1fd8941f549aa7e5;muito bom obrigado;5;2026-01-12 18:30:25;5.22.0;Caixa
bb7f2688bae09e484bb6f6ead2fac06a;precisão melhorar mais;3;2026-01-12 18:30:17;5.22.0;Caixa
5737ea2134d279f22de5e63b3acdc154;top demais MT bom excelente;5;2026-01-12 18:29:56;5.6.0;Caixa
c293ff5b90c7bcaccd2d4e2999b5245f;muito boa;4;2026-01-12 18:29:00;5.22.0;Caixa
b0a3883e017fb287ae654c15a0fe66e5;Ágil e prático. Muito o atendimento.;4;2026-01-12 18:21:36;4.9.0;Caixa
71852800caf651e34c1111426845851b;muito bom;5;2026-01-12 18:19:08;5.22.0;Caixa
6e9bff9cb029cef7b687590635df95bb;e um AP excelente;1;2026-01-12 18:12:52;N/A;Caixa
0c8da8398188e0886b1961a7ebc40306;Normal.........;3;2026-01-12 18:03:50;5.22.0;Caixa
25359cf3a230775c575c770acaadfedf;que legal ter esse aplicativo mas está dando bug aqui no meu aplicativo caixa;5;2026-01-12 18:03:04;5.22.0;Caixa
02fd022d9ac59b904d4302b834b62f03;muito bom;5;2026-01-12 17:49:53;5.22.0;Caixa
fbcee9ddbad21af3d9258697059fc8f4;Hoje foi complicado realizar o pagamento, fiz várias tentativas.;3;2026-01-12 17:45:54;5.22.0;Caixa
2ac2d2697ebc28f30963fdba4af7c726;a tempo que tenho.conya na caix̌a9;5;2026-01-12 17:44:22;5.22.0;Caixa
5538d0f1bde2e1f26118db42421a4786;Top 😃 a interface do app ficou muito top mesmo continuem assim parabéns 👏...;5;2026-01-12 17:41:36;5.22.0;Caixa
dbb6b3c5594fdb23cbd2dcbd169c3d84;Como é complicado alguma coisa do governo funcionar,antes tinha no pix a opção de vc buscar a chave do pix no contato do celular,essa opção sumiu, como vcs conseguem fazer uma coisa piorar? Não quero acreditar que existem pessoas que são pagas pra fazer isso. Pq não deixam como estava? Pena não ter como tirar essa única estrela, já foi atualizado, desinstalei e instalei,vou te contar um segredo, tá a mesma coisa... Será que o defeito é o meu celular?;1;2026-01-12 17:39:27;5.22.0;Caixa
92fba90c9f7f9b3c5d7afeba7ab3ed62;excelente banco;5;2026-01-12 17:27:43;5.22.0;Caixa
e2756898e7007c592464551ad64f88f0;Todos os aplicativos do governo são péssimos.;1;2026-01-12 17:25:28;5.22.0;Caixa
e26faa85110b3eca7dd2d2f895aa37cf;o sistema demora muito a atualizar algumas informações, parece idade da pedra.;3;2026-01-12 17:12:41;5.22.0;Caixa
36a1f5cbb5bf1ddda8a5a67ccdc8b197;excelente, pois a Caixa proporciona tudo que há de melhor para todos;5;2026-01-12 17:12:08;5.22.0;Caixa
6f6ce91c7973202a1383ab06db63c08e;muito bom;5;2026-01-12 17:07:07;5.22.0;Caixa
2395fd9736885d46901e51ae85ed8c21;O app näo está aceitando a simulaçáo de amortização de financiamento de habitaçāo..;4;2026-01-12 16:54:10;5.22.0;Caixa
bcf442c7a3cc34c80c1342c31e55846d;sempre que tento pedir um cartão de crédito me pede para atualizar meus dados, sendo que estão atualizados, inclusive fiz atualização em agência também, e nunca consigo prosseguir com o pedido, porque é sempre a mesma coisa, sempre pedindo para atualizar os dados.;1;2026-01-12 16:50:14;5.22.0;Caixa
7b4534855dd5271429d721df19ac558c;tudo ótimo 👍;5;2026-01-12 16:50:13;5.22.0;Caixa
35ca914f5a91109e3a15568dab9d9359;muito bom;5;2026-01-12 16:49:33;5.22.0;Caixa
1ff5ee5f1e78404262ebd11c241d5cf5;muito bom;5;2026-01-12 16:48:31;5.22.0;Caixa
0b82c77905de331f8c9eaf04ce2fd166;péssimo, como todos os aplicativos do governo dei 1 estrela pq não tem como dar 0;1;2026-01-12 16:46:18;N/A;Caixa
9706003b1de3f8d65537fb5c2f54df35;De fácil utilização, intuitivo e consigo encontrar o q procuro com facilidade;5;2026-01-12 16:44:04;5.22.0;Caixa
2be9e6d05f1847b26bb507b2664ee0d3;muito bom 👍;5;2026-01-12 16:43:14;5.22.0;Caixa
bb681573b549c8669b52e8798212fb10;muito bom ter essa app na vida gosto muito;5;2026-01-12 16:36:06;5.22.0;Caixa
c83ed61264dd09f6802c37449287cc8b;bom desempenho.;4;2026-01-12 16:35:29;5.22.0;Caixa
bd031ffcdb03e04a6a88d54fa77574b5;muito ruim 😔 o pior que conheci;1;2026-01-12 16:30:52;5.22.0;Caixa
6df39dc849fca7ff573fea15fd638809;vou dar 1 estrela porque não da pra dar 0 péssimo, assim como a maioria dos aplicativos do governo, cheios de bugs;1;2026-01-12 16:28:40;5.13.1;Caixa
10e1deae9d8e66fad31bbc1c07ebc77a;não funciona não consigo fazer reconhecimento facial, não consigo abrir conta nenhuma só invenção sem futuro esse aplicativo;1;2026-01-12 16:24:00;5.22.0;Caixa
9b4f675ef607fb41d6efd307bf316dc5;responde rápido com clareza;5;2026-01-12 16:20:50;5.22.0;Caixa
7badfb0186cb30cc73fdc2b4d89b51f7;fácil de encontrar as informações desejadas!! excelente!!;5;2026-01-12 16:18:37;5.22.0;Caixa
b60de478bb82ed2d3d86528fd1d60548;Bom! porém poderia ser mas fácil;4;2026-01-12 16:16:25;5.22.0;Caixa
f455579933e04769e764ea50b4f7ee7f;eu queria entender porque o app não funciona no meu celular que é novo, quero cadastrar minha conta e quando pede pra fazer o reconhecimento facial não abre nem a câmera, fica num carregamento infinito, aí não dá;1;2026-01-12 16:12:54;5.13.1;Caixa
51556e920d5a98b48d6f2d9b682b89e6;está muito ruim mesmo esse apps;1;2026-01-12 16:10:54;5.22.0;Caixa
c41bc884524825e1e14121686cfb08d8;péssimo;1;2026-01-12 16:10:05;5.22.0;Caixa
16f4ff9efc909749f7bf20800cbe55c8;excelente 👏;5;2026-01-12 16:00:08;5.22.0;Caixa
e54ee0bd6a4bc2092445c5f85e428a76;depois que atualizou ficou péssimo está travando muito;2;2026-01-12 15:55:14;5.22.0;Caixa
5a92e7626138cd84538bb0916ab862d1;o pior de todos burocrático atrasado pesado se tiver qualquer problema se prepara pra ficar pendurado no telefone esperando a boa vontade dos atendentes (isso quando não desligam no meio do atendimento e não retornam a ligação) nada nesse banco presta;1;2026-01-12 15:53:51;5.22.0;Caixa
69ec857c516d8ee6711657939f0bd477;muito ruim, mesmo com dados móveis e wi-fi ligados, sempre fala que meu celular encontra-se sem internet, assim não conseguindo abrir uma conta.;2;2026-01-12 15:41:06;5.22.0;Caixa
13eb76edf5befe0d43a7812e408fb72c;Permissões excessivas;1;2026-01-12 15:28:38;5.22.0;Caixa
31bd75eb18302887d3b6d2d0cf078105;não consigo criar conta não passa da biometria já tentei desinstalar mais não deu certo me ajudem;1;2026-01-12 15:22:41;5.22.0;Caixa
04f5f5a633e739102a45c99d3284cd3e;não gostei desse modelo prefiro o de antes;1;2026-01-12 15:20:07;5.22.0;Caixa
8eb62f74c11a93f7ba86095dd49411c4;tudo ótimo;5;2026-01-12 15:19:59;5.22.0;Caixa
73e5eb7b4add14b91b8624eacd85ebcf;Fiz o que vocês recomendaram, mas não está funcionando.;2;2026-01-12 15:17:39;5.22.0;Caixa
507161b51ee055a3091a93207886a867;ótimo;5;2026-01-12 15:17:13;5.22.0;Caixa
da43ae13d1b8abf354af05fdad0a1584;A Caixa Econômica Federal para mim sempre cumpriu com suas Obrigações monetária,com muito Rigor,estou com 70 anos e trabalho com a Caixa desde meus doze anos,sempre fui tratado como REI.;5;2026-01-12 15:15:18;5.22.0;Caixa
011e8ba76681e395a1a98e328a31f28c;muito bom recomendo;5;2026-01-12 15:06:54;N/A;Caixa
01e164456fab14f39245c93d3d483003;muita demora para abrir as faturas;3;2026-01-12 15:04:29;5.22.0;Caixa
a7c86b434ca1726fd4905f493031d263;5 estrelas de avaliação;5;2026-01-12 14:42:33;5.19.0;Caixa
b5b3ebf51b49eec25834a0e09225fef4;melhorou bastante, após a última atualização, agora está muito bom;5;2026-01-12 14:37:04;5.22.0;Caixa
0d4cfcfce01b6510e146c41853197de0;maravilhosa muito bom e fácil gostei muito;5;2026-01-12 14:36:41;5.22.0;Caixa
89b108e0111649b0c35901d332522a57;o APP bastante ruim com a nova versão;1;2026-01-12 14:27:30;N/A;Caixa
a1a77fb6c8988f73dba56cea7a784fc3;não tô conseguindo entrar no meu caixa tem troquei de celular;5;2026-01-12 14:23:57;5.22.0;Caixa
1a88ee76b906360921f2f262ff9a6030;muito bom atendimento;5;2026-01-12 14:21:39;5.22.0;Caixa
1aed41c748b7378655f22f7cac4cd614;melhorou bastante agora estou gostando de estar usando o aplicativo da Caixa econômica federal parabéns continue assim vocês;5;2026-01-12 14:16:42;5.22.0;Caixa
9641c8a54dbd4ad43a3ac4f26de7afab;difícil acesso, na minha conta;5;2026-01-12 14:14:59;5.22.0;Caixa
b0e0fa203fcff7f04b18b76aec1cbaed;Muito bom,,e cada dia está ficando melhor!!;5;2026-01-12 14:00:26;5.22.0;Caixa
6c612420ca7baf28af7c3e69d36123a9;fácil a navegação é muito bom!;5;2026-01-12 13:59:05;5.22.0;Caixa
8db21029497c85839ace9c5dbf323955;fiz o empréstimo reforma casa Brasil e quando vou enviar as fotos da reforma feita tá dando erro resolva esse problema caixa eu preciso receber o restante do dinheiro eu já fiz a reforma e tô precisando enviar as fotos;2;2026-01-12 13:37:29;N/A;Caixa
02c3abec1fccd05fb5477a9cca4c5697;a facilidade e a simplicidade são excelentes, obrigado caixa econômica Federal.;5;2026-01-12 13:33:57;5.22.0;Caixa
af3a41828a007329dd3db72456d3027a;melhor banco 💸💸💸;5;2026-01-12 13:33:04;5.22.0;Caixa
86771ca79ec74ccddecfb57247358ae7;muito bom;5;2026-01-12 13:13:10;5.22.0;Caixa
111240bcf65078c4432f0ab4059eec93;eu quando sou o pior banco do mundo;1;2026-01-12 13:03:25;5.22.0;Caixa
bade8240be85141a51157b72a6d6aa9d;Muito útil;5;2026-01-12 13:00:28;5.21.1;Caixa
d5c49b298b65c513763dc97bda586af7;Meu app não deixa adicionar cartão de debito no GooglePay, diz que tem que atualizar o app, mas já esta na última versão....Quero pagar por NFC do celular.;1;2026-01-12 12:57:38;5.22.0;Caixa
be2256da284b28116703acec96f3c02f;muito bom, prático e rápido;5;2026-01-12 12:51:36;5.22.0;Caixa
88acd2d0eecee63e872188310516a681;ótimo e fácil de usar;5;2026-01-12 12:50:09;5.22.0;Caixa
7fdc8a9fa33ac0a88ebd708a3ceebb57;atendimento bom,as vezes trava o app mas é razoável;4;2026-01-12 12:44:55;5.22.0;Caixa
3a9e497de5525711fc0b5dbeb079abf0;muito bom;5;2026-01-12 12:37:21;5.22.0;Caixa
4fdbaea68b275fe5056412f1c69f7bc1;Aplicativo está excelente na leitura do código de barras.;5;2026-01-12 12:32:12;N/A;Caixa
993fdaf738aeb4cf73a07aaae35080af;lento e confuso . Fatura complicada para manusear e verificar dados .;3;2026-01-12 12:31:32;5.22.0;Caixa
501f94954cb7c2c80e6da7a300fe51e2;EXPERINENCIA MUITO BOA COM ATENDIMENTO RAPIDO GRATIDÁO;5;2026-01-12 12:31:15;5.22.0;Caixa
295eea949a1fd9a2195cf12a41868150;Já faz mais de 6 meses que não consigo acessar o aplicativo da Caixa. Já desinstalei e instalei várias vezes, fui na agência desbloquear o aplicativo, cadastrei usuário e mesmo assim não consigo. Atendente disse que não tem o que fazer. Gente do Céu! Porque ficou normal aceitar o problema, quem pode resolver isso? Aguardo retorno.;1;2026-01-12 12:15:45;5.22.0;Caixa
b2f8f1ad4df16cc8057058101dd3f2d1;otimo;5;2026-01-12 12:13:59;5.22.0;Caixa
dc33803f9b075cbc9d332f44ae20e839;ótimo;5;2026-01-12 12:06:45;5.22.0;Caixa
fb76b26de18a13eedde4d525e8550d5e;eu gosto muito desse app foi uma coisa muito boa que a caixa fez eu recomendo pra todos;5;2026-01-12 11:56:39;5.22.0;Caixa
fa61e935f8cbab03e1788523d7334684;ótima;5;2026-01-12 11:54:20;5.22.0;Caixa
00837eb602f5bf0224f84bba6d5495cc;rápido e prático;5;2026-01-12 11:53:31;5.22.0;Caixa
cebee92254acfc89a31cf53057e282ee;muito satisfeita;5;2026-01-12 11:52:28;5.22.0;Caixa
ce1fcc20e9163db0ecd0d39e371f42f8;fraco, dificulta operações. EXCESSO NOTIFICAÇÕES ATÉ EM DOMINGOS ofereçendo serviços. VOU ENCERRAR CONTA. SOBREPOSIÇÃO TEXTO IMPEDINDO ALCANÇE ENVIAR.🤣;2;2026-01-12 11:51:56;5.22.0;Caixa
b093f927efe1e5175ae549fd71c315ec;muito bom;5;2026-01-12 11:51:43;5.22.0;Caixa
613b5807a896e74eda1766d2a9ea3979;"Ao tentar abrir uma conta pelo aplicativo, sempre ocorre um erro ao enviar o cadastro facial; é absurdo não conseguir abrir uma conta pelo aplicativo.";1;2026-01-12 11:51:15;5.22.0;Caixa
062883f354babb2da5e12527133b5104;aplicativo horrível! Você abre, coloca a senha e vive fora do ar. Simplesmente quando você mais precisa. A noite e fim de semana, esquece! Não abre de jeito nenhum.;1;2026-01-12 11:25:32;5.22.0;Caixa
b7dbc0a81d531f6d7bbf24fdf5ddd779;4 dias sem atualização do aplicativo;1;2026-01-12 11:16:09;5.22.0;Caixa
5b1770b4eeaab719ac0c6911dd1f3304;rápido e prático, perfeito.;5;2026-01-12 11:13:18;5.22.0;Caixa
1067b5751a51f0a3d83a6be962fca7d2;estou muito satisfeito em trabalhar com a cx. o banco muito bom.;5;2026-01-12 11:09:23;5.22.0;Caixa
e48ff8e4718408083faa1399822d894c;Muito bom so preciso de um gerente q me libere limites p meu trabalho bom so preciso de um gerente q me libere limites p meu trabalho;5;2026-01-12 10:59:49;5.22.0;Caixa
c56f984d6d85f0ea47d24be6bf9b70c7;O melhor e único né rsrs, fazer o q uai;5;2026-01-12 10:56:14;5.19.0;Caixa
0860b8239eb57df0d6ac860a24e6881a;muito bom.;5;2026-01-12 10:54:35;5.22.0;Caixa
5822d3f6e56471f93274269220bd4dfb;comodidade praticidade;5;2026-01-12 10:50:18;5.22.0;Caixa
a306a63672b3e13d4ab2159ffd106023;aqui na caixa sempre encontro tudo o que preciso o atendimento e excelente em tudo promocionais Bem qualificados sem palavras e ótimo em tudo obrigado eu recomendo;5;2026-01-12 10:30:00;5.22.0;Caixa
553838d84babfa73dea06d532aa582cb;Razoável ok!;5;2026-01-12 10:26:52;5.22.0;Caixa
364c6cbb3c6a85a5ee3f3ae51a203d71;gosto da caixa;5;2026-01-12 10:21:17;5.22.0;Caixa
07a6098281ccbb76baa5b4fb893ece05;Muito bom o aplicativo. Atende muito bem todas as informações pedidas pelo cliente.;5;2026-01-12 10:20:53;5.22.0;Caixa
cb0359e28b536f8a50a411e0fa86afab;minha caixa. meu banco o melhor;5;2026-01-12 10:17:40;5.22.0;Caixa
9ca877c38714c337dd16b0e021bf9f52;sistema não atualizou o solado do cartão eu já tinha pago uma parte antecipada e ele manteve a cobrança do valor total, sendo que os outros bancos como Bradesco, o valor restante estava atualizado e correto.;2;2026-01-12 10:11:47;5.22.0;Caixa
0afaa68b9eddc2397a33979027509847;aplicativo ruim demais;1;2026-01-12 10:05:11;5.22.0;Caixa
4f11a7a75d90b889a7602b6acea2fb6e;otimo;5;2026-01-12 10:03:20;5.22.0;Caixa
73b6f52ae027cebf30266b874f385052;Estou precisando acessar a minha conta e não estou conseguindo fazer pix tampouco outras coisas;1;2026-01-12 09:58:12;5.22.0;Caixa
2f57726066fbe04888f750fc8c95b78c;uma vergonha! Nao abre funcoes, trava e nao tem suporte. App cheio de erros.;1;2026-01-12 09:57:27;N/A;Caixa
920aec6d6b7576b167c8797c6d5ff8ff;o saldo em conta poupança não gera uma boa porcentagem , mas, é uma conta completa e excelente.;5;2026-01-12 09:56:25;5.22.0;Caixa
ebb21e4d6cb803cba87c4c13e793f1f8;em vez de ser tão ruim de operar é melhor não ter. Obrigado pela atenção;1;2026-01-12 09:54:05;5.22.0;Caixa
949867f9af84bce2e18bedc6fd53257a;Muito bom . Bem explicados;5;2026-01-12 09:52:15;5.22.0;Caixa
60c7a007918121619ce6a7d7dfb340d6;ótima;5;2026-01-12 09:49:00;5.22.0;Caixa
b970174bc01d39439da7ccd80fa6e856;eu amo a caixa;4;2026-01-12 09:47:43;5.22.0;Caixa
01e41a970407516f6095acff362b9c7f;nunca me atende as minhas nesse cidade,muita pergunta que não resolve nada.Estou tentado falar com a gerente Fernanda e não consigo.;1;2026-01-12 09:26:46;5.22.0;Caixa
cb3cc6457e9a868c843212ac1f40ffc2;aplicativo depois que mudou ficou muito ruim;1;2026-01-12 09:15:11;5.22.0;Caixa
72ea2f39acfedd0c35aed955fa3ed11f;quando entro no app fala q não estou com Internet e não entra de forma alguma, quanto ao site entro e aí??? nenhuma informação sobre o problema;1;2026-01-12 09:12:06;N/A;Caixa
f6896211610208dc97e4be4eddcdbf9d;no momento estou com minha contavbloqueada judicialmente!;5;2026-01-12 09:12:00;5.21.1;Caixa
1489d5cb248460b278471cf9f675c41c;ficou excelente;5;2026-01-12 09:11:37;5.22.0;Caixa
7ca61924057a3c9eb8c76e072472428c;parabéns tá muito bom;5;2026-01-12 09:06:19;5.20.1;Caixa
425fbc6c8edece076a5740fdb173d2bc;Muito fácil e rápido.;5;2026-01-12 09:00:31;5.22.0;Caixa
9e5c97fdd90b058f5ff7d3a703abd3d1;Não consigo acessar;5;2026-01-12 08:54:53;5.22.0;Caixa
cfd963f32c41b79acda809419b1a505c;essa conta há alguma taxa pra manter-lá?;5;2026-01-12 08:52:41;N/A;Caixa
6200c65836e538c5e17b38c1f8e7554d;depois da nova atualização ficou bem melhor de mexer... faço tudo de pagamento pelo app... uma mão na roda para quem não tem tempo fe ficar indo em lotérica....;5;2026-01-12 08:49:21;5.22.0;Caixa
ba3c348cb4d3f063073fbd6de82fa42d;Apresenta falhas e tenho que recorrer à gerência da conta!;2;2026-01-12 08:41:28;5.21.1;Caixa
7c5d8fb3724d241dc1d29e29a26af9af;até agora tudo certo;4;2026-01-12 08:36:50;5.22.0;Caixa
71f765db695953a465ff26928a8af6e4;final de semana não abre e está cada vez mais lento.;1;2026-01-12 08:32:10;5.22.0;Caixa
79cdb8bb55885c1950df46296d04cc01;as vezes não pensamos no futuro próximo mais a caixa está dê mãos dadas com você;5;2026-01-12 08:27:41;5.22.0;Caixa
207f5513aaa559806af5917ad819dd70;Ruim, precisa melhorar, ser mais didático, ter boa visualização e principalmente funcionar bem.;2;2026-01-12 08:27:36;5.22.0;Caixa
735260b9da377cc4374e2cdd94409181;tudo resolvido, satisfeita!!;5;2026-01-12 08:25:51;5.22.0;Caixa
3676b34c2a4918421bddd9ca21d5d655;app da caixa econômica esta de parabéns......;5;2026-01-12 08:17:09;5.22.0;Caixa
3b01d1ab3a409442f21a17cb2dd6b9a5;ótimo;5;2026-01-12 08:16:22;5.21.1;Caixa
a6c74498510c404d38634bc4f8cd8f08;foi bom;3;2026-01-12 08:11:16;5.22.0;Caixa
f7068851e6e4c4e1bdbcfb41596c51a7;não tenho experiência nenhuma;5;2026-01-12 08:09:51;5.22.0;Caixa
2beb294ea5b30b7528caf3f791d43dfa;o aplicativo está muito lento nos finais de semana;2;2026-01-12 08:06:10;5.22.0;Caixa
47fcad48169e3823ffc778b99edf5cb9;amo a caixa;5;2026-01-12 08:03:08;5.22.0;Caixa
5d1966a785ed5992fe43c99203f528ac;muito bom;5;2026-01-12 08:01:28;5.22.0;Caixa
154fb9b90f41604ce7ff008cf6a6c105;JUROS EM CIMA DE JUROS , ACABEI DE OLHAR UMA PARCELA FIXA MINHA Q AUMENTOU SEM EXPLICAÇÃO PRO MÊS DE FEVEREIRO. NÃO RECOMENDO!!!!!!;1;2026-01-12 07:49:48;5.22.0;Caixa
cd2fd63b8699cfdd86e2b88c3863c8b2;essa é o meu banco de confiança, sou grata por ter vcs .;5;2026-01-12 07:47:21;5.22.0;Caixa
d54763c2e710b1aeb4f7d64f05919e3d;só ajustar mais um pouquinho;5;2026-01-12 07:44:52;5.22.0;Caixa
f4b308d684208b42e3233b47a4f95bdf;Acho que é fácil de mexer no aplicativo e não tem necessidade de fazer tantas atualizações...;5;2026-01-12 07:33:29;5.22.0;Caixa
d75fb0933f5ff172d0c6b285800513fc;Estou sempre precisando recadastrar. Não reconhece a impressão digital.;1;2026-01-12 07:24:38;5.22.0;Caixa
5fe24424e61def4cd6e56a9999392072;não consegui abrir a conta apareceu que deu erro;1;2026-01-12 07:22:03;N/A;Caixa
09f5058ce21e7d4c785cf4ecaa9aaa85;ótimo desempenho.;4;2026-01-12 06:43:53;5.22.0;Caixa
1fccd695c3fe09fe4139159e5646e9fc;tudo;5;2026-01-12 06:29:15;5.22.0;Caixa
474827e3068336f6461d4f1b9a7f0161;nota 10;5;2026-01-12 06:16:55;5.22.0;Caixa
1ef63a362d1b6ad28e11e658d58ab716;pra mim tá bom;5;2026-01-12 05:54:27;5.22.0;Caixa
2d23f6aff487d3539ec1accb54c0564f;app top;5;2026-01-12 05:52:48;5.22.0;Caixa
18e960d7c1f6dba435dbac6a844118af;o aplicativo é muito bom e bem fácil de usar;5;2026-01-12 05:45:04;5.22.0;Caixa
5d0fe94b547f3c50256b913ca146ef8f;Até que fimmmmmmmm não precisa ir mais no autoatendimento da Caixa pra cadastrar o celular e poder usar a conta, pix. Aleluia, Senhor! Modernizaram. Parabéns e obrigado! ❤️;5;2026-01-12 02:44:24;5.22.0;Caixa
e3cd98a8bc2d51d7c92b6a9020850584;em pleno 2026 e ainda precisa ir na agência para liberar o dispositivo 🤣🤣 estão vivendo na cavernas;1;2026-01-11 23:51:34;N/A;Caixa
2fca2da9aa83e9aece5cb8799b3937b4;Fiz a adesão para saque aniversário assim que o programa foi lançado e sempre recebia entre o dia 01 até no máximo o dia do meu aniversário e dava para acompanhar pelo aplicativo o dia certinho que cairia o dinheiro. Este ano tiraram da minha conta no dia 02 e até hoje não recebi o dinheiro e nem mostra que dia vai cair. O aplicativo não mostra o valor total que tiraram da conta tá uma bagunça o aplicativo;1;2026-01-11 23:11:42;5.22.0;Caixa
4d582c8bddf014ff7dbb370418f3e691;mais omenos;3;2026-01-11 23:10:25;N/A;Caixa
fdd52f96128c9f5843729f452beba987;sumam;5;2026-01-11 22:40:18;5.22.0;Caixa
d8b7fcce9df0efcb6d6f0bb7f3129173;melhoras em valor e horário de pagamento e pix.;3;2026-01-11 22:20:32;5.22.0;Caixa
16ca35195de953c31f45eed81040106d;poxa eu não consigo o assesso da minha conta ele fala que o nosso desenvolvedor está ativo e ela não está está desativado não entendi;5;2026-01-11 21:42:20;5.22.0;Caixa
ee93932700e23ea4fe8efa7b98af7deb;Ótimo app muito bom;4;2026-01-11 21:33:31;5.22.0;Caixa
51c7a31fc0b9584e26bfe4032a42446a;muito bom;5;2026-01-11 21:07:25;5.22.0;Caixa
b3078957aa874776ff31c3f73c783a85;"Fiz um depósito de 5 Mil Reais para um amigo que a Mãe dele emprestou o dinheiro, ela é aposentada e o dinheiro estava em espécie, devolvi por Pix para ele e o Setor de Segurança e ""Inteligência"" da caixa entendeu como fraude Kkkkkk Fraude de 5 Mil Reais vcs só podem estar de brincadeira.";1;2026-01-11 20:32:07;5.22.0;Caixa
b8346a4a9d6107325bdf7d23a6cfd967;app prático de usar;5;2026-01-11 20:31:43;5.22.0;Caixa
0cdd7ebf000c63faa69a5041c66b3ab0;estou editando minha opinião depois da atualização o app ficou muito ruim da oq fazer pra mim entrar no app antes era muito bom agora ficou muito ruim.coloco a senha para o app abrir pede a senha digital coloco a senha digital pede a senha numérica tá difícil viu arruma isso por favor.obrigado.se arrumar eu volto e sou 5 estrela.;3;2026-01-11 20:31:33;5.22.0;Caixa
64043e3f8eecf88c2b86436e98656eaf;Muito lenta e trava as informações as vezes;4;2026-01-11 20:28:25;5.22.0;Caixa
5d1ac6a3731592d726ab4dc4296e6cff;melhor aplicativo deste mundo;5;2026-01-11 20:24:20;5.22.0;Caixa
2702f8105a59171ec3e635e5988ee2ce;gostei muito;5;2026-01-11 19:27:07;5.22.0;Caixa
a7de6d0135200b4ebb13b33ad5acefc7;A imagem da tela inicial de aniversário ficou ótima. muito bom;5;2026-01-11 19:19:25;5.22.0;Caixa
c95b2c5d4f9e7f2a13e8b399ae44d93b;não consigo entrar no meu celular infitix pro 8;1;2026-01-11 19:18:07;4.1.2;Caixa
cb1cc3bda0d981ff2d1b906cf4d68a75;meu pai tem uma conta poupança, eu sou o procurador do meu pai ,e eu já trabalhei de carteira assinada ,isso faz alguma diferença na poupança para ele pagar imposto;5;2026-01-11 18:44:42;5.22.0;Caixa
a2d586c7d9eda3927cad174d19078fd0;Excelente, Prático e Objetivo. Intuitivo;5;2026-01-11 18:13:10;5.22.0;Caixa
9b4b918ef3cf374a0ba02cdb540be711;não dá para abrir conta da erro;1;2026-01-11 18:03:29;N/A;Caixa
a00951ff254fc004bab57dc39d13db70;excelente;5;2026-01-11 17:39:55;5.22.0;Caixa
5fb16f168830adb3cc45565492f24afe;Excelente👏💐;5;2026-01-11 17:30:09;5.22.0;Caixa
c1cbd001820422f2a2a92c9d4679beab;nada da caixa funciona .;1;2026-01-11 17:26:23;5.22.0;Caixa
1522ae1ee33951109f16b19d897e7da4;maravilhoso 😍;5;2026-01-11 17:21:14;5.20.1;Caixa
53c46f17a9afaffc1a37a0a81ba16192;péssimo!! só trava só fica travando;1;2026-01-11 17:12:54;5.22.0;Caixa
ceec3dded77595f5101e0363af8df41d;Raramente trava ou fica fora do ar, bem simples de utilizar e conseguimos resolver muitas coisas através dele.;5;2026-01-11 17:06:27;5.22.0;Caixa
9488403ec0a4e6f59295008421eda6a5;muito mais ou menos;3;2026-01-11 17:00:22;5.22.0;Caixa
5384707dd99b67792f6518c74eeeb7a9;já tentei tudo;2;2026-01-11 16:56:08;4.1.2;Caixa
3580b4d90e2a6ac857bfa591ac0481fd;aplicativo ruim quando a gente faz atualização não consegue mais entrar na conta e nem no aplicativo;1;2026-01-11 16:38:36;5.22.0;Caixa
d1205d251a372989ec33c845e301770e;oi Caixa eu amo esse aplicativo sou novato aqui mais eu conheço seus benefícios quero fazer parte da equipe ✌️;5;2026-01-11 16:26:22;5.22.0;Caixa
ad40b7379d210315af5dfc72c4477c24;ótimo;5;2026-01-11 16:19:14;5.22.0;Caixa
4b29617e4dcf7540b83955ca7f1c6e6c;pode melhorar e muito.;3;2026-01-11 16:05:56;5.22.0;Caixa
45910366c7299b6d49f85929aa750d03;Péssimo sempre com erros s nunca é possível abrir uma conta. aplicativo está 100% atualizado. não funciona toda vez ao tentar abrir uma conta aparece uma mensagem de erro dizendo que não é possível, as vezes avança até a selfie e o mesmo erro acontece;1;2026-01-11 15:54:17;5.22.0;Caixa
c217bc689899dc271cfe0526557e017e;ruim;1;2026-01-11 15:38:20;5.22.0;Caixa
bbc0919c26a9d5fb8ca99b62156f8665;excelente;5;2026-01-11 15:35:57;5.22.0;Caixa
aba0948598f0c79e7ee45d7e0bb78f90;não consegui fazer o cadastro;1;2026-01-11 15:15:54;5.22.0;Caixa
121454b1ab840d8a1f0b764100fa29ac;ótimo;5;2026-01-11 15:10:36;5.22.0;Caixa
d1d9abe3770d24669192574b4528baac;ótimo;5;2026-01-11 14:59:48;5.22.0;Caixa
319636c54e056049445cb84d431826cf;aplicativo maravilhoso;5;2026-01-11 14:41:45;5.22.0;Caixa
26d1b1e1449cdde6303d41d774128cd7;app fica muitas vezes fora do ar;4;2026-01-11 14:28:19;5.19.0;Caixa
5411707b1ffd38e901f0e4685b1022be;muito bom o aplicativo;5;2026-01-11 14:12:02;5.22.0;Caixa
56b861738bf65f46647a371a0e30ab35;ficou melhor;5;2026-01-11 13:48:09;5.22.0;Caixa
67132f8456b9148bb5ff7b29145b9031;otimo;5;2026-01-11 13:42:53;N/A;Caixa
931c8bc4f76e8e805c6122cd70a304b4;faço o meu cadastro tudo certo, eles mesmo confirmam que o meu login foi criado com sucesso, mas quando vou logar toda vez dá um erro, aplicativo péssimo!;1;2026-01-11 13:40:35;5.22.0;Caixa
a80a4ef640bd83ba76533ce813e47b08;Não estou conseguindo ativar as notificações quando as pessoas me mandam o Pix, tinha que a caixa tá var isso, quando recebo eu sou obrigado a entrar dentro do aplicativo para ver se caiu o Pix. Vejam isso ajudará demais. Desde já eu agradeço 👍;1;2026-01-11 13:17:21;5.22.0;Caixa
9fa509319d99fa2f337788acc93ba899;nada intuitivo;2;2026-01-11 13:11:59;5.22.0;Caixa
dfd98a6a48a52ae46cbbd0d9d64c976e;nao condigo msis passar um pix como antigamente depois dessas novas atualizacoed;3;2026-01-11 13:07:51;5.22.0;Caixa
fd3f25ccb6557216aa75ecbf4682453b;o melhor banco que existe.;5;2026-01-11 13:05:24;5.22.0;Caixa
7a62460ee8e8e784f5d2f939f275e771;gosto bastante;5;2026-01-11 13:00:43;5.22.0;Caixa
8e567616bb82f4e80f3cdc6f7904168d;otimo;5;2026-01-11 12:49:53;5.22.0;Caixa
2b9382c617efcd7f2613b83a541f986c;muito ruim. A opção extrato não funciona.;1;2026-01-11 12:47:06;5.22.0;Caixa
04ac0446142e9dead90b1c13c64e5c44;eu estou satisfeito com esse aplicativo ...;5;2026-01-11 12:46:20;5.22.0;Caixa
e86d1d4b60d727a801bd9bafcfd9631d;já tem 4 dia que não consigo fazer novo usuário e nova senha !!! continua do mesmo jeito !!!!!!! JA FIZ TODOS OS PROCEDIMENTO E NADA SE SANAR O PROBLEMA;1;2026-01-11 12:36:01;5.22.0;Caixa
14bc72b0aafc573209e5c8ff1bd56f26;ajudante de carga e descarga;5;2026-01-11 12:24:56;5.22.0;Caixa
7d16799236b6a0631a7b3910db42fafd;nuna deu poble ma.muito top;5;2026-01-11 12:22:29;5.22.0;Caixa
484de1ecb9defe6321c0abead10d04e7;foi ótimo.;4;2026-01-11 12:20:35;5.22.0;Caixa
2a8d92ae71c97682fe0e68696264a32b;Uso sem dificuldade nenhuma;5;2026-01-11 12:19:54;5.22.0;Caixa
73b76d2e4d1e168d8c6145124f0f6b16;cada vez mais melhor;5;2026-01-11 12:14:32;5.22.0;Caixa
350b69f2aa35913afcf594814e133c0b;ótimo;5;2026-01-11 12:09:31;5.21.1;Caixa
44be65f94c34c1711b1923ab8d1e291b;O pior banco da face dessa terra! Aplicativo é um saco de usar, bloqueia do nada, uma burocracia para configurar e sem contar que quase que sempre não reconhece a leitura facial e quando necessita de ir na agência para resolver essas questões, sempre quase que duas horas de espera. Se dependesse de mim, já tinha banido esse banco há muito tempo.;1;2026-01-11 12:09:17;5.22.0;Caixa
7245dda0cd30bcf1dba1877b9fb43cd2;como que o banco não me debita uma conta no dia certo msm eu tendo saldo? é pá acabar com a minha vida memo, sem falar que nunca dá pra resolver nada no app ou em outros canais;1;2026-01-11 12:05:39;5.22.0;Caixa
5d5057b933fb96c6e60f02e0eea8c56c;eu recomendo o app e muito prático e fácil de usar;5;2026-01-11 12:04:01;5.22.0;Caixa
62542548230d79e6c8f1ea3003da5051;muita lentidão falhas ao abrir;2;2026-01-11 11:26:08;5.22.0;Caixa
617df90786b457f4adb6f2c9820d6b75;preciso sempre;5;2026-01-11 11:26:01;5.22.0;Caixa
7e00823f1b78193abb13671eacf3c9f8;muito bom excelente;5;2026-01-11 11:17:53;5.22.0;Caixa
0bbf579c6dcd188c66ab0183bcdfb51d;maravilhoso o App está de parabéns a CEF;5;2026-01-11 11:08:47;5.22.0;Caixa
67c500c0c437b569afbf2dab9b6a1e26;dispositivo muito bom;5;2026-01-11 11:04:49;5.22.0;Caixa
e50775e22c2232ae7340ab8452f8469e;depois da última atualização o aplicativo começou travar muito e coloca a culpa na internet dizendo estar sem sinal;3;2026-01-11 10:57:26;5.22.0;Caixa
0776c2917b2cab14f83cf0e8c04affea;melhor aplicativo;5;2026-01-11 10:46:42;5.22.0;Caixa
29b23577c623e02d5672dd019afb2499;Aplicativo um pouco lento.;4;2026-01-11 10:42:16;5.22.0;Caixa
3d8e3ba5a8bb9361cf58cede2376c62d;demorando para abrir, dando erros, quase não pagava a conta ontem.;3;2026-01-11 10:24:05;5.22.0;Caixa
b099b272cabe4578a690d3f702a36ab3;amei este aplicativo;5;2026-01-11 10:22:53;5.22.0;Caixa
9b2b4925fe2df9dec8d91321e8855ea5;boa!;5;2026-01-11 10:11:03;N/A;Caixa
30c7a95f37e0c0eab7dae9836b95e0e3;Bom dia.. ficou lento,e o saldo agora demora a mostrar...;3;2026-01-11 10:10:31;5.13.1;Caixa
8c67b77651f2c4fa6f97eee32b3f9661;maravilhoso;5;2026-01-11 09:50:41;5.22.0;Caixa
6430983e61cc519ddccc4f5af475afc4;o app é muito lento, as vezes trava e tem sessões que corta o informações da tela.;1;2026-01-11 09:42:47;5.22.0;Caixa
611e0309defcca2f24f29cf56fb39e21;melhor banco de todos;5;2026-01-11 09:40:26;5.22.0;Caixa
0256f52d88c201677ff8ef75c8e76570;muito bom;5;2026-01-11 09:34:21;5.22.0;Caixa
9fcb1fd392d930b809cfa9a54543fc0b;aplicativo excelente;5;2026-01-11 09:21:17;5.22.0;Caixa
ed359c7fcb9fe41d1aede5ba3f424b55;aplicativo muito bom, mas notei que essas novas atualizações deixou o sistema meiolento;4;2026-01-11 09:12:15;5.6.0;Caixa
e46d60a2b1d1da3c888c132810eb1e90;muito bom;5;2026-01-11 09:08:49;5.22.0;Caixa
8f3c7636eb5cbd12ea7ebdbb0dca8277;boa.;5;2026-01-11 09:05:00;5.22.0;Caixa
c8754330eb47e83e4e13b617f47d9ca1;ver saldo 6758ar;5;2026-01-11 09:04:40;5.22.0;Caixa
abc69e655e10424af529b9fb2024ff8f;esperando a caixa melhorar no atendimento ao programa reforma a pagina de enviar fotos para analise de camera de fotos nao abri a página fica em branco porque ainda nao atualizou a camera do App;4;2026-01-11 09:04:31;5.22.0;Caixa
0a1fb1f2c512442c55703ed4fca3b5cc;Muito bom.;4;2026-01-11 08:49:59;5.22.0;Caixa
64ed42adb92dcb3e9219393f70b71591;no a73, dia 25 vai fazer 7 meses que o aplicativo não abre, fica pedindo para desativar o modo root e modo desenvolvedor, que nunca foi ativado.por isso estou 7 meses sem movimentar a conta e por isso retirei o meu dinheiro e fui pro nubank;1;2026-01-11 08:45:34;5.22.0;Caixa
42fda5868e860220c15ab56ac5d4e2f0;coloquei a prestação da casa em débito automático, e não acontece não desconta.;1;2026-01-11 08:35:47;5.22.0;Caixa
c69d9cf47fc800bdeb09415ff55fd3c0;Bom 👍;5;2026-01-11 08:35:19;N/A;Caixa
1402638ac2af2154e07c56e0b95687bf;ótimo;5;2026-01-11 07:48:23;5.22.0;Caixa
c5b3a5aa1cfe931c69beccc44191bd96;muito otimo;5;2026-01-11 07:38:50;5.22.0;Caixa
0192b3dcf6b9870d616e126f3c6b413d;aplicativo ruim lento trava pra caramba e quando vai logar sempre dá erro na senha incorreta e tem q ficar cadastrando novo usuário;1;2026-01-11 07:35:46;5.22.0;Caixa
e192b814fdd60b681336175b9134a136;ótimo;1;2026-01-11 07:25:59;N/A;Caixa
56aa631f7db2a4074f5128ef5d1b2d75;Excelente rápido e muito bom, facilita o tempo top gosto muito.;5;2026-01-11 07:00:57;5.22.0;Caixa
59932c2cfa72c3cdc87b624ef76e5fa1;o aplicativo melhorou bastante só que tem uma função que não está funcionando que é o chat e também solicitar a 2 via de cartão o restante tá ótimo na minha opinião deveria tem uma atualização melhor só vou dar 5 estrelas porque o melhor atendimento e da caixa valeu caixa econômica federal Pátria amada Brasil caixa e por vc e por todo o Brasil;5;2026-01-11 06:42:18;5.22.0;Caixa
569cc595fd8d618a251a9e4a97c157d3;mais modernidade;5;2026-01-11 06:29:34;5.22.0;Caixa
c57f42bb651b68877f5ae31f3ebbe28f;ÓTIMO 👍 MUITO BOM;5;2026-01-11 06:28:44;N/A;Caixa
205e06f6c6d0a08af54b7e5f065328cb;muito bom este aplicativo depois da atualização ficou muito bom nunca tive problemas com ele muito obrigada caixa;5;2026-01-11 05:51:53;N/A;Caixa
4fbd3fef27cd12688fb443e529958775;casa vez que alteram o layout é pra pior, novo saldo irritante e acesso sempre exige logar duas vezes;1;2026-01-11 03:19:41;5.22.0;Caixa
804851a6a4c8a5fea061ed0f0fe099a9;desinstalei e instalei varias vezes, sempre a mesma mensagem de acesso Root, eu não tenho esse acesso meu telefone 🤨;4;2026-01-11 01:40:47;4.6.1;Caixa
4991003de822e72dbdb63437622f70a7;ótimo dispositivo;5;2026-01-11 01:26:01;5.22.0;Caixa
6b17493f405f823ebb4ecc5b204343ce;app muito bom eu recomendo.;5;2026-01-11 01:19:18;5.21.1;Caixa
8b1d579f181d191d2a8b1a4d97db9b7c;Ultilidade zero, se for pra ir na agência antes de escolher qualquer opção do App não precisa de App. Vou direto na agência resolver qualquer coisa.;1;2026-01-11 00:38:53;5.22.0;Caixa
73d2fd4312cc80011612b5420a0508d1;não consigo colocar cartão na carteira digital;1;2026-01-10 23:28:52;N/A;Caixa
553b00f0d0135f8133176cfacb3b7937;Aparentemente o app tem melhorado e as facilidades de uso também. Como nem tudo é perfeito ainda não consegui usar os cartões da conta em carteiras digitais.;4;2026-01-10 23:03:35;5.22.0;Caixa
cd0d4b4012c4be674d1f9d2d0d362804;o Ruim e que eu moro no interior e não tem uma caixa por perto pra poder dá o acesso pra nós;4;2026-01-10 23:01:06;5.22.0;Caixa
42ade16f01589f1df88dbf50e43aab72;lento de mais demora muito;2;2026-01-10 22:58:54;5.13.1;Caixa
cbbaf107305d1bcc6ceeb69315c2a754;Vou sair desse banco pra sempre, até hoje o banco come todo meu dinheiro, até o FGTS, não recebo mais, e até agora ninguém resolveu o problema o tal Tarifa de Saque Terminal, o gerente da Agência Caixa de Ubatuba me disse que é impossível cancelar, sendo que é possível, e até hoje não posso movimentar nenhum dinheiro por causa disso, pois pra mim é inútil ter os meus dados em uma agência que não consegue resolver problemas tão simples.;1;2026-01-10 22:00:17;5.22.0;Caixa
626bf4c000f1a504bce52cd97e1f7ef5;não consigo abrir minha conta pelo aplicativo;1;2026-01-10 21:54:50;5.21.1;Caixa
c080ee1d257128ee0c7569cf48f4e79e;melhor app que já tive até hj. Onde posso confiar. me indicaram amigos e vários ja usam e sempre falam super bem. Por isso tbm quis adquirir;5;2026-01-10 21:35:12;5.22.0;Caixa
a46b28577b9312e13bd0f37e71d9c286;tô com fatura q vence dia 11/01/26 e não mais consigo pagar,com essa nova atualização ficou uma (BST) com a anterior não tinha problema nenhum.;1;2026-01-10 21:33:55;5.22.0;Caixa
b377983dd1e8f0ffe51247be0da118b0;muito bom legal;5;2026-01-10 21:33:29;5.21.1;Caixa
2fc30c801094054a1abc3ec96fd81247;otimo;5;2026-01-10 20:39:00;5.22.0;Caixa
2f83c34fa5325b9c452342d13ac4f872;maravilhoso muito bom mesmo;5;2026-01-10 20:33:10;5.22.0;Caixa
8ae1a9cbeefaf4ecf586d39cdaf502fd;É ficar algumas semanas sem entrar no app e ter que redefinir senha e usuário toda vez! mesmo com biometria cadastrada. As vezes quero resolver algo rápido pelo app aí me deparo com isso de redefinir senha e usuário. Tomara que arrumem isso... dentro do app e bem prático porém isso quebra demais a experiência.;3;2026-01-10 20:30:24;5.19.0;Caixa
98d281f2813a28eb41dc69452619a820;Fui a várias agências, ja fiz minha biometria, ja troquei senha , ja validei acessos , ja mostrei todas as configurações do celular que estao corretas e o aplicativo entra um dia e no mesmo dia para de funcionar com mensagens de configuração do desenvolvedor. detalhe : somente no APP da caixa. todos os demais APPs de bancos ou demais que utilizo nao tenho problema algum. nao tem alerta de seguranca no telefone , configurações tudo certo. meu acesso nao fica normal nem um dia todo.;1;2026-01-10 20:20:00;5.22.0;Caixa
c31112e04132e958eaff29b5334b05f0;Rapido, fácil,intuitivo e seguro;5;2026-01-10 20:15:52;4.9.0;Caixa
ed5751a6a3ca24d833e329807ae0280a;muito bom 😃;5;2026-01-10 19:57:28;5.22.0;Caixa
71a5ca8cd1ce4b5297a908699b283779;juros altos, caixas eletrônicos desligados...;3;2026-01-10 19:40:29;5.22.0;Caixa
ba8dec63e85c02c6457e5cec8d50c8c1;ruim;1;2026-01-10 19:34:30;5.22.0;Caixa
9ab6bb04a379f70923f71819450f36e7;nos últimos dias o App tá péssimo dificuldades pra acesso compras não sao exibidas em data real a três dias tento pagar fatura sem sucesso. precisa de um start no sistema.;1;2026-01-10 19:19:09;5.22.0;Caixa
d03a2b52680446d9ea871142e98615e0;aplicativo prático facilita minha vida pago minhas contas por aqui sem filas;4;2026-01-10 18:46:31;5.22.0;Caixa
fe911e924882523ad5bdf14a8d19e852;o app não abre no meu dispositivo,tem uma mensagem para desativar modo root,no meu aparelho não tem modo root ativado.;4;2026-01-10 18:23:54;5.22.0;Caixa
1d9017880383d65f9e177b220c6baf4a;app está horrível, deveriam estudar com mais clareza a parte de acesso ao app pois está tendo muitos problemas em relação ao cadastro de dispositivo com relação ao qrcode pois nem tudo funciona então eu peço um apelo meu celular quebrou somente a câmera e por conta disso perdi totalmente o assesso ao app tive que trocar de banco pra eu poder movimentar meus dinheiros é uma pena.porque que vc da caixa não fazem como os outros bancos com mais simples mais eficiente.;1;2026-01-10 18:20:12;5.22.0;Caixa
5e2c3567505c46da69d75ea3239b0893;ótima Boa-tarde e obrigado por mi ajudar nesse catrasdo;5;2026-01-10 18:19:03;5.22.0;Caixa
2a2d23abc4a042c6ab7d57d31c865a0c;Muito bom mesmo;5;2026-01-10 18:17:20;5.22.0;Caixa
d4602bfc72e72d31b54df4c03261f626;aplicativo super fácil e rápido, gostei;5;2026-01-10 18:15:38;5.22.0;Caixa
4afcd1f03bc0c61b086c155ada6cb00e;hoje, 10/01/26 não consigo mais fazer login. para piorar estão forçando que eu instale whats app neste aparelho. não consigo acessar minha conta! idosa, precavida, whats está num outro aparelho com outro número. não dá opção para email ou SMS! aguardo. desinstalei. terei que ir a rua, sábado para efetuar transação bancária em uma agência?????;1;2026-01-10 18:15:02;N/A;Caixa
393232962dbe6ae1c01d7c32a1c8483b;MUITO BOM ESSE APP FICO MUITO SATISFEITO QUANDO PRECISO USÁ-LO;5;2026-01-10 18:04:03;5.22.0;Caixa
dfeab4428960e62d40601dad5d0d38e8;Este App É Ótimo.😁;5;2026-01-10 18:01:26;N/A;Caixa
b16fc758cb3aeeac546efc8762ad2d3c;muito bom 🙏🏻;5;2026-01-10 18:00:07;5.22.0;Caixa
447fb9636565ff5914a3b08a180ce173;ótimo;5;2026-01-10 17:53:38;5.22.0;Caixa
32510cb1e08322589455054f989075e5;muito bom;5;2026-01-10 17:49:44;5.22.0;Caixa
89244dd29ce46940a761ea34a7ba47b2;muito bom ☺️;5;2026-01-10 17:47:31;5.22.0;Caixa
a4309a4df6a0476be37d0c2014f3290d;Consigo realizar todas minhas transações por aqui e com segurança!;5;2026-01-10 17:42:09;5.22.0;Caixa
0ff6b8b12149c3797e1075e813549d49;muito bom mesmo adoro esse aplicativo resolvo tudo;5;2026-01-10 17:38:14;N/A;Caixa
ae31f00081b6e036705037dfba0ad8f5;Boa atenção;5;2026-01-10 17:31:24;5.22.0;Caixa
b471538ec9a9eaab47f8be1c24f0e07b;Excelente!;5;2026-01-10 17:26:58;5.22.0;Caixa
f3177124ae95d62151ef41d93215ca71;não envia código delo whatsapp;1;2026-01-10 17:26:11;N/A;Caixa
d881bd616b6f7268c821fdcfeda0ac16;um aplicativo super fácil de navegar.;5;2026-01-10 17:26:07;5.22.0;Caixa
f865d76587d487bb515e8b2f2ee00680;ótima;5;2026-01-10 17:07:34;5.22.0;Caixa
d2ed54510466b5f2ed24307717de0625;Bom Aplicativo 😎👍🏼;5;2026-01-10 17:02:48;N/A;Caixa
a1fe3a4b402d2c82f2c94ef9fc83547d;Facilidade aliado à pracidade;5;2026-01-10 16:52:07;5.22.0;Caixa
96c20d2c66d1e3ac4f60e52de3728718;é de mas .;5;2026-01-10 16:47:07;5.22.0;Caixa
1511e2d0965fcb7fbe49812d4ac8768b;aplicativo top;5;2026-01-10 16:20:53;5.22.0;Caixa
d3d59a84b0a26c92cff4517f6634303c;ótimo atendimento;5;2026-01-10 16:19:45;5.22.0;Caixa
6b707187f39e2409f183d32a3fea7119;ótimo;5;2026-01-10 16:12:46;5.22.0;Caixa
ba50b25e48cdf05843877f8908f98a54;O app muito instável, há mais de uma semana tentando enviar as fotos do reforma brasil e não consigo.;1;2026-01-10 16:08:11;5.22.0;Caixa
0d80f543ec6334df9f9b39bb659534e0;Me agrada muito usar o aplicativo da Caixa Econômica Federal,todos os dias sempre disponível para usarmos.;5;2026-01-10 15:50:33;5.22.0;Caixa
83ee783528c2f1bb5d970622ae7b1c73;O aplicativo não.esta entrando ,e toda.vez que tenho que desinstalar, tem que ir no caixa pra.liberar;3;2026-01-10 15:49:51;5.22.0;Caixa
991c0163c5c0bc4e0a7210896f948bc1;ótimo;5;2026-01-10 15:49:20;5.22.0;Caixa
cc7904c7947eda4d3e31644350fe2939;pagamento;5;2026-01-10 15:42:43;5.22.0;Caixa
561c1397cbbbabb022269e8991032d93;Disparado o melhor banco do Brasil;5;2026-01-10 15:41:10;5.22.0;Caixa
16fe7dae15b3129ba5c580fd5712580e;esse app não presta, ate para autorizada o primeiro acesso do celular precisa ir no banco! os bancos digitais fazem a validação com foto, sem precisar sair de casa,esse banco da caixa vivi na idade da pedra, até um simples comprovante de transferência antigo não tem disponível so 2025 e 26 nos bancos digitais temos acesso a todos os tipos de movimentação desde o primeiro momento.;3;2026-01-10 15:39:22;5.22.0;Caixa
d683db3e6d40ada83107de732c8734a7;showw;5;2026-01-10 15:36:02;5.22.0;Caixa
9b24db68fa9beee6e68dc7f5443ab49f;horrível você n consegue nem abrir uma conta online que só dá erro;1;2026-01-10 15:31:38;5.22.0;Caixa
e1a40646571c4d4d7186c210ff25e472;👍 bom;5;2026-01-10 15:21:58;N/A;Caixa
5b7fe030b0f2192aefc7ba10e8c50348;"Minha avaliação era 5, foi pra 1 e agora dou 3 hoje, porque Após a atualização o app está ainda lento, bugando, colocaram a opção de visualizar valor. Mas O acesso ainda está ruim, demora pra entrar sem contar que coloca-se a senha e não vai automaticamente pra aba seguinte, sendo necessário ficar voltando ou reconfirmando na tela. Consertem isso o app ta bom, mas poderia ficar perfeito!!! ""E sim meu app ta atualizado e tem espaço na memória do celular"".";3;2026-01-10 15:13:29;5.22.0;Caixa
b576e8d6409ecfe06fc96cb73ade0a95;confiança, segurança rapidez fácil de manejo muito bem planejado .bem esclarecedor;5;2026-01-10 15:13:20;5.22.0;Caixa
db02a8128474c69c1243070d920097fa;o aplicativo está perfeito.;1;2026-01-10 15:12:44;5.21.1;Caixa
48736e85557eac8f0ce9fcfecf6d9b68;O aplicativo está cada vez mais inteligente e fácil de usar.;5;2026-01-10 15:05:31;5.22.0;Caixa
40d0d81ea71d463467283d314736e574;o melhor aplicativo que eu já mim xi na vida feliz aniversário 🎂 aplicativo caixa teamo;5;2026-01-10 14:58:52;5.22.0;Caixa
d542614d8c645679317150bde9915e1c;"Uso o aplicativo por conta do sistema de habitação. Por muito tempo tive problemas de queda de sistema e ter que realizar novos cadastros. Mas há algum tempo, tem ficado estável. retificando muito tempo depois; atualmente o aplicativo está ótimo, e atende minhas necessidades com perfeição. obrigada.";5;2026-01-10 14:58:18;5.22.0;Caixa
36b3bd75c99d72d5a810c0f994cf159c;muito bom, até o momento não tenho do que reclamar.;5;2026-01-10 14:57:46;5.22.0;Caixa
0654b3ac7461fe0e950b506fa03eb234;ótimo aplicativo;4;2026-01-10 14:57:07;5.22.0;Caixa
31ab8265b7ea8c6e4579a2ff05fd9de3;o aplicativo caixa menhorou mais parece que vcs ai não sabe mecher no aplicativo tá toda hora atualizando para de mecher só tornar o aplicativo rápido só isso pela as atualizações minha nota e 2 estrelas;2;2026-01-10 14:54:12;5.22.0;Caixa
f17bcd2b12f1867db503bda99a480ce1;muito bom e prático;5;2026-01-10 14:40:55;5.22.0;Caixa
861a293d1dfd88d696dbd8d83addc9f2;não tenho doque reclamar.;5;2026-01-10 14:39:31;5.22.0;Caixa
82bcefee71ae94b07c01043cc842c556;muito bom;5;2026-01-10 14:34:17;5.22.0;Caixa
7b26c518247ff28f467d73a9e171bc1c;ainda continua ruim 👊🏿😡👎🏿;1;2026-01-10 14:29:51;5.22.0;Caixa
1253bf70c147afd25361c3a293f1846b;o que diabos é esse inferno de bloqueio de segurança que eu não solicitei que odioooooo;2;2026-01-10 14:10:21;5.22.0;Caixa
23f2a6b575cf5f77a82a80342bcec634;muito bom;5;2026-01-10 14:09:12;5.22.0;Caixa
0af9f11ceb8600cff336b4ccea52c55c;muito bom tem aseso melhor chave Pix;4;2026-01-10 14:00:35;5.22.0;Caixa
bab0bc788458cbcf038fd0e2973f6755;muito bom;5;2026-01-10 13:59:15;5.22.0;Caixa
a57ba1bd410a7f221df5f0478303b2f9;estou muito satisfeito com os serviços da nossa caixa.;5;2026-01-10 13:47:09;5.22.0;Caixa
dd46f7d0a61c929f734d1c8c8e3c8f91;muito bom,rápido para cadastrar.;5;2026-01-10 13:46:11;5.22.0;Caixa
f895712c4599b17f9a17a02cc8e54066;Muito bom! Não preciso sair de casa para fazer meus pagamentos.;5;2026-01-10 13:29:25;5.22.0;Caixa
71d91c27874049dfc595eafe656e1d28;não consigo gerar o boleto de pagamento e muitas vezes bem mesmo acesar a conta;3;2026-01-10 13:24:55;N/A;Caixa
e437798652485b8550e2912883d36968;muito bom mesmo;5;2026-01-10 13:11:16;5.22.0;Caixa
b0036be031772c4f9baecdb0833b012b;um bom relacionamento com a Caixa econômica para mim;4;2026-01-10 13:01:24;5.22.0;Caixa
f1fe920ddb0c3923b86592e1072ac480;ótimo banco;5;2026-01-10 13:00:06;5.22.0;Caixa
02d6a6e38d4f12f711d5337c94ea25f7;O melhor;4;2026-01-10 12:41:07;4.9.0;Caixa
30c979c8d50a783f731fe3b507c75fc8;ótimo;5;2026-01-10 12:36:28;5.22.0;Caixa
54b2e1dc05cd6cba2de2add426a6873e;Até aqui tudo bem!;5;2026-01-10 12:34:11;5.22.0;Caixa
87f6a75b06b1e33bcb2d40b8b7f81c3a;ótimo;5;2026-01-10 12:32:54;5.22.0;Caixa
68378134c0b2c02f18661c036cdd4687;muita dificuldade para saber fazer o pagamento real da fatura.;3;2026-01-10 12:32:37;5.22.0;Caixa
693fb095bb9be26da582a32582db9ef5;muito bom e eficiente;5;2026-01-10 12:21:53;5.22.0;Caixa
8aa5fed989aeea14d75d245c7199e267;piorou muito, ficou muito lento r não funcional;2;2026-01-10 12:01:13;5.22.0;Caixa
86f2174f5df106d3f433f482baff2689;pior app possível;1;2026-01-10 11:58:43;5.22.0;Caixa
dbfdb9f1cc8efcba8ced90c0458683bb;Reescrevendo a avaliação. Tá cada vez mais difícil de acessar! Uma dificuldade pra ver saldo e realizar pagamento em pix! Passando vergonha nos estabelecimentos. Por favor, consertem pra que voltemos a reclassificar com boa avaliação! agradeço desde já!;1;2026-01-10 11:49:02;5.22.0;Caixa
7bd9b62721e58b75421e2c0725cc33ee;dispositivo não quer atualizar o saldo;1;2026-01-10 11:48:19;5.22.0;Caixa
586e516db08ce0f04357c3d44c0d6c22;Emuito fácil e bom controlar a conta pelom aplicativo eu gostei;5;2026-01-10 11:46:32;5.22.0;Caixa
752032b3032e0805efe542233a317f3e;meio difícil de mexer pessoa idosa fica confusa cm medo mais cm paciência e atenção vai;4;2026-01-10 11:41:22;5.22.0;Caixa
190eb64dfd321a704054a8a7b96443c2;gostei muito, é prático e rápido.;5;2026-01-10 11:41:03;5.22.0;Caixa
74127d3a1a1d6fdb85e8af5f96a05207;pedi meu cartão de crédito e até agora nenhuma resposta recebida;1;2026-01-10 11:39:31;5.22.0;Caixa
e5cbfda383e1a68617e31e5ea59be289;Atualizando: horrível, experiência horrível! Mesmo erro constantemente, app trava, não tenho acesso, aí preciso desinstalar e reinstalar, adicionar as contas de novo pra poder fazer algo.;1;2026-01-10 11:37:26;5.22.0;Caixa
d2ed4873ce0268facc16647b5c33a458;não consigo adicionar meu cartão no Google Pay;2;2026-01-10 11:24:34;5.22.0;Caixa
cfa4a4e811e33aed0db2ef4359cb395d;bom app;5;2026-01-10 11:21:47;N/A;Caixa
2fae1449544306df1da1ac2eb17017d3;pagamento feito rápido e sem burocracia amei a forma que o aplicativo disponibiliza pro cliente;5;2026-01-10 11:21:01;5.22.0;Caixa
b031bdef7315dcb40d6885af49f04db1;APP caixa econômica federal excelente, muito ultil para ver minhas faturas e entre outras coisas.;5;2026-01-10 11:17:32;5.22.0;Caixa
adfbeb4101e0de98a10a1c2e98821733;Está tudo certo muito boa as informações 👏;5;2026-01-10 11:10:33;5.22.0;Caixa
b7016f2447b5a80e0211dd8f79323574;não tenho o que fala da caixa é ótima;5;2026-01-10 11:09:12;5.22.0;Caixa
991847d6f2d50d32109e95dabf8a92e6;Ótima;5;2026-01-10 10:57:04;5.22.0;Caixa
3c0ac5257355e9b63410938308c5a187;para eu acessar a conta pede para eu instalar uma versao mais atualizada. sendo esta a última atualização.;2;2026-01-10 10:40:47;5.22.0;Caixa
07a2d6f2dea24ecc39f51d3b046a39bf;precisa melhorar mais esse banco 🏦;1;2026-01-10 10:11:12;N/A;Caixa
b8be1538fd5fbd4a8526454a3211b153;boua;5;2026-01-10 10:07:31;5.22.0;Caixa
c1ee247ab4bcd70ef6419a247f72c351;Excelente aplicativo, parabéns a toda equipe da CEF, principalmente a vocês clientes.;1;2026-01-10 09:55:00;5.22.0;Caixa
f5bdc656f1e30ac4ebee4e9fc66fd4c2;o app tá travando muito por conta própria. mau consigo fazer um Pix olha o problema tá na caixa mesmo, o próprio sistema do meu celular fala que app está travando por motivos próprios;1;2026-01-10 09:46:07;5.22.0;Caixa
0142c7e427abb37406c76e813f553bcd;ótimo app;5;2026-01-10 09:41:01;5.13.1;Caixa
6981307525a91aac65e86875260b29f9;muito prático o sistema!;5;2026-01-10 09:39:57;5.22.0;Caixa
44205a7e9d93d1bda29c6d2212cc9414;Bom rápido e confiável;5;2026-01-10 09:34:39;5.22.0;Caixa
71fb5c979ebdb5df29ac3d867ea9cb24;bom demais;5;2026-01-10 09:32:34;4.9.0;Caixa
c415684b9b3354e19b5ca731d4a67ab1;Quando tenho que fazer pgto via Pix tenho 2 contas.As vezes 1 não tem saldo suficiente.E aí tenho que ir para a conta que tem saldo. Nesse ínterim o código já sumiu e dá trabalho para pegar o código de novo e fazer o pagto. Acho que pagamentos em Pix o próprio sistema da Caixa,deveria fazer na conta que tem saldo direto.;5;2026-01-10 09:31:11;5.22.0;Caixa
56c1fd235465cd87acc3f608ba36694c;Causando falhas constantes de travamento do aparelho.;2;2026-01-10 09:29:05;5.22.0;Caixa
2a674b43162e4872935c12a6e66fb77c;péssimo;2;2026-01-10 09:25:32;5.22.0;Caixa
c87ce73cc6b50af8e9e3501ee45bfd78;rápido e prático;5;2026-01-10 09:24:00;5.22.0;Caixa
839af1640a98425ff17aeff21f51a28f;ótimo,pra tudoo;5;2026-01-10 09:22:53;5.22.0;Caixa
4727a61efeff800d21f45ab13f890d98;ainda tenho um pouco de dificuldade .em alguns trâmite.mas o atendimento da caixa são excelentes.;5;2026-01-10 09:22:34;5.22.0;Caixa
8280050058a3546fbe389982175ac223;Gosto muito , auxilia e eficaz !;5;2026-01-10 09:16:27;5.22.0;Caixa
7bc41dec4b921d095fd0d5658db58910;Gosto de usar o aplicativo.;5;2026-01-10 09:12:45;5.22.0;Caixa
db1242ff4b77669e9832d274d0c45f86;o melhor banco;5;2026-01-10 09:07:44;5.22.0;Caixa
7508b98599d38e33781c57b38d57580c;amém;5;2026-01-10 09:06:39;5.22.0;Caixa
8f20f58a1bd222a03005c135ea34ffc1;organizado parabéns;5;2026-01-10 09:02:01;5.22.0;Caixa
5870d1dc19bf7316c9054f696fac4713;Eu não tenho do que reclamar 👏🤩🥳 graças a Deus;5;2026-01-10 09:00:01;5.22.0;Caixa
31e9ad1249c96aab1eb9daf2f7d4b511;obrigado a caixa me atende muito bem, sou bem atendido um serviço rápido e com segurança.;5;2026-01-10 08:58:40;N/A;Caixa
fbaa6c87b7c3d2172805d8c7114b569a;bloquearam meu aplicativo, por conta de uma contestação de compra. Não consigo mais usar em dispositivo nenhum. Já fui no banco, já liguei na central. nada resolvido.;1;2026-01-10 08:54:57;5.17.1;Caixa
4da19f0daf72db46bdb9d1531cd3b13b;o aplicativo está funcionando normalmente, está muito bom, estou gostando , só um detalhe eu queria que vcs atualizasse e colocasse na fatura o final da fatura não aparece centavos, só aparece ex. um valor símbolo 48, 9 cadê o restante dos centavos é prá aparecer o valor total compra e não aparece ajeitem isso OK;5;2026-01-10 08:36:27;5.22.0;Caixa
ef737048eef65528fa26b274f8284dce;show;4;2026-01-10 08:28:54;N/A;Caixa
378bdb1cb560a67a9e7c91a98cd7a510;eu tenho que aprender mais não tenho esriencia;5;2026-01-10 08:22:18;5.22.0;Caixa
3774d5807216c93959fc28a779c76ac8;App muito bom, responde rápido gostei muito;5;2026-01-10 08:21:06;5.22.0;Caixa
f3956681e890c7f6f54b9b6ea5b0766d;ótimo app;5;2026-01-10 08:20:42;5.22.0;Caixa
69f4493afec749ab4b7e0694fe0cb17a;Péssimo não muito intuitivo sem opções de fatura de cartão a longo prazo, sem muitas opções de acessos rápido que nem outros bancos.;1;2026-01-10 08:18:39;5.22.0;Caixa
847066e9425e4e5e26fa78f339de8bfe;Acho desnecessário a repetição da senha na hora de entrar.;4;2026-01-10 08:17:19;5.22.0;Caixa
5fe7f22bb643330e487ce289f506b487;muito ruim.fiz uma contestação de um pix enviado em um golpe no dia 10 de dezembro , era pra ter um retorno até dia 21 de dezembro. até hoje não tem nem um retorno. sofre um golpe também do app da caixa.;1;2026-01-10 08:05:20;5.22.0;Caixa
af7c0d02aada1ccaae4889cf245bfd9b;e bom;5;2026-01-10 08:04:40;5.22.0;Caixa
75dac34c8627e262c70adeb5c4eb41b2;e rápido e fácil;5;2026-01-10 08:04:19;5.22.0;Caixa
70a912f592d180da398c880f6350836d;Melhorou Bastante Continuem Assim 🛫;4;2026-01-10 07:55:01;5.22.0;Caixa
f9d20bf00a754d47b3e49e256ef6c29d;horrível em vez de nada o código pelo email fica mandando pelo whatsapp e quando chegar já expirou pra ser ruim ainda falta muito caixa;1;2026-01-10 07:20:43;5.22.0;Caixa
2f2970a4e12c50c464a0e16c592a68b5;a atualização deixou o aplicativo lento.Eu sugiro que no extrato os saldos recebidos sejam de uma cor distintas do s demais a fim de melhor visualização e também saldo distintos entre valores recebidos e valores gastos .;3;2026-01-10 07:11:22;5.22.0;Caixa
03d48a83c7d9207d0bce0eabe46320c1;sempre que preciso sou servida DEVERIA AUMENTAR MEU LIMITE NO CARTÃO DE CRÉDITO;5;2026-01-10 06:56:40;5.22.0;Caixa
1974c476bb04acd863929e0578d8f3b0;ótimo;5;2026-01-10 06:55:21;5.22.0;Caixa
f134f2d1d6d3e5dce35f3f9395584c1b;app trava demais . Principalmente FDS.;3;2026-01-10 06:47:20;5.21.1;Caixa
602b8e2d99cd8fc81a81c682196e80b0;muito bom o app, facilita muito a vida da gente.gratidao.;5;2026-01-10 06:36:55;5.22.0;Caixa
cb196a5394ef6b74621e0c8cfdb7f23b;otimo;5;2026-01-10 06:15:26;5.22.0;Caixa
0fe09affeb727f004ba22f685777ff4b;não consigo fazer nada por Exemplo no momento e estou com saldo mas não consigo fazer pix ou pagar boletos;1;2026-01-10 05:59:03;5.22.0;Caixa
5b2cceecb9341201d49875ef207b7f20;muito bom 👍;2;2026-01-10 05:17:01;N/A;Caixa
8962faebbc2752db1d87a8fb3a6ba9b5;aplicativo muito atrasado comparando com o aplicativo da nubank;1;2026-01-10 04:51:52;5.22.0;Caixa
234e6fb4224000c2bde6ea3b31e3c647;aposentado;5;2026-01-10 03:43:40;5.22.0;Caixa
aaf0e938f2209fe9b0ef292d8cf702f4;ta difícil depois da atualização é impossível usar pq o aplicativo pede pra fechar toda hora;3;2026-01-10 02:26:48;5.22.0;Caixa
a960e66161f2dcd340ffa5d464c133f2;rapaz ultimamente não estou gostando da caixa, esse aplicativo ultimamente está com muita frescura.;1;2026-01-10 02:24:56;5.22.0;Caixa
52eee1ed22fdb60b1c40985733ed7fc7;muito bom;5;2026-01-10 01:24:39;5.22.0;Caixa
ef02f0287fbc00cfc185ba3774ce7da5;linda demais adorei;5;2026-01-10 01:05:25;5.22.0;Caixa
9b3163dd44b582eac585c707ac36c6f1;pode melhorar mais ta indo bem;5;2026-01-10 01:01:49;5.22.0;Caixa
14cd6e2eb6e97e796b2c2f7df9ed241c;App nao presta, banco fraco viu;1;2026-01-10 00:23:12;5.22.0;Caixa
88af34c75e398f87354aebdf73ed1abc;não sei não mexi;4;2026-01-10 00:18:42;5.22.0;Caixa
782be0703ddb8ef34a50512e6e627e21;muito bom;5;2026-01-10 00:17:52;5.21.1;Caixa
054614eed6c35569d02e22ac35a03ed1;tem que complicar os Lalau agora os clientes aíl complica;1;2026-01-09 23:56:00;N/A;Caixa
0d9b327a46dc3115448fdf3dfe999727;o aplicativo continua péssimo não consigo entrar no aplicativo caixa tem e nem nesse da caixa desde agosto de 2025;1;2026-01-09 23:45:22;5.22.0;Caixa
04ff414ce0329f3c2b2b7ee2cdb2ce3a;aplicativo muito confuso não existe de maneira prática a consulta aos extratos de compras feita no cartão, e quase abre um comprovante não se tem a opção voltar para o menu anterior, ao colocar para voltar e joga direto na tela inicial tento que fazer todo processo novamente..... péssimo aplicativo.;1;2026-01-09 23:33:07;5.22.0;Caixa
150d901dceaf1c33f46492759a7984cf;faz atualizações e complica para seus clientes não diga nada pra outras pessoas que só querem obter coisas dos outros.;1;2026-01-09 23:24:33;5.22.0;Caixa
7529d867bbf885dbe2f7f1bdb1ff6050;Muito eficiente e seguro.;5;2026-01-09 22:59:17;5.22.0;Caixa
2696f0d528d4cf70a9480911997f1aa7;muito bom;5;2026-01-09 22:48:58;5.22.0;Caixa
1fdda777e94d50a5ad8919ad900fd6dc;ótimo melhor conta🤩🤩🤩;5;2026-01-09 22:13:45;5.22.0;Caixa
1fc7a8d233c53b50882cd2f529ef8581;2 duas ⭐, aplicativo muito fraco e lento mais é importante para mim manter as finanças;2;2026-01-09 22:08:57;N/A;Caixa
fcf5ce1433cdf4700399db96e3e973e5;vendedor ambulante;5;2026-01-09 22:02:35;5.22.0;Caixa
96b998aa89e99cb424e4c8ba86f3d1e4;muito bom!!!;5;2026-01-09 21:10:18;5.22.0;Caixa
2d4f0388b392786e61824af443611981;muito bom;5;2026-01-09 20:52:57;5.21.1;Caixa
799fe28cd42b5fad22f903bc6ece839c;🤬O Aplicativo é bom , más é muito ruim pra Validar à Identidade, todos os outros Aplicativos de Banco, Eu consegui validar minha Identidade sem problemas, pois entro com meu Login e pediu minha Foto pra Confirmar o Acesso, e pronto foi muito simples já consegui fazer Pix ,ver Saldo e ter acesso Completo à minhas outras Instituições financeiras. Agora essa Caixa é muito ruim além de ter que ir no Banco Desbloquear o Celular no Caixa Eletrônico, Agora vem com essa de QRCODE, muita frescura.;3;2026-01-09 20:47:52;N/A;Caixa
87116e5bbcab82ae7cd743fd1f82810d;ótimo atendimento com esse aplicativo fica bem mais fácil e não precisa ir a uma agência;5;2026-01-09 20:35:40;5.22.0;Caixa
0a2aedfd66fdfc05264e396f111dd371;G8sti muito do aplicativo. É intuitivo e de fácil compreensão. Fornece as informações de firma clara e organizada. Rápido e fácil;4;2026-01-09 20:09:52;5.22.0;Caixa
03863d863758ad2a98aa958bfc13675d;Dá para ser mais prático!;3;2026-01-09 20:00:20;5.22.0;Caixa
e22109a799bf47de840fc462cd971e83;voltou ao normal, funcionando corretamente.;5;2026-01-09 19:59:14;5.22.0;Caixa
0e982d9a8f50c69247961151117c9f24;acabei de entrar no aplicativo e diz que tá desativado tinha que ativar a segurança kkk;1;2026-01-09 19:57:33;N/A;Caixa
a132cde3d1d9a5b6ed166b3748b232e0;após a última atualização tenho que digitar a senha duas vezes pra abrir o aplicativo;2;2026-01-09 19:36:53;5.22.0;Caixa
b52e771b2e155ace82c2881c6721a588;Toda vez que preciso acessar a conta tenho que criar uma senha nova. Já realizei esse processo umas 10x. Agora está falando que não tenho internet, mas estou conectado tanto no wi-fi quanto nos dados móveis.;1;2026-01-09 19:31:47;N/A;Caixa
a950071924cf04d63f8da46528bdab80;excelente;5;2026-01-09 19:13:15;5.22.0;Caixa
cafb757f11d44e29875ba6a7aef0f1f5;muito bom gostei muito desse app da caixa;5;2026-01-09 19:10:49;5.22.0;Caixa
677d00b7b1d05f30d758e2789bb6d1b7;é muito difícil de mexer nesses aplicativos;5;2026-01-09 19:08:12;5.22.0;Caixa
3e66462096e5ea98d4b31ae669651a26;muito bom so que precisar de atualizações novas e limite de crédito;5;2026-01-09 18:47:10;5.21.1;Caixa
dfc55e04e355ebdbd03a1625a396fdca;Não gostei do layout novo, o anterior era mais prático. os atalhos desse ficaram muito confusos.;2;2026-01-09 18:44:47;5.22.0;Caixa
8623b625622baaf9bcbc2f2ed51fe763;maravilha;5;2026-01-09 18:33:19;5.22.0;Caixa
f3b972c4359d2832143edeb662d5b6d6;Pior banco para ter conta, pior atendimento e pior ainda é o aplicativo. Sempre dá erro no login. mesmo com os dados estando certos, sem falar que a biometria facial não funciona de jeito nenhum. E quando solicitada ajuda pelo atendimento, se der sorte de ser atendido por um atendente, vão falar que tem que tentar outra hora ou se dirigir a uma agência.;1;2026-01-09 18:21:40;5.22.0;Caixa
3e614d8e04219892fabd9c3f49129bd7;é o único banco que realmente é um banco excelente;5;2026-01-09 18:20:52;5.22.0;Caixa
006980c1f98107efb210379ea1a13c27;falta organizar melhor o menu perfil;4;2026-01-09 18:17:38;5.22.0;Caixa
64222cb6cc80d62d34c80880e42fc6fa;ótimo app;5;2026-01-09 18:11:40;5.22.0;Caixa
ebca2571ca7a2299156309b83c0e3cbc;depois da última atualização não abre o app. sempre. pede pra criar novo usuário toda vez que abre o app;1;2026-01-09 18:11:18;5.22.0;Caixa
e2fa6707d8e4f60a80759e584fb9f127;ótima;5;2026-01-09 18:05:50;5.22.0;Caixa
cb79701096c08cc53e62a8db3792bc70;muito bom;5;2026-01-09 18:03:36;5.22.0;Caixa
6ca51fed0979d99ffa0c54c2f0ae306b;esse banco é muito complicado pra fazer um cartão a pessoa precisa ir na agência falar com o gerente sendo que seria tão simples fazer todo o processo pelo aplicativo Deus me livre sem contar que pra ativar o app também tem que ir em um caixa eletrônico por amor de Deus pra quê essa frescura antiguidade terrível, a maioria dos apps de bancos hj em dia faz tudo pelo próprio aplicativo sem precisar dessa agonia!;1;2026-01-09 18:03:30;5.22.0;Caixa
de05c8854217df676a94fed3de7e9be2;acho aquele extrato novo era mais fácil.;4;2026-01-09 18:01:52;5.22.0;Caixa
f7740864f880d5604d4a3450d25775ee;esta bem melhor;5;2026-01-09 18:00:31;5.22.0;Caixa
02252500272889016475161fd57e48b4;muito lento;1;2026-01-09 18:00:26;5.22.0;Caixa
a211de7dbc6ddfd579e216a98eec8670;muito bom estou gostando do app;5;2026-01-09 17:59:49;5.22.0;Caixa
97a14fe19d1f8527e2c8912aa5e60001;muito ruim, dá erro de senha na senha correta, bloqueia dados, não conclui atualização, dá erro , inoperante;1;2026-01-09 17:52:01;5.22.0;Caixa
f0bea2432337fa3d561652dbdcd44d9e;Aplicativo pede atualização o tempo inteiro;3;2026-01-09 17:43:07;5.22.0;Caixa
929cf828219c21b639db27904a33b956;vem pra caixa vc tbm top;5;2026-01-09 17:35:15;5.22.0;Caixa
1532d7c27f1f784d67b1a769c852a13b;bom mesmo;5;2026-01-09 17:34:42;5.22.0;Caixa
0c60a4bdb7d2b5d1d8740d548748b3d0;Difícil utilizar. Quando mais precisa, fia indisponível.;1;2026-01-09 17:23:25;5.22.0;Caixa
f3064386a33fe2e77306c215418f137e;top.;5;2026-01-09 17:19:47;5.22.0;Caixa
00cac39d14f85be7706752056975895d;o app não entra coloco meu usuário e senha e so aparece NÃO FOI POSSÍVEL ATENDER A SUA SOLICITAÇÃO TENTE MAS TARDE ficou uma semana assim depois entrou e agora não entra de novo;1;2026-01-09 17:17:27;5.22.0;Caixa
80a4f5d4e9e7090c1e5b96c36cf86225;ótima;5;2026-01-09 17:14:30;5.22.0;Caixa
9c41b22c48b3ccf687b3bd3ee57a2ba6;achei ótimo;5;2026-01-09 17:14:14;5.22.0;Caixa
0748fd816b88e2f3af65829f86131796;acho muito fácil usar o app.;5;2026-01-09 17:11:32;5.22.0;Caixa
0d3a4acc9209eb90c0cd10c994e7b0fd;não consegui fazer a consulta da conta caixa, gostaria de acessar a conta e saber o saldo;1;2026-01-09 17:05:30;5.22.0;Caixa
2a1107132adeb1d06e944ea77d725971;muito bom;5;2026-01-09 17:04:40;5.22.0;Caixa
13ae1ca725d8eef4698c06dc4caa8b1b;muito fácil e seguro de operar.;5;2026-01-09 16:51:41;5.22.0;Caixa
946db06e0dce65b2f237148164cb423d;o pior banco que existe!!;1;2026-01-09 16:39:44;5.19.0;Caixa
19dd618be2a2d2f1b0f6f34a3d91af1a;aplicativo parece não funcionar como deveria . toda vez tenho que ir presencialmente no banco.;1;2026-01-09 16:23:13;5.22.0;Caixa
e2d630fb8c50f80d39375770ed91b21e;praticidade;4;2026-01-09 16:16:37;5.22.0;Caixa
0c13f25fed25bba1a0b7d0390d71d5ed;É ridículo, você precisa ir numa agência física para criar uma conta poupança. Mas pra criar conta corrente eles nem pergunta qual tipo você quer. kkkk;1;2026-01-09 16:09:04;5.22.0;Caixa
2ca5b7f8d331a312f21c84eee3d4c557;tudo bem e organizado.;5;2026-01-09 15:55:56;5.22.0;Caixa
626c09efd6696ee31242af39c7386002;Muita informações desnecessária,devia ter as principais operações com acesso mais simplificado.;3;2026-01-09 15:54:48;5.22.0;Caixa
cc9b217ec5b9ee158be7aa2cc7c8fdfd;Péssima, nao informam nada;1;2026-01-09 15:53:12;N/A;Caixa
f9f932ff60ec82bf0bd2b861b78fdd0e;estão melhorando. evoluiu muito.;5;2026-01-09 15:52:44;5.22.0;Caixa
2c1e411ff21c5dc0d124fc9daebbd958;Show de bola;5;2026-01-09 15:52:14;5.22.0;Caixa
1c9bd6da846ce615c6056fbef98992ef;perfeito 😃;5;2026-01-09 15:35:54;5.22.0;Caixa
3f7a07eba38974c89a4aaec0bd84bf5e;não estou conseguindo ver meu limite atualizado, e demora muito pra atualizar o pagamento;4;2026-01-09 15:26:44;5.22.0;Caixa
419563f54514a8c7e02bbee1b3fe6f66;não tá abrindo o aplicativo na hora que eu entro ele apaga;2;2026-01-09 15:26:00;5.22.0;Caixa
dd22d4d2c3f584d67765d4cbb298ff29;praticidade;5;2026-01-09 15:23:00;5.22.0;Caixa
f184db77c871887ac60e5bbc6d4d1edc;super prático e fácil de uso;5;2026-01-09 15:17:13;5.22.0;Caixa
69a316cc85c82ea7d6b1b09348223064;eselente nuca me deixou na mão ótimo mesmo obg;5;2026-01-09 15:15:43;5.22.0;Caixa
684ffbbfac9cd191198615d64a426eed;ta.muitodificil;5;2026-01-09 15:14:17;5.22.0;Caixa
3305eb5f800546e75e1826661fe87e1a;satisfeita;5;2026-01-09 15:13:31;5.22.0;Caixa
104b5483c29dc04812e54fce052e7bec;Seria interessante acrescentar o HORARIO das transações no EXTRATO.;5;2026-01-09 15:09:57;5.22.0;Caixa
4dcbdc284d5c01dcd1973f7d4a78a57e;ótimo;5;2026-01-09 15:04:21;N/A;Caixa
961b759c73bfb37513e7205988d31266;O APP está muito lento . Não era assim. Pra mim piorou.;3;2026-01-09 14:57:29;5.22.0;Caixa
47477674ceee06ed16e557e5d0103d76;Muito bom e ótimo;5;2026-01-09 14:53:31;5.22.0;Caixa
457d68427b60c67833738de6b28b3b29;ótimo;5;2026-01-09 14:50:38;5.22.0;Caixa
903244307737a12c4f27659be3235430;Parou de funcionar no Moto G54,após a última atualização. Não aceita biométria facial, so libera o aplicativo em um caixa eletrônico e com muita dificuldade;1;2026-01-09 14:45:49;5.22.0;Caixa
02ac1a8584de7696dffb58d90a74ee12;muito bom;5;2026-01-09 14:45:35;5.22.0;Caixa
1c001b1e5791f589221093b4769dcfa2;um lixo, não funciona. não cadastra. não deixa criar conta digital. não abre direito. sempre um lixo.;1;2026-01-09 14:43:13;N/A;Caixa
b6d2ccac67ab1b9bfd0ca7e19b12fbcd;péssimo, muita frescura;2;2026-01-09 14:35:17;5.22.0;Caixa
94252055848cafd81241ddfe4c3b467b;ótima;5;2026-01-09 14:30:06;5.22.0;Caixa
cbcea59b2c00a7b6d42596be8fd93c40;excelente;5;2026-01-09 14:16:01;5.22.0;Caixa
d39fa6f4c66c503aa994a3ceb7d8ac9c;rápido e seguro;5;2026-01-09 14:15:41;5.22.0;Caixa
12d0c70618fa728a6751dfa75c296d98;Útil efacil de usar;5;2026-01-09 14:13:19;5.22.0;Caixa
d145bfdef64586b731ddd12d0d943205;Para mim a Caixa Econômica Federal é ótima.;5;2026-01-09 14:12:47;5.22.0;Caixa
bbcd91226ed1e12e953c27f38ad80f08;as vezes se torna lento o aplicativo....;3;2026-01-09 14:05:10;5.22.0;Caixa
65a274445478c074865e899e2359fc3a;muito rápido e fácil.. maravilhoso;5;2026-01-09 13:56:32;5.22.0;Caixa
e43e251e1412d0b8f06172ec77476ff4;muito bom;4;2026-01-09 13:40:12;5.22.0;Caixa
71cc0520ebae4160339c52494e89586e;merecedor de até mais do que 5 estrelas.;5;2026-01-09 13:38:54;5.22.0;Caixa
dc931aca02fe6cf900b7998f3e23ab36;péssimo,não consigo acessar comprovantes mais de 11 meses não ajuda em nada;1;2026-01-09 13:37:47;5.22.0;Caixa
51030cac47aff9356ab8bd98666ffc7c;Um dos piores bancos. cheio de fraude, a mega senna, sem clareza dando descrédito e desconfiança no banco. Nunca mais aposto em nenhum jogo nesse banco.;1;2026-01-09 13:32:21;5.22.0;Caixa
4d9767040469b022e358873e5c6f3d75;ótimo app facil de usar e completo.;5;2026-01-09 13:20:56;5.22.0;Caixa
6aad24c05f59e50e5bf3417ffae6f830;não consegui pagar a fatura do cartão no vencimento, mesmo sendo cartão da CEF. aparecendo impossibilidade de ido o valor. absurdo;3;2026-01-09 13:20:54;5.22.0;Caixa
53a628212b009ed9a9c097dda0f80858;tenho um pequena experiência mas ser vista mais experiente e melhorar a cada dia São isso que quero;4;2026-01-09 13:20:49;5.22.0;Caixa
217f8e183bd980f8159d111b91f42f1f;ótimo;5;2026-01-09 13:17:26;5.22.0;Caixa
9fcddeb99603c071812f12507132cc79;Especial APP;5;2026-01-09 13:09:50;N/A;Caixa
5c005e288bf7b156ac89d7735b12be3b;ótima;5;2026-01-09 13:04:57;5.22.0;Caixa
52896cc542f2d0b6208d480517904245;muito bom sempre uso;5;2026-01-09 13:00:52;5.22.0;Caixa
bb5bd1366be7a80c07fc2a48ece07a59;o aplicativo está prático,muito eficaz;5;2026-01-09 13:00:52;5.22.0;Caixa
45c14a2fbf82a6e641114d64ec150499;Excelente muito bom;5;2026-01-09 12:49:30;5.22.0;Caixa
8e78501b453bb84227253eddc70470a4;muito satisfeita;5;2026-01-09 12:46:04;5.22.0;Caixa
0c4b4e090e75b6e7a8a6a86f9a95e0d9;não funciona na abre soda erro;2;2026-01-09 12:42:51;5.22.0;Caixa
9036b2b57eafa655d835c471bf10cd41;ótimo trabalho;5;2026-01-09 12:41:14;5.22.0;Caixa
b62b3360219fc745d6e1ecdc09b3bf0d;muito bom;5;2026-01-09 12:36:09;5.22.0;Caixa
e16a2c0885f96e69d4a6a5e4b8f55690;horrível, aplicativo pede pra atualizar cadastro toda hora as vezes não atualiza, agora pede pra atualizar senha de transação e bloqueia e manda ir na caixa só por Deus, tira meu dinheiro daqui e deixa nunbak tá compensa mais.;1;2026-01-09 12:34:19;5.22.0;Caixa
9fd84243fb8a6816a4f8db8026c4062a;muito bom, me ajuda sempre q preciso.;5;2026-01-09 12:29:22;5.22.0;Caixa
4619b1716993821054ccf8aa7b47b9b5;ótimo;5;2026-01-09 12:29:13;5.22.0;Caixa
94cd3390958fb9d257ba565575accf32;excelente atendimento;5;2026-01-09 12:27:46;5.22.0;Caixa
6810220f60afe6756394266499106e78;Não estou conseguindo criar uma conta na caixa, aparece mensagem de erro;4;2026-01-09 12:25:03;5.22.0;Caixa
0c61fcfb3edcf580018f9a1515d408f9;Nunca habilitei root, nem modo desenvolvedor. Atualizei o aplicativo e dá erro dizendo que o root está habilitado, mesmo eu checando e o aplicativo dizendo que não. Incrível a dor de cabeça que isso tá dando.;1;2026-01-09 12:13:31;5.22.0;Caixa
428b813c81692cf612c1612d37b80232;estou adorando o aplicativo de pagar contas sem sair de casa tudo ótimo tudo maravilhoso me sinto bem segura;5;2026-01-09 12:11:24;5.22.0;Caixa
c77f07671668d2d1da2d4a7336d2ac78;Três estrelas pelo fato que preciso desabilitar meu modo de desenvolvedor para usar o APP. Eu ja evito usar devido isso, sou desenvolvedor e isso é um saco. perdão pela expressão.;3;2026-01-09 12:02:00;5.22.0;Caixa
a22fedbc3cc36da46cae0818a75ca357;muito bom;5;2026-01-09 12:00:15;5.22.0;Caixa
50a0c1e3c2123f85d18d229f92f9c471;é um lixo;1;2026-01-09 11:56:36;5.22.0;Caixa
798e718162fbd0104aed524cd978cad9;bom app pena q não está abrindo mais no meu celular está tendo cód tz 101;1;2026-01-09 11:54:11;N/A;Caixa
9ef18f4b72a1a728422d2006d0b893c6;O saldo ficou mais seguro. Contudo, é mais complicado acessar. É possível ser seguro e facilitar o acesso? obrigado!;4;2026-01-09 11:43:35;5.22.0;Caixa
2e86e992d8b9d4d604c49c7069fa3bd6;está com erro no aplicativo caixa para transferência via open;1;2026-01-09 11:43:18;5.22.0;Caixa
2fdc81160c00104277efe83868a71f4c;muito bom banco app;5;2026-01-09 11:40:42;N/A;Caixa
be377fb5d99d947769a1072ca48bcaf4;As vezes apresenta lentidão e dificuldade de execução/inicialização do programa.;4;2026-01-09 11:37:19;5.22.0;Caixa
4301b9fd7e635c39ba18d0707d1ea004;não está entrando;5;2026-01-09 11:34:52;5.22.0;Caixa
2e9caea0005035b66acb2cf3ffeacb14;Precisa melhorar muito;1;2026-01-09 11:28:02;5.22.0;Caixa
fcd72fa5872e6bd68f4b8e77f05bc104;extrato muito confuso;2;2026-01-09 11:26:13;5.22.0;Caixa
61484c6fe67bba21e16d9a5a4a574761;Péssimo app, horrível mesmo. Com essas últimas atualizações, só é possível ver o extrato da conta corrente dos últimos 2 (dois) meses. Estamos em janeiro/2026 e o período mais antigo pra eu ver o extrato é dezembro/2025. Absurdo. Vou ter que ir num caixa eletrônico pra ver o extrato da conta. Mas vindo da CEF, nada surpreende ser tão horrível.;1;2026-01-09 11:25:00;5.22.0;Caixa
74c49128822f7da5554b204367172c40;não consigo adicionar a carteira digital;1;2026-01-09 11:22:51;5.22.0;Caixa
7db9621901a6ee26bd8a0a935a993da4;estou muito satisfeita.;5;2026-01-09 11:20:50;5.21.0;Caixa
9c45643d522d602b696c130c8f7c016f;Aplicativo funcionando certo.;4;2026-01-09 11:20:50;5.22.0;Caixa
89fc44df330f3d0052b1ffda89d91e58;não estou conseguindo abrir meu app de forma alguma. quando digito minha senha d chega uma notificação dizendo que temos um erro tente mas tarde;3;2026-01-09 11:19:50;5.22.0;Caixa
e68d4af0c503281d87acad4077abef37;de 2021 pra cá, piorou consideravelmente. não consigo entrar mais para realizar pagamentos. tá fácil não.;4;2026-01-09 11:14:06;5.22.0;Caixa
c733cbcf30185892da14f6b99b88e4d9;não muito boa;5;2026-01-09 11:10:26;5.22.0;Caixa
11b83f1c97cea572badfc3f9e367f652;gosto muito do aplicativo, podendo resolver bastante situações, eu aprovo;5;2026-01-09 11:09:42;5.22.0;Caixa
e98ec9d009471a3a7643483dd247fe7c;sempre troco usuário e senha pelo aplicativo porque agora está pedindo para ir a uma agência física sou deficiente agência em outra cidade tenho que pagar táxi então vou ficar sem utilizar o aplicativo acho essa forma errada???;1;2026-01-09 10:49:55;5.22.0;Caixa
a87ab7158bdd0c5d89a23bbff0cf04d4;Nada a reclamar. sempre fui bem atendida.;5;2026-01-09 10:36:30;5.22.0;Caixa
8292ec2dd3f7f68d88dbbd3b7b7e357e;muito lento demais não consegui dazer tudo que vc clica vai na lentidão vcs tem que tonar mais rápido só da caixa e assim estou pensando em mudar se não melhora demora séculos para entra carregar hoje mesmo passei isso se continuar assim vai perde muitos clientes gosta da caixa mais vou ter que abrir mãos se continuar assim.;2;2026-01-09 10:36:19;5.22.0;Caixa
31fe9a690ee357284c8966067d0ced94;otimo;5;2026-01-09 10:30:29;5.22.0;Caixa
6253c4de25c2044c5673551fe8e042e9;Rapaz é a pior aplicativo, não entro na minha conta pediu pra fazer outra conta fiz outra conta Nova com mesmo e-mail e mesmo assim, não consigo entrar... Até o outro aplicativo caixa tem, não consigo entrar no outro, qualquer aplicativo pertenceu caixa é uma complicação do diacho vou ter q sair daq da cidade pra ir na outra pra tentar resolver;1;2026-01-09 10:28:08;5.22.0;Caixa
0b8782f72406365618578b1dd4aa0297;a biometria facial simplesmente não funciona, inviabilizando a criação de conta pelo app;1;2026-01-09 10:27:05;5.22.0;Caixa
b5378b60bd68f6a2374ae74942de8bac;boa ☺️;4;2026-01-09 10:16:12;5.22.0;Caixa
a0bd7dc7376d6eded253f0b82d334331;nao consigo fazer login app fica dando erro no xid e o site tambem ja desinstalei e instalei novamente e nada fica aparecendo mensagem de erro nem cadatrar novo usuário consigo;2;2026-01-09 10:13:39;5.22.0;Caixa
22f38c8d11df494435716e5ce095a6e1;não consigo mais acessar o FGTS;2;2026-01-09 10:09:26;5.22.0;Caixa
a1a070dec6fbe56ca1427de2ec5a3b51;Muito bom,fácil e eficiente.;5;2026-01-09 10:07:25;5.22.0;Caixa
257714119d25acaffb5c7fc18b57dfb1;muito prático e fácil de mexer;5;2026-01-09 10:04:13;5.22.0;Caixa
0faee658b029d39b62c591d9be345d1c;muito bom prático e rápido;5;2026-01-09 09:58:58;5.22.0;Caixa
1f0ceb2b5e71e172111603198243953b;Pela nota estima-se a insatisfação.;1;2026-01-09 09:52:27;5.22.0;Caixa
b1a71c0854fe3eac290e5e2b55135279;Gostei muito;4;2026-01-09 09:51:52;5.22.0;Caixa
acd7adbdb95a7c4e5a23b8b28914b8b7;muito pesado e lento quando está usando os dados móveis;2;2026-01-09 09:43:38;5.22.0;Caixa
f980b1421417ee7cea61cbf48071d108;ótimo 😄;5;2026-01-09 09:36:51;5.22.0;Caixa
37b9e07bad07ba254ae2075372382ada;muito prático;5;2026-01-09 09:34:03;5.22.0;Caixa
846127a9b20a5e56766cedef47bb0989;muito prático rápido;5;2026-01-09 09:28:33;5.22.0;Caixa
9762e88ddf5e10faa6cd36a9c67ce563;otimo;5;2026-01-09 09:25:34;4.9.0;Caixa
05f85d97748d394f20242ab2fae00df6;ótimo;5;2026-01-09 09:24:27;5.22.0;Caixa
a4c37cb1deafa5e7b0d17ae5429911b8;parabéns muito bom;5;2026-01-09 09:21:06;5.22.0;Caixa
8d2a8cecfe0a0c8b1f022c9c4e16bc3f;acesso simples , rapido e informações precisas!;5;2026-01-09 09:17:34;5.22.0;Caixa
c4fd91d460061a493ccaa6eb022ff7d5;muito bom, obrigado 🤝;5;2026-01-09 09:14:41;5.22.0;Caixa
8104ac7c2076ec7572e24e62ed6700e8;tudo muito bem bolado;5;2026-01-09 09:11:00;5.22.0;Caixa
b49794a6929ba8e1a00258f43bfcc7ac;Gostei muito;5;2026-01-09 09:10:39;5.22.0;Caixa
c6d08f0fb01507bad5fddaadb0291734;muito bom aplicativo;5;2026-01-09 08:59:50;5.22.0;Caixa
a6903b0bb7fb6e0feb47797726b5ac08;tudo ótimo,aplicativo maravilhoso;5;2026-01-09 08:57:15;5.22.0;Caixa
0c58e437f97b5538e7bdc53ab3237ca7;sempre sou muito bem atendeida. Só Gratidão.;5;2026-01-09 08:56:39;5.22.0;Caixa
ef141284f2706bb5a8c8766690ed31a1;nada a reclama só elogio;5;2026-01-09 08:54:54;5.22.0;Caixa
b5c7672afcbc136fc7a8f10ba8a844a7;tem momentos que trava demais;2;2026-01-09 08:52:05;5.22.0;Caixa
a78369610ba4df398f9b4426b6328d33;não consigo extrato dos últimos meses;1;2026-01-09 08:43:43;5.22.0;Caixa
82a095180ef37e0c2a821c58aff4aa3d;Péssimo,tem muito q melhorar. Agora toda vez q tento abrir pede pra desinstalar um tal de modo desenvolvedor. Nem sei q diacho é esse. parece q a função do app é impedir q vc tenha acesso ao seu dinheiro só pode.🤦🏿‍♀️Já tá ficando insuportável.;1;2026-01-09 08:34:49;5.22.0;Caixa
8da8597d67ba09f13e14cced96de233b;bom de mais;5;2026-01-09 08:31:49;5.22.0;Caixa
cdac3db298307728f615a3cdc2c91537;No geral é muito bom, mas acho moroso para a realização do pix.;4;2026-01-09 08:30:33;5.22.0;Caixa
650c37765de5857909603a80f8af8692;muito bom;5;2026-01-09 08:27:01;5.22.0;Caixa
f0d477f06edc547705a198beeb1308ec;Aplicativo não tem usabilidade e sua interface gráfica é ruim. Não é bom!;1;2026-01-09 08:24:05;5.22.0;Caixa
b024c3a01a2551d996d0fe2f73437bb7;muito bom;5;2026-01-09 08:23:11;5.22.0;Caixa
98056bff57fc2dbd5e7c89835c5d93b7;atendimento ruim;1;2026-01-09 08:14:33;5.22.0;Caixa
ee00a8845a9d0751ddb6d276945e6fac;poderia ter opção de aumentar ou diminuir o limite do cartão;5;2026-01-09 08:13:42;5.22.0;Caixa
2d635d40bf39eddc203ced91e9026afe;ótima;5;2026-01-09 08:07:49;N/A;Caixa
7cb8789e8d37c700582b301c8b422715;eu pega o piso mas o FGTS nunca peguei e aí como posso saber se ainda posso ter;3;2026-01-09 07:59:11;N/A;Caixa
8277d2e64631a0a217e7a46db884a282;praticidade e segurança;5;2026-01-09 07:41:02;5.22.0;Caixa
d6e38dcc56f0494793fe9e952c4e66ee;app esta muito ruim saldo não atualiza;5;2026-01-09 07:31:11;5.22.0;Caixa
b850608a9e4e742b2849f277538160a2;muito bom o melhor;5;2026-01-09 07:30:27;5.22.0;Caixa
e8337c95a65b1ed808a763b206d65815;excelente e rápido !;5;2026-01-09 07:22:29;5.22.0;Caixa
a8321db7cb8dd2e7a85193d88aff81fd;bem prático, excelente;5;2026-01-09 07:00:23;5.22.0;Caixa
6c3f49ab34ab3d8afa7c94e8c4e01614;um ótimo aplicativo, fácil e prático!!!;5;2026-01-09 06:51:12;5.22.0;Caixa
da9f228700a54acc5a77ecc5776e035c;não aparece a opção de enviar as fotos da reforma pronta do programa reforma casa Brasil sendo que já terminei a reforma antes do prazo, resolvi isso por favor pq se tiver que pagar multa eu não pago pois a culpa não é minha;1;2026-01-09 06:48:17;5.22.0;Caixa
8a341b2db3eb150c238daaee6f9a1db8;tudo certo.;5;2026-01-09 06:39:08;5.22.0;Caixa
84d2f644215f5cc5cd90d84444926ffc;difícil acesso para manusear principalmente aos 60 mais obrigada;1;2026-01-09 06:31:55;5.22.0;Caixa
5381e104be9634028aa107b7a56c4c91;Muita vezes a biometria nao aceita. melhora isso q ta otimo;4;2026-01-09 06:16:43;5.22.0;Caixa
7b948e7ef9ce3a03ffe009851f2afbcf;muito bom;5;2026-01-09 06:14:22;5.22.0;Caixa
b4787b1d2586809ffc5ca45779e9e6de;continuo com o dispositivo bloqueado;5;2026-01-09 05:46:38;N/A;Caixa
ab7a921fac3df508e61b46cdfd17d9ba;muito bom o melhor;5;2026-01-09 05:42:47;5.22.0;Caixa
8e1357504c4436383b7fd6ba2df36719;Já faz 24h que estou tentando enviar um Pix e a tela do app simplesmente fica branca, recebi um Pix para enviar para outra pessoa e não consigo! Já atualizei, reiniciei o aparelho, desinstalei e instalei de novo, apaguei cache e nada resolve.;1;2026-01-09 05:29:09;5.22.0;Caixa
00611db2dc9908bae69bc9f0b1e73f70;exelente;5;2026-01-09 05:02:31;5.22.0;Caixa
432168cad33e0850f8ec8c9ddd7dc30c;horrível, toda hora dando bug. * Desde a atualização do app, para a nova interface, o aplicativo fica dando erro no usuário, pede recadastro, trava na tela inicial. Troquei o aparelho, por um novo e mais avançado. O problema persistiu. Precisei ir fazer o recadastramento do novo aparelho na caixa, chegando la, precisei desinstalar e reinstalar o app para utilizar. fiquei quase 1h na agência para conseguir refazer todo o procedimento. Enfim;1;2026-01-09 04:31:08;5.22.0;Caixa
2d30a3f72a98d3e6ab48e9f20cbc39a9;Satisfatório;5;2026-01-09 00:10:45;5.22.0;Caixa
ee69a43c2a0aaddf9308a6bc1f48f36e;Seria melhor se aparecesse o valor do saldo na tela de transferência...;4;2026-01-09 00:07:15;5.22.0;Caixa
c108e5b3212a7cbf746bf9e870f5ed05;maravilhoso gente recomendo;5;2026-01-09 00:06:35;5.22.0;Caixa
db3d49d5e3285fc7f252e40809799fb9;Pelo amor de Deus, já é a terceira vez que meu usuário simplesmente some do app e eu preciso ir até uma agência para cadastrar novamente. Já acho um absurdo isso de ter a necessidade de ir até uma agência, enquanto TODOS os outros bancos agilizam isso com opções mais viáveis. Se for por segurança, reforça com inúmeros outros jeitos. Agora fazer a pessoa se deslocar e enfrentar fila toda vez que o usuário some é ridículo. E o dinheiro e tempo que gasto? Não me sinto nem um pouco seguro com isso.;1;2026-01-08 23:58:40;5.22.0;Caixa
9c56a58b52199719df99f1b2f85869ee;Acho eu qual a todos;4;2026-01-08 23:46:24;5.22.0;Caixa
b16955d1acf47f98abfaad8d5883337f;agradeço pela oportunidade fazer parte da Caixa;5;2026-01-08 23:42:35;5.22.0;Caixa
55324c00d068b905aa220f57547135bc;bom mesmo prático;5;2026-01-08 22:59:56;5.22.0;Caixa
466436f08627aa657c0b2beca6ea4300;Nossa ta ruim de mais, meu boleto do empréstimo nao consigo mais paga pelo App , 2 via pioro, até meu nome sujo agora vou ter que ir na caixa resolve isso ??;1;2026-01-08 22:58:55;5.22.0;Caixa
100578af5cc7f3815e46e97f363f1551;Horrivel, qualquer coisa bloqueia o acesso/ precisa ir ao banco presencialmente, forçam a necessidade do banco fisico, se as lotericas não fossem atreladas ao banco e se o banco não tivesse o estado por trás já teria quebrado, é muito dificil fazer um app funcional? pessima experiencia.;1;2026-01-08 22:58:23;N/A;Caixa
26e061d832654af153fd41e05dedcbcc;as vezes trava muito;4;2026-01-08 22:47:54;5.21.1;Caixa
723184877b57e3fe04eebb331576e5e3;ótimo;5;2026-01-08 22:40:59;5.21.1;Caixa
3f7ef74b346e6225ebe815f6a586786c;não consigo adicionar o cartão de débito no Google pay;1;2026-01-08 22:31:05;5.22.0;Caixa
9e71c427e7ba5f133279ee44e68a177b;aplicativo top 👏👏👏👏;5;2026-01-08 22:26:12;5.22.0;Caixa
d1d9edbcef197090c5d0076925eee4ee;gosto muito desse aplicativo e muito útil;5;2026-01-08 21:53:50;5.22.0;Caixa
89c1ca4b4ca6ccdcd6146f5ffadf17ec;muito booom;5;2026-01-08 21:51:55;5.22.0;Caixa
2d20e09155a35a1e50d4902349fa94b6;ótima;5;2026-01-08 21:45:54;5.22.0;Caixa
32186d435a786d900d4d50df724a2392;O acesso está mais complexo com a atualização.;4;2026-01-08 21:29:18;5.22.0;Caixa
f9b36f08ab6a47990d6f2060a868506e;Excelente banco para trabalhar 👏🙏;5;2026-01-08 21:12:38;N/A;Caixa
58cb2509ee56ff0b35967ba06c5e506a;Ainda tem muito há melhorar, pois pede senha mesmo estando com biometria cadastrada , e quando vc muda de celular o aplicativo não consegue reconhecer a facial e sempre pede pra vc procurar uma agência física. fico me perguntando quando as agências físicas não existirem mais......;2;2026-01-08 21:08:08;5.22.0;Caixa
ad4ec3d4014ee1a030c8f6eb1551bd48;muito bom;5;2026-01-08 21:00:23;5.22.0;Caixa
ac9671b5333ae02397b1ca40c8a17941;ótimo 👍;5;2026-01-08 20:58:30;5.22.0;Caixa
17fd2ae45a6184b0d58eb741177adf1e;péssimo como sempre;1;2026-01-08 20:54:53;5.22.0;Caixa
7608f3d9356eea19a5b698aab40bd8e7;Aplicativo na hora de abertura de conta no momento de finalizar com envio da facial sempre dá erro no envio código 017. desistir só de pensar em ir em uma agência da caixa !;1;2026-01-08 20:54:39;5.22.0;Caixa
b208fc9dae43da87de2c53d17c8aebea;ola informamos que o app nao esta enviando fotos para o programa reforma caixa brasil, gostariamos da solução. Essa é a versão mais atualizada do app e mesmo assim o sistsma nao esta funcionando;2;2026-01-08 20:53:07;5.22.0;Caixa
1c28ed30438579939db516cd4874a30d;Horrível. Tudo da Caixa é péssimo.;1;2026-01-08 20:42:48;5.21.1;Caixa
ea5e4356b5b79f74ef90b517950c23fc;aplicativo sempre dá problemas, ao abrir o aplicativo tanto o caixa também quanto o aplicativo Caixa, ambos fecham alegando para desligar o modo debug, já desinstalei e instalei novamente e o problema persiste;1;2026-01-08 20:33:33;5.22.0;Caixa
f74d16f27a6418b06ac63f511d87e40c;excelente;5;2026-01-08 20:32:34;5.22.0;Caixa
9921f93672860722b57c025572e2940a;muito bom mesmo gostei facilita muito aninha vida;5;2026-01-08 20:27:06;5.22.0;Caixa
0e71112f877d726a7582634bb2df70ba;pecimo vive travando e mudando não gosto;1;2026-01-08 20:22:50;5.22.0;Caixa
ec02e207b1f34444b6cb82f26541a360;O aplicativo caixa é bom,.o problema é que quando acontece algum erro,.de disistalar o aplicativo,.ai tem que ir no caixa eletrônico isso é horrível,.por esss motivo a caixa tá perdendo pra algum banco...;1;2026-01-08 20:19:23;5.22.0;Caixa
b9a58bdc0765d0f3ab40f7d9f798f7d2;melhor banco que tem caixa econômica federal;5;2026-01-08 20:13:34;5.22.0;Caixa
02a282e63d5f309d31cd8a6188fec7cd;muito bom;5;2026-01-08 20:07:34;5.22.0;Caixa
2a4e53a16c648ae63d2e5c2f1d19b2c7;preciso de sigi;5;2026-01-08 20:07:04;5.22.0;Caixa
ce9e3eff84ef1f95713d2f85e71e9fba;excelente;5;2026-01-08 20:01:47;4.9.0;Caixa
0b453a805fccf22e9410bf42f76af79e;Aplicativo péssimo, não consigo consultar extrato por período, consigo apenas ver do mês de Dezembro, não dá a possibilidade de alterar;1;2026-01-08 20:00:48;5.22.0;Caixa
1f56fbf8181be814fcd0443779af44b1;trava demais, as transações sempre tem algo de errado para finalizar.;4;2026-01-08 19:52:26;5.22.0;Caixa
aae3145218baf5e37ffbb151cc90e25a;Muito ruim;1;2026-01-08 19:48:29;5.22.0;Caixa
568e03b03cfdf4cf6da7daaec15257ac;tô voltando pra caixa,atendimento nota 10.;4;2026-01-08 19:40:41;5.22.0;Caixa
2946ea2cedd3157f41177f052b8c9168;ótimo;5;2026-01-08 19:27:58;5.22.0;Caixa
a748023fc257c9e3a482126828f27b46;Ótimo;5;2026-01-08 19:27:56;5.22.0;Caixa
6fd4f41084f98500d1af4e539d71af8f;EXCELENTE;5;2026-01-08 19:27:09;N/A;Caixa
b6956fc9b44c094b9451e102b2314374;não tem como saber sobre o cartão de crédito;1;2026-01-08 19:19:07;5.22.0;Caixa
64fbea2a0bb4f87616646a11d4811223;otimo;5;2026-01-08 19:15:52;5.22.0;Caixa
6722b55dd02f3153478b18f6ed6d9409;erro e demora para aparecer a parte do cartão crédito na parte da fatura..bem chato.;2;2026-01-08 18:58:01;5.22.0;Caixa
c7e802e18192ab19839005671e85a9eb;depois que atualizou não consegui fazer o pagamento da minha fatura tive que mandar o dinheiro para o pick pay para poder pagar minha fatura misericórdia;2;2026-01-08 18:57:26;N/A;Caixa
b715143cc546771c48c3c7e2dd77eda6;foi ótima;5;2026-01-08 18:51:24;5.22.0;Caixa
5d7d114cc5bcdf7bb82e96df466d6218;App as vezes que mais precisamos esta fora do não completa transação;4;2026-01-08 18:47:55;5.22.0;Caixa
588c62fd31ebde8313d8c1c19c03f135;não consigo abrir o app pois pede pra desativar o desenvolvedor e não tem essa opção no meu celular;1;2026-01-08 18:36:32;5.22.0;Caixa
5d4e185af63c1d48f2e1257db3147837;bem fácil de usar;5;2026-01-08 18:36:01;5.22.0;Caixa
3d66663c5d49abee8671f39c93f14556;essa atualização do aplicativo ficou ruim de mais. tem que melhorar, e versão antiga era mil vezes melhor.;1;2026-01-08 18:31:38;5.22.0;Caixa
a0215f47e5927c0d510ca89a689dc543;muito 👍;5;2026-01-08 18:21:48;5.22.0;Caixa
e149d2f82377dd09c040522a65a3cb5d;ótimo aplicativo;5;2026-01-08 18:19:09;5.22.0;Caixa
90a3e33ca71d2512fd4ea2d9b5946803;excelente muito grato;5;2026-01-08 18:15:19;5.22.0;Caixa
553e70a726b65d3610688d02fea54bbf;muito bom;5;2026-01-08 18:15:03;5.22.0;Caixa
47a60a6241fcd599bbdda707abd171c7;otimo aonde vc pode resolver tudo por nesta app uma beleza...;5;2026-01-08 18:10:53;5.22.0;Caixa
35adc64945c801f7e45f1da5ed89b12b;Muita facil de usar.;5;2026-01-08 18:09:06;5.22.0;Caixa
f5646f4aa0295f63456f6f611950d4bd;Mto bom o funcionamento.;5;2026-01-08 18:03:21;5.22.0;Caixa
6511d1e432d229351461fb862253415b;Veredito após 3 meses de uso: se você vive basicamente de assistencialismo do governo, é uma opção. mas se é uma pessoa que tem metas de produtividade, restrições de tempo e quer praticidade, rapidez e baixo stress procure outro. não existe nada que este app faça, que os apps de de fintechs não façam melhor e mais rápido.;1;2026-01-08 17:51:54;5.22.0;Caixa
8c2c2df025c65c6ccdb8adaf2c67bc51;excelente eu gosto muito facilita minha vida!! obrigada 😊;5;2026-01-08 17:49:09;5.22.0;Caixa
5ce9dfb4ea40a3b0127b2aa4f6821150;ótimo;5;2026-01-08 17:43:43;5.22.0;Caixa
a92b817a576bd59d6186559280ce5f16;Aplicativo da Caixa é bom, apesar de eu estar usando há pouco tempo, mas desejo aos analistas um bom trabalho.;4;2026-01-08 17:38:06;5.22.0;Caixa
741597d69f389ba74481549dcfcd4c84;MINHA SUGESTÃO E A OPÇÃO DE PIX POR APROXIMAÇÃO NO APP DA CAIXA OU PAGAR COM CARTÃO DE DÉBITO OU CRÉDITO NAS CARTEIRAS DIGITAIS COMO GOOGLE WALLET OU NA SAMSUNG WALLET E SE TIVESSE COMO ENVIAR UM PIX PARA OUTRA CONTA DENTRO DA CONVERSA DO WHATSAPP PELO APP CAIXA COM APENAS A BIOMETRIA E TIVESSE TAMBÉM O PIX CÓPIA E COLAR E A OPÇÃO DE PAGAR COM O QR CODE OU A OPÇÃO DE PAGAR BOLETOS PDF PELO APP CAIXA ESPERO QUE NAS PRÓXIMAS ATUALIZAÇÕES VENHAM COM ESSAS NOVIDADES APP MUITO BOM E ATUALIZADO...🤔👀;4;2026-01-08 17:33:08;5.22.0;Caixa
08bd00dad22923a76a6b7c2f3c83e2ce;muito seguro e otimo;5;2026-01-08 17:32:08;5.22.0;Caixa
58121e8f5a7c585563c3c2a087dcd54f;muito fácil de usar;5;2026-01-08 17:27:03;5.19.0;Caixa
46f67884e188754509bc3621cd5d50f5;ótimo app, sem sustos e confiavel.;5;2026-01-08 17:22:29;5.22.0;Caixa
ce4b3c9fe6804d507a53a22c612cb0c6;poderia ter uma caixinha reserva dentro do app;5;2026-01-08 17:17:52;5.22.0;Caixa
4b48d89109000b42501130fdfc8b327c;muito fácil de usar... consigo resolver quase tudo por aqui 👍;5;2026-01-08 17:12:59;5.21.1;Caixa
a4bf3a30b571c1f57a0b74be78b8deca;só as vezes fica bugando e pedindo pra refazer a senha. o mais tudo bem;4;2026-01-08 17:12:59;5.22.0;Caixa
0bca621fa07693696025e93565fb12ec;gosto de usar o cartão mais acho o juros muito alto;1;2026-01-08 17:12:42;5.22.0;Caixa
f37e0ed9cf3f2e70c943f1566945349e;O aplicativo não está me notificando quando chega o Pix , as permissões estão ativas. Poderia solucionar esse problema??;4;2026-01-08 17:09:27;5.22.0;Caixa
b26fa92cfe11e69d5041cfda81663ddb;ta bom;4;2026-01-08 17:06:00;5.22.0;Caixa
8e7fc39e2ad43ed380215f29c30db165;ótimo;5;2026-01-08 17:00:53;5.22.0;Caixa
38d74cd2c1a90a8980a0684ed416a0ac;ótimo;5;2026-01-08 16:52:35;5.22.0;Caixa
c91f899fbb289d5cfc41f5f4481ff69b;aplicativo prático e eficiente.;5;2026-01-08 16:51:51;5.22.0;Caixa
699c28959f62bfd60dbcbc34f59bb16a;otimo;5;2026-01-08 16:42:53;5.22.0;Caixa
6774a4d662f3855d3ed30fd76fa665ff;parabens;5;2026-01-08 16:39:01;5.22.0;Caixa
be138353750713d8822fdc7efcdee707;melhor aplicativo do Brasil;5;2026-01-08 16:34:36;5.22.0;Caixa
56c7321108712ebdb4110f848f37f6f4;bloqueio senha sem nessessidade, e obriga a ir para um caixa, em outra cidade.;1;2026-01-08 16:19:31;5.22.0;Caixa
e5dea98c8d5ade93e250a3fba9a48c92;ficou 100 % melhor 👏👏👏;5;2026-01-08 16:15:39;5.22.0;Caixa
3a0861167cc6a19ed21e2a47608f438b;não consegui abrir minha conta;4;2026-01-08 16:06:22;5.22.0;Caixa
df9cc388168102bbd77869040c2068da;com a nova atualização só consigo fazer apostas pelo app na nega sena as outras opções sumiu;4;2026-01-08 16:00:39;5.22.0;Caixa
9d4fd368b6b6ecdb331dae48f2a9cf3c;parabéns! É um excelente aplicativo;5;2026-01-08 15:56:49;5.22.0;Caixa
b663900565d658e7510a614995950485;horrível;1;2026-01-08 15:55:19;5.22.0;Caixa
05ac79f9b072576b022d174a910e272b;voltou a funcionar, se continuar funcionando até o fim do mês dou 5 estrelas;3;2026-01-08 15:52:29;4.1.2;Caixa
67766910a79ab26e3848b1d02091a96f;bem prático;5;2026-01-08 15:48:25;5.22.0;Caixa
cbcebd6d037be419726605f8055573c6;show parabéns 👏;5;2026-01-08 15:45:33;5.22.0;Caixa
024629363e98d7e1f73cc4c62fadf3bc;Após a atualização não consigo entrar no app, da um erro dizendo que estou sem Internet, outros apps entra normal.;1;2026-01-08 15:36:16;5.22.0;Caixa
c4fbb500a7da0247f7506eeee0a1daf2;ótimo;5;2026-01-08 15:31:38;5.22.0;Caixa
b3925fbfbb77e91906e6fafe849a80ff;show de bola;5;2026-01-08 15:31:22;5.22.0;Caixa
e12ae9270b7849276669ab667b54285e;sem com problemas quando vai fazer pix;2;2026-01-08 15:12:37;5.22.0;Caixa
8620a7a9afa6169f3048a1028e10f3de;não alterar o app toda hora;1;2026-01-08 15:12:31;5.22.0;Caixa
f3f0a0eb582bc17cc78d837c62f21718;excelente;5;2026-01-08 15:11:35;5.22.0;Caixa
a7b73e39b8a7d20f60021071005a25cc;A UI melhorou bastante mas ainda tem um ponto que acho crítico que não resolveram. O sistema de contas é muito quebrado. Acredito que deveriam se adaptar a novas formas de criação de contas como com o uso de e-mail por exemplo ou cpf para entrar, assim como inter ou nubank. Facilitem a vida do usuário.;3;2026-01-08 15:09:06;5.22.0;Caixa
c59386727884463247a674500c6ca403;excelente;5;2026-01-08 15:08:42;5.22.0;Caixa
fc20b1d1f9068ef55a915c137eb96f60;gostei muito👍🏾sensacional🙋🏾‍♂️;5;2026-01-08 15:00:46;5.22.0;Caixa
32bde73a9a303a0ae8e68c8818b831ad;Não nos ajuda a atingir o objetivo,manda buscar ajuda na Agência mais próxima ,como não posso ir à agência fico sem resolver o problema ...não ajudou em nada;1;2026-01-08 14:58:38;5.22.0;Caixa
e1d6d79f531b2c440a95287f7095fe7e;ótimo 😊;5;2026-01-08 14:43:59;5.22.0;Caixa
5891bb3b626afc5507ab5254add3227e;maravilhoso.;5;2026-01-08 14:43:37;5.22.0;Caixa
296630658a83fda96516b62c49a8a24e;muito satisfeito;5;2026-01-08 14:42:12;5.22.0;Caixa
c3139d4fdc23c9504037f03a6cd84def;não consigo acessar o aplicativo, esse inferno pede pra criar um usuário e senha, eu crio e quando logo, fala que algo deu errado, simplesmente NÃO consigo acessar o aplicativo tem semanas;1;2026-01-08 14:27:01;5.22.0;Caixa
df109b7d23ab3406911776366fb9c093;muito satisfeita com o aplicativo da caixa;5;2026-01-08 14:26:51;5.22.0;Caixa
22f2456b1d94216f737d410e87613dec;Me atende bem só queria que liberassem pagamentos de conta sem eu precisar ir na agência pra solicitar esse serviço tendo em vista que posso demorar hora pra fazer somente essa solicitação;5;2026-01-08 14:25:05;5.22.0;Caixa
d28370ee5e91312df6a403f84f37144b;não consigo acessar o meu app há mais de 1 mês.... já instalei e desinstalei e nada;1;2026-01-08 14:22:12;5.22.0;Caixa
bc5589f244cea3e57d865d2d5d0ab99d;muito bom;5;2026-01-08 14:19:07;5.22.0;Caixa
0c49e6b98b46758079783c935f9c83cc;tá horrível com a atualização. ninguém merece isso. horrível. demorado demais.;1;2026-01-08 14:18:59;5.22.0;Caixa
c330c24ea2257021e4ec5898f58e9cf2;Péssimo, não sei porque tem o cadastro da biometria se toda vez que vou usar pede a senha;1;2026-01-08 14:18:03;5.22.0;Caixa
a9b97db764602b5990b24585f1613700;biometria facial não funciona!!! vc tira a imagem de forma nítida e bem iluminada e mesmo assim sempre dá erro de envio. tentei diversas vezes! e nunca dá certo. de que adianta um app de banco ter opção de criar conta se vc precisa ir em uma agência caso queira criar uma??!!;1;2026-01-08 14:04:43;N/A;Caixa
eb51375f5bd787b6ebffd1f933eefc89;Dia 08/01/2026 e não entra de forma alguma , fiz print dos erros que apareceram , já desinstalei e instalei de novo já reiniciei meu celular e nada.;1;2026-01-08 14:02:45;5.22.0;Caixa
ef78bcbf72c76274c42a9863a6e71aef;ótimo app;4;2026-01-08 13:56:00;5.22.0;Caixa
e92038f88ab676279ac6347b5a8c2ce1;muito bom e rápido.;5;2026-01-08 13:44:32;5.22.0;Caixa
2ca0e2cee433874c62045b2b63d31dba;Aplicativo ruim, não estou conseguindo enviar as fotos de conclusão da obra do reforma casa Brasil..;1;2026-01-08 13:44:12;5.22.0;Caixa
439fff2042cb1196bebbf483349eb13b;excelente;5;2026-01-08 13:41:35;5.22.0;Caixa
cc36d83c1cc9111158cbd5e8b99dee4b;eu uso um celular para trabalho e deixo outro para banco , agora exigem entrar no ZAP para usar o app e isso ficou horrível , não pensam que o celular pode ser roubado etc;1;2026-01-08 13:41:20;5.22.0;Caixa
fcdeb671e157428f8809bedf99c94bef;muito bom;5;2026-01-08 13:40:50;5.22.0;Caixa
b08a61c092fae0bd4be591fd11484754;Está péssimo esse mês, toda vez que entro no app tenho que digitar usuário e senha mesmo habilitando a digital.;1;2026-01-08 13:38:05;5.22.0;Caixa
e5a1befb9b4af9c7af3ebecf913cba03;Ótimo, estou gostando muito do app;5;2026-01-08 13:29:48;5.22.0;Caixa
ca0cdd31f1fb0049196c94d91312f9b5;satisfeita;5;2026-01-08 13:20:45;5.22.0;Caixa
0caf4377069872973931d5c12c52c0c8;outro banco mida mais oportunidades;1;2026-01-08 13:15:41;5.22.0;Caixa
d53fbe849d1bc87a6508e860320c00bf;Excelente app. Fácil e prático em navegar e realizar as operações.;5;2026-01-08 13:06:29;5.22.0;Caixa
b1b656994e0314e9a4da56fc063404c3;Não estou conseguindo adicionar meu cartão no Google Pay, pede pra atualizar o app mas já está atualizado;1;2026-01-08 13:04:36;N/A;Caixa
bff182a792ce15a1af4fc042fb5eb10e;sempre pode melhorar;4;2026-01-08 13:00:42;5.22.0;Caixa
57a39da56ce2fd1ae28d5a03f4e92fce;Caramba, não consigo acessar minha conta, toda hora pede pra cadastrar novo usuário e por ai vai, já troquei senha várias vezes e nada de resolver. Nem consigo acessar o aplicativo.;3;2026-01-08 12:58:19;5.22.0;Caixa
de1fb2443ff55b5ab7800a3f8d7a5110;muito bom 👍;5;2026-01-08 12:58:12;5.22.0;Caixa
044b9291d0243bb3e4f7f9a36875f1b4;otimo o atendimento;5;2026-01-08 12:58:06;5.22.0;Caixa
64c7accb3b51ddee3b0300774a6d2c9e;excelente;5;2026-01-08 12:54:43;5.22.0;Caixa
57c41a357f35613376d03ff040dc9d1b;excelente;5;2026-01-08 12:48:28;5.22.0;Caixa
b8eab0795bec926bf3593417d9cef76b;ótimo;5;2026-01-08 12:47:50;5.22.0;Caixa
55455403584d1bd12442cc5db25d2a31;tá pra nascer um banco pior que esse! só estresse! não entra, tem que fazer novo cadastro o tempo todo. e quando troca de celular, mesmo comprovando que sou eu, continuo sem acesso pq tem q autorizar no caixa eletrônico! sinceramente, só uso esse banco pq tenho familiares que não sabem fazer Pix. pq se não fosse isso. já teria apagado esse banco da minha vida.;1;2026-01-08 12:36:52;5.22.0;Caixa
cc51ed9e3813a5bd37b65dc98efb74f0;ótimo;5;2026-01-08 12:34:47;5.22.0;Caixa
4e81d2ea116ad2c81a0bef1843f43ad3;Péssimo. Fui efetuar o pagamento da fatura do mês, que vence 17 de janeiro e antes de finalizar apareceram informações da fatura anterior, que venceu 17 de dezembro e já está paga. Possivelmente eu ia acabar pagando a fatura na data certa com juros, porque o vencimento estava errado.;1;2026-01-08 12:31:31;5.22.0;Caixa
942aa163efe04a8d95fe19a55fc6e8c2;Muito eficaz;5;2026-01-08 12:30:28;5.22.0;Caixa
b71f994fd01ee61b5d6d8764661c36fc;MEDIA;5;2026-01-08 12:30:01;5.22.0;Caixa
78463854b66b8003cd29859e6ba23916;muito bom esse aplicativo da caixa da um pouco de trabalho a esse;5;2026-01-08 12:28:45;5.22.0;Caixa
569c2e9f38ce8c4db1a81dfad0403238;ótimo;5;2026-01-08 12:28:23;5.22.0;Caixa
d75af56c84266c116f69d93ecf255898;muito bom;5;2026-01-08 12:27:56;5.22.0;Caixa
e0dc69f381c995537f63395fe059b34c;Melhor Banco ❤️🤩;5;2026-01-08 12:26:41;5.22.0;Caixa
f1c8e2c7af59e22a81c7ae0e032ba557;muito bom;5;2026-01-08 12:25:58;5.22.0;Caixa
a48cd32afdcc199e5fae97955a21e763;Aplicativo fácil de ultilizar... Estão de parabéns 👏;5;2026-01-08 12:24:19;5.22.0;Caixa
18e67e06d71a8cbc0825a81d61ddff1e;muito simples de usar.;5;2026-01-08 12:16:30;5.22.0;Caixa
e99f22aa821456cc9a1a4d5a0972c5b6;última atualização está avisando que meu dispositivo está em modo root, sendo que não está, aplicativo fechando;1;2026-01-08 12:09:01;5.6.0;Caixa
496e68acd4066e86221f9760eccfca7c;terrível;1;2026-01-08 12:07:11;5.22.0;Caixa
a6b326934ed23ba1ed2fa080b5571a45;Aplicativo de fácil compreensão e sempre disponível para utilizá-la;5;2026-01-08 12:06:08;5.22.0;Caixa
7e3931aacb5fff98bab7dec7f5e614e1;as vezes falha mais está melhorando;4;2026-01-08 11:58:07;5.22.0;Caixa
a78bf4616df0ca30173a7c10391cbe0c;excelente;5;2026-01-08 11:52:55;5.22.0;Caixa
0f12882963d52cda7d5e11d5df55dc6d;Não é péssimo, porém é bem instável, às vezes quando mais preciso do app, da erro, fica fora do ar, complicado!;3;2026-01-08 11:50:17;5.22.0;Caixa
e94cdbbbdee2056d81d88237f675bc74;excelente;5;2026-01-08 11:48:40;N/A;Caixa
e49db044afe6fb8e733f143d5ca6ff48;ótima;5;2026-01-08 11:48:13;N/A;Caixa
ec0f95946c826f4651588af6326e18f4;horrível o app e nada se resolve no app;1;2026-01-08 11:45:24;5.22.0;Caixa
34133f95050fd7fd3b6aa5ed1b783b9a;aplicativo bem fácil pra fraudes tenho muito medo já vi muitas coisas de roubo e o banco se nega a pagar precde melhorias;3;2026-01-08 11:45:01;5.22.0;Caixa
9f61ae119c7f66ca7ee8c6ecbd94e1d4;Ótimo,não saio nem de casa para pagar as contas e nem enfrento filas , Parabéns;5;2026-01-08 11:39:55;5.22.0;Caixa
44423759551970a3e5e23431daee6742;Muito bom o app. Só não estou conseguindo adicionar o cartão em carteira digital para pagamento com NFC;5;2026-01-08 11:39:17;5.22.0;Caixa
c8e0abedeb5e561b21a58506910f6adb;ótimo;5;2026-01-08 11:37:13;5.22.0;Caixa
e16e1ce30f06040643f6ad7238933d64;preciso de suporte o modelo do meu aparelho não abre o app da caixa infinix X6728 poderiam me ajudar?;1;2026-01-08 11:35:46;N/A;Caixa
893fda0461b90e620670e7749b46eb69;pede autenticação após fazer o mesmo, e após aprovado a autenticação, pede autenticação;1;2026-01-08 11:35:14;3.11.2;Caixa
48a8f78d26a062f29fe64cda60cfdf04;rápido e eficaz;5;2026-01-08 11:34:58;5.22.0;Caixa
022eb7b5679fc1723e8089fc5b9a504d;muito bom;5;2026-01-08 11:22:07;5.22.0;Caixa
c5d4efe4c851cb85e9bfc17405c70e5a;muito bom o app;5;2026-01-08 11:21:37;5.22.0;Caixa
17b137b928a7596c860f12840ba9584a;orimo;5;2026-01-08 11:20:52;5.22.0;Caixa
206067127a88c41e773b0f720c2936c8;péssimo não consigo acessa a conta;3;2026-01-08 11:15:12;5.22.0;Caixa
2afe21457600fb2c6039ea18d059469d;ótimo;5;2026-01-08 11:12:07;5.22.0;Caixa
fa9f3f569287ce435dde03c33f0c4362;O processo de criação de usuário consegue ser tão burocrático quanto possível, demonstrando todo o esforço de sucesso da equipe da Caixa neste item. Parabéns! creio que é o diferencial desse App em relação ao mercado, um processo de seleção natural, somente os mais aptos conseguiram acessar sua conta via app.;2;2026-01-08 11:04:23;5.22.0;Caixa
dc989abbb6a99ab92208fe7ff8c54417;ótima;5;2026-01-08 11:00:42;5.22.0;Caixa
dad1f0d8cc065fca3e66b79018a31b11;sem dúvida o melhor banco para vc resolver tudo o que precisa não toco a caixa por nada como sempre a caixa está de parabéns.;5;2026-01-08 10:53:02;5.22.0;Caixa
5dfc36332c617f8fb27d3c760d5bc792;Muito bom;5;2026-01-08 10:41:53;5.22.0;Caixa
a787cb16332f4a3e6a0f056857fa790c;gostei muito eficiente;5;2026-01-08 10:40:44;5.22.0;Caixa
b7f99acf1a635a50167ed44f540f764f;ótima;5;2026-01-08 10:39:59;5.22.0;Caixa
9625d8169758c7a5404890541382a3d1;eu acho muito prático, fácil excelente;5;2026-01-08 10:38:03;5.19.0;Caixa
1811c999cc8e67c80ce7b542109e7682;vive travando;1;2026-01-08 10:37:08;5.22.0;Caixa
df07248841c6374cb44a761763c84b22;tem sido ótimo;5;2026-01-08 10:33:16;N/A;Caixa
a41b8e05c5b8176d9f2e9aaa7d4f7bff;ótima;4;2026-01-08 10:23:36;5.22.0;Caixa
e8b466fc6f46a5f36343caae316f5b17;Um dos melhores bancos.;5;2026-01-08 10:21:06;5.22.0;Caixa
a10e7242538831aba368425a9e94f77d;Doméstica não estou conseguindo acessar o app;5;2026-01-08 10:19:46;5.22.0;Caixa
2d58ab1a43644916fe7118489e87d3fa;muito bom;5;2026-01-08 10:18:54;5.22.0;Caixa
9ded8888c8d6d6f02b5cfc5b0ef8430a;"boa segurança mas tá faltando uma opção de ""informar BUG"" ou algo do gênero pq se tiver problemas não achei uma maneira de informar a equipe de Devs.";3;2026-01-08 10:15:57;N/A;Caixa
bdf4626702f3e7be8c9dfe4b78690fcd;muito bom;5;2026-01-08 10:13:50;5.22.0;Caixa
a9949e8547fa91061aa82d2c255b4b51;antigamente podíamos pagar o IPVA e licenciamento diretamente no aplicativo, agora tem que cadastrar no Azulzinha, muito chato de cadastrar e no final tem que obter o aplicativo que funciona como cartão de crédito.. NÃO MESMO! CHEGA CAIXA ECONÔMICA!;3;2026-01-08 10:13:40;5.22.0;Caixa
aa0b754ab3b73f295752cf0533877495;o aplicativo da caixa esta lento prq fazer pagamento via pix. muita demora pra processar.;3;2026-01-08 10:12:02;5.22.0;Caixa
37e752583a713ad376f5b567ffaab7b9;muito bom...;5;2026-01-08 10:06:43;5.22.0;Caixa
0ce4bf65076e72973484716aba380a19;Têm mudança constante na estrutura;2;2026-01-08 10:05:45;5.22.0;Caixa
b37baa011d4b3cbbbc847bfa29f09a17;o app da caixa muito bom;5;2026-01-08 10:04:51;5.22.0;Caixa
b2e1644ad01145571db54fe999481866;App terrível se pensar q é de uma instituição financeira. desliga e perde a senha digital frequentemente, estou a 2 dias tentando entrar e o app fica fechando. lamentável é app de lanchonete funciona melhor;1;2026-01-08 09:55:08;N/A;Caixa
a7d2092aa0273f6c4898abceb89543ba;parabéns;5;2026-01-08 09:51:00;5.22.0;Caixa
e675b2116dae293b8cef95a93c21c3a9;ótimo atendimento.;5;2026-01-08 09:47:03;5.22.0;Caixa
9a341a7b40c6cc4ff38fba15180cf72d;muito lento na hora de fazer Pix, mas de resto funciona perfeitamente, tem tudo no app.;4;2026-01-08 09:45:48;5.22.0;Caixa
136f9a9db670088d81b04aa21b1c287f;app era bom depois da última atualização ficou péssimo da vontade de trocar de banco pq agora fica Parecendo outra conta junto da nubank e também não deveria ter foto de pessoas estranhas só a logo da caixa na abertura do app;1;2026-01-08 09:44:58;5.22.0;Caixa
e303c9706d013ac344f0fa45673f6602;atendente não esclareceu todas as minhas dúvidas referente a contrato de habitação referente a envio de fotos da minha obra e pela falta de atenção.;1;2026-01-08 09:37:15;5.21.1;Caixa
4ea140bf2bfa5310683bb67d77738f04;muito bom;5;2026-01-08 09:32:51;5.22.0;Caixa
294a58adcf73ef4b7a5ac36c5aa0bd7e;um aplicativo não abre para mim preencher os meus dados;1;2026-01-08 09:32:42;N/A;Caixa
02fdfa2f6746ecbba70435e0254b40bd;não funciona os contatos que aparece!!;1;2026-01-08 09:20:58;5.22.0;Caixa
5ec58e0817e7201159466ec38f868b87;muito bom;5;2026-01-08 09:15:29;5.22.0;Caixa
597ba20922caf5298791f16890963c90;muito mais prático gostei do novo modelo.;5;2026-01-08 09:12:22;5.22.0;Caixa
8212d4cf99a3179a7cb228d76c9e2cd1;fácil de usar!!!;5;2026-01-08 09:08:46;5.22.0;Caixa
23d189c790cb8b0d4036d7c79a87a81c;excelente App;5;2026-01-08 09:07:34;5.22.0;Caixa
7e0a2057cb665bdc9340aa161ffc76b5;otimo;5;2026-01-08 09:04:06;5.22.0;Caixa
0d08cd10257e467f69c7fb5c131aff65;É um bom app.. Porém têm um sistema que do nada! não reconhece a digital e dificulta a entrar com a senha.. tendo que recomeçar de novo o cadastro.;4;2026-01-08 08:57:13;5.22.0;Caixa
8c6cfdfcf973bfa1146cc4ba24abb7d2;um pouco lento;4;2026-01-08 08:56:24;5.22.0;Caixa
b8e550d3b591ea86d8a897e4e3a385fd;ótimo;5;2026-01-08 08:54:20;5.22.0;Caixa
7ea3ca1975af1e3df813c9686ba43b55;muito bom;1;2026-01-08 08:49:11;5.22.0;Caixa
73045e5fd7e1e886875395298ee00984;otimo;5;2026-01-08 08:47:09;5.22.0;Caixa
03cb031d464e1c5876c6f5931a3541de;fazer pix ficou um nojo,;1;2026-01-08 08:44:01;N/A;Caixa
adcae3beb505813c964e8502ddd645b1;ta ótimo;5;2026-01-08 08:39:25;5.22.0;Caixa
4299425e935105b1edf2ea51cfa1ec33;muito bom 👍;4;2026-01-08 08:37:16;5.22.0;Caixa
620de4bc3032d57cf08febea8262facc;necessita de aperfeiçoamentos quanto a ofertas de serviços tais como: simulação de consórcio, simulação de empréstimo entre outros!;3;2026-01-08 08:36:51;5.22.0;Caixa
0ed360afcf3baeb2cb47e7e42e9ea88f;poderia ser um pouco mais prático e rápido ...;4;2026-01-08 08:32:39;5.22.0;Caixa
85f26b4f95ed6cb65023797adb9228ad;app mudando constantemente, antes conseguia informações mais antigas, agora não, uso do pix mais complicado;2;2026-01-08 08:26:26;5.22.0;Caixa
3ba33c5ab7f3c3b4113b855000593820;gosto muito do app caixa, para operações...;5;2026-01-08 08:23:03;5.22.0;Caixa
d4cd8aa8cca31eb2d4bdf40408543c51;Bom dia eu queria saber porque que eu não tô mais recebendo no cartão da Caixa Econômica eu desde o mês de de agosto que eu não recebo mais nessa conta aí eu queria saber;5;2026-01-08 08:19:57;5.22.0;Caixa
088de765f5ed719d70064c92dff4b758;muito confuso;2;2026-01-08 08:18:19;5.22.0;Caixa
4a87160acf2e0eec884ac9308200102b;aplicativo péssimo;1;2026-01-08 08:18:02;5.22.0;Caixa
e56313a68bd98b6869a2dca645d7356b;SÓ QUERIA COLOCAR O MEU NÚMERO DE CELULAR COMO PIX, E NÃO ESTOU CONSEGUINDO;5;2026-01-08 08:12:58;5.22.0;Caixa
fd03caeeb417f7263aaf0d8fb1e2045c;tudo ótimo;5;2026-01-08 08:11:59;5.22.0;Caixa
20c91bb9f215435f48d99a8c0e970932;app complicado, vive com problemas, peguei o empréstimo do reforma casa brasil e agora pra mandar as fotos da reforma pronta não esta dando a possibilidade de enviar, parece que deve ser só para cobrar a multa, tudo q envolve a caixa econômica é complicado.;2;2026-01-08 08:10:38;N/A;Caixa
54898ffea6793e22dcdde39da3cd7b53;obrigado por tudo;5;2026-01-08 08:09:10;5.22.0;Caixa
dd2bac6eb3a8c1935826d1d9a9c4f859;aplicativo incrível muito bom 😍;5;2026-01-08 08:06:39;5.22.0;Caixa
373404e096043b7da01fc0fd10cf5d79;muito favorável para meus compromissos,só gostaria que o banco me enviasse um cartão de crédito com um limite alto.;5;2026-01-08 08:06:28;5.22.0;Caixa
a6197852a05f2fe09f9c795bc9805f23;tem alguma coisa muito errada acontecendo nesse banco, nada funciona direito.;1;2026-01-08 08:06:18;5.22.0;Caixa
b3cce9a9cc6ca1f2a738f209fe1494f5;perfeito, prático, fácil e rápido..;5;2026-01-08 08:02:46;5.22.0;Caixa
b9a7f0af4fddf4206fac8c059e47bb1e;ótimo;5;2026-01-08 08:00:34;5.22.0;Caixa
e487fcc31543a35948b8f8f1c2c43758;pela primeira vez amei o aplicativo da caixa.;5;2026-01-08 07:58:16;N/A;Caixa
9c77fa7b0d793b43e7c9f87c0ef7b6c3;"Sequer consegui me cadastrar; e olha que sou usuário avançado de tecnologia...";1;2026-01-08 07:53:24;5.22.0;Caixa
aa3c2194436488f5538615c191351d68;otimo;5;2026-01-08 07:47:12;5.22.0;Caixa
c0da6cc62256d2077d1d307b4115af68;muito bom app;5;2026-01-08 07:43:52;5.22.0;Caixa
8fc760c1da719c570525e7ab854ee622;muito bom;5;2026-01-08 07:38:08;5.22.0;Caixa
5e90372181c4b39272173b68c49192fc;rápido;5;2026-01-08 07:37:07;5.22.0;Caixa
f409bafc30e41519e0c43aac4010baf0;daora;5;2026-01-08 07:27:20;N/A;Caixa
9b87cce883adcf752d26b56c306cd799;muito fraco;1;2026-01-08 07:26:22;5.22.0;Caixa
3b63d540d28b7f154bb7ab1f24ace33f;o aplicativo é simples e fácil de utilizar.;4;2026-01-08 07:21:18;N/A;Caixa
5727f7c31a77fd8294fa7dbdae9e3365;otimo;5;2026-01-08 07:20:56;N/A;Caixa
855224e929951ca0b3c264888e16ebd9;tudo tranquilo maravilha;5;2026-01-08 07:09:11;5.21.1;Caixa
c02dcd7394c9cd82d7bf81bd8d4e0766;Muito boa a nova interface 🤩🤩;5;2026-01-08 07:08:41;5.22.0;Caixa
ace1c2028e78703827fdc49b3ab22101;meu preferido, o melhor;5;2026-01-08 07:00:00;5.22.0;Caixa
1cc806ecfc7f6160293b2de55988ff66;excelente app!!!;4;2026-01-08 06:51:07;5.22.0;Caixa
254c41df853e61becb581fca31930df5;ótimo;5;2026-01-08 06:47:37;5.22.0;Caixa
d794584369046514133fccef893bf3d8;gosto da caixa tudo rápido e fácil porque mais de dez anos com seus serviços.;5;2026-01-08 06:45:04;5.22.0;Caixa
d9b23e66d3372cfce34b4759019eef79;muito bom;5;2026-01-08 06:37:44;5.22.0;Caixa
834026fd19a1cb5bdaa68fe65fd126d1;excelente, sem nenhum problema;5;2026-01-08 06:19:01;5.22.0;Caixa
01a60e18fee2617b22205c98ff564ebe;Denuncia! tenho um financiamento, pago mensalmente, agora em janeiro apareceu um valor acima, entrei em contato com um funcionário responsável por esse empréstimo, fiz isso por telefone, ele me explicou que essa cobrança extra e segundo ele, um valor de seguro cobrando no começo do ano e outro um valor referente ao mês de novembro de 2025 que eu não teria pago o valor integral, quando fui buscar o extrato no app, ele só mostra a data de dezembro, ou seja algo pensado.;1;2026-01-08 06:01:51;5.22.0;Caixa
6d061b45d1c0661347a206d54214bcff;Fluido. Simples de usar. Tem melhorado muito.;5;2026-01-08 03:26:30;5.22.0;Caixa
96ea2b7a2faa54bf2b65e7fec8159826;nota 10;5;2026-01-08 03:06:59;N/A;Caixa
ccd51b02dd6ec6329594c3bc0bc845a1;Ficou ótimo o acesso ao aplicativo, todas as funcionalidades;5;2026-01-08 02:54:38;5.22.0;Caixa
f01c79d3162d4bd3af54838b123fe5b1;não estou conseguindo entrar no meu aplicativo;2;2026-01-08 02:15:47;4.3.1;Caixa
5c93021c746991989fb37c46ae0c7b53;muito util;5;2026-01-08 01:21:27;5.22.0;Caixa
f70e48f743c0c09dbbc295e345e96dfb;excelente;5;2026-01-08 01:01:32;5.22.0;Caixa
ab037a8f81cd3474fe566469debdfbb3;"atualizou mas não tem opções básicas como ""devolver Pix"" ou contestar um Pix recebido errado, não tem a opção de portabilidade de salário, no whatsapp mensagens automáticas que não ajudam em nada, muito complicado.";2;2026-01-07 23:52:30;5.22.0;Caixa
672f29f265cfac3869bc43e6cbcbcf05;TOP de MAIS...super indico$;5;2026-01-07 23:38:39;5.22.0;Caixa
7fae2dfc36b22c0790074d03372856e5;Meu aplicativo não funciona mais;1;2026-01-07 23:36:47;5.22.0;Caixa
1f85518e9bc5eeadddadb1954ad0a11d;ótimo aplicativo;5;2026-01-07 23:14:36;5.22.0;Caixa
7d2c0f1d466259d37048d6a1024d86ba;simplesmente não consigo abrir conta , fala que dá pra abrir de forma digital mas no meu caso não funciona e me pedem pra ir a uma agência;1;2026-01-07 23:06:58;5.22.0;Caixa
7b09529f01a5672abe38e0f05255c1a5;Quero ver o jogo da Mega sena da virada pelo aplicativo da caixa e não mostra. Como faço para ver ???;1;2026-01-07 22:54:25;5.22.0;Caixa
2f00e037a706b090bc945638c9e8f85a;Dínheíro para ŕeceber por caixa ecnómica federal;5;2026-01-07 22:29:53;N/A;Caixa
b5e0a09234ad3d2b72f58c68f52286cc;Ótimo. Muito funcional e os desenvolvedores estão de parabéns. Sempre tem novidades no aplicativo. Interface bom o seu acesso e fácil de consultar. Abraços. Sucesso.;5;2026-01-07 22:17:37;5.22.0;Caixa
2fd85d4e10105b40577781915ef4b2e9;eu te amo;2;2026-01-07 22:07:12;5.22.0;Caixa
d7c1295fdf52ca7e128e0ad8ec8adf64;Bom dimais;5;2026-01-07 22:05:26;5.22.0;Caixa
20a143b27128080be58c26e68cb04ec8;já tenho quase um ano de empresa e não tive limite de conta e nenhuma vantagem para a empresa além do financiamento. Tenho boa movimentação mas poucas vantagens. Não consegui usar a maquininha .;3;2026-01-07 21:51:47;5.22.0;Caixa
55c3231df3139314c610571135dfc67e;muito bom;5;2026-01-07 21:48:25;N/A;Caixa
25c0646811d04a6b589003845a8f474e;excelente aplicativo;5;2026-01-07 21:40:33;5.20.1;Caixa
1d87e0087f948dbd5492f7e329324cea;ótimo;5;2026-01-07 21:36:11;5.22.0;Caixa
faafa58ae91113fdb94e3814b441ddd0;muito bom;5;2026-01-07 21:35:31;5.22.0;Caixa
fa982b2d7b137fed19a9de75b5d32778;não funciona;1;2026-01-07 21:19:40;5.22.0;Caixa
9cc67255416d80b1ec6a03b2bd030a65;sou cliente do banco Caixa já faz maior tempo e toda vez que eu entro no aplicativo para ativar minha aproximação do meu cartão para eu comprar o aplicativo tá dando erro não consigo ativar não consigo fazer compra por aproximação;2;2026-01-07 21:13:04;5.22.0;Caixa
9d3ed6d779b4b5f5a998534303d97fba;não gostei desse aplicativo da caixa econômica não da pra ver a futura do meu cartão, não abre fica só rodando muito ruim;1;2026-01-07 21:05:19;5.22.0;Caixa
67b241a997e4634ab12de5357c61c9b8;Muito bom!;5;2026-01-07 20:56:12;5.22.0;Caixa
de18c83e2bf4fda6c2848bd2f1f6379a;ótimo;5;2026-01-07 20:52:39;N/A;Caixa
20f2297278edda8f512728aade5d1d9e;nao consigo visualizar pagamento via pix enel e sabesp dos meses anteriore;1;2026-01-07 20:43:29;5.22.0;Caixa
1b8a6926af638ced4e7e4057e160b7a0;Ótimo.;5;2026-01-07 20:43:00;5.22.0;Caixa
ddc328d04df5a13700ebdf0c8dd2e5f8;Estou bastante satisfeito.;5;2026-01-07 20:27:16;5.22.0;Caixa
5a6fa3c2f36e4cd30461922c85f6da1a;Se não fossem os constantes bugs, teria uma nota melhor.;3;2026-01-07 20:25:16;5.22.0;Caixa
c7bdcea9b0cd45255974070828fd0a10;app fácil de usar;5;2026-01-07 20:24:35;5.22.0;Caixa
ba3924ac4b521955f36fb02f4a9c7038;aplicativo perfeito;5;2026-01-07 20:20:33;5.22.0;Caixa
ff7899c53154cdf2ca64ddcf3ef94648;muito bom atendimento;5;2026-01-07 20:11:37;5.22.0;Caixa
267226543c2070dada8285d6b1d30ae5;muito boa;5;2026-01-07 20:10:18;5.22.0;Caixa
c3b0ad6a3514551086ef08cf28a524ee;muito bom;5;2026-01-07 19:57:59;5.22.0;Caixa
4cb52737219a1adc383d06d51b0a42a3;muito bom esta de volta a esta casa financeira pois já era cliente,agora retornei sempre gostei deste Banco que é a Caixa Económica estou muito satisfeito de ter retornado a esta casa financeira, boa Noite. eu sempre quis ser um correntista da caixa Económica, e estou me sentindo muito satisfeito, principalmente em se tratando da educación é do atendimento que os funcionários tem com os calientes,principalmente com os mais leigos. Muito bom,o atendimento, funcionários educados.;5;2026-01-07 19:56:31;N/A;Caixa
39bd7dcf27c863e1e56d622757e0ccbc;demorando muito pra entrar;1;2026-01-07 19:54:22;5.22.0;Caixa
8f33e659986f51788210c6c4a766eb9e;muito satisfeito, parabéns por a excelência.;5;2026-01-07 19:53:04;5.22.0;Caixa
695a5bdfc972584f788e1863b250c238;pelo que precisei foi muito bom;5;2026-01-07 19:52:50;5.22.0;Caixa
1937cc328e4577c69ecd5038f289abbd;ótimo e eficaz;5;2026-01-07 19:38:30;5.22.0;Caixa
428bb475afed4d45e45526235c4fe993;é ótimo;5;2026-01-07 19:31:23;5.22.0;Caixa
0586132f2c9db710c3b89ccb8100afde;Bom 👍;5;2026-01-07 19:28:40;5.22.0;Caixa
52f4ea9aa9c8c1a50376f54c5818ad5c;pq minha conta está bloqueada e não consigo fazer pix;1;2026-01-07 19:18:41;5.22.0;Caixa
cb5deaffe8fbb8a56dc3a7d1f8879d0e;muito bom 👍;5;2026-01-07 19:18:31;5.20.1;Caixa
e361372b898ed41ea3d8f2476708052b;muito ótimo e fácil para operar as contas.;5;2026-01-07 19:17:18;5.22.0;Caixa
c5a6e8e1f3ae5c0f0c60c0e98c1b10a8;fácil e ágil;5;2026-01-07 19:13:23;5.22.0;Caixa
1206862f857b00d6a03e7304515032d3;muita burocracia, tudo tem que ir na agência meu Deus , evolução estamos em 2026 .;1;2026-01-07 19:11:50;N/A;Caixa
c852a8c62824c0da19413ea0efca691b;Muito bom !!! funciona muito bem !!! É rápido e fácil de usar ....;5;2026-01-07 19:11:42;5.22.0;Caixa
ac637326342ae0363971541bf8ac19bf;muito bom;5;2026-01-07 19:04:32;5.22.0;Caixa
205d98bcde0c8bf8f08673be2d161e57;esse aplicativo é maravilhoso;5;2026-01-07 19:02:46;5.22.0;Caixa
d05f00e522f6fdb80a82299d0432f052;Excelente!;5;2026-01-07 18:59:49;5.22.0;Caixa
324681f35f4effba3caf68dde0d77fe2;excelente;5;2026-01-07 18:56:10;5.22.0;Caixa
4e0f22b6bd573a322646d6bd4dc1de36;Chat não funciona...;3;2026-01-07 18:49:40;5.22.0;Caixa
edd0064d75c7e3c7c4129fe10d4e4724;Maravilhoso;5;2026-01-07 18:44:36;5.22.0;Caixa
3c2c3025353632563407fd9df9133fec;uso a anos melhor banco;5;2026-01-07 18:41:16;5.22.0;Caixa
864df036a43cb6ed2d8f188108f4b73e;impossível abrir conta on line pelo celular vcs estão de zueira comigo já desinstalei e reinstalei já fiz de tudo escrevi por email tentei pelo whatsap website tudo e nada cód 017 não aceita mesmo é impossível... e não tem nenhuma opção de falar com atendente. É frustrante é horrível mesmo...perca de tempo.;1;2026-01-07 18:39:41;5.22.0;Caixa
1083973babb27b8d55cb0ecf672c00bf;atendimento muito ruimk;2;2026-01-07 18:32:10;N/A;Caixa
7712976616754bca0dbfa5ce8439a0aa;um pouco de dificuldades;5;2026-01-07 18:31:30;5.22.0;Caixa
96fb6864c6b43dab1fefee47bed2e4a3;acabei de efetuar um Pix via qrcode e não entrou na máquina do recebedor.mas da minha conta o dinheiro saiu;4;2026-01-07 18:28:08;5.22.0;Caixa
b37deee41712d3b4f11445a0559daedb;ótimo aplicativo;5;2026-01-07 18:24:35;5.22.0;Caixa
1357a0e75ea40861c1e5f82447d95275;Meu aplicativo está com bug, já é a segunda vez hoje que pede para mudar o usuário. Por favor me ajudem!;2;2026-01-07 18:20:45;5.22.0;Caixa
1887d16faead626049f60940a751a055;É um ótimo Aplicativo. Nota 10;5;2026-01-07 18:18:04;5.22.0;Caixa
981d94f6c898f21118624028e57a2a5d;não estou conseguindo abrir o app, toda vez que abro passa 5 segundo e fecha sozinho.;1;2026-01-07 18:17:34;5.22.0;Caixa
07061c5f578a904f4db67c3943cb8b1f;Muito prático;5;2026-01-07 18:15:48;5.22.0;Caixa
a23e0dc04ef529e3c21821065b5d02a7;Perfeito!;5;2026-01-07 18:04:41;5.22.0;Caixa
49ba3770de58019b4fcbc80d279deaf9;não gostei péssimo;1;2026-01-07 18:03:15;5.22.0;Caixa
c6fc5aa52d4485746700978e1422b2b1;muito bagunçado as informações pra poder pagar ou visualizar a função crédito, deveriam deixar uma página especificando somente a função crédito;2;2026-01-07 18:02:59;5.22.0;Caixa
f480721981c2aab620d33a30c3f00096;gostei;5;2026-01-07 18:02:23;5.22.0;Caixa
3b823978c34b7f371f21706585d822fd;faz eu feliz sim;5;2026-01-07 17:59:19;5.22.0;Caixa
f178f46a40b59b270504e9c6ef52d00d;bom às vezes ele da um pouco de problema por causa disso dou 4 estrelas;4;2026-01-07 17:45:27;5.22.0;Caixa
dc685c21b27bcbc23a43d1c10cb3f7ee;Acaixa Parami é Um Banco Muito Séguro e de Confiança;5;2026-01-07 17:32:22;5.22.0;Caixa
d9e7117f736da63c4b9abd92d474fbbb;excelente 👏🏽;5;2026-01-07 17:31:14;5.22.0;Caixa
eef5968d68b0e4ff8f8fd57c7f9dbb9f;ótimo;4;2026-01-07 17:23:35;5.22.0;Caixa
cee5e2817c4e702307e35d2745b23421;Excelente Aplicativo, muito funcional.;5;2026-01-07 17:20:34;5.22.0;Caixa
ececb534ca01a87679cec07efd14d00c;vocês só dizem que gostaríamos de entender melhor o que aconteceu aconteceu que estou sendo cobrada por uma compra que já foi cancelada Eu juro que vou acabar com essa conta da Caixa e desinstalar esse maldito aplicativo;1;2026-01-07 17:12:43;5.22.0;Caixa
4f848fe3b508a83304817835d6b35726;aplicativo horrível, toda hora cai a conta, não consigo logar;1;2026-01-07 17:10:33;5.21.0;Caixa
af6b4a56ba95237b69210b6d35a47b8e;muito bom;5;2026-01-07 17:07:49;5.22.0;Caixa
15daceb68b330d27178dc4ac59b67c4a;fiz uma transferência via Pix, preciso saber o saldo atualizado, já fechei e abri o app 2x e o saldo atualizado não aparece;1;2026-01-07 16:59:27;5.22.0;Caixa
cb6ce4385a7cca219aac9f7e10235788;para fazer a biometria péssimo app;2;2026-01-07 16:58:18;5.22.0;Caixa
9a50cd24d83813863b388d0fcec6695a;o aplicativo está problema sempre;3;2026-01-07 16:51:21;5.22.0;Caixa
f7284f6f6aa1ce728b8f6352c9339690;rapidez de segurança;5;2026-01-07 16:49:05;5.22.0;Caixa
333cc70cba5b1ed7d94749dcfabe0f09;ótimo;5;2026-01-07 16:45:03;5.22.0;Caixa
60386a2059c2c423e1a9dbc44dc8f456;muito bom;5;2026-01-07 16:37:03;5.21.1;Caixa
d6100dd298c9eeddcd76b5f4ce2cf09f;excelente;5;2026-01-07 16:25:47;5.22.0;Caixa
1832573a89bb9bcdd5e4adf0b87eaaf0;otimo❤️;5;2026-01-07 16:25:12;5.22.0;Caixa
7d9538dbe7c8a4baa4ef103315533af8;excelente pois com esse app tenho as informações com uma boa precisão.;5;2026-01-07 16:24:03;5.22.0;Caixa
031bdcec10657f8c2c17de97a8360e7a;caixa é um ótimo banco;5;2026-01-07 16:14:48;5.22.0;Caixa
75844c38faae912d936123eb5bf58877;"Dia 07/01/2026: NAO DÁ P DXAR DINHEIRO NA CEF MSM. +1x o app não te dxa mexer no q é seu.De novo erro B-TZ-BLK-LGN. Celular td atualizado,nada novo aconteceu.Cansada desse bancoq recebo salário.E nem precisam enviar msg aut. p realizar algo,pq outro dia foi= e voltou ao normal ""sozinho"", obviamente viram o bug. Dia 29/11/2025: Simplesmente do nada o APP nao me dxa entrar+ na minha conta.Limpei cache,desinstalei,reinstalei,desabilitei opção de desenvolvedor,tudo! ERRO B-TZ-BLK-LGN.";1;2026-01-07 16:10:11;5.22.0;Caixa
7a72aa6b31176f76cf8a6f17e32cea7b;ruim;1;2026-01-07 16:01:16;5.22.0;Caixa
4e514bd767a5dbf0669c25c5f0c64e50;me sinto segura;5;2026-01-07 15:57:40;5.22.0;Caixa
f97f1d445e83078cddc7c2466e2429e6;ótima;5;2026-01-07 15:57:16;5.22.0;Caixa
45a34ec462378ea51a757a576f2934e0;Seguro, Confiável excelente...;5;2026-01-07 15:47:49;5.22.0;Caixa
3e3b4d516a2f9cb58032f4e9d879abc0;Muito bom o aplicativo, facilita a nossa vida 😀;5;2026-01-07 15:43:02;5.22.0;Caixa
4aa587b254b1b96797b3c75bd4ee2c5f;não estou conseguindo abrir uma conta corrente pelo app. como dever ser feito o link está dando erro;4;2026-01-07 15:38:14;5.22.0;Caixa
ab6abf3acc78a71f3b3695eaf13cd10b;até o momento nota 4;4;2026-01-07 15:35:52;5.22.0;Caixa
8215bcbe2197586d35f75c6c01580697;👏🏾👏🏾👏🏾👏🏾👏🏾🙏🏾 Agora sim vcs estão de parabéns consegui fazer login sem precisar ir no caixa eletrônico parabéns mesmo;5;2026-01-07 15:31:38;5.22.0;Caixa
18944cf5e25d26bcba42660cc970ae37;Excelente;5;2026-01-07 15:30:15;5.22.0;Caixa
43fadb659ed9466ec1e167943bc5b12b;Excelente atendimento!;5;2026-01-07 15:25:24;5.22.0;Caixa
8134b7f087803fc94ebdd819849ada20;muito fácil!;5;2026-01-07 15:25:13;5.22.0;Caixa
c86ac72294e920e5a503fdb80f1e7e0a;ruim;1;2026-01-07 15:19:31;5.22.0;Caixa
3c030963b9a14d88c433a6e3536b129d;aplicativo caixa muito ruim;1;2026-01-07 15:18:51;5.22.0;Caixa
92788b42d57fd6efe4051696e8ca5431;não consigo acessar meu app de nenhuma forma. entrei em contato no ZAP e nada de suporte;1;2026-01-07 15:13:03;5.22.0;Caixa
c1acb85f1f154baf427b72c5769e4819;Tudo muito rápido e prático super recomendo!!!;5;2026-01-07 15:11:15;5.22.0;Caixa
a3c43d5416feb87f913ed94ae7cdfd74;Ótimo o aplicativo;5;2026-01-07 15:01:23;N/A;Caixa
f7ff3e38c0b6a9bfec2bbf3d64c3ef17;muito bom 👍;4;2026-01-07 14:57:22;5.22.0;Caixa
65d5a37005ce68efbb9ba937ab6577dd;meu app caixa, não dá pra entra de jeito nenhum só diz que estou sem Net. com meu wi-fi conectado. faz dois dias que não consigo entra e só diz isso já conectei em outro wi-fi e não mudou nada? já reiniciei o telefone não adiantou já desliguei o wi fi por minutos e nada...;1;2026-01-07 14:55:15;5.22.0;Caixa
411be745ba791a325d2c9f61ecfdbc52;Muito Bom;5;2026-01-07 14:51:14;5.22.0;Caixa
2ad5d1583b28b676b8689082728c6d8d;não tem a opção que preciso;1;2026-01-07 14:48:13;N/A;Caixa
1d6b0b841972ea65aebbb2d88bdf50ec;Funciona muito bem!;5;2026-01-07 14:44:47;5.22.0;Caixa
64ea1d194e7b771e075fe7322f06dd35;Está difícil acessar o app, fica falando que minha Internet está instável.;2;2026-01-07 14:41:53;N/A;Caixa
b9daab75d98d3b5266bcc57809485f07;Bom aplicativo!!;5;2026-01-07 14:36:55;N/A;Caixa
70e97fbad130ad6b3dad3dc65dc13fee;muito boa;5;2026-01-07 14:33:24;5.22.0;Caixa
924d3601e22e251fa7c4323f1ba7d728;prático e facil;5;2026-01-07 14:33:20;5.22.0;Caixa
a07aad15e9f77dfeab644b57305f8ed6;muito bom;5;2026-01-07 14:29:19;5.22.0;Caixa
6a1b3b4d8836d678148850219083ef17;motorista;5;2026-01-07 14:16:23;5.22.0;Caixa
717fbac5fb25d50c55daa1542fddb79d;O aplicativo apresenta constantes oscilações. Não é a primeira vez que preciso, por exemplo, baixar um comprovante, e ele apresenta instabilidade ou simplesmente não pega. Em vários meses isso aconteceu e é bem complicado pq precisamos de comprovação formal dos pagamentos dos nossos impostos. Honestamente, deixa a desejar.;1;2026-01-07 14:05:31;5.22.0;Caixa
759ce574949f4dc27c092805eea829d9;o app voltou a funcionar mas espero que não bloqueei meu usuário de novo automaticamente 😞;3;2026-01-07 13:52:08;5.22.0;Caixa
4b134d391b3ca53369535d8ea932c09a;ótimo;5;2026-01-07 13:47:22;5.22.0;Caixa
d0a2b6ff3b3d009372e913bab4496695;ótimo;5;2026-01-07 13:34:32;5.22.0;Caixa
e4a6343b27a33249a222cbaade26ed38;APP complicado;3;2026-01-07 13:34:31;5.22.0;Caixa
515754f3e36dd411d24ff06442f2ad6e;Perfeito, sempre que uso.;5;2026-01-07 13:29:00;5.22.0;Caixa
dd0a2332d4c1ef7d17091621161297f3;gostava mais do design antigo.....principalmente para ver o saldo.;4;2026-01-07 13:27:26;5.22.0;Caixa
33e494dd463a2d683a158c43f8ed2723;boa fui bem atendida mas demorou muito;5;2026-01-07 13:27:24;5.22.0;Caixa
c7655c880f2a074ee18f9ddcb9dfd556;muito bom;5;2026-01-07 13:27:12;5.22.0;Caixa
cb6ae00f1ec2f3745954c7446184227b;estou satisfeito ok;5;2026-01-07 13:24:10;5.22.0;Caixa
6e845b2c3a5acfd14936c8e33f2d8361;preciso entrar no aplicativo;5;2026-01-07 13:24:01;5.22.0;Caixa
d2f1a0aa1b07c14a0b86c8d9c18ad62b;a caixa tem problema com migo toda vez que eu vou pagar meu inprestimo é um rebuliço;5;2026-01-07 13:23:20;5.22.0;Caixa
b1589254e3e7651d715167a2ce75d1ea;ótimo;5;2026-01-07 13:15:55;5.22.0;Caixa
3d9575cfdc27697cf2ca4f9b208d6a33;muito obrigada;5;2026-01-07 13:08:00;5.22.0;Caixa
163882e6944029def02bd19323eaa177;ótimo 👍!!!!!!!!!!!!!!!!!!!!•@!@@@;5;2026-01-07 13:00:17;5.22.0;Caixa
2347ba605673e13becbdfdb7e1d16ecc;apesar de minha idade (70) tô me saindo bem;5;2026-01-07 12:57:12;5.22.0;Caixa
26ca76e72110a918912020b2e6b87a5d;ótimo app;5;2026-01-07 12:56:41;5.22.0;Caixa
034ca6d05631971e800bdae8b1329850;Muito boa,perfeita,fácil e rápida e clara.;5;2026-01-07 12:56:28;5.22.0;Caixa
b17ff49c37b3d2767aeda34e3cbb95ad;estou a dois dias tentando pagar uma conta(que dificuldade);2;2026-01-07 12:55:29;5.21.1;Caixa
81c23ef6ef23a2084b294f567eb7d147;eu agradeço muito pela sua atenção de pensar em mim ensinar como receber como funciona tudo que precisa eu fico muito feliz com você ke está aí me ajudando entender melhor como funciona muitos PP Aki na internet tudo bem;5;2026-01-07 12:52:18;5.22.0;Caixa
6fd3e01b930e7c33a89babea42326fb4;muito bom;5;2026-01-07 12:42:57;5.22.0;Caixa
11ea7db3b4c14bd1de8e0e1e425a92dd;aplicativo péssimo.;1;2026-01-07 12:41:09;5.22.0;Caixa
1383636031485fc0509262fb4a7cc56e;Boa tarde. não estou obtendo êxito na seção cadastrar usuário, quando digito o CPF, aparece mensagem de erro dizendo: erro ao consultar a situação do usuário.;1;2026-01-07 12:39:20;5.22.0;Caixa
08b5cce6bf9985cfd8b89287437b593d;São ótimos e resolvem minha vida, com as facilidades oferecidas;5;2026-01-07 12:39:08;5.22.0;Caixa
08213b5bbcdee0daec1073ac1ebb153f;péssimo...não deixa entrar e dá erro constantime, cadastrei há um mês e na hora que vou entrar da como usuário não cadastrado. isso está parecendo golpe para pegar seus dados. fuja desse app;1;2026-01-07 12:35:13;N/A;Caixa
8928bfc354f0cc93100ba957d8438af0;horrível, leto demasiado,péssimo;1;2026-01-07 12:35:05;5.22.0;Caixa
83e627be754a08e34c5ec59edb0710ee;galera por favor evitem ao máximo de utilizar esse aplicativo da caixa, quando vc mais precisa vai te deixar na mão e passando vergonha, só use se não tiver outra forma. falha em tudo, PIX no começo do mês nem conte com ele, vai passar vergonha, use bancos melhores na questão de e app como picpay, nubank. horrível, horrível;1;2026-01-07 12:34:05;5.22.0;Caixa
e1b9df3ac001c0e86d4146686a95313d;aplicativo péssimo demora pra abrir tem dias nao abre ,tbem pagamos conta nao cai débitos na hora as X até no outro dia péssimo.;1;2026-01-07 12:31:49;5.22.0;Caixa
7f0db17c31dbc13075fc270c5347e18b;só dá erro nunca foi feito nada pra resolver;1;2026-01-07 12:29:44;5.22.0;Caixa
008baa16a8dcbcfa9ea2aec2cb98450a;demora para compensação no PG do cartão de crédito;3;2026-01-07 12:28:21;5.22.0;Caixa
cc820c9a931c1f44011a9dcb93e2428e;Me sinto segura em ter uma Poupança na Caixa Econômica;5;2026-01-07 12:28:19;5.22.0;Caixa
bb078cc02c8721766476de3354bf10d1;muito bom;5;2026-01-07 12:24:21;5.22.0;Caixa
b1c49a2474e9522e87ea51787200fd15;tava bom mas agora o app não reconhece a senha do usuário, se continuar assim ficará nota 0;1;2026-01-07 12:20:30;5.22.0;Caixa
7493483c7d9e42efdb99b777ea4ae44f;muito lento;3;2026-01-07 12:19:44;5.22.0;Caixa
aa79cac2f102733df36258ede29b473a;As mudanças feitas não melhoraram nada o uso do aplicativo, pelo contrário, ficou mais complicado. Se o objetivo na mudança é tornar o acesso mais prático, vocês precisam consultar a opinião dos usuários para fazer a mudança. Porque somos nós usuários que fazemos uso do aplicativo.;2;2026-01-07 12:17:12;5.22.0;Caixa
2f24d22166b162ab2142271d239b8ede;muito eficiente;5;2026-01-07 12:11:52;5.22.0;Caixa
998ae374a67cdf0300f1ba82d86cc675;ótimo;5;2026-01-07 12:08:12;5.22.0;Caixa
4e597b0f2daba0b581eb489c7a03b170;Estou experienciando o erro B-TZ-BLK-LGN e não tenho acesso ao meu app! façam algo!;1;2026-01-07 12:03:01;5.22.0;Caixa
dc6df98d75c188ab58927159deef3323;Não tenho problemas com o app da Caixa. Uso sempre e indico para que baixem;5;2026-01-07 11:54:49;5.22.0;Caixa
10951f12a0f516ff3ecca1e53dabf754;muito bom ótimo;5;2026-01-07 11:54:12;5.22.0;Caixa
53378fc38194bc9df674a8bf0576db41;ótimo só isso;5;2026-01-07 11:50:18;5.22.0;Caixa
b3b2222cb186e405ca8da250a4c6e4fe;muito bom o aplicativo;5;2026-01-07 11:48:24;5.22.0;Caixa
dd7eb4c12b202c8be5e5029938a917f4;ótimo e fácil;5;2026-01-07 11:46:19;5.22.0;Caixa
3ce12d526fa41777adf2b6094e93da84;Não consigo abrir minha conta. quando faço a biometria, não reconhece e pede pra eu ir a uma agência. se eu quisesse ir a uma agência, já teria ido. Muito ruim. Já fiz de tudo: desinstalei e reinstalei o app, já vi se estava desatualizado e não está...;1;2026-01-07 11:42:11;5.22.0;Caixa
721831a83e3e508e9c8826b990cfc291;não tenho nada a reclamar muito bom o app;5;2026-01-07 11:38:33;5.22.0;Caixa
0377968cf5dad9a50db03f88b5251fb0;ótimo;5;2026-01-07 11:37:13;5.22.0;Caixa
3e39620d8624da7cba7b1bc9153c9258;muito top mesmo;5;2026-01-07 11:28:08;5.22.0;Caixa
c871bfd3ff815bece840a486766ef986;sensacional maravilhosa este banco;5;2026-01-07 11:27:29;5.22.0;Caixa
ebc9fc9998835f7e7b31600c31adeb90;"Tem um ótimo atendimento, super eficiente e ótimas condições para o meu financeiro, excelente funcionário ""Rogério"".👏🏽👏🏽👏🏽👏🏽";5;2026-01-07 11:26:22;5.22.0;Caixa
ccdda8c7cf188eaf3ae766292450e34b;trava muito;2;2026-01-07 11:15:26;5.22.0;Caixa
48dde2ea2e0de3008752da1c6ddb6b84;Péssimo, não consigo ver o valor da prestação do meu imóvel em lançamentos futuros. E outras situações que não consigo pelo app da caixa, coisa super fácil no app de outros bancos. Aí direcionam pra agência.;1;2026-01-07 11:07:00;5.22.0;Caixa
7e60980320e3db147bc6149dd6ee894b;meu aplicativo vive dando problema e toda vez tenho que ir na agência não sei para que tem o aplicativo se tem que ir na agência para tudo meu aplicativo vive fechando e vou ter que ir na agência de novo para ver se resolve DE NOVO;1;2026-01-07 10:59:58;5.22.0;Caixa
d44d9b0fa053c9a619115b55b011de3c;ótimo;5;2026-01-07 10:59:07;5.22.0;Caixa
143ea7f9e8b39b5fd21d7babba25a8e0;facilidade;5;2026-01-07 10:56:04;5.22.0;Caixa
8945aafd20e7b58435c7f00d39b32805;muito boa a conta;5;2026-01-07 10:53:02;5.22.0;Caixa
785fcf7a7bf619e5ecf54e7737d9958c;muito boa fácil de usar;5;2026-01-07 10:50:54;5.22.0;Caixa
4e4194d7bd5e611c302bc9f55945973e;muito prático e fácil de usar. atende muito bem minhas necessidades.;5;2026-01-07 10:48:00;5.22.0;Caixa
c8bee0025727abbcbb218726a1e290bc;simplesmente ótimo;5;2026-01-07 10:44:05;5.22.0;Caixa
b2008b1146740d6b7423a6b5b6f2365a;ultimas atualizações deixo o app um m.... agora para ver o saldo tem qje ir para o extrato. sem contar que para conferir o saldo e o que foi gasto, virou uma confusão do if.... pelo amor de ....;1;2026-01-07 10:40:59;5.22.0;Caixa
318713f9116cc6959d85545ffe74f028;muito prático e rápido,resolvo tudo em pouco tempo nesse aplicativo,é excelente.;5;2026-01-07 10:39:21;5.22.0;Caixa
f3739b91b5d54835c38991b4e0c7b410;ainda jorus muito alto;3;2026-01-07 10:36:31;5.22.0;Caixa
5dbceaea7bd0370fd81af24b75f8ff8c;lixo;1;2026-01-07 10:35:25;5.22.0;Caixa
9cf545e045f28e94a2beb5c9fef85483;o Aplicativo me preenche, e está sempre me favorecendo em tudo.;5;2026-01-07 10:30:14;5.22.0;Caixa
fe96aa9890221cf64ca2229bf00face2;muito bom;5;2026-01-07 10:24:50;5.22.0;Caixa
73e9180f092185605bf5c544b7c5629f;ótimo;5;2026-01-07 10:19:29;5.22.0;Caixa
b55bb4ac15c337934882cee9441b87c0;muito bom nota 10;5;2026-01-07 10:19:16;5.22.0;Caixa
4b1111e76369fde27be8d460f5c1e75a;o app não está abrindo com a rede móvel, só consigo acessar com wifi;1;2026-01-07 10:17:59;5.22.0;Caixa
aaf308e7a1e27e239f4cc744b535a8cf;péssimo .. por ser uma instituição do governo , muito melhor outra agência privada ..;1;2026-01-07 10:13:30;5.22.0;Caixa
4479cd23902e04992fca80272e2d8528;tem algumas coisas q vcs querem melhorar mas ficam é mais complicado pra gente mexer,eu particularmente prefiro como era antes( sobre o app);3;2026-01-07 10:13:27;5.22.0;Caixa
4f4ea8c8c47d84d0eaaf43fe067e438f;aplicativo super fácil de operar., responde muito bem;5;2026-01-07 10:12:22;5.22.0;Caixa
2ad90202b7653b9279e79e4db2ec2437;O q aconteceu com o app depois da última atualização? Ficou super lento!;5;2026-01-07 10:10:56;5.22.0;Caixa
86541797e4c56f37f3a56215674faa6c;oi. meu aplicativo tá bloqueado. fui no kex não consegui. precisando usar;5;2026-01-07 10:09:19;5.22.0;Caixa
ef4e9430361aee48f237c7165b6c7ffd;estou satisfeita com o aplicativo da caixa;5;2026-01-07 10:08:39;5.22.0;Caixa
bafe23bd168878a1daa90c14ef55805f;Juros muito alto;4;2026-01-07 09:59:42;5.22.0;Caixa
39cec7826f4940fd1948365cc34052d1;excelente;5;2026-01-07 09:58:06;5.22.0;Caixa
3a253bd5a0bc80c443a837769195d63c;a princípio comecei testando, más confesso que me adaptei App ótimo,super fácil de usar ,recomendo, e sem falar nas opções que temos ,super satisfeito!;5;2026-01-07 09:50:16;5.22.0;Caixa
c1878d0fd1e4e90dba240c21375e7ac3;show;5;2026-01-07 09:48:13;5.22.0;Caixa
147f6a9801356f37d397bacb9ec97c60;muito lento;1;2026-01-07 09:44:43;5.22.0;Caixa
ab243005c53e8e78af0feaa9c7a255c5;fácil e prático..;4;2026-01-07 09:43:25;5.22.0;Caixa
ef9ccd7b32ccf8078c3ade04c0ecc7e5;.muito bom;5;2026-01-07 09:30:48;5.22.0;Caixa
4e2de6a9f646f218da25b1e310cc210c;precisa melhorar muito ,trava demais e vez quando da erro no login;2;2026-01-07 09:29:56;5.22.0;Caixa
976590368aefa55b8139ca47dd375aad;eu sinto orgulho de ser cliente da Caixa econômica;4;2026-01-07 09:26:52;5.22.0;Caixa
f1948fd6eb71ae52a68a11d1f1434e8f;prático e fácil;5;2026-01-07 09:24:50;5.22.0;Caixa
0854de580efb9d9bf06afb6b42438ce4;fácil e seguro;5;2026-01-07 09:19:26;5.22.0;Caixa
60ed3efde3eb9b1fde14197de66bf198;muito bom eu quero o cartão físico;5;2026-01-07 09:19:10;5.22.0;Caixa
8376487a7ef7d55f4483188c31dfd040;nova versão ficou boa, mas a antiga era melhor kkkk as vezes tira o ótimo pra colocar o bom;5;2026-01-07 09:12:04;5.22.0;Caixa
ea9914ac8e5d769e7f5ddaf8ddb98d31;estou há dois dias tentando gerar o boleto para pagar meu empréstimo e sempre da erro, acho que fazem isso para cobrar mais juros.;1;2026-01-07 09:07:41;5.22.0;Caixa
bb51c97768d009ce3d926c83f769c225;ótima;5;2026-01-07 09:01:32;5.22.0;Caixa
24c9fabadd9dff1b6c2ee810b85c5fab;ótimo;5;2026-01-07 08:55:13;5.22.0;Caixa
cc8eb50163122fd2b208f4e52048f327;entre todos esse é um ótimo aplicativo. rápido, fácil.;5;2026-01-07 08:44:07;5.22.0;Caixa
72ea7bfa11cb6e0253720dbaceb99bbd;bem tranquilo;4;2026-01-07 08:35:51;5.22.0;Caixa
03ed1eebd5d696fe74de5c9e6b907dad;péssima não tem como falar pessoalmente, não tem como pedir boleto uma coisa tão simples que se torna uma experiência horrovel;1;2026-01-07 08:34:15;5.22.0;Caixa
ddbcf6692774268a2ebc04e68d105d3e;melhorar o acesso;5;2026-01-07 08:33:28;5.21.1;Caixa
3ab642d28ea1d6b77ff1991040930261;ótimo APP que nos dá uma segurança.;5;2026-01-07 08:33:17;5.21.1;Caixa
ac569761a569c44702ad5f2988eb50b1;excelente app.;5;2026-01-07 08:30:17;5.22.0;Caixa
03b8f6a56d0fb0a065e56810ab85f87d;demanda de um serviço ha 4 dias sem conclusão.;2;2026-01-07 08:29:55;5.22.0;Caixa
57243578a71e9b4c2a59a5c4953574c5;muito bom 👍;5;2026-01-07 08:28:32;5.22.0;Caixa
d022c107f68875118ef5491ce3a06d87;ótimo;5;2026-01-07 08:26:42;5.22.0;Caixa
dd3cd5b170ba6d570a3565bae0ed5661;Parabéns à toda a equipe Caixa Econômica Federal !!!;5;2026-01-07 08:18:08;5.22.0;Caixa
dedd1182e351f6da89f8f5ee9b596a20;Fui usar quase não consegui pagar minha conta;3;2026-01-07 08:12:58;5.22.0;Caixa
c76005abd71bafa9c1c52f29f91609e6;foi o melhor aplicativo do universo, que inventaram.;5;2026-01-07 08:09:33;5.22.0;Caixa
8c0f21042466ccf0d1f837bb831b51e5;Ainda trava muito;4;2026-01-07 08:00:52;5.22.0;Caixa
e0ed317c277cf2384273bb3b91da54c1;muito bom;5;2026-01-07 07:56:26;5.22.0;Caixa
76a909a0a5be19036b16718fc107f68f;não consigo mais emitir boleto do empréstimo da sempre erro interno, por favor corrija este problema-, não acontecia antes----_-----------------------------;5;2026-01-07 07:53:51;5.22.0;Caixa
bca360174c80be7d011307fcfaf15f6d;muito bom;5;2026-01-07 07:38:54;N/A;Caixa
cf5642727d14e52a7c96940819610062;contrato de Habitação não abre e não mostra os valores da prestação e opção para quitação;1;2026-01-07 07:38:51;5.22.0;Caixa
a391cad442f52d6603ec219901b1c0ff;não consegui pagar minha fatura na data de vencimento, o aplicativo não permitiu pois dava mensagem que meu limite não era suficiente, mas eu estava com o saldo no valor acima da fatura, entrei em contato, mas não souberam me dizer por qual motivo estava acontecendo este problema no aplicativo, como era da noite não consegue fazer o pagamento e com isso estou sujeito a pagar juros, que não é pouco.;1;2026-01-07 07:38:41;5.21.1;Caixa
34407a561e2dd396ef420707205f6ebd;sem burocracias;5;2026-01-07 07:37:42;5.22.0;Caixa
47e8d0004b6c1f8a4bb8425fa32b8f34;cliente a muitos anos ( sem queixas);5;2026-01-07 07:35:31;5.22.0;Caixa
042033a27263faf33b7d62ac02ea57dc;tinha que te outro jeito de entrar na conta da gente so entra se tiver o cartão o meu venceu e a maior luta pra conseguir outro e não consegui encontrar na minha conta mais;1;2026-01-07 07:32:32;N/A;Caixa
3211abfa1fbb9b3e0171e8d0bf78832d;0timo;5;2026-01-07 07:21:57;5.22.0;Caixa
2c4e524c69f096fd43bd3342c9f9c126;Achei importante favoritar as chaves do pux.;5;2026-01-07 07:12:59;5.22.0;Caixa
0c869d863335fa625f23d2647e3cda26;muito lento;3;2026-01-07 07:12:25;5.22.0;Caixa
14abd1e2d714cabde13d3ea0874969da;excelente aplicativo;5;2026-01-07 07:11:45;5.22.0;Caixa
d1168ba882720027ef614039bdb225f1;muito bom;4;2026-01-07 07:10:17;5.22.0;Caixa
5dc4390dafdf14004394691e9b60908e;ótimo;5;2026-01-07 07:00:10;5.22.0;Caixa
27d14db1e397fd42ead2b1412d2315b2;abrir conta é impossível pelo app, péssimo!;1;2026-01-07 06:43:55;5.22.0;Caixa
dec9c20e0f114a8bb18ccb47153c59e1;muito demorado;3;2026-01-07 06:41:44;5.22.0;Caixa
e15210675687caf8ad43a42446c8d961;muito bom ajudar muito;5;2026-01-07 06:22:23;5.22.0;Caixa
980d2a98af4d129ecd4c297b7019e1fe;péssimo depois a atualização ele bloqueou minha senha de transação um absurdo eu ir ma agência e ter que ouvir somente o caixa da agência da conta desbloqueia estou migrando de banco sem condições!;1;2026-01-07 06:21:56;5.22.0;Caixa
1d64da46bb9e7e29629c53f1b30efff0;muito bom atende minhas expectativas!!!;5;2026-01-07 06:04:50;5.22.0;Caixa
5f2ee1e5e29722ff55a7eb73be17b69c;ótimo;5;2026-01-07 05:34:13;5.22.0;Caixa
5fbc69faa0c2f75a7daed061bfbad23b;excelente, muito facil;5;2026-01-07 05:25:56;5.22.0;Caixa
7d4e6f85c7f6a9fc4c2efd7c4b6da385;necessito de facilidade p/acessar minha conta online na CEF;3;2026-01-07 05:22:37;5.22.0;Caixa
72fb819552628181469c49c7fa8beb34;péssima;1;2026-01-07 02:54:49;N/A;Caixa
8c299bb78b13d0e15f15dad2d5b9b632;bom demais;5;2026-01-07 02:23:44;N/A;Caixa
6ad3891430bd5f5c3f0b8961c4dfb825;gosto muito desse banco;5;2026-01-07 01:54:25;4.9.0;Caixa
c36995400e3d625c780188b34a6085a7;Aplicativo ótimo;5;2026-01-07 01:52:25;5.22.0;Caixa
ea51966c10a832361f3d0540dbf363cd;aplicativo horrível não consigo entrar quando entra fica pedindo para cadastrar hino da informação que a gente quer direito horrível esse aplicativo da Caixa;1;2026-01-07 01:28:58;5.22.0;Caixa
afdf21b80df898ec9e53cd27444825e9;excelente!!!;5;2026-01-07 00:26:47;5.22.0;Caixa
689f5ee8012ae043e86dfe47dc0aeedb;o atendimento está bem melhor agora.;5;2026-01-07 00:24:04;5.21.1;Caixa
f5b377029e6f9e3aac71895c3d94ff77;nao consigo de jeito nenhum abrir minha conta 🤦🏾‍♂️🤦🏾‍♂️;1;2026-01-06 23:51:15;5.22.0;Caixa
b13344e9e8088c707d80c8c12eb61876;fácil de usar, estou gostando muito;5;2026-01-06 23:21:30;5.22.0;Caixa
4d7fde198f820685a9f6d3dd822d2bc7;O aplicativo piorou depois da última atualização;4;2026-01-06 23:07:54;5.22.0;Caixa
315afa6fc615db9a0489aae773981b10;ótimo;5;2026-01-06 22:52:42;5.22.0;Caixa
003ec72ca938a8636de2289f829204e0;o próprio app está saindo do ar, e fica dizendo que o meu celular está off line, pode ?? não foi a 1ª vez que isto está acontecendo . faça igual o app do Nubank. fácil, claro, não complica...;2;2026-01-06 22:27:55;5.22.0;Caixa
f68943002fc8fb47ffb75f8c24cf718a;Banco muito complicado , dificulta pro usuário ter acesso a sua conta ! É o PT no comando ! aff !!!;1;2026-01-06 22:26:36;N/A;Caixa
ce3fcf822287775a0bd1eb564fb6d3fa;está errado meu saldo quero que confirem;1;2026-01-06 22:20:29;5.22.0;Caixa
368416d429cfe04cc359c1526f0cdffb;não explica o limite permitido para pagamento;1;2026-01-06 22:14:24;5.22.0;Caixa
5d0234d310dae8db879d31768139417b;O app é bom, mas precisa passar por reengenharia e reestruturação, contém morosidade na atualização dos valores, acumulo e desmembramento de duas faturas na transição dos meses, sem possibilidade de pagamento parcial de valores sem que a fatura esteja no vencimento.;4;2026-01-06 21:58:55;5.22.0;Caixa
ac4f31908b7a8a9c888a0ea1d9286646;Muuuuuito complicado pra abrir o app;5;2026-01-06 21:50:03;N/A;Caixa
069a65be514f747e8711d579ba5559db;está péssimo dês da última semana de 2025 não entra no aplicativo fala que é internet como pode se todos os outros bancos entra só a caixa que não, os outros bancos só com internet do celular entra nem precisa de wi-fi difícil. complicado usar não dá pra contar;1;2026-01-06 21:40:46;5.22.0;Caixa
8587469af3609a79d61fb0e33d1f5984;péssimo. Abaixo de zero;1;2026-01-06 21:32:42;5.22.0;Caixa
bbfdec5a4ff943b6c448724272d6e306;não consigo abrir;2;2026-01-06 21:32:32;N/A;Caixa
045293fd8d6cda602d401ed4559f0258;muito obrigado por tudo 😊;5;2026-01-06 21:26:43;5.22.0;Caixa
4fe2a265efc1f47bb9406693fb55e014;ótima .;5;2026-01-06 21:15:46;5.22.0;Caixa
766e80e287d2d85bd3d1bff5040ba781;Dia 06/01/2026 ocorreu um saque, eu não fiz esse saque. Quero saber porque está acontecendo isso ultimamente.;3;2026-01-06 21:13:34;5.22.0;Caixa
1c9217a82dea1203323dfc8a6f796d71;foi bom;5;2026-01-06 21:13:25;5.22.0;Caixa
ab13db23f99b67d1fb740d4e014930b4;sem dúvidas o melhor aplicativo super recomendo;5;2026-01-06 21:05:22;3.14.0;Caixa
59e7121c0f8cb782d2e6997ad51f2bc6;tendo dificuldade em acessar toda vez que vou abrir aplicativo;4;2026-01-06 21:02:30;5.22.0;Caixa
333d6238cd266719e6548fd6545f3122;Muito bom!;5;2026-01-06 20:47:59;5.22.0;Caixa
d74435acf2c150e447a5b5d75ad685ed;De fácil compreensão e navegação.;5;2026-01-06 20:30:23;5.22.0;Caixa
62c3756f0aec17bbe0ccf47457f26a20;bela droga....a cada mês tenho que refazer meu acesso....recadastrar usuário, senha....sempre ativo acesso por biometria e td mês ao tentar acessar o app diz q não é possível o acesso e q devo cadastrar nova chave e senha....em dezembro tive q fazer por duas ou três vezes esse mês já fiz novamente, é horrível;3;2026-01-06 20:28:07;5.22.0;Caixa
f77664dd9782d2dc7bd21644fad794f3;o aplicativo está travando e demorando para fazer transações;3;2026-01-06 20:20:39;5.21.1;Caixa
8fa32690f893ab324d99c97818a2135b;05/01/2026 O App me surpreendeu novamente, pois conseguiu piorar. Não é funcional, o travar está em dia, as permissões OBRIGATÓRIAS, que eu não posso escolher se aceito ou não. Não dá opção de consulta, se for pra ter que ir até uma agência, NÃO PRECISA DESTA INFÂMIA DE APLICATIVO! Ainda tem a pesquisa de satisfação sobre a funcionalidade, QUE FUNCIONALIDADE?;1;2026-01-06 20:02:38;5.22.0;Caixa
392888c8a130773cb68ea2e08c916cc6;outro era melhor;1;2026-01-06 19:55:35;5.22.0;Caixa
081199103196995fa2c08b5f8a8c5bbb;ótimo;5;2026-01-06 19:51:41;5.22.0;Caixa
d9f5c9fa4d96feb8afc710618b1ef114;Eu já só cliente;5;2026-01-06 19:50:35;5.22.0;Caixa
ae14ac8341ade6e939986aa2f5a016e8;muito bom;5;2026-01-06 19:49:58;N/A;Caixa
b9d08b162a986c84a6b24429b1c06773;adoroooo;5;2026-01-06 19:49:47;5.22.0;Caixa
1737b6a368b9282ac323d9eb811201bc;essa versão tá muito ruim não gostei. fica difícil de entender;1;2026-01-06 19:44:06;5.22.0;Caixa
9c2bb87e9c58e8742f09ee92cfc244b7;excelente;5;2026-01-06 19:41:34;5.22.0;Caixa
faeb261bb4d8a86b1aab734da35178b5;pra mim tá horrível usar o app,todo dia é preciso cadastrar de novo,queria saber qual o motivo disso?;3;2026-01-06 19:32:28;5.22.0;Caixa
be0efb798d6c112c9567a043114824cc;A mudança ficou ruim. Para ver saldo o Open Finance teria de ser como antes.;3;2026-01-06 19:23:51;5.22.0;Caixa
33e67812b7e7d31488f1a895420cd76a;muito bom.;5;2026-01-06 19:23:37;5.22.0;Caixa
b3605e519e9b3354b9dc5ce6d6ebdc7a;muito Bom;5;2026-01-06 19:19:28;5.22.0;Caixa
30637c64e7829cc3b89d25010b7b5de6;garçom;5;2026-01-06 19:12:50;5.22.0;Caixa
dc7072c1bd84864ee8c89d9e5333ba3d;Não tive facilidade em seguir as informações disponibilizadas. Não me foi informado se está tudo certo.;3;2026-01-06 19:09:17;N/A;Caixa
aad0593958debf440ba7f33e114c861e;Possibilidade de resolver a maior parte dos serviços bancários apenas pelo aplicativo sem perder tempo em filas nos dias úteis e resoluções tbm em finais de semana.;5;2026-01-06 19:07:55;5.22.0;Caixa
04d2380be1b331c90839eff3fcaaf1f3;eu gostaria muito de receber oferta. banco bom acredito em vcs;5;2026-01-06 19:07:39;5.22.0;Caixa
2007a97ddd8f2cab0cb4d29b41079166;excelente;5;2026-01-06 18:59:56;5.22.0;Caixa
dbe679c13ac194bbe70c94dc3ef8d2e2;muito bom foi rápido;1;2026-01-06 18:59:45;5.22.0;Caixa
9f2183567feb4fb0f988e57d0043ce2a;app muito bom;5;2026-01-06 18:52:27;5.22.0;Caixa
411dc2d5db7bf09ffd308b89547cb014;muito bom;5;2026-01-06 18:43:40;N/A;Caixa
7396595190d5753df6f063106ae7c30c;agora tá funcionando direito , consigo fazer pix , tá ótimo;5;2026-01-06 18:38:21;5.22.0;Caixa
81d4ee585d2b0f3b232eedb4f7bb858e;é bom mas poderiam simplificar o app;4;2026-01-06 18:32:42;5.22.0;Caixa
96878e7f22ef6a8fc30c60eb146afbb9;Tá muito bom, até o momento estou gostando muito do app, não tenho nenhuma reclamação, mas poderiam fazer uma mudança quando a pessoa for trocar de aparelho poderia ter a opção de cadastrar o aparelho pelo reconhecimento facial, pra gente não ter que sair da nossa casa até uma agência da caixa para fazer o reconhecimento no caixa eletrônico, isso é muito chato e não é todo mundo que pode sair de um lugar para outro pra resolver esse negócio, então por favor melhorem isso aí pra ficar legal;3;2026-01-06 18:29:42;5.22.0;Caixa
e4b7f124200dfc0149e8f7838ad8198f;o app da caixa está excelente, ficou muito bom, fácil, rápido, intuitivo vocês estão de parabéns pela evolução do app a cada dia está se tornando um dos melhores, agora sim é possível realizar portabilidade de salário direto no apricativo que beleza, era o que faltava.😘🩵🩵;5;2026-01-06 18:27:49;5.22.0;Caixa
8c5c706b875ddfb8ca94a8569397cb3a;Esse modo desenvolvedor está atrapalhando demais. Pensando seriamente em deixar de usar minha conta da caixa e abrir conta em outro banco!;3;2026-01-06 18:22:37;5.22.0;Caixa
48d985b97334422fbacc623e9c03d1f8;Gosto desse aplicativo. Entretanto, está mais lento do que antes. Muito lento ultimamente. Frequentemente preciso ir na agência fazer atualização nos últimos tempos.;4;2026-01-06 18:20:06;5.22.0;Caixa
e1049113ba195733d822e41eb2e686d9;PERFEITO;5;2026-01-06 18:18:44;5.22.0;Caixa
2bcab3c43763c1d0d8d7df3b5c7f45d9;otima;1;2026-01-06 18:17:08;5.22.0;Caixa
996339615dde4c77dff6de34ed606403;Excelente. está ruim novo dispositivo;5;2026-01-06 18:13:37;5.22.0;Caixa
9921a494fb4fd56ed7aa423ad077c48e;muito bom;4;2026-01-06 18:13:17;5.22.0;Caixa
891a98c3f05c749e25c1251615bf27ba;mudou o aplicativo e ficou muito difícil de acessar, só faz alguma coisa com internet muito boa, ficou difícil fazer Pix só consigo com internet muito boa;2;2026-01-06 18:12:06;5.22.0;Caixa
90f13546f20fe64f39b8680153689663;as vezes da problema, mas quando funciona tudo direito, é bom.;4;2026-01-06 18:07:05;5.22.0;Caixa
c28668bf4c8ff4dbbcbd08f9a89dc263;Exelente...;5;2026-01-06 18:05:33;5.22.0;Caixa
0f13b61688e9978b9b34fe372048146a;Péssimo. Tem que ficar refazendo toda vez, pois o aplicativo bloqueia a senha toda hora. Ñ recomendo. Ñ baixem, vcs vão passar só raiva. Editando: voltando aqui dia 06/01/26, app está pior do que antes. Não consigo nem abrir o app para fazer o login. Péssimo, não compensa. Prefiro o Itaú;1;2026-01-06 18:02:44;5.22.0;Caixa
e19767bd423b6001d1538d4a1e1c6897;sempre bem funcional;5;2026-01-06 17:55:37;5.22.0;Caixa
8f213cdf9b1887abec855e1eab00780a;Acho ótimo!;5;2026-01-06 17:51:44;5.22.0;Caixa
c07cb783db9b384dabd6ab9788db3aee;otima;5;2026-01-06 17:40:24;5.22.0;Caixa
73506a044e0d39d6fc46dd9781e5a2bb;praticidade e segurança;5;2026-01-06 17:33:14;5.22.0;Caixa
b2331f150c0fa9722874d4d8937145d4;muito bom;5;2026-01-06 17:28:58;5.22.0;Caixa
1cc763cd60a13122df71db60b0a7cf67;excelente;5;2026-01-06 17:28:02;5.22.0;Caixa
644db5918b9dc0f2dd5f62bc5b5facbc;Aplicativo é bom, layout legal e tal, mas chat não funciona bem, te redireciona pro WhatsApp. Dito isso, estou desde o começo do dia tentando baixar um boleto de empréstimo e sempre dá erro, com isso o boleto atrasa e eu tenho que arcar com os juros, isso se eu não tiver o transtorno de ter que ir em uma agência pra tentar resolver;3;2026-01-06 17:25:30;5.22.0;Caixa
eeee4c38798da3dcfa6747ca69f37eb6;péssimo, vive mas travado doque funcionando;1;2026-01-06 17:23:02;5.22.0;Caixa
869b69398fbc2885b24661a5f8e3c972;muito bom;5;2026-01-06 17:22:22;5.22.0;Caixa
c7462ace6f34ec065ae656d77c7a4c28;não consigo entrar no aplicativo,só pedem para cadastrar novo usuário, eu coloco novo usuário mais não dá certo, desinstalei o aplicativo e estalei de novo mas não entra nada;3;2026-01-06 17:15:05;N/A;Caixa
8298a16adb62fb3379b64f1f0e0473ff;excelente;5;2026-01-06 17:14:43;5.22.0;Caixa
fe937def0f8274d25fcbbc5d88cccb7e;novo visual do app, muito ruim.;1;2026-01-06 17:14:39;5.22.0;Caixa
15920e137fd9e24fcdfc5c7140be9093;Não gostei da nova atualização, apresenta falhas o tempo todo e fecha o aplicativo sem contar que não fica logado, tem que ficar fazendo login com senha toda vez que precisa. não dá não.;1;2026-01-06 17:13:46;5.22.0;Caixa
d4370e476e396caf2380ebfa79fd7610;o aplicativo é ótimo. consigo pagar minhas contas , sem nenhuma dificuldade .;5;2026-01-06 17:04:10;5.22.0;Caixa
379df200ff5204d046c7412ac6c78090;excelente 👏;5;2026-01-06 17:04:00;5.22.0;Caixa
7829c60767dc627ae9d128043785b188;ótimo;5;2026-01-06 17:02:55;5.22.0;Caixa
ca979016d9f77a70e3f2218dfd782d79;muito ágil e prático adorei;5;2026-01-06 17:01:59;5.22.0;Caixa
6f598a0ae442a0bdaed797d837d9bd3d;estou muito satisfeita, parabéns á todos que fazem parte da equipe desse banco.;5;2026-01-06 16:46:38;5.22.0;Caixa
bd0a92adb4307c973a6697520d6889e6;satisfeita;5;2026-01-06 16:42:27;5.22.0;Caixa
8e46cbbe6e607d2a31401d1306cc7238;o app é lento demais, toda vez que eu preciso fazer um pix, demora, e nos últimos 2 dias eu não consigo nem entrar no app, uma decepção;2;2026-01-06 16:41:05;N/A;Caixa
241e27498c324856d0eab1c23539351c;muito eficiente;5;2026-01-06 16:38:50;5.22.0;Caixa
76925e3ead40a0b66117fde7466497e3;"Não sei como esse coisa ainda é chamada de ""banco"". 100% imprestável igual o atual mandatário do país 💩";1;2026-01-06 16:31:43;5.22.0;Caixa
97cf47d56ed70c97ea9dbf580f86afc1;ta horrível nem entra;1;2026-01-06 16:31:09;5.22.0;Caixa
f2ac6f92b70a69880bc1cf3dc1f0d2a3;Facilidade de acesso;5;2026-01-06 16:30:18;N/A;Caixa
494fb15972b3c00f617a10cd82e6a8d7;muito bom;5;2026-01-06 16:24:07;5.22.0;Caixa
ebb7479d3de357d8390165c1d6d427af;não estou mais conseguindo acessar o app, fala que não foi possível carregar a página no celular queria saber por que;3;2026-01-06 16:23:23;5.22.0;Caixa
7565a88502956f1aacbd59f6bc2eb3e6;Não entendo como uma estatal com tantos recursos não consegue fazer um aplicativo funcional! Nem as fintechs tem um aplicativo tão ruim assim!;1;2026-01-06 16:19:02;3.8.4;Caixa
91e06451e5cdffd8d602b0f118efc132;Está uma bost@, instável, travando, dando erro na biometria e senha, erro de rede até no Wi-Fi, deixando na mão na hora de pagar com pix, constrangimento, um absurdo;1;2026-01-06 16:12:45;5.22.0;Caixa
397b2ce70b7560b5609e5859592749cd;pensa em um aplicativo horrível que deveria deveria funcionar igual os outros bancos tudo a gente precisa ir na agência poderia ser biometria toda vez que troca de aparelho você tem que ir pra caixa;1;2026-01-06 16:09:27;5.22.0;Caixa
b84b9eb8f2451b5f780872f33add0fb6;não tô conseguindo entrar na conta caixa;1;2026-01-06 16:09:09;3.15.1;Caixa
941718fa73b100d3daf3fe20a3c2d9f7;Amo muito o aplicativo, apenas alguns bugs e travando um pouco ultimamente.;4;2026-01-06 16:08:42;5.22.0;Caixa
afd9709a8ef443d1c39069657a05a4fc;"NOVO PROBLEMA! Agora tento abrir o app e vem mensagem que sinal de Internet tá fraco e tal. Fiquei empenhado no supermercado para realizar o pix das compras! Em casa a mesma coisa! Sinal não tá fraco! TODOS outros apps que tenho abrem inclusive de outros bancos! Já reiniciei! já limpei caches e todos esses protocolos que toda criança sabe e que sugerem no ""suporte"" pasmem!";1;2026-01-06 16:06:10;5.22.0;Caixa
7065a4ef7a113d095073f418aee6ffdb;nao consiho entrar no app;5;2026-01-06 16:03:37;5.22.0;Caixa
2c2084f3d18eb6b29d8ba8bcf51614f9;ta péssimo o aplicativo da caixa;1;2026-01-06 16:01:58;N/A;Caixa
b85635c238d6fba8d313f36b9b253ffd;aplicativo não da acesso a minha conta;1;2026-01-06 15:59:41;5.22.0;Caixa
c6ad1cf8c1e66d663cb059184d66b669;aplicativo ruim demais, tento entrar na conta e informa que estou sem Internet, contando que estou acessando qualquer aplicativo normalmente com a conexão Wi-Fi de minha residência;1;2026-01-06 15:48:49;5.17.1;Caixa
b74e068a296841eb67ad34ee64171cde;aplicativo esta péssimo;1;2026-01-06 15:46:53;5.22.0;Caixa
f4a748f1e56ab58854f36d260e942ef0;aplicativo da caixa não abre, lentidão,está dando com meu celular está sem internet e tem;2;2026-01-06 15:44:45;5.22.0;Caixa
5ac3d827a5387f02251d3b06912fc745;Não abre de geito nenhum so da erro;1;2026-01-06 15:42:37;5.22.0;Caixa
d33585d52ae64da49fc6d81900c8a711;Se tivesse como dar menos 1000 eu daria;1;2026-01-06 15:41:37;5.22.0;Caixa
a1e38694ffe90248fdc7ebfbec22380d;atendimento ótimo;5;2026-01-06 15:40:56;5.22.0;Caixa
666bf2765362dc9ef2058d30cb64503e;ótimo 😁😊😁;5;2026-01-06 15:37:40;5.21.1;Caixa
8c6c053ff0d2fa485bdae2feeb66f907;indiferente;3;2026-01-06 15:36:17;5.22.0;Caixa
7ae043643711d48ed54fe36cf6912f87;muito bom;5;2026-01-06 15:36:05;5.22.0;Caixa
b1e7d82d4a0dc37aa9ff419ad694722e;App péssimo, a todo tempo ele apaga o login e senha e vc precisa recadastrar novamente.;1;2026-01-06 15:35:54;5.22.0;Caixa
3ec0d7770762b19367784426c36c937c;Muito bom 👍🏾;5;2026-01-06 15:32:52;5.22.0;Caixa
1ab9a17329509c6838ca41923e034fb2;muito bom mesmo;5;2026-01-06 15:32:28;N/A;Caixa
18a6bbda260d2316237b39828597f304;abrir conta na caixa é horrível;1;2026-01-06 15:31:49;5.22.0;Caixa
ad7cb3a49fa5c3a45cbc1219ba03ccf1;Há anos observo um ciclo no funcionamento do aplicativo da Caixa: 1. Instala-se o app e vai-se à agência validar o dispositivo. 2. Depois de alguns meses, começa a negar acesso alegando problema com a biometria/Pede reinício/recadastro de usuário/alega problemas na rede-geralmente a limpeza do cachê resolve. 3. cerca de 4 a 6 meses depois, só resolve voltando ao passo 1. Mesmo reclamando na Play Store até hoje não tem solução.;1;2026-01-06 15:30:55;5.22.0;Caixa
99906183366e683c7e10067ed2cbbc61;pior aplicativo de banco do brasil;1;2026-01-06 15:29:29;5.22.0;Caixa
1037c4b7b736e86838af445aeaa44888;tudo ligado ao governo apodrece...igual essa empresa.;1;2026-01-06 15:20:57;5.22.0;Caixa
6f4633404b9526454b6b9c1632258ce3;Mesmo assim não estou conseguindo abrir a conta que péssima experiência;1;2026-01-06 15:19:03;N/A;Caixa
34c995ba84ebacbd779a131f4d3eac9d;ótimo;5;2026-01-06 15:18:37;5.22.0;Caixa
a25331a48464e08bce77b8c078318641;estou reinstalando o app, pois não está efetuando login nem com digital, nem com a senha;1;2026-01-06 15:15:53;3.14.0;Caixa
818b1656cf735efda0259126e5e37264;horrível, diversos problemas várias vezes.;1;2026-01-06 15:05:04;N/A;Caixa
cc01a2f7a06d33aa6f988af133cb31d4;muito bom;5;2026-01-06 15:04:31;5.22.0;Caixa
e03a4ec2a4b82a0ecf6d081df158fc7c;não gostei deste modelo de app;1;2026-01-06 14:42:59;5.22.0;Caixa
5c0d8ab0749faa5afc1fbca2f47c196a;muito bom;5;2026-01-06 14:37:56;5.22.0;Caixa
190a554c7726497e31be1da7fca8f674;O aplicativo está cada vez mais ruim, quando mais preciso, da erro de login e pede pra tentar novamente mais tarde. Sempre atualizo para a versão mais recente, mas me parece deixar o app cada vez mais ruim. Está cada vez mais difícil usa-lo!0;1;2026-01-06 14:33:01;5.22.0;Caixa
b8770045f0d323e5356e95b0f1c8a581;Fácil manuseio e compreensão;5;2026-01-06 14:31:20;5.22.0;Caixa
6b4dc5fa78b4ccc880283a1b2cf7eea8;App não funciona - Erro 017 persistente Inacreditável a burocracia desse app. Tentei abrir uma conta, enviei todos os documentos, mas o sistema trava o tempo todo no Código 017. Já tentei mudar de rede (4G/Wi-Fi), limpei cache, dei todas as permissões e nada resolve. O app promete facilidade, mas me obriga a ir até uma agência física para resolver um erro de segurança do próprio sistema. Nota zero pela falta de respeito com o tempo do cliente.;1;2026-01-06 14:25:01;5.22.0;Caixa
2df94aecc85dabc10a4daff716e60daf;Péssimo app, ruim de navegação, pesado, confuso e ultimamente está dando erro quando abre. Só falta ter fila para atendimento aí completa o pacote da bagunça. 1/11/2024. Continua um app lento e que vive dando erros ao abrir as opções internas. 06/01/2025.;1;2026-01-06 14:22:01;5.22.0;Caixa
e4c4966869eea1035d3c88e9e4aeb973;PéssimO!Whatsapp CEF ESTA TRAVADO DESDE FINAL ANO e manda cliente p um link que tbm não emite boleto.Venc.hoje. Qdo vai acabar esse INFERNO?NAO VOU PAGAR 2%MULTA POR ATRASO POR NAO SER ATENDIDA!!??;1;2026-01-06 14:03:25;5.22.0;Caixa
991c833b3e2c493a2d4f0d72e46a6a2e;O aplicativo está péssimo não abre mais;2;2026-01-06 13:57:36;5.22.0;Caixa
25b5d59f4543e2baaf38898487ac193f;esse app é uma porcaria, fiz todo procedimento, quando vai para parte final da erro todas as vezes, resumindo péssimo.;1;2026-01-06 13:55:06;5.22.0;Caixa
6ac5e4392a63e9119ba0ee7f023f58b3;Pena que o banco mais próximo de mim fica a 40 km;1;2026-01-06 13:54:26;N/A;Caixa
655770fab4e68f289f02b9da67382815;excelente, fácil acesso;5;2026-01-06 13:50:41;5.22.0;Caixa
2914d866018f64ce5cafc8de10389912;boa tarde precisa melhorar mais o atendimento muita demora;3;2026-01-06 13:49:23;5.22.0;Caixa
37f047988dcabd2a78b3fa64b3e1c343;muito bom aplicativo da caixa só pago minhas contas faço transferência nunca tive problema fácil de usar;5;2026-01-06 13:48:40;5.22.0;Caixa
0326ad70a89a9e18bb33484711e62a7d;essa vai ser uma nova experiência pra mim vai ser ótimo;5;2026-01-06 13:48:36;5.22.0;Caixa
2d4cfc61927a3958758e27bb69626917;complicado pra entra já tentei e nada;2;2026-01-06 13:46:20;5.22.0;Caixa
6595221fb62d905758efd050624e056b;top top;5;2026-01-06 13:45:52;5.22.0;Caixa
3ff5701febd7df7b06b4eae52dfe09bd;ótimo;5;2026-01-06 13:44:01;5.22.0;Caixa
67fb5407458f48d4a983c5f799d64345;APP não funciona plenamente, bug é travas a todo instante;1;2026-01-06 13:41:11;5.22.0;Caixa
e32dbf334aeb2431d1d662c2fd98e48d;Banco seguro;2;2026-01-06 13:39:49;3.11.2;Caixa
8361056933294225b26f39444694b914;excelente aplicativo;5;2026-01-06 13:37:44;5.22.0;Caixa
f35635159fee0d5d5b6c00f590d0d84d;Excelente!;5;2026-01-06 13:33:32;5.22.0;Caixa
c0205fd5005d16e6c655e00f4fd2b044;muito bom bem prático!! ok;5;2026-01-06 13:23:18;5.22.0;Caixa
0a2c6eb9661cbd47be2315e553f37faf;rápido e prático;5;2026-01-06 13:13:54;5.22.0;Caixa
97b54b4ee4ef4b7403780dd2d910b67d;ótimo;5;2026-01-06 13:10:31;5.22.0;Caixa
d5852f4a9bd4034de4f5305cbfc3ac34;muito bom mt;4;2026-01-06 13:09:21;5.22.0;Caixa
d156a7885dcbc628f7d04d3757ffc9fe;ótimo app de finanças;5;2026-01-06 13:06:01;5.22.0;Caixa
d0a96be7704fdc199ae5214743b4d978;app ótimo de usar;5;2026-01-06 13:00:30;5.22.0;Caixa
0a048fd317c33d7acbead851c4bbf7d7;Tudo que tento realizar no aplicativo apresenta erro. Aplicativo vergonhoso.;1;2026-01-06 12:55:00;5.22.0;Caixa
d50cf02f0b6fa167c113cfc34a0ad8b6;muito prático;5;2026-01-06 12:43:28;5.22.0;Caixa
59698c3b7d01c9e3420fe53730278e58;está péssima o app;3;2026-01-06 12:40:37;5.22.0;Caixa
887b69d15433b58d84f96c5cbe9cc9cb;Muito bom;5;2026-01-06 12:33:42;5.22.0;Caixa
d3e09a7043bc20d26622c7c0721d7173;é muito difícil resolver as coisas haaaahsssaaaa;1;2026-01-06 12:32:01;5.22.0;Caixa
1277b17d582f885324504d3e5aebd789;Facilita de navegar no site;4;2026-01-06 12:27:28;5.22.0;Caixa
b5e1ffae316b88d71d77f241b261a80b;Estou precisando entrar no App, mas não está respondendo. Não existe nenhuma notificação explicando o problema ou dando uma previsão de resolução.;1;2026-01-06 12:27:17;5.22.0;Caixa
094a1a65a2159f7299ce8729dfff7957;aplicativo muito eficiente e fácil manuseio!!!!;5;2026-01-06 12:24:38;5.22.0;Caixa
ae282a010fd1964a5a57fa13c0a0b6f2;ótimo;3;2026-01-06 12:21:24;5.22.0;Caixa
177555792f499cf077693614265e436e;legal;5;2026-01-06 12:15:07;5.22.0;Caixa
333d919ebd3822aea2d2a568d1a783a5;muito foi bem rápido mesmo graças a Deus.;5;2026-01-06 12:12:08;5.22.0;Caixa
ea136976494106ce5d9be823aee5cc6f;só tem aposta para mega sena precisa liberar para outros jogos da caixa tambem;3;2026-01-06 12:11:04;5.22.0;Caixa
2c11b6dc888060a1f581527839051e36;tá melhorando !;4;2026-01-06 12:05:41;5.22.0;Caixa
7ffd8120dfa0a1b12b84b3769db94eb7;pessjima;3;2026-01-06 12:02:00;5.22.0;Caixa
81c1e93eea4380d73c24e3b8027b66b1;ótima;5;2026-01-06 11:55:40;N/A;Caixa
9de8f57b550372a317c68747add60ef6;muito funcional, até agora sem problemas;4;2026-01-06 11:55:03;5.22.0;Caixa
dfc244ea44e4a158c0d001ecd94e04fd;ótimo;5;2026-01-06 11:51:10;5.22.0;Caixa
5720a5b8b799dd9a7c6f5d001d2770de;O aplicativo muda de acesso com excessiva frequência.;3;2026-01-06 11:48:46;5.22.0;Caixa
295a8ae5d0e506de4dba47f1d347c621;otimo;5;2026-01-06 11:48:07;5.22.0;Caixa
0b1c2604352ddca5220f909235918686;ótimo;5;2026-01-06 11:37:35;5.22.0;Caixa
3c16f1b28be07259afc0f38246e882c7;gostaria que colocarem,outros jogos,como quina.;4;2026-01-06 11:37:05;5.22.0;Caixa
baee8cf01452c803559b5d58720c4bd6;eficiência ..e praticidade.. show ❤️🇧🇷;5;2026-01-06 11:34:59;5.22.0;Caixa
70188d5ba4c2d06bb9f4942afac91ff1;não consigo loga. quero trocar o emei e não consigo;1;2026-01-06 11:32:28;N/A;Caixa
b8058115a3da8a48abedbca00fcc2d21;Bom Aplicativo;4;2026-01-06 11:31:33;5.22.0;Caixa
ab43e507c317c00a8af51b5c78008f64;Péssimo, já tive que fazer o desbloqueio do mesmo dispositivo 3 vezes, sem motivo algum, já que é o mesmo celular desde sempre, o app nem deixa você visualizar a página inicial sem ter que ir em um caixa eletrônico com os mil cartões que eles te enfiam quando você financia algo, além disso o app não tem a opções de cancelar cartão de crédito como todos os outros bancos. A resposta automática deles aqui na PlayStore chega a ser falta de respeito;1;2026-01-06 11:28:09;5.22.0;Caixa
88ea370552f14beae41781ffb70186a1;incrível como a caixa consegue ter o pior aplicativo de todos junto com o banco do Brasil, acho que se não tivesse o aplicativo a avaliação das instituições seria melhor do que ter canais que não funcionam, e o atendimento nas agências é terrível.;1;2026-01-06 11:28:08;5.22.0;Caixa
ccb1cac1cd22e5133e51244f59a9e0f6;ótimo 👍;5;2026-01-06 11:26:49;5.22.0;Caixa
c0460caef89b1ffaab81c5f7df36e6ed;ótimo;5;2026-01-06 11:26:15;5.22.0;Caixa
2419589219f0df91e0392f73c9971cd2;por em quanto vou dar 2 estrela até mudar isso pq depois dessa atualização quando colo q chave Pix para fazer um Pix mande eu tentar depois pq da erro;2;2026-01-06 11:14:17;5.22.0;Caixa
c0b82fabca467168c535b76571689a3f;péssimo aplicativo !;1;2026-01-06 11:11:57;5.22.0;Caixa
045e109f145908de25125e78d8d144e5;que chatice é essa de desativar root sendo que o meu celular essas funções estão todas desativas.;3;2026-01-06 11:08:52;5.22.0;Caixa
2f4ae1f0ca46635ca3a33c30a18eb0b1;"após as atualizações o App teve melhoras, porém a parte de habitação ainda apresenta erros. Quando vou tentar amortizar, aparece essa mensagem de erro: ""Request method 'POST' not supported"" e simplesmente volta a tela inicial";3;2026-01-06 11:08:49;5.22.0;Caixa
8c64eccf04de30dc58274483c45aeee1;Uso há anos... era muito bom! porém não estou conseguindo mais add o cartão de débito na carteira google.;4;2026-01-06 11:07:50;5.22.0;Caixa
1bd23329fbc00c8d62df160944753faf;0 Aplicativo é muito bom.🥰🥰🥰;4;2026-01-06 11:07:35;5.22.0;Caixa
84476839f6f6245f7744b9bba6702283;muito rápido;5;2026-01-06 11:03:40;5.22.0;Caixa
a99f3db6af29d3b1e6d543b55d0b3b13;excelente;5;2026-01-06 11:03:34;5.22.0;Caixa
51973f05a533dbdeb917a1cba93ea9f6;muito bom, fácil de usar tem tudo o que preciso;5;2026-01-06 11:01:52;5.22.0;Caixa
cbe92ac073b59a113cefdf41a053b24d;Não funciona a parte em que é necessário colocar o período superior a 30 dias para consulta às transações realizadas via Pix.;3;2026-01-06 10:59:21;5.22.0;Caixa
88eb4127b344860dde6728b9f756889d;muito bom;5;2026-01-06 10:42:45;5.22.0;Caixa
28a858be3f777d61b95e181684395a71;Nunca testemunhei um banco tão arcaico e tão instável quanto esse banco horrível da caixa,tento recuperar uma conta mas não consigo,e o aplicativo manda eu resolver isso kkkkkkkk;1;2026-01-06 10:42:26;5.22.0;Caixa
4de18e6cbdd7e80822159173e15782cb;Fica na tela azul e não cadastra usuário;1;2026-01-06 10:36:17;N/A;Caixa
0e506d697a182a6be113e5f1d74a935f;muito complexo p fz um pix;1;2026-01-06 10:33:50;5.22.0;Caixa
f28e7d698f7ee9d5b8bfca55e9da53db;Instalação Hoje, depois volto quero ver o dia , dia ok.;3;2026-01-06 10:32:52;5.22.0;Caixa
de1602640ffdc8130fe820c155e421e8;não consigo acessar o app já fiz de tudo e sempre aparece pra eu desativar o root do telefone;1;2026-01-06 10:32:40;5.22.0;Caixa
b15d5d560834f9f60cc2b89a6a9681ca;banco não resolve nada não consegue alterar um número de telefone;1;2026-01-06 10:30:41;5.22.0;Caixa
5dbdefe6ff0012d851cbd1bad5850430;2026 e não conseguem fazer direito, erro ao abrir conta no app;1;2026-01-06 10:26:44;5.21.1;Caixa
8b23be1326229ec677de810e7f0f1e74;excelente;5;2026-01-06 10:24:34;5.22.0;Caixa
8072884fc4dee7974956fb4a5ce8ae81;O aplicativo é funcional e permite realizar as principais operações, como Pix e pagamento de boletos, sem precisar ir à agência. A interface é intuitiva e o acesso por biometria facilita bastante o dia a dia. Tem melhorado a cada atualização;4;2026-01-06 10:22:36;5.22.0;Caixa
dc61ddb20365a612648e1e1a53b47a31;sempre dando erro no cadastro da biometria sendo assim não consigo abrir minha conta digital;1;2026-01-06 10:18:17;N/A;Caixa
5694270fde5dd536ad1f04a881857a03;"fiz a abertura da conta corrente pelo aplicativo, demorou 2 dias pra fazer o processo pois apresentava falhas constantes em várias etapas, mais consegui, no dia a dia nada a reclamar, apenas instabilidades as vezes (não sempre) comum em qualquer outro app digital, no mais estou satisfeito..."" até o momento"".";4;2026-01-06 10:15:16;5.22.0;Caixa
860ff80c1d496ed4c8e2bca63fad598f;exatamente;5;2026-01-06 10:14:07;5.22.0;Caixa
fb751bd64c0f7992103c3720e13be285;muito bom;5;2026-01-06 10:13:14;5.22.0;Caixa
f0857a33adb80bb3ff5b4c5cb1cf6fb4;ótimo de fácil acesso.;5;2026-01-06 10:12:52;5.22.0;Caixa
96e580bc3f3ce727d52d7d610aac628e;estou achando bom;5;2026-01-06 10:12:16;N/A;Caixa
8f2dde53cf13011a3ff3c660d758406d;aplicativo satisfatório, porém alguns pontos deixa a desejar;5;2026-01-06 10:10:57;5.22.0;Caixa
f43ee565ad70bd556855c53823642625;Gostei mais do anterior;3;2026-01-06 10:09:39;5.22.0;Caixa
485e502e414b6cb7cf29fe54fc45fa91;péssimo banco, nao consigo acessar minha conta,toda vez tenho que ir na agencia.;1;2026-01-06 10:08:00;5.22.0;Caixa
776a876440b3ca1f17123106c90b2d23;aplicativo horrível, não lê biometria fica desligando com frequência, e para eventualidades tem que ficar criando novos Loggins. App de bancos mais fracos e online funcionam com mais maestria.;1;2026-01-06 10:03:27;5.22.0;Caixa
d4694acf5a710a9909b37d4148d9e2dc;nunca vi no Android fazer biometria facial, já odiava o app agora lascou;1;2026-01-06 10:00:45;5.22.0;Caixa
957b3c87ad9110e660a354dcb4a5d570;eu quero saber quanto eu no .meu saldo da conta corrente;5;2026-01-06 09:59:20;N/A;Caixa
0594bad433348925791b76804365c6d2;"Cada dia aparece um problema diferente. Agora para abrir uma nova tela fica ""pensando"" por tempos. Não existe melhorias nesse app? Mudam só para incluir ""pioria""?!?!";1;2026-01-06 09:56:47;N/A;Caixa
7df71d4e3749992c2505b7dbf943de6d;Cada atualização dá um problema, foi criado a aba de ( débito automático) excelente pq não precisamos ir agência para excluir ,só que depois da atualização do app não está funcionando,só da erro , tente mas tarde ou contrata o suporte , se puder fazer a manutenção nessa aba , restante tudo funcionando, obrigado;4;2026-01-06 09:56:09;5.22.0;Caixa
149e797f2f84cb253ba1b24ac2780585;ótima. o aplicativo é muito bom pra nós usuários do caixa tem;5;2026-01-06 09:52:34;N/A;Caixa
bff359383581ba822f326a94ae6185f8;Muito bom.;5;2026-01-06 09:28:42;5.22.0;Caixa
454c7b4f599512f6221bcad1d512e800;deve ser mais prático possível. segurança sempre, Mas, àntes , era mais simples.;2;2026-01-06 09:26:19;5.22.0;Caixa
1a18cfecd7232713ae468b4159b27c96;ótimo;5;2026-01-06 09:24:18;5.22.0;Caixa
21d1fdc85029f669637adff625734ff6;Eu nunca gostei de ir em lotéricas e agências para pagar boleto e o aplicativo ajuda muito nessa situação, fácil rápido é muito prático.;5;2026-01-06 09:22:20;5.22.0;Caixa
ede5850f1d0e71d9b65ca6b0e723c011;são muito boa.;5;2026-01-06 09:19:06;N/A;Caixa
9a45a4c1f693f63bc3e84fcb9dfa80f6;excelente;5;2026-01-06 09:18:12;5.22.0;Caixa
a1d422db097806b089a6c1d258351042;muito bom 👍;5;2026-01-06 09:14:47;5.22.0;Caixa
846f0b6a833133c511b3005e7dd0a5f7;gosto muito do app caixa;4;2026-01-06 09:13:09;5.22.0;Caixa
94750c26845b967c13fbf6c81059ddb1;ótimo;5;2026-01-06 09:12:06;5.22.0;Caixa
e898d4744b96882875a0f104c146224d;ótimo;5;2026-01-06 09:08:10;5.22.0;Caixa
26b6b75e47e039d7c87bcab79e8f805e;o App é muito bom mais vcs poderiam fazer uma atualização pra que a pessoa podece liberar o celular com a biometria fácil ai o app ia fica 100 da hora;5;2026-01-06 09:07:29;N/A;Caixa
e3b6fbb90022cb5eddf28628f6fa6179;App simples de utilizar, parabéns a toda Equipe!;5;2026-01-06 09:00:48;5.22.0;Caixa
a291e91c631eef364380219beec2fd44;excelente;5;2026-01-06 08:47:35;5.22.0;Caixa
b81447825d2ae9405137839a1705a9e8;tem horas que ele está lento;4;2026-01-06 08:45:15;5.22.0;Caixa
8b5d60fe09e61f719eaa1858e42b12e4;banco e aplicativo péssimo;1;2026-01-06 08:39:53;5.22.0;Caixa
abfca7027c3f6c162c717623c2f641db;Demora muito pra abrir....;3;2026-01-06 08:37:48;5.22.0;Caixa
b2a8cfa5a38d4ceb334bb02df6cd0d1a;para mim é muito importante;5;2026-01-06 08:28:53;5.22.0;Caixa
06e3679a49ece86cb352418fd913b2e5;ótima, resposta imediata;5;2026-01-06 08:28:29;5.22.0;Caixa
a81fe42e4b5c464c08e5e157d0824213;nunca me deixou na mão;5;2026-01-06 08:27:07;5.22.0;Caixa
d606e4e76eef888eb08dc610a479adae;não consigo imprimir meu boleto de empréstimo e não consigo falar pelo WhatsApp e não consigo falar com nenhum atendimento;1;2026-01-06 08:27:00;5.22.0;Caixa
c14d32497191ed9ab2375ebc6a7a0c8e;excelente;5;2026-01-06 08:24:40;5.22.0;Caixa
b6cec8b9d73b0a5c4a81362e7710eeb1;gostei do aplicativo muito bom 👏🏾👏🏾👏🏾👏🏾;5;2026-01-06 08:21:13;5.22.0;Caixa
e2b50232bc386492b2d696cbb569c67d;muito lento trava muito;2;2026-01-06 08:20:31;5.22.0;Caixa
228bc9e9c82e41b86e8b24c4aa1b7252;ótimo trabalho;5;2026-01-06 08:18:24;5.22.0;Caixa
0b52cf06d9f0e6baa911470404d88d51;o aplicativo deveria ser mais completo e objetivo;3;2026-01-06 08:17:06;5.22.0;Caixa
8a01744aa61466632c5099e5f7d57b8a;muito boa;5;2026-01-06 08:09:37;N/A;Caixa
ed2a31248dd18dbac793700a5471152f;Gostaria que no extrato da cc voltasse a ter cor diferente quando é crédito e quando é débito.;3;2026-01-06 08:08:49;5.22.0;Caixa
ad009a4423f8e523be5df57d0fefc72a;App melhorou bastante em funções, mas ainda precisa melhorar no login, pois a biometria falha bastante ainda.;4;2026-01-06 08:05:10;5.21.1;Caixa
c328fa763a857c457d13515f70df353b;Atendimentos rápido e atencioso;5;2026-01-06 08:02:29;5.22.0;Caixa
ba88d307e4de533b8beaab6658e24e13;excelente;5;2026-01-06 08:00:04;5.22.0;Caixa
ccc3b9b6ee637c55aa5f3ce2bb35c7a7;ótimo recomendo para todos os brasileiros;5;2026-01-06 07:59:56;5.22.0;Caixa
365ddd9430cd7e0302547f8d7e864afb;ótimo;5;2026-01-06 07:59:31;5.22.0;Caixa
e444ed1ee75db1d4bf6a2681eb09d131;E excelente o aplicativo;5;2026-01-06 07:58:25;5.22.0;Caixa
97d7ed09fcb2766f9adef0ece9ef5f9f;quando solicitar consulta de saldo mostrar apenas o saldo. o extrato tem opção separada. ficou muito lento a consulta do saldo.;4;2026-01-06 07:55:37;5.22.0;Caixa
cb64fe7479d0808725f1979c800ccc96;muito bom;5;2026-01-06 07:44:17;5.22.0;Caixa
0466aa1c6863ca9bb0f240053fd7b32c;Minha agência na palma da mão, excelente APP, totalmente interativo, de fácil entendimento e operação, traz todas as necessidades do correntista na gestão de sua conta corrente/poupança/investimento e permite acessar e liberar operações de crédito de forma rápida. Traz também acesso a informações de interesse social, como FGTS, INSS etc. Isso por si só já diferencia e muito, de outras instituições financeiras. Recomendo o uso;5;2026-01-06 07:43:27;5.22.0;Caixa
29cda6bd3f3f5e38636eb1aadd312ff2;excelente;5;2026-01-06 07:37:44;5.22.0;Caixa
7a552bc1ecd41439c7301ae10e480f43;muito bom rápido e fácil de usar;5;2026-01-06 07:37:08;5.22.0;Caixa
09c4f5432c12c9199c92a10c7a1c2164;excelente;5;2026-01-06 07:19:48;5.22.0;Caixa
c4c1cc08061e8a45f2261e88182a61e4;"não estou conseguindo abrir uma conta fica dando erro : ""aconteceu erro algo inesperado"" e também to sem tempo para ir numa agência!, reinstalei o app e mesmo assim nada!";1;2026-01-06 06:44:46;N/A;Caixa
8571d6785fb09301473fb7bb57e90cf1;muito bom;5;2026-01-06 06:40:29;5.22.0;Caixa
16b5b926bdd4dc06f06c3dcec1890cc5;as configurações anteriores eram melhores.;3;2026-01-06 06:33:47;5.22.0;Caixa
c9519a510f469133f10ed4d78b04212e;sobre o bolsa família! quando volta? qual dia de janeiro cai? ainda está calendario 2025 no meu app;5;2026-01-06 06:31:08;4.9.0;Caixa
1e1fb58a070f5cf272b76c1cac60569a;Um App que poderia ser muito útil, é um verdadeiro desafio conseguir logar, sempre tem que fazer novo cadastro, infelizmente consegue ser muito ruim, péssima experiência com o App.;1;2026-01-06 06:18:25;5.22.0;Caixa
4c493b562b127fc8bed8894e1b38a6c7;ótimo;5;2026-01-06 06:15:43;5.22.0;Caixa
5e4ab708f9f2c0b80d59f06d8005299d;ÓTIMA;5;2026-01-06 06:02:40;5.22.0;Caixa
d5f88b548fef8a0267b504c72a12ee7e;ótima;5;2026-01-06 05:52:32;5.22.0;Caixa
b68ea6162ae5785954b1b5aeec05274e;ultimamente está deixando a desejar, trava, toda hora da erro e pede para recadastrar senha.;2;2026-01-06 05:30:18;5.22.0;Caixa
75e45f3fd250cf83df5b88f1fa78f7f7;confuso para entender poderia ser mais simples de mexer e achar oque quer;2;2026-01-06 05:26:25;5.22.0;Caixa
4e4b85b2b282e55fbb01d63b600b9299;Não consigo acessar do meu aparelho novo só dar erros.;1;2026-01-06 05:10:11;5.22.0;Caixa
e793b40bc411afef43e71363af376b5e;O app está funcionando 100%. Parabéns!;5;2026-01-06 05:03:15;5.22.0;Caixa
207507bf48ad24b2c78d170f027753a5;Não consigo cadastrar a biometria.;4;2026-01-06 04:52:00;5.22.0;Caixa
600debc98d78b3540e3e249eaba4b611;Difícil;5;2026-01-06 02:21:24;5.22.0;Caixa
ce02871a83691e5d04bfab7fa6391d89;ótimo;4;2026-01-06 01:35:34;5.22.0;Caixa
044a9197c7e0a226f379940e3d50837e;está falhando app para abre atualização orrivel cada vês pior deixa queto muda para pior;1;2026-01-06 01:12:28;5.22.0;Caixa
a3571ce2ac1ab545cf9b0c7aa11d1bc9;ontem a tarde fui retirar meu benefício na agência da caixa não estava o dinheiro porque isso? Na madrugada olhei no app da Caixa estava o dinheiro quando fui a tarde receber tinha 4,14 somente este valor. porque isso?;5;2026-01-06 00:55:38;5.22.0;Caixa
1935f770f36dd0d80c3bd7052bc2c741;Perfeito o aplicativo!;5;2026-01-06 00:22:11;N/A;Caixa
afafae78318d300ea7fb6b5513a7095b;gostei da nova aparecia do app ficou top;5;2026-01-06 00:18:57;5.22.0;Caixa
fd0e88e9946c4ef65b68ab8d98b9bb5f;Não estou conseguindo mim cadastrar quando vou cadastrar só aparecer as letras XID. Realmente esse banco ñ tá com nada.;1;2026-01-05 23:25:57;5.22.0;Caixa
0f62dae6f5bbdd9e5ee3df8e20f75e8a;Do nada parei de receber as notificações do pix, já tentei de td e não consigo solucionar o problema... E aí, faço o quê?;3;2026-01-05 23:21:11;5.22.0;Caixa
b104acf88573a1f713b234c3113ec07e;aplicativo não abre não tenho root no meu celular e fica tanto esse erro e fecha sozinho todos os outros aplicativos de banco abre o caixa tem usou normal junto com o aplicativo do gov só o esse aplicativo que fica com erro;1;2026-01-05 23:17:51;5.22.0;Caixa
b2ace75c205b2dc6abdc514826d264c7;Ótima;5;2026-01-05 23:00:01;5.22.0;Caixa
199e398de4752d8c26fdf6cba488a6ed;Muito satisfeito;5;2026-01-05 22:50:14;5.22.0;Caixa
88a370f890d002a8530c3b6e1b01d45a;Bom 👍;5;2026-01-05 22:35:14;5.22.0;Caixa
8465eba9c1afdd86f4844f73acc4cc69;muito bom;5;2026-01-05 22:28:47;5.22.0;Caixa
e7866c91b33b2babe33317bb91e100f0;nao precisa mais ir na agência desbloquear acesso para o celular no caixa eletrônico...parabéns;5;2026-01-05 22:27:31;5.22.0;Caixa
18304346c7deb46f04159ca834d1f7e0;Ruim. Quando mais precisa não abre;2;2026-01-05 22:25:49;5.22.0;Caixa
7ff96ed8bf6e76bd00a5af78dba5daef;não consigo entrar no aplicativo;3;2026-01-05 22:08:26;5.22.0;Caixa
7c877273f0b2fe65643092fb83caedd9;horrível não consigo abrir, uma conta no celular preciso ir, em alguma agência péssimo app.;1;2026-01-05 22:02:36;N/A;Caixa
e58c5fc33cf7bcf7cf294ce6eb170e5b;bom e mais prático;5;2026-01-05 21:17:45;5.22.0;Caixa
c092ed00adcf3c9b8302f69def38f9df;muito boa;5;2026-01-05 21:14:48;5.22.0;Caixa
817c676813993fb70ae9240f351404e5;não consigo excluir o banco original da autorização FGTS, deem uma olhada por favor, acontece erro de comunicação com o barramento;1;2026-01-05 21:10:00;5.22.0;Caixa
d95c222a822ba108110bde91b629abd8;Consegue ser o pior app de banco de todos, não é possível que quem seja responsável pelo desenvolvimento só tenha conta nesse banco ou pior nem tenha conta, pois essas são as únicas opções deles não saberem como a interface é ruim. A consulta ao extrato, por exemplo, é um martírio! Quem usa o app da caixa deve ir direto para o céu.;1;2026-01-05 21:06:08;5.22.0;Caixa
0f50abcbfc1e7b235ab6786d1f6a5575;ótimo;5;2026-01-05 20:59:04;5.22.0;Caixa
4d51f660ab033e4f6ac67e8e208a6c7a;não consigo acessar o aplicativo coloco digital e ele não abre sabe se está com problema ?;5;2026-01-05 20:52:22;5.22.0;Caixa
e000a10138db7f1a37473101c1fd2443;não consigo acessar o aplicativo.;5;2026-01-05 20:47:31;3.15.1;Caixa
4d3c25b23d5fd5a07e99da9aa838deb9;não abre;1;2026-01-05 20:35:07;5.22.0;Caixa
b9856894f0dd0593b1ed7c8dae541a58;Cada vez melhor,perdi meu cartão e o Bom que gastaram pouco,cheguei DM casa e bloqueado rápido e pararam de gastar o APP é muito eficaz e rápido gratidão a cada ajuste de cada Ano;5;2026-01-05 20:32:39;5.22.0;Caixa
54a36817d582b80030f9e66d09604cc6;muitas vezes não abre com a senha e nem com a digital preciso fazer configurações de novo.;1;2026-01-05 20:26:20;5.22.0;Caixa
4a87b4291a5ef86d2cb8c0511e8fb197;não tô conseguindo fazer Pix;1;2026-01-05 20:24:07;N/A;Caixa
84a4400cdf5f6058ea09a669b4e3442c;perfeita;5;2026-01-05 20:16:55;5.22.0;Caixa
8611c2ac1f223958d3bf4769026834c8;muito bom;5;2026-01-05 20:16:47;5.22.0;Caixa
cb2a2b25f38f35f03335e85950d2f72c;Demora muito pra abrir e as vezes trava q não abre com biometria e nem com a senha.;1;2026-01-05 20:13:34;5.22.0;Caixa
b64eabbe6613f1c5be77484f12ccdc3e;muito bom;5;2026-01-05 20:04:03;5.22.0;Caixa
2fcb26100e8e15adb100c581cc0395a9;Estou gostando muito desse aplicativo;5;2026-01-05 20:00:40;5.22.0;Caixa
7e8501f864cda79758fcaf33c807d5ff;às vezes penso que quem desenvolve esse aplicativo tem como objetivo dificultar a vida dos usuários. Não estou conseguindo ver o meu extrato anterior a dezembro. Será que é preciso ir na agência simplesmente para ver uma movimentação de dois meses atrás? Qual o sentido disso. Lotar as agências já abarrotadas da caixa e fazer a pessoa esperar?;1;2026-01-05 19:54:20;5.22.0;Caixa
c4f8f2eff8e769090ecb62bbc824060f;quero ver cartão de crédito;5;2026-01-05 19:51:07;5.22.0;Caixa
1f8904c4cb4603838d3f0c0a5df42559;é muito ruim! com todo meu,cadrasto só consegui fazer minha alteração depois de dois dias.;1;2026-01-05 19:47:03;5.22.0;Caixa
1d5549475484f7b665c263dba0b6ac3d;melhorou demais nos últimos anos. está funcional e intuitivo;5;2026-01-05 19:46:50;5.22.0;Caixa
dffd5075bbc2bae03a4870279b13c29a;aplicativo funcional e super fácil de mexer.;5;2026-01-05 19:40:42;5.22.0;Caixa
7d0fd9ce14956891b0be8c5048655107;As vezes sai muito fora do ar;4;2026-01-05 19:37:04;5.22.0;Caixa
777344d1ddc272714c9f7fe30b3414ef;pq está tendo muito anúncio? app tá horrível com esses anúncios;1;2026-01-05 19:30:32;5.22.0;Caixa
f92d2a2906fa0b8ae48765f902d65cff;Não consigo abrir uma conta por causa da identificação facial não completar;1;2026-01-05 19:28:42;4.6.1;Caixa
8cdc103e09ba63ff5411982d3731b47d;aplicativo ótimo para acessar;5;2026-01-05 19:26:58;5.22.0;Caixa
5d69673ea7c2f44d64544bff9ec493ab;As atividades n são atualizadas na hora e ficamos sem saber se foi efetivado. Causando incerteza das movimentações. Fiz uma amortização e o app fechou. Pensei que não tinha dado certo e quando tentei refazer chegou uma mensagem que havia uma solicitação em andamento. O app precisa ser atualizado na hora que as movimentações são feitas e não ter que esperar para o outro dia ou sei lá quando. Ou se é débito automático, a dívida não deve continuar aparecendo no dia agendado ou no final de semana.;1;2026-01-05 19:25:37;5.22.0;Caixa
6776172fad07f9285d2a123d09944843;muito bom porém de vez em quando trava;5;2026-01-05 19:16:14;5.22.0;Caixa
490d83251d9142b6233cc67c7caeb2c6;eu sempre pago em dia e nunca ganho um limite que eu possa parcelar uma compra maior;3;2026-01-05 19:12:54;5.22.0;Caixa
f3b7d2f39d596401aac472e76b9d7c00;ícone não aparece na tela inicial do telefone quando eu vou mexer no aplicativo não aparece na tela inicial do telefone aperto no aplicativo tentando arrastar para tela principal mais posso ver que não consigo arastar o ícone do aplicativo para tela principal parece que tem alguma coisa que bloqueia ele para que ele não vai para a tela inicial do meu celular o que devo fazer com isso ?;2;2026-01-05 18:56:37;5.22.0;Caixa
3b19219836b3518041254e2e34627d46;essa é 3 semana que tento abrir o APP e n consigo, já desinstalei, instalei de novo e nunca consigo abrir, toda hora da um erro diferente, melhorem isso pelo amor de Deus, preciso usar a conta para movimentar e estou impossibilitada. edit. sim eu já verifiquei a versão, já desinstalei e reinstalei novamente, já dei todas as permissões, já limpei o cachê e nada aconteceu, já mandei mensagem para o e-mail do suporte, sem sucesso, incrível que isso só acontece com esse APP horroroso.;1;2026-01-05 18:53:14;5.22.0;Caixa
b2ca36c72f55e2e1e6299eba02bf67f5;Excelente app!;5;2026-01-05 18:51:20;5.22.0;Caixa
c194943f897b8435f002a8285092fcd3;tá horrível esse aplicativo 1 estrela é muito ainda;1;2026-01-05 18:50:43;5.22.0;Caixa
e53d0ca7c0dce369bb1f0d7b7bbce67d;pior aplicativo pra banco, estou deixando de movimentar esse banco não entra horrível !!! toda vez que vai acessar dá erro e não acessa o banco e dinheiro fica parado, aí tem que ir no caixa eletrônico tirar o dinheiro e depositar em outro banco !;1;2026-01-05 18:48:38;5.22.0;Caixa
0007f7f3c96adfc8c2578fa7dcf9808d;Orivel.. o App da caixa precisa melhorar mais . fiz um depósito de uma conta até agora, nada de ser depositado precisa melhorar mais e melhor os benefícios para os clientes se quiser 5 estrelas;1;2026-01-05 18:41:06;5.22.0;Caixa
2bcd6db388204ba2da36b18e02d76242;muito bom;4;2026-01-05 18:39:55;5.22.0;Caixa
e95485931948e525506b936ee59792f8;Estou tentando desde cedo, via zap renovar dois contratos de penhor como sempre faço. Hoje o sistema da mensagem não encontrou meu cadastro kkk, o chat está em construção. Amanhã terei que pagar juros, o que fazer?;1;2026-01-05 18:36:26;5.22.0;Caixa
ccd42d461c8c2806bb90beb977d1fd37;muito bom;5;2026-01-05 18:33:39;5.22.0;Caixa
67251bdba27e899f44cbd121db8ddabb;medio;5;2026-01-05 18:33:20;5.22.0;Caixa
1f2742b50cd8cd4b583a6936ed52ccc1;muito bom;5;2026-01-05 18:31:11;5.22.0;Caixa
a2e86c68564f81f6b2f46fdde128b74c;muito bom!;5;2026-01-05 18:29:16;5.22.0;Caixa
2ddf87557d7844b24d0457e3df4555d3;muito bom ,;5;2026-01-05 18:28:25;5.22.0;Caixa
a97503f71403d7dc69284159a2958a28;ótimo 👏🏿;5;2026-01-05 18:16:38;5.22.0;Caixa
656a485331832a712ece3c35a1a31148;ótimo;5;2026-01-05 18:12:58;5.22.0;Caixa
e5a43227ec26cb697b2707c966b1d611;não oferece acesso a extrato do mês de novembro pra trás de 2025;2;2026-01-05 18:05:08;5.22.0;Caixa
a50c487f62f368f5992490750600593d;complicado e ineficiente;1;2026-01-05 17:58:04;5.22.0;Caixa
26cc3f56c0de5ff4ee0ee4d16042112d;muito bom 👍;5;2026-01-05 17:57:29;5.22.0;Caixa
bf16e7934c054083e7e80b3b006c7937;esse aplicativo anda muito ruim.;2;2026-01-05 17:56:18;5.22.0;Caixa
248d2bd4d2e3b7f52431d2821e6d19a7;muito bom;5;2026-01-05 17:56:13;5.22.0;Caixa
12f128158be41398ecfb49e66867f85d;"Este aplicativo não tem a fu nção ""Cancelamento de cartão de crédito "", um total desrespeito ao consumidor.";2;2026-01-05 17:45:48;5.22.0;Caixa
8900adcac6112a0f6526cffde25b5833;O aplicativo Atualiza e tira o acesso ao Internet bank, forçando a fazer o cadastro novamente. Péssimo isso.;1;2026-01-05 17:43:38;5.22.0;Caixa
9c9c42e99ae70b0cd32b9af851adad1f;é top demais;5;2026-01-05 17:35:01;5.22.0;Caixa
4cb185b2d59a7607fd4e36eed3309b83;péssimo atendimento;1;2026-01-05 17:31:04;N/A;Caixa
a8e10df58bf504ed5127747786682223;muito bom obrigada, serviço de primeira ☺️.;5;2026-01-05 17:21:33;5.22.0;Caixa
025baae68623f86242eb164878d319ad;Não consigo adicionar ao Google pay...;2;2026-01-05 17:19:02;5.22.0;Caixa
43105a8fc0c07613db4192129bf0647c;Caixa um ótimo banco com um aplicativo bom com facil assesso e simples de mexer;5;2026-01-05 17:18:37;5.22.0;Caixa
2b7e12b77a0a4b28defbf9a5ad491f33;não consigo pagar o boleto do empréstimo, pois não gera o boleto. venceu e nada de gerar o boleto. vou pagar juros insistente .;1;2026-01-05 16:57:00;5.22.0;Caixa
b81feef1fe9fe3274d76fb478f63e0bd;Aplicativo horroroso, performance desastrosa. Definitivamente não parece ser um app para o porte de um banco como a caixa. Interface horrível, ambiente (servidor) que constantemente está lento ou mesmo fora do ar.;1;2026-01-05 16:41:06;5.22.0;Caixa
11d6abab4bc5b22b01734e84d188d8dd;estou indignado,pois estou tentando entrar e não me conhecem a senha de assesso, isso e uma vergonha no;1;2026-01-05 16:40:37;5.22.0;Caixa
