reviewId;content;score;date;version;app_name;sentiment_label;sentiment_score
f1ef05a8935e378388f91e7dfe2e0829;Ruim não quer abrir no aplicativo.;4;2026-04-04 20:24:39;5.23.1;Caixa;negative;0.9103792905807496
d483ced9ecb1c485b7f1ef40fe8fafc5;pior aplicativo de banco que eu ja usei , bloqueio por qualquer coisa , acho q e ate de propósito, sempre fica pedindo para ir ate uma agência desbloquear , agente coloca a senha e msm a senha estando correta mostra q nao deu certo e pede para cadastra denovo , nao recomendo a ninguém esse banco;1;2026-04-04 20:06:31;5.23.1;Caixa;negative;0.9114643931388856
7b493c0ee3956edbdc55bfd5d6ab7113;última atualização ficou horrível de ver o extrato certinho, deveria deixar como era antigo;1;2026-04-04 20:06:31;5.23.1;Caixa;negative;0.9422247409820556
3bffbf90ce176cb42c76a785e8feba75;não consigo acessar aplicativo;1;2026-04-04 20:02:38;5.23.1;Caixa;negative;0.7815105319023132
94c4d2226c66b5ad9c3b7d09f4fd3186;é uma palhaçada em plena era da tecnologia, um banco pedir para ir no caixa eletrônico para habilitar um dispositivo, fora as outras coisas que esse banco defeca na cara do cidadão e ninguém fala nada;2;2026-04-04 19:37:38;5.23.1;Caixa;negative;0.9250397086143494
294cff64248af11694b0a00570a8196a;O aplicativo quando dá erro, você têm que ir na caixa, mesmo com senha e tudo mais, e um lixo!;1;2026-04-04 19:26:52;5.23.1;Caixa;negative;0.9410160779953004
26c1a9990017f1cbaa098d67afc35a33;muito lento;3;2026-04-04 18:54:39;5.23.1;Caixa;negative;0.7739347815513611
af944d36040da1938a02dd83acc3f13d;caixa sendo a caixa cada vez pior as atualizações deles pq ou eles acha O que todos os brasileiros tem condições de toda hora que atualizar o App agente tem disponibilidade para ir até a caixa para poder libera a biometria facial para caixa perdendo como sempre pro outros Banco vai a onde brasil;1;2026-04-04 18:45:47;5.23.2;Caixa;negative;0.906085729598999
6224b1a7cd5d4266a5207e458f772bd8;não consigo mais acessar o app! e pra piorar, n consigo cadastrar um novo usuário TB. parabéns aos envolvidos;1;2026-04-04 18:22:06;5.22.0;Caixa;negative;0.8053702116012573
2385907f888c986cf9374c5574d7f67b;Pedindo senha e TRAVANDO, mesmo com acesso DIGITAL....;2;2026-04-04 17:45:50;5.23.1;Caixa;negative;0.5619614720344543
f5cffc5acfe9ed801b92bca9cfba0897;não se consegue fazer cadastro de forma alguma;1;2026-04-04 16:52:10;5.23.1;Caixa;negative;0.6676398515701294
918ab2460ec2cb2fa7dc977d780b032b;nem reconhecimento facial consigo fazer nesse lixo;1;2026-04-04 15:57:50;5.23.1;Caixa;negative;0.8890050649642944
c5b3cc68207e7dc29fdf02afbf26f988;não consigo abrir aplicativo dá caixa econômica conta poupança tá pedindo pra fazer novo cadastro;3;2026-04-04 15:49:19;4.6.1;Caixa;negative;0.7666576504707336
b86a88be58d31c91f6e9d4c1141d5e1e;DEPOIS DE UM TEMPO DESINSTALADO,AO INSTALAR NOVAMENTE FICOU ÓTIMO, AGORA APRESENTOU OS MESMOS PROBLEMA, NÃO ME DEIXANDO TER ACESSO,MESMO COM OS DADOS CORRETÍSSIMO! sempre a mesma resposta, não entenderam que esse aplicativo fica inacessível,mesmo com os dados corretos,terei que sempre criar outro usuário sempre que precisar do aplicativo .OU TEM ALGUÉM ME IMPEDINDO;1;2026-04-04 15:30:27;5.23.1;Caixa;negative;0.886027991771698
8973ad39028ea7816adf6da2ec628788;muitos erros ao tentar entrar no app;1;2026-04-04 15:18:57;5.23.1;Caixa;negative;0.8276583552360535
9e82df481c53ed91f93d53b40c9b1315;Horrível ter que mudar usuário do nada.;1;2026-04-04 14:49:30;;Caixa;negative;0.9271042346954346
c31cf7bff9ca1e2b5e896fdbafcf2762;Disseram que menores de 18 anos não podem ter conta, fiz tudo certinho e mandei a solicitação para meu responsável, porém continuou dizendo a mesma coisa. Qual o sentido disso? Mandar o menor de idade pedir solicitação para os pais e depois não aceitarem a solicitação.;1;2026-04-04 14:09:03;;Caixa;negative;0.8365375399589539
4a58cfa60faecbe659c6f0285c0e527a;horrível, não consigo ver o meu extrato!?🤷;3;2026-04-04 14:04:29;5.23.1;Caixa;negative;0.9279654622077942
e64111676459dc3a323968c457119520;Tenho um aplicativo que não tá funcionando. já entrei em contato com o suporte , e nada resolve. Vou fechar a conta.;1;2026-04-04 14:02:42;5.23.1;Caixa;negative;0.8267557621002197
1ad848c1b93e16db96faaee29986c47f;Esse aplicativo não está funcionando. Já desinstalei várias vezes e instalei novamente. Já instalei em outro celular e nada. Complicado.;1;2026-04-04 13:32:04;5.19.0;Caixa;negative;0.92072331905365
e59db6a6fdcee7c325e03a68807d3761;não estou conseguindo abrir o app;1;2026-04-04 13:29:36;5.23.1;Caixa;negative;0.811775803565979
8b6a991e6192216023ed467bb5e49ade;A dois dias o aplicativo está simplesmente fora do ar, agora como os clientes realizam pagamento e conferência da conta se simplesmente não entra isso em pleno feriado;2;2026-04-04 13:17:33;5.23.1;Caixa;negative;0.8424525856971741
e9eebc6332680994c9132ad52f76a93a;se pode-se dar 0 estrela seria 0 aplicativo vive com problemas , não e possível entrar com biometria , coloca a senha , algo não saiu como esperado , cadastre um novo usuário todo mês 1 novo usuário, sem falar que ja pedi o cartao 3 vezes simplesmente somem com meu cartão e nunca entregaram a 1 ano com o mesmo problema .... péssimo precário , pior banco;1;2026-04-04 12:57:09;5.23.1;Caixa;negative;0.9183709621429444
d6b9500884a2fb654f05bd04602cf0a2;instável, mal otimizado, inconsistente, ineficiente, frustrante, confuso, poluído, pouco intuitivo, lento, travado, bugado, falho, problemático, desorganizado, mal estruturado, mal acabado, limitado, engessado, ultrapassado, decepcionante, irritante, cansativo, pouco confiável, precário, deficiente, sofrível, abaixo do esperado.;1;2026-04-04 12:35:46;5.23.1;Caixa;negative;0.9530908465385436
e7598d9b11983c096e7d54b28c65e8d5;dificuldade de efetuar pix;2;2026-04-04 12:21:21;5.23.1;Caixa;negative;0.6682230234146118
ed4352dc736a4de9d19efceaa4553b44;não estou conseguindo acessar minha conta no aplicativo e não consigo acessar a conta pelo celular;1;2026-04-04 12:05:21;5.23.1;Caixa;negative;0.7232962846755981
edf4db58cd2316b381defe8d99e7a0ac;difícil manuseio do aplicativo;1;2026-04-04 11:54:37;5.23.1;Caixa;negative;0.862937331199646
40ccbba9005dcdfc3a740f74e2234ff3;O app funciona ok, mas tudo que é desse banco fica estragado!;1;2026-04-04 11:30:00;;Caixa;negative;0.8515933752059937
9ee5ba4cb3031c631c6a0fbda450523c;muito complicado. nada simples. poderia ser mais comum e facilitado.;1;2026-04-04 10:15:58;5.23.1;Caixa;negative;0.8244033455848694
cd2361fff02982dcab78386aa4a0c371;Como pode, na era da tecnologia, um aplicativo ser tão ruim? Vc vai pro internet banking é a mesma coisa. Trabalhador não tem tempo de ir em banco pra qualquer coisinha que deveria ser resolvido no app. Atualize, desinstale, instale de novo- não vai resolver nada! Está com problema de novo, não consigo mais acesso nem com senha nem com digital. Quando a fatura não for paga, por culpa de vcs, como vamos resolver?;1;2026-04-04 10:00:19;;Caixa;negative;0.8710618019104004
1c0caf1687596a24f9e1d0eede2636af;não estou conseguindo nem abrir o app no meu celular tá ruim de mais poderia melhorar mais em questão disso né pq na hora que mas precisa ele não ajuda;1;2026-04-04 09:58:13;5.23.1;Caixa;negative;0.920406937599182
93cc03749bff9bfc1d1114f4701a549a;Mesmo sem estar com o aplicativo aberto, informa que não pode acessar!;1;2026-04-04 09:53:30;5.17.1;Caixa;negative;0.5940634608268738
4867a8ec39f0845d53d9521d78dbee01;"O pior app de banco que existe! todas as vezes que preciso entrar preciso fazer um novo cadastro, o pior é que somos ""obrigados"" a ter vínculo nessa instituição😤";1;2026-04-04 09:35:00;5.23.1;Caixa;negative;0.950953483581543
02998d94f73a202472c6cb08934a61e2;"Esse aplicativo da caixa é muito ruim. Vive ""bugado"". Fui utilizar para fazer pagamentos, pix etc, me pediu pra refazer o perfil e senha. Após, tive que ir no cx eletrônico. Até aí tudo bem, segurança. Mas Após realizar tudo isso, funcionou por uns dias e agora de novo tá ""bugado"". Não consigo entrar e nem fazer nada. Trava após fazer login com a digital e manda refazer novamente perfil.";1;2026-04-04 09:08:12;5.23.1;Caixa;negative;0.9158802032470704
df1496083ea1f5a6d76a94e8eedfb3f3;04/4/26 É muito instável além de dar muitas falhas a todo momento perde o leitor de biometria tem q reprogramar tudo de novo q também funciona precariamente,enviam um código de verificação enorme para Whatsapp q não da para colar nem da tempo para copiar E colocar no apps p/ desbloquear,isso acontece quando vou querer saber o saldo e agora não consigo acessar nada ! anos q É assim,a um tempo atrás estava funcionando corretamente e bloqueiou por não estar atualizando, após atualizar 👎Nota.0‼️;1;2026-04-04 09:04:09;5.23.1;Caixa;negative;0.8262231349945068
03abcb1c638e64a46adb5fe0587a760c;É uma vergonha e um descaso total com os clientes, desde o dia 1° sem conseguir acessar o aplicativo. Dá erro de login com a biometria e senha, pedindo criar um novo usuário. Preciso usar pix e não consigo! Enquanto isso tô com 2 dias de atraso em 3 contas porque um banco como a CEF não tem uma equipe qualificada o bastante pra resolver esses problemas e bugs técnicos, que sempre comprometem o sistema. Espero uma compensação pelas multas que estão sendo geradas por erro de VOCÊS!;1;2026-04-04 09:02:45;5.23.1;Caixa;negative;0.9370707869529724
9c180450eaa01707fcca97282bdca6ee;App ja esta uns 4 dias sem funcionar até agora não houve atualização nada, parecem que sempre fazem para complicar os clientes, quando se precisa transferir dinheiro eles nao funcionam e qualquer problema mandam resolver numa agência o que gera muito transtorno e muita fila...;1;2026-04-04 08:24:50;5.23.1;Caixa;negative;0.9261810779571532
d497f50bb6a16a37e7f6d43271639884;travando o acesso por biometria 48 HS sem acesso;1;2026-04-04 08:12:55;5.23.1;Caixa;negative;0.824989914894104
b874712df6c4072446a70cc773062800;Segurança. Atualizei meus dados de telefone no app há anos, mas descobri que os atendentes de chat mantem os numeros antigos e usam esses numeros para enviar Sms. Estranho que compras vem pro meu numero atual. Parece que não há comunicação entre bases de dados. O app está com dados corretos e funciona bem. Somente o pessoal de cartões estão desatualizados.;1;2026-04-04 06:43:05;5.23.1;Caixa;negative;0.7688862085342407
e979914055229622a3b61195bab1f1b7;banco nunca soluciona meu problema, sempre o solicitado está indisponível no momento.;1;2026-04-04 04:07:00;5.23.1;Caixa;negative;0.6732639074325562
d3ff599cbdc574f14f2506c79d878946;Desde o dia 01/04/2026 não consigo logar na minha conta, por falha no app. estou com meu salário preso e contas vencendo;2;2026-04-04 01:48:10;5.23.1;Caixa;negative;0.8408135771751404
1ba065a2dbe4174fe06bad652bc58485;desgraça de aplicativo não pega já tem 3 dias bando de desgraça;1;2026-04-04 00:05:28;;Caixa;negative;0.9443169236183168
22025c1597b9e4ada7b9f569f2abb6aa;estou sem Internet Banks desde 31/03, reconhecimento facial não funciona, agora é excesso de tentativas bloqueado. Não consegui liberar nem na agência nem no terminal. tô as cegas;5;2026-04-03 23:43:36;5.23.1;Caixa;negative;0.8838529586791992
528f8578b609acb395acf97cc6c9b607;Tive que fazer a atualização, (obrigatório), cadastrar novo usuário, (obrigatório), vocês enviam código para whatsapp, e o espaço para colar o código não permite digitar o código recebido. Meu celular de app bancário, não tem whatsapp, tem exclusivamente app bancário. Já enviei email para o suporte, aguardando resposta. versão 5.2.3.1 P, atualizei, hoje.;1;2026-04-03 22:02:05;5.23.1;Caixa;negative;0.6169736385345459
aa1a4980599cb43b087b8b092bab1a87;Se poder, fujam da caixa. Ja perdi o numero de veces que tive que repetir o cadastro ,perde biometria, esquece usuario o senha. Ja levo 7 anos... so aguardo terminar de pagar o empréstimo para fugir. Atendimento antiusuario. Tenho Itaú e santander e sao mil vezes melhor. App feito para ingles ver. Nem cadastrar debito automático do cartão deles consigo. Pésimo. Hoje preciso do app e não consigo usar. Deixa vc no pior momento. Ja falei fujam.;1;2026-04-03 21:31:17;5.23.1;Caixa;negative;0.8406720161437988
e4324ac7dd3c6283491b27467ffac93c;aplicativo não sincroniza com WhatsApp mesmo com Internet estável. E não consigo usar a biometria pois está dando erro. Já atualizei mas ainda dá problema.;1;2026-04-03 21:13:57;;Caixa;negative;0.8456501960754395
04dc05a6be821584ec5922a33c46088b;Horrível! Bugado o tempo inteiro!;1;2026-04-03 21:09:29;;Caixa;negative;0.950769305229187
f77a5ad829c6897eaf9f793e600bfbb9;péssimo, vive dando pane. o app parou de identificar minha digital e pediu senha todas as vezes que digitava a senha retornava a mensagem (ocorreu algo estranho) após algumas vezes bloqueou minha senha. o app pede para eu cadastrar nova conta mas não manda código via watts app, assim estou impedido de usar a internet banking e o app da caixa.;1;2026-04-03 21:04:04;5.23.1;Caixa;negative;0.921128749847412
cf9df7d8f57bfcacca394c48c16bf2d9;hoje apresentou problemas! De novo ! ele dizer verificação da impressão digital não está disponível!;1;2026-04-03 20:58:33;5.23.1;Caixa;negative;0.7985851168632507
f3a15d56e34584a101604d8ed32c6079;não consigo acessar porque aparece o código 6906;1;2026-04-03 20:09:51;5.23.1;Caixa;negative;0.7681806683540344
206b3d372bc846bf0c9c60e41970c809;App buga muito, não reconhece senha biométrica, não aceita senha cadastrada , tive que ir no banco atualizar para poder acessar.;2;2026-04-03 20:07:07;5.23.1;Caixa;negative;0.8933718204498291
e2d5c4168126204759fd74d1025f5839;tá travando;4;2026-04-03 19:21:18;;Caixa;negative;0.8738720417022705
c0d5be8d0762924c3d694f2acd679367;ta difícil fazia um bom tempo que meu aplicativo não bloqueava começou tudo d novo e pra achar a senha é uma briga não consigo☺️..;3;2026-04-03 19:17:27;5.23.1;Caixa;negative;0.9025810360908508
28cc104f4d5258caebdf6d5e6f281fe0;ñ consigo entrar no meu aplicativo des de quando meu cll foi roubado agora q tenho outro meu usuário ta dando bloqueado;1;2026-04-03 18:08:19;5.23.1;Caixa;negative;0.8495184183120728
9b265f731c09839bd2b508b325699348;Eita gente fdp que não vale o sal que come é essa gente mamadora de dinheiro público concursado. sou cliente da caixa a uns 12 anos, meu salário toda vida movimentado na caixa, até me ofereceram cartão de crédito a uns 10 anos atrás. Resolvi pedir 1 cartão agora, depois de fazer todo o processo, nenhuma informação é dada, se vc vai receber o cartão ou não, se foi aprovado ou não, se tem que ir numa agência pessoalmente, se quiser fazer todo o processo novamente o app aceita. Alguém n trabalha;1;2026-04-03 18:05:29;5.23.1;Caixa;negative;0.6289650201797485
e57852b4e6399e61ffcfb323a84956bb;app com erro de modo desenvolvedor sendo que nem ativado o modo está. não consigo entrar na minha conta;1;2026-04-03 17:55:04;5.19.0;Caixa;negative;0.8704196810722351
0a9836e9c2e5f7736101ba2bc835c05a;Operacionalidade sofrível devido o número excessivo de ícones/links para concluir qualquer operação.;1;2026-04-03 17:42:29;5.23.1;Caixa;negative;0.8225297927856445
8cfaa64308373f8e41840d37e0eb40c7;RUIM DEMAIS DREXXXX MOEDA ÚNICA TIRAR PRIVIDADE E LIBERDADE TED MELHOR SEMPRE DOQUE PIXXX OU DREXXXX MOEDA ÚNICA EU NÃO ⛔ QUERO DREXXXX MOEDA ÚNICA COMUNISTA NÃO ⛔⛔⛔⛔ QUERO COMPARTILHAR MEUS DADOS PESSOAL COM OUTROS BANCOS NÃO CONCORDO COM ISSO ISSO TIRAR PRIVACIDADE DO USUÁRIO DREXXXX MOEDA ÚNICA SISTEMA DA NOVA ORDEM MUNDIAL CONTROLE DE TODOS NÓS MOEDA DINHEIRO DIGITAL MOEDA GPS TIRA PRIVACIDADE 🔏 DADOS BANCÁRIOS USUÁRIO BRASILEIRO;1;2026-04-03 17:00:48;5.23.1;Caixa;negative;0.509876549243927
34c63a6cb69cd29f74a51504483015eb;o AP até e bom mas tô tentando gerar cartão virtual só dá erro;1;2026-04-03 16:46:07;5.23.1;Caixa;negative;0.8107953667640686
082ca0aed2566179c981c785e0973495;eu quero mudar o meu email no app FGTS eu esqueci a senha do app FGTS;5;2026-04-03 15:15:12;5.23.1;Caixa;negative;0.6837995648384094
d3c68c8b0d70ba1c0ce9241a7a8dffd2;não estou conseguindo ter acesso a minha conta do aplicativo.;1;2026-04-03 15:01:25;5.23.1;Caixa;negative;0.7280504703521729
a0015c2647d3eec63652a190e95dfdf3;o aplicativo não reconhece a biometria, e quando coloco a senha de acesso, manda eu criar um novo usuário;1;2026-04-03 14:25:25;5.23.1;Caixa;negative;0.7400259375572205
fe6bee173ec29db371388b656b1cb4dd;Site lento para apresentar os saldos. Não existe uma tela única para visualizar o valor consolidado dos investimentos.;2;2026-04-03 14:22:46;5.23.1;Caixa;negative;0.6823108196258545
4c79fa1de20947fbc7c19bcb96871072;não quero mais muito complicado;2;2026-04-03 13:59:55;;Caixa;negative;0.6647897958755493
e8812a3ea70525de70d55da203a54f44;bom de utilizar porem muito lento;4;2026-04-03 13:42:26;5.23.1;Caixa;negative;0.5574248433113098
93fdc93554f7e502d5c6360c21a5757e;péssimo fica bugando pede pra atualizar não gostei;4;2026-04-03 13:34:24;5.23.1;Caixa;negative;0.9388734698295592
2a62e2e72c2ae47a25b4165cd4f6e7f6;desrespeito com os clientes transtorno falta de suporte espondo os dados dos usuários;1;2026-04-03 13:30:02;5.23.1;Caixa;negative;0.9068056344985962
0b06572b88db9c318c82837485fa6a11;Tudo está muito Arcaico nesse banco digital Caixa há 100% ainda o que melhroar. Se atualizar e modernizar como os outros bancos concorrentes.;1;2026-04-03 13:12:41;5.23.1;Caixa;negative;0.822375476360321
f3ecc8220842e184cd46a6eac9aa111b;Aplicativo quase sempre fora do ar;2;2026-04-03 13:06:14;5.23.1;Caixa;negative;0.7361254692077637
27e21b7e7b93b096ddbb57189d21e00b;Ruim péssimo, as faturas pagas demora a serem dado baixa no app, a de marco esta paga, no aplicativo ta aberta, quando ela é paga, aparece pego sem opção de baixar fatura novamente. tenho comprovante de pagamento referente ao mês, a de abril vai fechar e a de março não consta como paga. acaba me confundindo, e ja não é a primeira vez que acontece.;1;2026-04-03 12:40:30;5.23.1;Caixa;negative;0.924223780632019
0d2980099bcad7095156f1522b49d83f;Pior app que existe. Não entendo pq precisa ter acesso as minhas ligações, contatos e telefone, o que isso interfere no uso do app? Já fiz o cadastro do meu dispositivo, mas app insiste em dizer que não tenho cadastro e que preciso fazer um novo, mas app não funciona. Serviço pelo app, telefone, agência e caixa eletrônico sempre péssimos, nunca vão melhorar. Sempre tive problemas com essa conta já precisei ir na minha agência umas 10 vezes, sai de lá com o gerente dizendo que está ok, nunca está;1;2026-04-03 12:36:58;;Caixa;negative;0.9235625863075256
ba72c5942dd22c6874d8c0ae50803b25;O app está horrível, sempre que vou entrar da erro na digital e com a senha não entra. tenho que refazer todo o cadastro novamente. Isso são todas as vezes que vou entrar no app. Em momento de urgência é sempre um caos, melhorem isso por favor.;1;2026-04-03 12:36:16;5.23.1;Caixa;negative;0.9545533061027528
bbd7ee8cc363e99bc7442750557b7575;Eu nem tenho palavras para descrever o quanto esse app é terrível, ruim, horroroso... Sempre trava, já perdi as contas de quantas vezes precisei desinstalar e instalar novamente, vou ver a possibilidade de trocar as minhas contas da Caixa para outro banco, já que tudo desse banco é mal feito;1;2026-04-03 12:36:13;5.23.1;Caixa;negative;0.9453524947166444
1a043f72c6a188649fc28248c23f7748;APLICATIVO LIXO!! SEMPRE QUE NECESSÁRIO IR A UM CAIXA ELETRÔNICO OU AGÊNCIA PARA USAR O APP???!!!!! DESNECESSÁRIO!!!;1;2026-04-03 12:33:24;5.23.1;Caixa;negative;0.957588791847229
cd8271b4b9aa4576d497b6e8fd2945da;precisava de desbloqueia o aplicativo no meu celular.e hj que e tudo feito por celular. eu vou ter que ir em uma caixa pra desbloquear o meu aplicativo. só vcs mesmo.😡😡😡😡;1;2026-04-03 12:24:59;;Caixa;negative;0.8755515813827515
e3ea13b514651e6a39aefa7ff5b93e4f;não consigo o comprovante de pagamento;1;2026-04-03 12:07:19;5.23.1;Caixa;negative;0.7081133723258972
c001952dce94a7de8d8f3f221ca50e19;pior banco do mundo bloqueram minha senha de transferência não conseguem resolver online tenho que ir em uma agência morro na roça a uns 100 km da cidade bando de ladrão vol pasar meu feriado sem dinheiro porque não conseguem desbloquear uma simples senha vol procurar meus direitos pois o dinheiro era pra pasar o feriado e bloquearam isso e danos morais;1;2026-04-03 11:48:04;5.23.1;Caixa;negative;0.9522630572319032
96743297495fd8a5a6d997243c8b1401;muito ruim, pede para atualizar e não permiti fazer os processos;1;2026-04-03 11:21:27;5.23.1;Caixa;negative;0.9429385662078856
c48001bbe4eb218f4aa43d0acaa158fa;as vezes fora do ar e dificuldade para acessar os cartões de crédito;4;2026-04-03 11:19:47;5.23.1;Caixa;negative;0.7879969477653503
dcaa952cb31cdb64abed2ae306ea376b;como pode um app de banco ser tão ruim?!?;1;2026-04-03 11:10:11;5.23.1;Caixa;negative;0.932176113128662
7221dd988c61b5675d383c8e0195a85e;De verdade, os desenvolvedores do banco dificultaram demais a interação do usuário com o aplicativo. A navegação do banco é péssima e horrível de intuitiva, você sempre precisa entrar em vários lugares para conseguir o que quer. Fora as vezes que quando você aperta acidentalmente o botão de voltar do celular, ou até mesmo o voltar do aplicativo, ele volta para a tela inicial. Isso é uma palhaçada mesmo! E, quando você precisar de suporte no geral, ficará esperando, pois não um que atenda bem.;1;2026-04-03 11:06:22;5.23.1;Caixa;negative;0.9369153380393982
3a027ff07c38c3ffbf7fa6115ef9cb79;Não está carregando as faturas de cartão de crédito;1;2026-04-03 10:41:26;;Caixa;negative;0.5513676404953003
1f6d60a940485e32c5faf1982818adf2;não funciona, sequer abre, interferência nos outros App's;1;2026-04-03 10:37:35;;Caixa;negative;0.8140021562576294
4160e6ce7dfc6ce3769ba42439d6274e;meu aplicativo faz mais de dois dias que não abre não sei mais o que fazer;5;2026-04-03 09:24:32;4.6.1;Caixa;negative;0.8665371537208557
7fc8d726c02629848d25f635c9fcb090;MUDEI DE APARELHO, E FIQUEI SEM ACESSO A MINHA CONTA;1;2026-04-03 08:50:46;;Caixa;negative;0.8944594264030457
276118b854000a9ff20fd1ab937c526b;O aplicativo não permite realizar solicitação de novo login, está bloqueado há mais de 24 horas e sempre gera a mesma mensagem. Tente de novo em 1 minuto, mas, ao tentar, não desbloqueia.;1;2026-04-03 08:43:12;5.6.0;Caixa;negative;0.72666996717453
b84a2a57d8fb258d96ffa46ebe0f3984;feriado e o app não abre entrou em recesso também cada dia pior aplicativo da caixa;1;2026-04-03 08:24:05;5.23.1;Caixa;negative;0.9426661729812622
f91283d98dae2f89cfbab5575fd876f0;O pior aplicativo de banco que existe, toda vez que tento entrar ele não reconhece a minha senha, faço o cadastro novamente e continua não reconhecendo a senha Impossível de usar!;1;2026-04-03 07:50:03;5.23.1;Caixa;negative;0.947431206703186
188c34ca89211843758fa55d0d09b689;erro ao acessar conta, ficando impossível pagar dívidas em pleno feriado;1;2026-04-03 07:06:33;;Caixa;negative;0.8923041224479675
b2f37f5e72d1fa556f78f4ce51226ae7;O pior aplicativo de Banco que já vi. toda hora pedi pra trocar usuário e senha.;1;2026-04-03 06:57:59;5.23.1;Caixa;negative;0.9411804676055908
1daaaa77325f52a6c5b5c4551a512cc1;o app vira e mexe não aceita acessar com a digital;2;2026-04-03 06:49:31;4.3.1;Caixa;negative;0.8345022201538086
06bfd733ed433c0892d374419c07802c;sou cliente da Caixa a mais de 40 anos e nunca passei tanta raiva com a caixa como agora, está é a segunda vez que acontece em menos de um mês, e agora já tem 3 dias que não consigo utilizar o aplicativo da caixa, isso é uma verdadeira falta de respeito para com o cliente, será quando vai solucionar este problema. É um absurdo. Uma falta de respeito.;1;2026-04-03 06:36:32;5.23.1;Caixa;negative;0.9448145627975464
d44cdc450703a860ded910c49950477c;Desde ontem não consigo acessar minha conta pelo aplicativo. É muito comum isso acontecer. Não recomendo;1;2026-04-03 06:14:18;5.23.1;Caixa;negative;0.929421067237854
276b8ff45a6b20310f4cd00ec8f543b7;O app vive falhando no acesso por biometria, mesmo com senha n faz o login, é so ficar uns dias sem acessar a conta q prexisa reconfigurar tudo;1;2026-04-03 06:13:10;5.23.1;Caixa;negative;0.8951351642608643
fa807355e85e78e5f8f303149b4a09ff;não irei recordar, acabei de abrir uma conta não faz 2 meses e já bloqueou meu acesso! agora feriado, não recebi meu cartão, vou passar final de semana com dinheiro bloqueado. Pensando no lado bom não irei gastar, kkkk mas é muita falta de respeito com o povo!;2;2026-04-03 04:31:20;5.23.1;Caixa;negative;0.8254666924476624
5e1db21c874ca6e4c6506ec16e1d6aed;e muito ruim pra entrar no app buga muito!;1;2026-04-03 01:00:21;5.23.1;Caixa;negative;0.9354007244110109
016274c0ef7ba3a5cfaf0aa4124f1d27;como tem um banco que fica 2 dias sem conseguir entrar. Incrível o descaso com o cliente!;1;2026-04-03 00:27:20;;Caixa;negative;0.9577313661575316
60252445ddd2287741765df56117cf6f;tava tentando abrir a caixa e não tava aparecendo meus dados de usuário;2;2026-04-03 00:22:21;5.23.1;Caixa;negative;0.5431072115898132
53b8773da3a872d9fd7b3daf4e9ba529;APP HORRÍVEL, DESINSTALEI O APP E BAIXEI NOVAMENTE,E PEDIU PARA IR NA CAIXA PARA ENTRAR NA MINHA CONTA,SEM NECESSIDADE,SABENDO QUE EU POSSO MUITO BEM LOGAR PELO CLL MAIS ESSE APP N PERMITE,Q APP HORRÍVEL 😡😡😡🤬🤬;1;2026-04-02 22:55:32;5.23.1;Caixa;negative;0.9527250528335572
38dbb01e800b12660dd3126232ad02f8;ponho a senha correta e nao abre so abre depois 2 tentativas;3;2026-04-02 22:45:52;5.23.1;Caixa;negative;0.5443516373634338
ac5a5462a697895a7eea330520e58af5;essas senhas horrorosas chatas;1;2026-04-02 22:37:56;5.23.1;Caixa;negative;0.9570299983024596
93d313c7f1a87164a388aa0b42e1c25f;Teria tudo para ser um bom app, mas é muito chato, sempre dá erro no login, tem que recadastrar tudo novamente é muito burocracia para nada!!!!!!;1;2026-04-02 21:41:07;5.23.1;Caixa;negative;0.9466858506202698
9e6065af46778020b2f076938645391e;pior app de banco que já existiu, não tem suporte, todo login é bugado. Sempre pede pra fazer cadastro e nunca dá certo;1;2026-04-02 21:37:48;5.23.1;Caixa;negative;0.9376779794692992
17d12ded5adb3487280756c1fe971ff1;app horrível, banco pior. N fazem nada direito;1;2026-04-02 21:01:59;5.23.1;Caixa;negative;0.9555230140686036
c740f983265e12f3dbb0132c3611dde8;não consigo acessar minha conta aparece erro A -AUT- SEM, estão um milhão de anos atrasados em relação a nu bank, já segui as orientações do suporte e continua o mesmo erro.;1;2026-04-02 20:31:34;5.23.1;Caixa;negative;0.8786802291870117
3aed9328df8bb9adf180b713fcc28c75;É que do nada para de funcionar e se vou fazer pix, o aplicativo impõe valores e horários pra pagar.;4;2026-04-02 20:29:22;5.23.1;Caixa;negative;0.6598770618438721
9ee3d84f281bca9871c7c6285d1751b9;esse aplicativo da caixa e um lixo;1;2026-04-02 20:28:13;5.23.1;Caixa;negative;0.9562148451805116
96bc32942c736967321757b352c5ac3a;Ao acessar a conta, não aceita usuário, nem senha. Manda criar novo, pede reconhecimento facial, único procedimento disponibilizado, mesmo com várias tentativas, é negado.;1;2026-04-02 20:18:29;5.23.1;Caixa;negative;0.8025612235069275
8f17e04a309a507f9935d9b927c01278;mais um aplicativo ridículo e horrível de usar, simplesmente criei um cadastro, salvei a senha e mesmo assim não entra. INÚTIL!! e simplesmente nojento e porco o serviço da caixa.;1;2026-04-02 19:59:39;5.23.1;Caixa;negative;0.965922474861145
d37cbc6701dbc5c26b3bc71d1c4a9720;não consigo entrar no aplicativo;3;2026-04-02 19:52:51;5.23.1;Caixa;negative;0.7938956022262573
57b82dca5e54bb0e373dab742a441a10;fiz atualização do aplicativo várias vezes durante o dia, e quando vou assesar a conta não consigo, resumindo ficou horrível. essa nova versão .;1;2026-04-02 19:49:20;;Caixa;negative;0.9475748538970948
d3b582c369556139983c3b0f9f83eea2;nao consigo mais ter acesso ao app , to irritado ja , tem dinheiro na conta e nao consigo entra de jeito nenhum, oque eu faço ????;1;2026-04-02 19:34:37;5.23.1;Caixa;negative;0.9092094302177428
3a80e33ebce2d53e7aab3bc3a6497a08;péssimo da problema toda vez que você precisa;1;2026-04-02 19:28:03;5.23.1;Caixa;negative;0.9185999631881714
99e55896229d0b7e669f418c015cf068;acho que cada vez que atualizam complica mais os clientes como eu com 76 anos toda mudança e complicada a mudança da senha agora com letras e números só nos complicam temos que decorar novamente vocês se esquecem da terceira idade e fomos nos que trabalhamos muito para que a nova geração usufruicem dessa tecnologia. Fomos esquecidos e marginalizados.;1;2026-04-02 19:22:39;5.23.1;Caixa;negative;0.8664116263389587
548bb95af2ad7d38d024ed82b5060455;eu 70 reas na minha conta não gastei dumiu;1;2026-04-02 19:05:51;5.23.1;Caixa;negative;0.4508175849914551
8cb48e558c7507517219ad423ce8b3c0;Esse app é horrível, já vai fazer um ano que estou usando E infelizmente só decepção Sempre preciso ir na caixa econômica. para desbloquear o Pix Quando vou fazer um pix do você não pode fazer esse serviço senha BLOQUEADA. Como você bloqueia uma sem DIGITAR Não abre nem para gente ver o saldo só decepção Como se erra uma senha sem Ter DIGITADO Me explica Por favor;1;2026-04-02 19:03:40;5.23.1;Caixa;negative;0.8778490424156189
c512aefdec183ce791fdad8b3dd6f0b6;app para de funcionar e pede novo acesso com muita frequência, atrapalhando o uso e gerando transtornos, sem contar que precisa fazer o processo de cadastro várias vezes até funcionar de fato.;1;2026-04-02 19:02:19;5.23.1;Caixa;negative;0.881227970123291
fb98ed3313b6d6b3fa609eb660c281f3;péssimo aplicativo. ficou o dia todo sem funcionar. esta atualizada. mesmo assim, ficou sem funcionar. retornando somente agora a noite. ainda tive que gerar novo usuário...;1;2026-04-02 18:55:08;5.23.1;Caixa;negative;0.9360488057136536
4fda85cd296aeaef894b9d6d6b06bc57;horrível, não consigo logar, só aparece erro inesperado.;1;2026-04-02 18:52:42;5.23.1;Caixa;negative;0.9382471442222596
5e20ea84df92424f4b85fdb12e22c7cc;ruim de mais só fica fora pedindo pra cadastrar novo usuário;1;2026-04-02 18:41:36;5.23.1;Caixa;negative;0.8963499069213867
f0eebb7cfacbbc7d14eadfa50fed9f42;aplicativo está travando muito, horrível. aplicativo continua dando problemas, é horrível isso , sempre trava, vergonhoso 02/04/26;1;2026-04-02 18:26:00;5.23.1;Caixa;negative;0.958315908908844
3a1eaf66510dbcf7049b74eba99923d4;aplicativo LIXO, parece que foi criado por crianças, todo cheio de bugs.;1;2026-04-02 18:19:14;;Caixa;negative;0.9436615705490112
e19af4eaa3bcc11b968c52b139996b46;Esse App é uma farsa , toda hora precisa cadastrar usuário e senha 🔑;2;2026-04-02 18:17:31;5.23.1;Caixa;negative;0.898486316204071
8fb1d2001e830f48de5e5c1fe601d54b;não funciona a entrada no aplicativo;1;2026-04-02 18:06:05;5.23.1;Caixa;negative;0.7217621803283691
0d13e8313266a3fd5d48980b0d988a16;não estou conseguindo acessar a conta pelo cartão e pelo pix pode por gentileza mim ajudar?por favor;5;2026-04-02 17:53:39;5.23.1;Caixa;negative;0.6900478601455688
ddbd3409fb8eb6b40738eb5aae6f3f25;ruim de mais 5 dias não consigo entrar na conta;1;2026-04-02 17:45:45;5.23.1;Caixa;negative;0.8664155602455139
4489487d290f285e77ad91d5675a5cf8;esse último dias o aplicativo tá de péssima qualidade😔;1;2026-04-02 17:44:13;5.23.1;Caixa;negative;0.9229452610015868
1b4275ddd62f2eab4774e98c35e82a6e;caixa tá tendo estabilidade no sistema dificuldade de fazer login ``tente mais tarde não foi possível fazer login``;4;2026-04-02 17:40:40;5.23.1;Caixa;negative;0.6561908721923828
aed147736fbe1563e73c010723f7405a;roubaram meu celular e agora tento cadastrar esse app no celular novo, nunca dá certo, vou na agência faço todo procedimento e bloqueia o novo usuário de novo. rapaz pense num app ruim como é que pode?;1;2026-04-02 17:27:33;5.23.1;Caixa;negative;0.944499135017395
7ee1cd24cd9c7abf2431b791e755106e;toda vez e um problema diferente pra entrar, se fosse um bandido, já tinha dado certo;1;2026-04-02 17:20:40;5.13.1;Caixa;negative;0.8031669855117798
323be65431ef771fc0e8ab7b2c0767b2;não dá pra fazer nada sem q vc tenha q ir no caixa eletrônico, achei q o objetivo de um aplicativo era vc não precisa sair de casa. tudo é burocrático demais... péssimo;1;2026-04-02 17:14:36;5.23.1;Caixa;negative;0.9413077235221864
396a905c891e7de00f24af13d44e8c22;Não consigo entrar mas na minha conta, fica pedindo pra cadastrar outro usuário. Eu nem troquei de dispositivo 😤;2;2026-04-02 16:36:13;5.23.1;Caixa;negative;0.8291171789169312
563f784f8fdf41acc3ea1903a036aaec;O pior App que já usei de um banco. Todo mês precisa ir na agência refazer a senha, por que do nada não reconhece mais. A digital então, nem se fala. Um banco que financia 200.000 e ganha 700.000 como pagamento deveria no mínimo ter um app que preste.;1;2026-04-02 16:26:47;5.23.1;Caixa;negative;0.8841952681541443
ae523409fcbcd0d87c35d4a8f0bbb233;não abre , pede pra criar novo usuário, e depois se cadastrar da erro , já cadastrei e sem sucesso;1;2026-04-02 16:18:50;5.23.1;Caixa;negative;0.8022328615188599
5485ad6aacbe74de57ee2d02bf62697f;Não consigo fazer login, esse X-ID que surgiu está dizendo que o dispositivo não é seguro. Eu não tenho root, não uso modo desenvolvedor, não tenho apps suspeitos(já formatei), não uso VPN. E agora? pago minhas contas como ?;1;2026-04-02 16:18:26;;Caixa;negative;0.823036789894104
aafb1d8f32db6b25554af878d735d62f;Estou enfrentando muita dificuldade com o aplicativo, que apresenta constantes instabilidades e erros. Não consigo acessar minha conta e, ao tentar contato, ninguém atende ou responde. Isso demonstra uma grande falta de respeito com o cliente. Estou bastante insatisfeito com o serviço.” já instalei e desinstalei não da acesso;3;2026-04-02 16:17:25;5.23.1;Caixa;negative;0.921642243862152
cfae98526735ba9e1c68b3c469176a0d;Que aplicativo ruim é esse, vive saindo e pra voltar é um trabalho danado, de todos app de banco esse é o pior, sem dúvidas. nunca vi aplicativo tão ruim em toda minha vida.;2;2026-04-02 16:16:19;5.23.1;Caixa;negative;0.9618763327598572
cbde1943fc2d6dade96ed67bc3ca353e;muito ruim, é o pior aplicativo dos bancos;1;2026-04-02 15:53:22;5.23.1;Caixa;negative;0.9607919454574584
67d45286aba5cae567af11edfd58a844;"Vive pedindo para trocar usuário e senha. Desde ontem não abre; já desinstalei e instalei várias vezes, mas não abre.";1;2026-04-02 15:46:34;4.6.1;Caixa;negative;0.7842299342155457
6b689503bcf02791370d71362e2b3498;esse aplicativo e ridículo quando assunto e falar com atendente;1;2026-04-02 15:45:12;5.23.1;Caixa;negative;0.9423498511314392
461504f5f1c7056c906ce3ac9b418825;Pior aplicativo de banco disparado. Não reconhece biometria. Manda recadastrar conta. Depois manda procurar agência. Se tenho que ir até agência pra que serve esse aplicativo.;1;2026-04-02 15:42:40;5.23.1;Caixa;negative;0.94358229637146
5c67b2a62fb1b93cf5010ab8b14447a5;depois de 2 anos de tentativas com esse APP, voltei novamente e não consigo acessar minha conta, escrevo usuário e senha e nunca consigo concluir atualização do cadastro!;1;2026-04-02 15:39:57;5.23.1;Caixa;negative;0.8638122081756592
e9f0fe121133ce980d2e1434e2ceb02d;banco simplesmente horrível, quem foi o gênio q inventou essa bomba ?;1;2026-04-02 15:35:36;;Caixa;negative;0.958293616771698
2b828430b73d471b5d08d868879aca43;Desde o dia 1 de abril de 2026 , que não consigo acessar a minha conta, fazer Pix , transferência ou ver saldos.;1;2026-04-02 15:35:23;5.23.1;Caixa;negative;0.629460871219635
15e481d9fd632229366099767b58803f;as vezes fora do ar e o menu com poucas opções e sem praticidade;1;2026-04-02 15:32:26;5.23.1;Caixa;negative;0.8983340263366699
590ad91980f53563891a8d699cd60666;estou tendo problemas em abrir o site e também de saber porque isso está acontecendo.;1;2026-04-02 15:32:13;5.23.1;Caixa;negative;0.7599180340766907
1dbc201f8f40b5b5682f9dd0f55232a6;Só vive, fora do sistema, hoje mesmo até essa hora ainda não voltou. 02/04/2026 Desde manhã cedo.;1;2026-04-02 15:27:22;5.23.1;Caixa;negative;0.4939553141593933
248fa0e941d7024f752fbbcd107154e8;não consigo abrir meu aplicativo da Caixa fica difícil dessa forma tô com dinheiro preso e não consigo entrar;2;2026-04-02 15:27:03;5.22.0;Caixa;negative;0.8998202681541443
0ff813e9c2c86c83e1e7dea1399b1ff9;"não importa a qualidade do celular, esse aplicativo trava, mostra ""sistema indisponível"", ""saldo indisponível"", dentre outros erros. O dinheiro chega lá, mas só sai quando deixam. Em suas respostas os desenvolvedores colocam frases genéricas, que não ajudam em nada, apenas tentam culpar o cliente. Minha colocação não é sobre falta de atualização, já que sem atualizar o aplicativo nem abre. Também não é sobre não saber usar, ou ter que ir a uma página obscura caçar uma resposta.";1;2026-04-02 15:24:02;5.23.1;Caixa;negative;0.7034727334976196
60afb48eefa120cea5eca0ce0b2f36a9;app muito ruim, a cada atualização fica mais burocrático de ter acesso as nossas informações. se vc saiu do app uma vez e quer voltar. tem que iniciar do inicio todo cadastro novamente e demora pra liberar. a impressão que deixa, é que nao quer que acessamos nosso dinheiro. Muito ruim de trabalho;1;2026-04-02 15:17:41;5.23.1;Caixa;negative;0.930920958518982
54c0fd8013979ade1ab01e4934757e02;App trava o tempo todo e sempre pede para trocar seu usuário. Já instalei o app umas 3 ou 4 vezes ele sempre trava e não consigo mais usá-lo, não mantém o perfil do cliente ativo e nunca fica salvo a senha e a biometria. 🤮 Estou considerando trocar de banco.;1;2026-04-02 15:13:31;5.23.1;Caixa;negative;0.8677355647087097
01b7d799cf35a6de310c59d0e7d9fd63;O pior app que já usei, nunca funciona. A caixa é o banco mais ruim que tem, horrível os aplicativos também.;1;2026-04-02 15:13:06;5.23.1;Caixa;negative;0.9615169763565063
bcc3460470b74ac401a4475894da1c22;faturas do cartão demora muito pra carregar;4;2026-04-02 15:11:19;5.23.1;Caixa;negative;0.8095795512199402
e0cfc848152d3d08452638310f15483a;02/04 Mais uma vez o app não funciona. vocês estão de parabéns. E olha que nem teve atualização de versão recente. A solução é migrar de banco, pois agora virou rotina, e ficar indo ao banco n dá. Vocês da área de TI sabem o que está acontecendo. Acessem o aplicativo de vocês que vão saber. O bom é que se,precisar resolver algo urgente, esquece. 19/03 com problemas de novo? Esse app vive dando problema. Se eu tiver uma emergência, pode esquecer. Um absurdo, hoje não consegui acessar.;1;2026-04-02 15:10:35;5.23.1;Caixa;negative;0.8073825836181641
1bb11b20066bea17cf0cc172dd2a801b;o app permite pagamento duplo erroneamente. tb aceita agendamento duplo do mesmo pagamento. o atendimento é mais demorado que não agência. além de ser lento e confuso. peguem o programa do BB e adaptem aqui. este app é muito ruim.;2;2026-04-02 15:10:07;5.23.1;Caixa;negative;0.9544067978858948
123139f8445bdc35ef1b68cc6fbabf1b;Pior app de banco que existe! Tem leitura de digital (biometria)que não serve pra nada, porque sempre está pedindo: senha, usuário, CPF... Coloca a senha certa e diz que está errado, Se vai mudar de senha, diz que é a atual. Fora que trava quando vai fazer Pix fazendo a gente passar vergonha. Mesmo o aplicativo atualizado, ainda continua dando os mesmos problemas. Era pra ser prático, moderno e é Horrível!;1;2026-04-02 15:02:13;5.23.1;Caixa;negative;0.9522321224212646
cb586507ff5eaf5662b1876ec8aa3d99;boa não teu conseguindo acessar minha conta já coloquei meus dados fiz biometria facial e até agora não liberaram o acesso oxe Desna de de manhã até agora tão analisando os dados isto e um absurdo;2;2026-04-02 14:50:18;5.13.1;Caixa;negative;0.8982371687889099
32e35aea6d03c74686c4069b44a398c9;cada dia pior, tira o acesso ao app por biometria sem nem uma razão e ao tentar redefinir a senha deixa em aguardo sem previsão de acesso, não confiem em deixar dinheiro na conta, pois pode atrapalhar as suas atividades para pagamento.;1;2026-04-02 14:48:43;4.9.0;Caixa;negative;0.9199011325836182
43492b4d29f75c8630a176c83450237d;nao consigo acessar minha conta, fica aparecendo dispositivo inseguro, mesmo concedendo todas as permissões necessárias. Já instalei, reistalei, limpei cache, fiz de tudo mas não consigo entrar na minha conta.;1;2026-04-02 14:47:44;5.23.1;Caixa;negative;0.8749591708183289
f6ca2f360ae134914d8d8d68329a6d03;péssima. estou sem acesso a minha conta;1;2026-04-02 14:38:23;;Caixa;negative;0.9149176478385924
f3824863bdc836fb741910e59252a333;toda hora cai a minha digital,da erro,já foi a terceira vez que cadastrei usuário e senha;3;2026-04-02 14:33:41;5.23.1;Caixa;negative;0.8531284332275391
26726df39e49a0106be465f6a8840fa9;simplesmente não consigo mais entrar;2;2026-04-02 14:30:04;;Caixa;negative;0.8821566104888916
007c537812ec716a8ded1e047ffbab01;Quase todas as vezes que preciso usar não consigo acessar por biometria, a senha nunca dá certo, agora estou desde as 11:40h( são 14:26) p validar um novo login.;1;2026-04-02 14:26:32;5.23.1;Caixa;negative;0.8047673106193542
e9824643467c4dcd7fc41b8d3959159a;Que aplicativo ruim, toda vez pede atualizações ai la vai eu trocar de senha e usuário, do nada voce coloca digital e ele perde o acesso tambem, e voce precisa criar um novo usuario;1;2026-04-02 14:26:27;;Caixa;negative;0.9233372807502748
e6786130c0c4863d7335b2b85c3cfd9f;login rosto e complicado fica difícil de fazer.;4;2026-04-02 14:25:00;5.23.1;Caixa;negative;0.7450992465019226
00c876202b99b4381d74cbf8336829ca;Após atualizar o App, o mesmo pediu para recadastrar, mas sempre que concluo o recadastramento, ao tentar logar, solicita de forma cíclica para recadastrar novamente. Me ajudem a voltar a utilizar o app continuo sem acesso, logo não consigo fazer login para acessar o site indicado aqui!;1;2026-04-02 14:20:18;;Caixa;negative;0.7897434234619141
f99dfaa07ec55bc6d9899e966add834f;horrível essa App pode deixar vc na mão em qualquer momento, por instabilidade;1;2026-04-02 14:16:58;5.23.1;Caixa;negative;0.9393640160560608
a4fee402b8faebc61a9a5d047c0ddd8a;Infelizmente é ruim como qualquer serviço do governo. O app bloqueia senha, dificulta muito o acesso, ruim de usar, difícil de acessar, manter o app conectado é impossível. sempre que preciso acessar tenho que trocar a senha por que o app não reconhece a senha anterior e diz que está errada. A gente só usa por que não tem jeito.;1;2026-04-02 14:16:19;5.23.1;Caixa;negative;0.9430259466171264
598ec1f66a2e5ed2feb720769023950f;Horrível, vergonhoso, um app que não abre, péssimo, deixa a desejar com o cliente na hora que mais se precisa! Haja paciência!;1;2026-04-02 14:14:33;5.23.1;Caixa;negative;0.958607256412506
a1a74fd1bdee5fb8887f3700420d446e;Pior aplicativo banco . Todo mes vc tem que fazer um novo cadastro de usuário. bizarro.;1;2026-04-02 14:08:14;5.23.1;Caixa;negative;0.9398578405380248
b1785738203ef57a5e4987e0a41b38fc;péssimo aplicativo na minha opinião, não é a primeira nem a segunda vez que eu peço a acesso a conta. faço um novo cadastro é tudo volta ao normal é passa um tempo depois acontece a mesma coisa. Estou com um dinheiro preso na conta é não consigo acessar a minha conta para fazer um Pix já desinstalei é instalei de novo é está do mesmo jeito. vou dar um jeito de ir tirar o dinheiro é esquecer dessa conta da caixa horrível a minha experiência com a caixa econômica.;1;2026-04-02 14:06:38;4.6.1;Caixa;negative;0.9256020188331604
3bb211789afd8936b7b3b7c7d9873a61;App só vive dando problema, não consigo acessar a conta. Desinstalei e reinstalei e não funciona de jeito nenhum.;2;2026-04-02 14:05:46;5.23.1;Caixa;negative;0.8716462254524231
659387ddd0edfee5246f4cdce165c38c;péssimo, nunca entra, sempre fica pedindo para criar um novo usuário, horrível;1;2026-04-02 14:00:25;5.23.1;Caixa;negative;0.9475528597831726
85fbca9efb4d7c63a9168f2053586836;Estou excluindo esse app e minha conta, não uso isso nunca mais. Sempre lento, pede senha toda hora, verificações. Todo mês o app da erro e eu tenho que refazer o cadastro e fazer outra senha. Horrível, me faz passar constrangimento ao precisar pagar alguma coisa em um comércio e eu não poder acessar.;1;2026-04-02 13:44:16;5.23.1;Caixa;negative;0.9369162917137146
2c96c0df2d3bb261845a6652c55dd245;esse aplicativo da caixa a cada vez q atualiza ele piora.;3;2026-04-02 13:33:36;;Caixa;negative;0.8584764003753662
2dbff3bbed7398525f7180f772057bac;vcs complicam muito pra os usuários;2;2026-04-02 13:22:16;5.23.1;Caixa;negative;0.9426588416099548
dc71064e1955c8f6f58fa37a6d282cd8;Lento. trava. buga. E começa de novo. isso com celular e internet boa. Como informado trava e buga. Sim atualizado. Pede login novamente. cadastrar novamente. As vezes aceita biometria e as vezes nao.;1;2026-04-02 13:20:59;5.23.1;Caixa;negative;0.821778416633606
62bb029ff7f5cc4d90a9061c20e3a4df;o app ultimamente está caindo durante o uso muito instável;2;2026-04-02 13:19:18;5.23.1;Caixa;negative;0.9042667746543884
64afd52ebfb72c3fbc7711391453e6f6;TODA vez que atualiza não aceita mais a biometria e não aceita a senha. tenho que fazer sempre um usuário novo.;1;2026-04-02 13:15:56;5.23.1;Caixa;negative;0.8232983946800232
d71df41cf90d8be2fd50a10c366019e8;destes de o mês passado não está dando certo eu entra no aplicativo;1;2026-04-02 13:11:28;5.23.1;Caixa;negative;0.7415149211883545
0213c89b1964a1aa7d105997d21c6678;não consigo ver aplicação no momento.;2;2026-04-02 13:09:27;5.23.1;Caixa;negative;0.5424109101295471
0077ddee28faa541ead22c5b9f661b01;toda vez fica dando erro no login, e quando cadastra dinovo tem que comparecer na agência para desbloquear o aparelho, uma palhaçada isso, frustrante;2;2026-04-02 13:03:30;5.23.1;Caixa;negative;0.9525227546691896
27838bda690e43a1cd3caf7e16a0ef5e;"Pior a cada dia sempre com ""bug"" toda hora quer que faça novo cadastro vive com erros não acessa. horrível não resolve sempre igual faça novo cadastro erro (B-SHN-44) está escrito o erro constante a dias acima pede pra cadastrar o usuário aprova e gera o mesmo erro (B-SHN-44)";1;2026-04-02 12:58:21;;Caixa;negative;0.9390493631362916
d41a149e9bc74fd97f468f2a2efa51a9;horrível! bloqueia me acesso do nada e quando faço um novo cadastro, não me deixa entrar no aplicativo;1;2026-04-02 12:57:55;5.21.1;Caixa;negative;0.937490940093994
438c3743ff7047bfd31d935fd21e7a5b;vive dando erro pra logar, não é prático pra usar e tem inconsistências dentro dele. se não tivesse conta em outro banco já teria passado muito perrengue por causa desse app. em resposta ao comentário da caixa, faço isso de desinstalar pelo menos uma vez por mês. tem 2 dias que não consigo acessar o aplicativo, mesmo já tendo reinstalado. quanto a entender o que está acontecendo, bem, meu comentário é bem claro.;1;2026-04-02 12:53:58;5.23.1;Caixa;negative;0.8908500075340271
7f03d55d35d449e1cc5724da3df5a266;péssimo aplicativo! É difícil de criar a conta, o aplicativo é de difícil de entrar na conta já criada. Muita burocracia, deveriam facilitar mais para os usuários.;1;2026-04-02 12:42:17;5.23.1;Caixa;negative;0.9474816918373108
702a103c65dce719dd40d848061d2183;Não estou conseguindo fazer Pix, mesmo com o app atualizado. A aba do pix fica carregando e não abre.;1;2026-04-02 12:39:30;5.23.1;Caixa;negative;0.8414357900619507
d63ce09e16e9b92d1e86bac397944f67;aplicativo está deixando a desejar, simplesmente bloqueou não tem o que fazer,fui até a agência e não podem fazer nada, milhares de pessoas estavam lá pelo mesmo motivo que eu, não tem nem como entrar,espero que resolvam logo pois dependendo dele pra pagamentos.;2;2026-04-02 12:31:17;5.23.1;Caixa;negative;0.9233575463294984
7d6298b1263c941d4d66820268c15622;Quando fica fora do ar seria interessante mandar uma mensagem. Ficamos sem saber se pode ser alguma tentativa de fraude e isso nos deixa apreensivos.;4;2026-04-02 12:29:04;5.23.1;Caixa;negative;0.6145555377006531
3fd2e2c1f9b676032acab595f9791b7a;muito bugado app, nao abre saldo, da erro pra acessar a conta. e todos os bancos que uso, da caixa e o pior de todos. tudo que vc quer fazer tem que ter muito mais cliques para conseguir uma informação simples.;1;2026-04-02 12:27:24;5.23.1;Caixa;negative;0.916149377822876
3b658d6a3939e5fa5b80079e29a87a2a;O que esta acontecendo com o aplicativo da caixa ja tem uns dias que estou problema,era para ajudar não complicar quero fazer um pagamento de uma conta que vence hj e diz que o aplicativo não está disponível,que ódio..;2;2026-04-02 12:25:02;5.23.1;Caixa;negative;0.940735161304474
15e9db749dac3117c878c5ebc2c02c7a;pra variar, a caixa econômica em nome da segurança barra o acesso do usuário a sua conta. sem qualquer aviso de necessidade de atualização, simplesmente bloqueia o acesso por biometria, pela senha. impõe um recadastramento por reconhecimento facial, que demora para ser validado, e enquanto isso não posso usar o app... que lixo!!;1;2026-04-02 12:23:44;5.23.1;Caixa;negative;0.9389664530754088
222d87eb667d74b02e3eb49525c4beb9;pior aplicativo de banco trava tem q ficar fazendo novo usuário sempre;1;2026-04-02 12:21:31;5.23.1;Caixa;negative;0.9405614733695984
1f48544f34c9e0624e0744809c35ae89;Um lixo de atendimento tenho conta poupança há anos nesse banco e agora estou tentando fazer a portabilidade do meu salário para a Caixa e abri uma conta corrente... meu cartão não chegou até agora. Os atendimentos tanto presenciais quanto por telefone são péssimos desligam na sua cara sem resolver o problema. Atendentes sem educação. Olha é triste viu... Um banco necessário à população tão caótico assim.;1;2026-04-02 12:20:17;5.23.1;Caixa;negative;0.9613156914711
438f2446331f1aaeb6d57c681c22d685;O aplicativo perde o acesso com muita frequência e toda vez que isso acontece é preciso ir ao banco, muito desgastante esse problema;1;2026-04-02 12:17:49;5.23.1;Caixa;negative;0.9176677465438844
3a832a793126c094d661494fd3665252;Sinceramente viu a pessoa não consegue cadastrar 2 contas nesse aplicativo pelo amor de Deus melhorem isso a pessoa precisa usar essa lástima e só tem aborrecimento essa peste desse a aplicativo so faz raiva que a pessoa precisa fazer um pagamento febi do rato🤦🤦🤦🤦🤦🤦;1;2026-04-02 12:10:02;5.23.1;Caixa;negative;0.9559020400047302
86b4bdc2bce0877e0204436338e8490c;deveria fazer uma atualização está dando erro;1;2026-04-02 12:07:27;;Caixa;negative;0.761580228805542
c346d06c5819a6922c0e54e18653dd82;Do nada eu não consigo entrar mais no app, a dois dias tento entrar, refazer senha e nada, volta do início.;1;2026-04-02 12:04:36;5.23.1;Caixa;negative;0.829265832901001
38ede4b01e2f4da0aaeaa1d7dd46265e;ta tendo um erro no app caixa agente entra e fica um círculo laranja gurando e não sai disso atenção desenvolvedores do app veja isso aí;2;2026-04-02 12:01:46;5.23.1;Caixa;negative;0.8933406472206116
d1d47289080ea6f5aac89cef864af62f;Nem as funçoes básicas (saldo e extrato) funcionam corretamente. Precisa melhorar muito.;1;2026-04-02 11:55:49;5.23.1;Caixa;negative;0.7199927568435669
a7a8166e6d5fc29461a27ad5ce367a2d;Que foi isso essa última atualização?? nao consigo fazer login pede o cadastro novo, a gente faz e dá erro, horrivel liberaram pra uso parece que nem testaram... Depois nao querem ficar mal falados do sistema da caixa!;1;2026-04-02 11:54:03;5.23.1;Caixa;negative;0.9454300403594972
5014a95f7472d8f714ef7606400bd770;o app fica dando erro quando na biometria;4;2026-04-02 11:51:43;5.23.1;Caixa;negative;0.8042852878570557
4b7609260fb04ab152ca3ce5f9337c01;toda vez,em menos de seis meses vou acessar o app e dá erro ,sempre na hora que preciso ,mas na hora de tirar dinheiro da minha conta é rápido né caixa ,basta usar o cartão de débito,e pronto desconto rápido, tô cansado dessa palhaçada!!! melhorem isso;2;2026-04-02 11:49:23;5.23.1;Caixa;negative;0.8853054046630859
c27896e94b423cd17cbae8e19a8d0b67;até que foi ótimo só que demora um pouco muito;5;2026-04-02 11:47:35;5.23.1;Caixa;negative;0.604458749294281
709050ebdc8efda12f9a3e04510cf513;Infelizmente tem acontecido de não conseguir acessar minha conta, não permite fazer login, pede para atualizar o cadastro, está horrível esse app.;1;2026-04-02 11:47:16;5.23.1;Caixa;negative;0.9393451809883118
0cdd67a45c6f7511f3d54b6408d9e5f5;O aplicativo não está abrindo não esta aceitando a digital desde o dia 01/04/2026;1;2026-04-02 11:45:04;5.23.1;Caixa;negative;0.6501767635345459
87b77b158ca87494915fb88d43ad3e8f;cada atualização o app só piora , em pleno século 21 a caixa vive nos anos 60;1;2026-04-02 11:42:03;5.23.1;Caixa;negative;0.8806689977645874
88d3fde03b487e064e482a9936cef8f3;péssimo banco por que sempre dar problema. não consigo entrar no dia que mais precisa outros bancos não dá esse tipo de problema.;2;2026-04-02 11:35:01;5.23.1;Caixa;negative;0.9426363110542296
aa98383220be5a514920b59e4f8f71b3;muito ruim não posso fazer nada não consigo entrar;1;2026-04-02 11:30:42;5.23.1;Caixa;negative;0.9246709942817688
5da3cde2eb139269f86feaf815321d3c;Não é ruim e horrível feio de se ver e usar, trava de mais biometria não funciona mais, e cobrado valor depois do dia e descontado dinheiro 2 3 até 4 dias depois da compra ,dinheiro que era pra cair na sua conta não aparece ,trava o carregamento toda hora sem falar que o app só serve pra ver saldo e até nisso e falha. depois de anos sendo ruim eles conseguiram piorar e muito o app desejo tudo de ruim a quem desenvolveu essee mantém a manutenção desse app;1;2026-04-02 11:30:10;5.23.1;Caixa;negative;0.919398069381714
f20faa2769b124b0667564c5cf591792;App com sistema de segurança arcaico que impede o próprio correntista de acessar sua conta.;1;2026-04-02 11:29:35;5.23.1;Caixa;negative;0.8561309576034546
8315c5d09824639bb82785302adc8707;Não consigo acessar minha conta;1;2026-04-02 11:25:58;5.23.1;Caixa;negative;0.7754971981048584
903b0f4af2fb6ab30a843d1516c584e4;App só vem piorando, cada dia que passa...;1;2026-04-02 11:14:19;5.23.1;Caixa;negative;0.875486433506012
ed6d2c7953eda81ca1e22ff3ad8b8c9f;bug app;1;2026-04-02 11:10:29;5.17.0;Caixa;negative;0.7484390139579773
5b2ea98c345f51d1576d638fd9563a5d;A cinta sai sozinha e é um século pra conseguir entrar de novo, não dá pra deixar dinheiro na conta pois quando a gente precisa não consegue acessar;1;2026-04-02 11:09:37;5.23.1;Caixa;negative;0.575480580329895
3b7e23a30ed7c8327d189976063a68d7;não gostei, tenho que fazer pagamento e o aplicativo não abre , tive que abrir outra conta;3;2026-04-02 11:07:27;5.23.1;Caixa;negative;0.8852423429489136
9cd55ee1921370d93cb77994fbafbe57;vcs querem entender? pois bem, vc entra e o aplicativo te pede duas vezes a mesma coisa, hj não consigo por biometria, lá vai senha, sem cobrar que tive que redefinir usuário e senha novamente. mais?? posso escrever;1;2026-04-02 11:04:32;5.23.1;Caixa;negative;0.7266427278518677
bd58abf1c61336df47478987a6f5590d;criei novo usuário e senha novamente esta pedindo aguardar faz 2 horas em análises até agora nada;3;2026-04-02 10:59:55;5.23.1;Caixa;negative;0.5847130417823792
64ee224063a059b8d81326ade90652a6;os números do saldo da conta fico maio Queria que voltasse aser como era antes ficava melhor;5;2026-04-02 10:58:05;5.23.1;Caixa;negative;0.5977168679237366
67dfc5d8b2c152db5b30b5c159cb3972;O extrato antigo era melhor quando era as cores azul o d agora é um pouco difícil d entender;2;2026-04-02 10:47:39;5.23.1;Caixa;negative;0.8230184316635132
955d7a2eb34a148bf638f9c985a420d8;hoje 02/03/ 21 Pior app do planeta terra não tem lógico um app tão ruim so funciona a hora que ele quer toda hora da usuário bloqueado a hora que vc mais precisa ele não funciona hoje dia 02/04/26 continua muito ruim não entra pede para cadastrar no usuário faz o cadastro e nada como pode um app tão ruim 🥵😡;1;2026-04-02 10:44:20;5.23.1;Caixa;negative;0.9174138307571412
c7463febf2c54ab8f49d7c4330cfc4a1;02/04/2026. Já editei por diversas vezes as minhas avaliações ao longo de alguns anos, infelizmente sempre negativa, esse app se supera em dificultar o acesso, mais uma vez passando para informar que o login é um lixo, sempre deixa de reconhecer a biometria e pra fazer um novo cadastro é um problema.;1;2026-04-02 10:44:19;5.6.0;Caixa;negative;0.9496130347251892
b2012606de91c7350955a09f55f6996b;app não está fazendo o login desde ontem ... até agora estou sem fazer meus compromissos... o que está acontecendo?;1;2026-04-02 10:29:15;5.23.1;Caixa;negative;0.7209687829017639
785a683029d99d38678b77ec3f6732be;toda hora tá pedindo atualização;4;2026-04-02 10:26:55;5.23.1;Caixa;negative;0.7427546977996826
3ec313f0a17177f93b8a3e71d789cfb3;esse app não funciona estou com dinheiro parado e não consigo movimentar no PIX;2;2026-04-02 10:22:56;5.23.1;Caixa;negative;0.8484908938407898
ee2729861c5926caa02bec1670887215;Pior app que existe, muito lixo.;1;2026-04-02 10:18:29;5.23.1;Caixa;negative;0.9612275958061218
575040eca993022f0e15333af2ed2b95;Não poderia ser pior, não consigo sequer criar uma conta, sem falha na biometria fácil, ou cair em serviço indisponível...;1;2026-04-02 10:17:00;;Caixa;negative;0.8776553869247437
9b2bd770bb286767b771565cdd2886fc;não consigo acessar o meu APP tá péssimo hj;1;2026-04-02 10:16:11;5.23.1;Caixa;negative;0.9395443201065063
9585c81847143f5fb30650987408aefb;Sem condições! Uma luta pra conseguir entrar no aplicativo! A msg diz que a Internet pode estar lenta, NÃO ESTÁ! O aplicativo é péssimo, bug atrás de bug, te deixa na mão quando você mais precisa. Aí vc vem aqui reclamar, eles respondem perguntando se o app está atualizado, sim, ESTÁ! Ele só é ruim mesmo, muito ruim!;1;2026-04-02 10:11:20;5.23.1;Caixa;negative;0.943786323070526
6842d0ace07e0ba90234a42cc187c4d7;O app apresenta falhas de login, entro com a biometria, da erro, coloco minha senha e diz pra cadastrar um novo usuário, cadastro mas o código não chega no whatsapp, meu chip tem crédito, mas fica essa frescura e enquanto isso fico com meu dinheiro preso. Isso é um absurdo!;1;2026-04-02 09:56:57;5.23.1;Caixa;negative;0.9394470453262328
ff1d3839bc1ce303186afc6e78c41fa0;Como Pode um Banco deste Tamanho, Ter um Aplicativo LIXO Desse.;1;2026-04-02 09:48:02;5.23.1;Caixa;negative;0.8720089793205261
f3118cd320d38f6959fc60307672828b;vive perdendo o login;1;2026-04-02 09:40:42;5.23.1;Caixa;negative;0.8426567316055298
f93c238c1d29c5ca9c2e15e60f5ecc34;era o melhor banco, agora todo mês tem atualização e sai o cadastro, tenho q tá fazendo tudo d novo, preciso pagar contas urgente e fica atrapalhando.;2;2026-04-02 09:35:52;5.23.1;Caixa;negative;0.8761876225471497
297ab3ec70ce37cda647299ab6c00205;ABRI UMA CONTA ,MAS NÃO ANOTEI OS DADOS DELA, PQ ENTRAVA COM.BIOMETRIA. PERDI O ACESSO. E NÃO CONSIGO ENTRAR NA CONTA,PQ NÃO RECEBO O CÓDIGO DE REDEFINIÇÃO DE USUÁRIO E NEM DE SENHA. AFF. A CONTA É NOVA. E TO COM GRANA LA Q PRECISO SACAR. MAS NÃO TENHO O DADOS DA CONTA.;1;2026-04-02 09:35:01;5.23.1;Caixa;negative;0.7120289206504822
6732935644da2281c7ba2fd4c03d0ee3;App não funciona para entrar na conta , com digital e lembrar usuário ativado desde 1/04/2026. como resolver CAIXA ECONÔMICA;1;2026-04-02 09:33:23;5.23.1;Caixa;negative;0.7632378935813904
ad6a86b8ee1e316bbaf7a05f21501237;péssimo não abre quando a gente precisa,Pix e pagar conta demora pra abrir e ainda a gente passa vergonha no comércio pq não abre quando precisa.;2;2026-04-02 09:21:46;5.23.1;Caixa;negative;0.9299142956733704
6e3350b1847bb42fa12446e3ecea70eb;"Nesse exato momento, hoje. Não, tá funcionando, o login com biometria, em seguida exige login com senha. Quando adiciono a senha, dá erro, não consigo acessar o App Caixa. O código não está chegando, até WhatsApp. """"Atenção jurídico da Caixa Econômica Federal, as bizarrices criminosas da plataforma Whatsapp ⁉️ Péssimo, terei de cadastrar, usuário e senha novamente App Caixa? """"APP CAIXA VERSÃO 5.23.1 P";1;2026-04-02 09:13:59;5.23.1;Caixa;negative;0.927286684513092
54ddacda43f0c12fd88f68dc7bcd183c;esse aplicativo precisa de reparos pois toda vez desaparece minha conta;1;2026-04-02 09:12:31;;Caixa;negative;0.8389725685119629
530ae1d6d8950eabe2bf746fa9cae3d6;aplicativo péssimo, ruim pra manusear, e vc faz cadastro de biometria, o app de vez em sempre recusa.;2;2026-04-02 09:08:44;5.23.1;Caixa;negative;0.9454156756401062
70b8ed7137fb70346068c10637f0f338;SE NÃO ENTENDEU AI FICA DIFÍCIL ,EM MUNDO VIVE 🫣CAIXA ECONÔMICA FEDERAL , TO CADASTRADO NO DDA NA CONTA CORRENTE , NOTIFICAÇÕES DDA EM COF NÃO ESTÃO ENVIANDO NOTIFICAÇÃO DDA ..JA FIZ DE TUDO PARA RECEBER NOTIFICAÇÕES DDA ..OU VOCES AINDA TEM QUE ADAPTAR OS ENVIOS NOTIFICAÇÃO DDA Para EU RECEBER NOTIFICAÇÕES NO PUSH OU SMS DDA;2;2026-04-02 09:06:58;5.23.1;Caixa;negative;0.4332829713821411
2ad80412596078d5c52b2217591e0e42;O app dá erro para acesso com a biometria com frequência. quando a gente precisa fazer uma transferência o app está indisponível no momento.;1;2026-04-02 09:02:23;5.23.1;Caixa;negative;0.6963151097297668
0e3ec121ea585f21b3ec1d957910b572;eu n consigo fazer o cadastro de jeito nenhum horrível esta aff;1;2026-04-02 08:58:33;5.23.1;Caixa;negative;0.9404338598251344
459abb6362ab35e483c70f9030e92134;toda vez fica pedindo para criar um novo usuário. e agora com esse reconhecimento de rosto não está dando certo entrar na minha própria conta. sinceramente, cada dia pior. eu não consigo entrar na minha conta. pedi para fazer um novo usuário e depois pedi para cadastrar um rosto e depois não aceita.;2;2026-04-02 08:47:34;;Caixa;negative;0.9275014400482178
6f3059fd2b7207ff80b92322f76f7418;não se consegue visualizar as transferências agendadas aparece muitas inconsistência nos relatórios difícil faser mudança nos agendamentos ou até mesmo saber se eles existem assim não se pode ter sertesa se foram cancelados ou não;3;2026-04-02 08:39:02;5.23.1;Caixa;negative;0.7810836434364319
7e8a3fb439618a5e52e64d4625be2f52;é comum o app deixar de funcionar, não reconhece a biometria e nem a senha, deixa o usuário sem nenhum tipo de acesso. não consigo acessar pela biometria, ao tentar com login e senha pé de novo cadastro, e ao tentar o cadastro informa que um código de validação será enviada por WhatsApp, porém esse código nunca chega.;2;2026-04-02 08:34:28;5.23.1;Caixa;negative;0.7860947847366333
0cc183a81a6bec57078b8c4d0e571226;Desde de ontem que não consigo entrar no aplicativo, fala erro na senha.;2;2026-04-02 08:28:32;5.23.1;Caixa;negative;0.8102565407752991
2d7be1dff1b6e814def1de4876447e61;nada funciona, vive dando erro, atualizaram jo 2/03/26, não recebo a msg com código de verificação, sigo em esqueci a senha , válida e não recebo código no Wats. Não tenho a opção de cadastrar novo usuário, pois volta a maldita tela.Atendimento no watts não tem a opção que ajuda a resolver.;3;2026-04-02 08:24:44;5.23.1;Caixa;negative;0.872741162776947
97749d6c0d477c78383278075388d964;muito ruim péssimo, estou um dia sem conseguir usar o aplicativo.;1;2026-04-02 08:16:22;5.23.1;Caixa;negative;0.9428272247314452
b52d0547a351e3ca302cb657407bad19;estou com um problema com código 6901 e não consigo acessar minha conta poderia me ajudar;1;2026-04-02 08:02:40;5.23.1;Caixa;negative;0.7415664196014404
8767c32d8feb217875eaaa8afe32e79f;"O mais lento e mais ""antigo"" no sistema. É lerdo. Demais. atualizou, mas ainda precisa melhorar muito. tenho outros, só esse, pede senha mesmo colocando digital, a gente põe digital e depois de algumas vezes, pede senha. além de atrasar pra abrir, atrasar durante o uso, ainda pede senha, mesmo colocando digital. o mais lento de todos é esse.";3;2026-04-02 08:00:15;;Caixa;negative;0.7984148859977722
ea8d477a97d789b0e6bba3d94b57066d;esse app é uma bomba demora muito carregando, vc tem q ficar saindo e entrando no app para abrir e o problema não é a Internet;1;2026-04-02 07:52:27;;Caixa;negative;0.8461784720420837
cace58fa09814bdc08e55a75e5c0ebd4;desde cedo não consigo entrar da falha e pede senha quando ponho senha pese cadastrar outro o problema que se redefinir tem ir toda vez na caixa eletrônico desbloquear e até agora nada de conseguir entrar e não tem atualização as aparecendo pra mim;1;2026-04-02 07:48:20;5.23.1;Caixa;negative;0.849917471408844
8b931dbe20e48b31e38cd366a15767b1;só está travando. pior aplicativo . Não tem como acessar minha conta.;1;2026-04-02 07:34:27;5.23.1;Caixa;negative;0.9355644583702089
817951625cb8e40f6b9038d31a024413;já foi melhor hoje nao quer mais fazer login mesmo com a senha certa não consigo nem criar outro usuário pq ele da erro o aplicativo não loga não faz nada ele da erro de internet mesmo o celular estando conectado ele bloqueia os loguins sozinho e vc não consegue fazer nada o aplicativo está na última versão já exclui baixei novamente e nada resolvido;2;2026-04-02 07:17:51;5.23.1;Caixa;negative;0.8486185669898987
7a70078545d6be13b52c6388e5974814;aparece a seguinte mensagem Algo não saiu como o esperado! VERIFIQUE O USUÁRIO INFORMADO OU CADASTRE UM NOVO USUÁRIO. (B-USU-02)Cadastrar outro menos usuário às vezes você não consigo entrar no aplicativo o meu celular é o moto g75 android 16,não consigo mesmo tentando cadastrar outro usuário ele pede para tirar uma foto do rosto quando eu tirar foto do rosto dá erro ih já foi na caixa e não consegui resolver o aplicativo está atualizado;1;2026-04-02 07:15:10;5.23.1;Caixa;negative;0.7703798413276672
3d71419f59ba00d738077dc1592905d9;Depois de uma atualização, o app está deixando muito a desejar, já me deixou na mão várias vezes qnd precisei pagar um Uber, uma conta de restaurante, no supermercado.. não reconhecendo minha biometria, fico sem conseguir acessar e sem poder efetuar meus pagamentos, um absurdo isso! Por favor consertem isso!!!;2;2026-04-02 06:57:02;5.23.1;Caixa;negative;0.90668785572052
57df7607fb8d13791326f4c928bbea84;Horrível, vive falhando pra logar, mandando fazer um novo usuário... a parte responsável por esse app deveria ser trocada, ou fazem isso de propósito pra alguma coisa? Não é possível tanto bug o tempo inteiro! Infelizmente somos presos à caixa econômica por algumas questões trabalhistas, senão , já não usaria esse banco há tempos!;1;2026-04-02 06:43:50;5.23.1;Caixa;negative;0.9437646865844728
29f47153d71eeffaf9559c5683f88de7;o as plicativo da caixa é complicado de mexer,esqueci a senha de transição desbroquei e quando fui entrar broqueou a senha de acesso pelo celular ,e é muita borocracia pra desbroquear tinha q ser igual o itau facial.;3;2026-04-02 05:39:52;5.23.1;Caixa;negative;0.8784876465797424
17c55650cd4cd406bada692128c70718;Preciso cadastrar usuário novamente , fala que enviaram código para o whatsapp e não enviam . Estou há dois dias tentando resolver e nada . Suporte por telefone diz que é instabilidade do sistema e fica por isso mesmo;1;2026-04-02 04:35:16;5.23.1;Caixa;negative;0.7852779030799866
b4f1eeb78dd084afe7a6dbd7e8f43af6;impossível atualizar os dados nesse aplicativo, cada vez pior isso daqui;1;2026-04-02 02:50:15;5.23.1;Caixa;negative;0.9489516019821168
532d0a28134f47d3ef10b64f254c1575;não estou conseguindo entrar na minha conta. so da erro e o código quando chegar no WhatsApp não copia para esta atualizado app da caixa.;1;2026-04-02 01:42:25;5.23.1;Caixa;negative;0.8233410716056824
cd369aeea2f40937a133dad2f522e2fc;Aplicativo com problemas,sem poder acessar ,isso é recorrente infelizmente. Precisa melhorar, único a dar problema na hora que precisamos, terceiro dia com problemas,sem poder acessar. Espero que melhore. 01/04/26 novamente aplicativo com problema,sem poder usar ,sem acesso ao sistema. quando irão facilitar o acesso para que possamos usar;3;2026-04-02 01:22:25;5.23.1;Caixa;negative;0.9200394749641418
bd91a79ea5a8a0ce7de01e3789f33b1b;apresentando problema...;1;2026-04-02 01:17:05;5.23.1;Caixa;negative;0.6334640383720398
e65699bff405fe09f871653009ff409e;tou tentando entra no app, nao tou conseguindo;2;2026-04-02 00:12:01;5.23.1;Caixa;negative;0.7871915102005005
e685b418ae271bb52ad8cb114a2c1f9b;deixei faz um mês lá na conta o dinheiro para prestação que é por débito,fui ver agora e não debitou e está me cobrando a prestação.;3;2026-04-01 23:47:24;5.23.1;Caixa;negative;0.579399824142456
e8e545f0f166d086bca2e3f3b2ec193b;péssimo! É instável. você cadastra o usuário, e a maioria das vezes não te permite entrar no app, tem que mudar a senha e recadastrar. vive travando e fora de serviço. Um stresse total.;1;2026-04-01 23:45:07;5.23.1;Caixa;negative;0.95152348279953
f8ab70b845258a5f1472bfd1ccfe1945;não consigo acessar minha conta,o app simplesmente não reconhece minha digital coloquei a senha disse ser inválida, cliquei pra fazer nova senha e não recebo o código por whatsapp,já desinstalei,atualizei e não consigo acesso..meu Pix é cadastrado na caixa tenho dinheiro lá e não consigo usar pq nem cartão eu recebi ainda;1;2026-04-01 23:31:24;5.23.1;Caixa;negative;0.837643563747406
ac63874cd4d984a1ef4e3849bd6f526b;a sincronização perto direto, toda vez tem que criar novos usuário. tá um saco.;1;2026-04-01 23:09:17;5.23.1;Caixa;negative;0.9480252265930176
818a90ffb0122efb4edc88c6d2a58e84;Para mim está difícil não consigo fazer tudo.;4;2026-04-01 22:48:35;5.23.1;Caixa;negative;0.8555257320404053
76d057eb1c2d3e8314985ea9a8655b92;já tentei várias vezes e não consegui abrir o aplicativo caixa;3;2026-04-01 22:44:50;5.23.1;Caixa;negative;0.8235884308815002
f6e226fa813e080a6194fed47c75728d;mais uma vez esse aplicativo decepciona, sempre tive o acesso boa biometria agora não consigo acessar é nem cadastrar novo usuário, o app diz que vai mandar um código pelo whatsapp é esse código nunca é enviado ao fico sem conseguir acesso, péssimo.;1;2026-04-01 22:39:59;5.23.1;Caixa;negative;0.9526615738868712
b1dca13066bb630e8d3f163a0c721e55;Cheio de falhas e com recorrência de instabilidade. Segunda vez que busco realizar o uso para algo importante e me deixa na mão sem acesso, sem possibilidade de pagar contas. Creio que melhorará quando começarmos a processar por danos morais. Um vergonha!;1;2026-04-01 22:38:28;5.23.1;Caixa;negative;0.960314154624939
33b8755f1604f388cf4e2085a35feae4;não sei o que está dando mas não consigo entrar nem na minha e nem da minha mãe , vai pagar as contas como? aparece mensagem de erro;2;2026-04-01 22:35:05;5.23.1;Caixa;negative;0.752902090549469
67750ef99d5d050d16e59bbc30a07cf5;Tento entrar pela biometria e não dá, tento pela senha, pior ainda. Agora está pedindo para cadastrar um novo usuário. Sempre os mesmos problemas.;1;2026-04-01 22:34:10;;Caixa;negative;0.8933625221252441
5641917db4ac83b1cb7b480f288f9213;aplicativo vagabundo igual os serviços da caixa;1;2026-04-01 22:18:01;5.13.1;Caixa;negative;0.9195685982704164
93c5370db0e082f81522d463d6df68eb;Sistema fora do ar e pedindo para recadastrar;2;2026-04-01 22:16:47;5.23.1;Caixa;negative;0.7119589447975159
f70325b48f8cb73a2d2a843983a1b727;1° de Abril dia da mentira e não é mentira o tanto k esse aplicativo fez raiva hoje . não abre de jeito nenhum. só aparece erro .. brincadeira não poder fazer um Pix, caixa resolva isso logo;1;2026-04-01 21:56:42;5.23.1;Caixa;negative;0.9429550170898438
5321d94ddc25d0df597893bf534bd6ef;😒😒15/09/2925 - Não reconhece usuário tem que ficar fazendo novo usuário. Chato isso na hora que você tá com pressa e precisa usar, tem que ficar perdendo tempo cadastrando tudo de novo. 😡 Problema recorrente, quando você menos espera, tem que cadastrar novamente. 😏Sempre que precisa não funciona, não loga, trava. 🤬01/10/2025 na hora que vc precisa, está com pressa -> cadastrar novo usuário 😡03/2026 cadastrar novo usuário... 😡01/04/2026 cadastrar novo usuário;1;2026-04-01 21:51:48;5.23.1;Caixa;negative;0.8862147331237793
22d5fc6d1fc4b91a73e41dff2106f8f2;O dia todo sem conseguir fazer um pix, que banco lixo! aplicativo lixo!;1;2026-04-01 21:42:05;5.23.1;Caixa;negative;0.9516229629516602
ca02e01d3a2d6e754a6c6f6fa53e8793;Péssimo app... Volta e meia dá problema de acesso... Está um dia inteiro sem funcionar e sem previsão de normalizar... Simplesmente lamentável...;1;2026-04-01 21:31:29;5.23.1;Caixa;negative;0.9575661420822144
0a93e463018a08907b1e13feffcc4358;Sempre tenho que ficar renovando o cadastro porque a biometria não funciona;4;2026-04-01 21:26:44;5.23.1;Caixa;negative;0.7692979574203491
c8394150a751a4d841b21da2fe83134e;abrir minha conta da caixa naõ estou conseguindo abrir o aplucativo;5;2026-04-01 21:07:52;;Caixa;negative;0.5379337072372437
c608290da6dfdd2db9a6d98a85442336;péssimo sempre com problema pra acessar, se precisar resolver algo urgente irá se complicar pois não funciona.;1;2026-04-01 20:57:22;;Caixa;negative;0.9008135199546814
97a2a27036dd0390fe38bbc612196ff3;muitos erros na hora de fazer login.;1;2026-04-01 20:55:50;5.23.1;Caixa;negative;0.873691737651825
9a4f35fb3aa6b514e0e35ad306b49bc7;é muito bom aplicativo só que depois só não estou conseguindo mais abrir a conta;4;2026-04-01 20:54:55;;Caixa;negative;0.7136492133140564
801e7b4fe9475305d14e69d59bcad657;retiro tudo que eu falei vou mudar de banco porque tá difícil o aplicativo não funciona falha você desinstala vai instalar de novo não consegue cadastrar usuário está difícil.;1;2026-04-01 20:49:43;5.23.1;Caixa;negative;0.8288149833679199
0e5a9b6d638023dacbfb63869cc0c946;faltam um pouco mais de explicações;4;2026-04-01 20:46:21;5.23.1;Caixa;negative;0.5349331498146057
986e06f54e1dd6888f648ba914420b9f;o Pix dá erro todo dia um do mês;1;2026-04-01 20:46:09;5.23.1;Caixa;negative;0.7759182453155518
ec51af06ac4cbc70dba171fb7cb61aa8;é o pior banco que já ví todas as vezes que que a gente compra um celular tem que ficar cadastrando;1;2026-04-01 20:36:25;;Caixa;negative;0.9138017892837524
9c23bd0fb849140b2aacfe70129981c3;Péssimo aplicativo. Passei a utilizar qdo adquiri minha casa própria que foi financiamento da Caixa então nada mais certo que ficar tudo por esta agência. Me arrependo muito. Aplicativo trava demais, fica horas pra fazer uma transação. Precisa melhorar muito. Uns dos piores que já utilizei. A gente fica presa ao aplicativo para resolver nossas pendências.;1;2026-04-01 20:31:31;5.23.1;Caixa;negative;0.9591800570487976
1a177ca0130197645517eac117bd9676;pior aplicativo que já usei na minha vida;1;2026-04-01 20:28:08;5.23.1;Caixa;negative;0.9366470575332642
5f9d526d8618377465dc85394fb71f42;dois dias que não funciona, Problemas diários;1;2026-04-01 20:24:14;5.23.1;Caixa;negative;0.8585379719734192
d47ab4f1272deb2759cc82deeaa1b1a3;Pior aplicativo, sempre fora do ar, sempre senha inválida, sempre usuário inválido. Nunca vi algo tão ruim;1;2026-04-01 20:18:15;5.23.1;Caixa;negative;0.958061158657074
8fb600ace28d9540b16495765de40372;péssimo, toda vez tem que renovar a senha para entregar nesse lixo de app;1;2026-04-01 19:54:33;5.23.1;Caixa;negative;0.949601113796234
1a5ac19006c5890518aa227ce497ef36;vira e mexe o aplicativo buga e não deixa a gente acessa com a biometria ou msm a senha sempre tem q fazer outro nome de usuário e nova senha Por ser o aplicativo de banco não era pra acontecer isso 😐;3;2026-04-01 19:41:08;5.23.1;Caixa;negative;0.8393213152885437
bfa8c43d8481b6b11326d4c495f9e161;Que app ruim!!! Vira e mexe, não consigo entrar e tenho que fazer um cadastro novo. Isso quando dá pra fazer outro cadastro.;1;2026-04-01 19:31:56;;Caixa;negative;0.9404219388961792
3e0d2ec74d861068553765d8176fe702;não estou conseguindo acessar minha conta desde se ontem, oque aconteceu? estão pedindo para min cadastrar um novo usuário.. como se tivesse trocado meu login e Senha, desde de cedo não consigo acessar minha conta;2;2026-04-01 19:28:20;5.23.1;Caixa;negative;0.8493959307670593
7b72084d5eaac9a4df0b4cbc23717271;Todo mês é uma história diferente pra mudar usuário e senha, e o uso vai só piorando. Sempre deixando o usuário na mão;1;2026-04-01 19:08:38;;Caixa;negative;0.8290817737579346
c96e9222a1364170c70abe06e26e7c65;péssima 😕. muito ruim mesmo. nunca vir uma empresa tão enrolado com os seus aplicativos. não sei pra que pedem pra usa, porque quando vamos usar não funciona e uma bagunça. e uma pouca vergonha por uma empresa tão grande e antiga ser tão enrolado e bagunçada assim. péssima mesmo.;1;2026-04-01 18:57:08;5.23.1;Caixa;negative;0.961137056350708
de79f8da0995dc11678182770b02ccb5;Dos bancos que trabalho é de longe o pior aplicativo. demora para o envio de confirmações no WhatsApp dos códigos de segurança.;1;2026-04-01 18:51:33;5.23.1;Caixa;negative;0.939182698726654
44d5e51dd70300f7019d3effb5af5bd8;Não existe aplicativo (entre todos da play e app store) pior do que este.;1;2026-04-01 18:49:58;5.23.1;Caixa;negative;0.7427393198013306
6945a3da2855bde91da6668fc219245f;Esse app é péssimo! Sempre que vai fazer o login, pede que faça um novo cadastro! Em vez de ajudar o usuário complica mais ainda. E se a pessoa for realizar um pagamento e depender desse app passa vergonha.;1;2026-04-01 18:49:18;5.23.1;Caixa;negative;0.9590437412261964
e8b9a58432a35f70a02496ad73b1c87c;péssima tentando entrar na minha conta e só dificuldade;3;2026-04-01 18:45:22;5.23.1;Caixa;negative;0.8695003390312195
761008ac3789c9827b3631954196dc73;muito ruim quando pede para atualizar cadastro e não dá opção;1;2026-04-01 18:44:04;5.21.1;Caixa;negative;0.906492292881012
582ec840b613c283585ea613216f510b;O aplicativo da caixa cada vez pior código de verificação que não chega pedi para copiar o ZAP da caixa não permite por motivo de segurança o banco ruim.pede pra copiar código de verificação tu não consegue copiar esse código e nem inserir manualmente, e um código grande não sei pra que é tanta segurança que atrapalha até a gente que é cliente, agora eu tenho que me dirigir a uma agência porque o pessoal de TI fazem coisas complicada de mais.;1;2026-04-01 18:42:32;5.23.1;Caixa;negative;0.916267454624176
3c17b889e306add986b99310e711803c;não estou conseguindo acessar minha conta tá complicado.;2;2026-04-01 18:42:07;5.23.1;Caixa;negative;0.8673673272132874
e623041bb23fdfb4fb26846d9b5ee969;O aplicativo é muito confuso e não intuitivo;1;2026-04-01 18:41:35;5.23.1;Caixa;negative;0.9253073334693908
f16f6302e15869e5ad4a407f6b442953;O app pede para digitar código do whatsapp, no entanto o whatsapp não deixa copiar como código, e o campo que era para digitar o código, mesmo manualmente,não permite digitar. Conclusão, estou sem acesso a minha conta, me causando diversos transtornos.;1;2026-04-01 18:40:23;5.23.1;Caixa;negative;0.8419860005378723
1b1b858f6faa165b706f194715d55505;o app está péssimo, não está funcionando cópia o código;1;2026-04-01 18:39:17;5.23.1;Caixa;negative;0.9388480186462402
7f1361d51efbdd02f24651b34a0e2f03;complicado demais, lento e direto pede atualização de senha, no momento estou aqui lutando pra atualizar meu aplicativo;1;2026-04-01 18:30:08;5.23.1;Caixa;negative;0.8146978616714478
48288f47c040432efcaaf786a9d1257b;A cada atualização o app só piora, já tive erro no login 2 vezes e precisei ir em uma agencia. O app precisa de uma atualização mais moderna, já passou da hora de ter um login por reconhecimento fácil. O Internet banking então nem se fala, acesso e parece que voltei pra 2010;1;2026-04-01 18:23:10;5.23.1;Caixa;negative;0.9038369059562684
064d562cd2c537477a29618935fbd689;APLICATIVO UMA.M. NÃO FUNCIONA NÃO ASEITA MINHA BIOMETRIA NEM SENHA UMA MMMM;1;2026-04-01 18:20:34;5.23.1;Caixa;negative;0.9200067520141602
92434882d3d7c400e63128060245920f;Depois da última atualização ficou difícil acessar o saldo, ficou muito lento;3;2026-04-01 18:19:26;5.23.1;Caixa;negative;0.8577325344085693
9c5294c8dd9cc013fb12d0db250d185c;Estou o dia todo sem acesso ao app da caixa. Depositei pela manhã e estou até agora sem poder fazer nenhuma transação pois o app dá erro, não envia códigos pelo WhatsApp. Liguei para a central e me disseram para cadastrar novo usuário só que para isso preciso receber um código via WhatsApp que nunca chega. Já desinstalei e reinstalei o app e nada. por isso retirei as 5 estrelas que dei.;1;2026-04-01 18:17:20;5.23.1;Caixa;negative;0.856812059879303
4c5ef0fef55fa0d64b500b0ac9a0e08c;aplicativo horrível. quem inventou colar código tá com problemas e causando problemas. meu dinheiro tá preso pq o ZAP não permite copiar. Nem os telefones atendem para reclamar. vão pagar os juros de nosso dinheiro ficar preso e não ser possível resolver nada?????;1;2026-04-01 18:16:57;5.23.1;Caixa;negative;0.9559993147850036
a78c793d9822c4686d49f987f75b7806;ou eu nada não quer abrir o app;1;2026-04-01 18:12:35;5.23.1;Caixa;negative;0.7250810265541077
260d0e15505bc9391d462bfbdbf35141;app bug;5;2026-04-01 18:07:35;;Caixa;negative;0.7340909242630005
aea03fcea21b88e68deaf0d66fe54bbf;nunca vi um app tão horrível de usar igual a esse. eles me mandam um código no WhatsApp mas bloqueiam a gente de copiar e no aplicativo bloqueiam de digitar. vcs querem que eu preencha com o poder da minha mente????? eu ainda não virei o professor Xavier;1;2026-04-01 18:04:43;5.23.1;Caixa;negative;0.905404806137085
011b67bf1710dc0b4c6d11f91a13c41a;ja tem dias que estou tentando fazer atualização cadastral e nadaa.;3;2026-04-01 18:02:44;5.23.1;Caixa;negative;0.623833179473877
b6eef0f24bdec7408792e30ddc77e3c8;hoje esta complicado, sem conseguir fazer login!!;1;2026-04-01 18:00:31;4.1.2;Caixa;negative;0.8910623788833618
092cb26a28c8836000eb0885bc79a819;estou tendo uma experiência péssima com esse app , sempre bloqueando meu acesso e eu tenho que perder tempo na agência, assim que conseguir acessar retiro tudo que é meu dela e encerro a conta .;1;2026-04-01 17:58:52;5.23.1;Caixa;negative;0.9287223815917968
11a44ce6563a71abc95d84158586216c;Apos atualizar não consigo mais acessar, aparece mensagem erro 6901 e pede pra desativar segurança root caixa.gov.br já desetivei depuração usb, limpei dados e cache, e desativei opções do desenvolvedor, reiniciei porem o erro continua.;2;2026-04-01 17:58:14;5.23.1;Caixa;negative;0.8115274310112
d3e6542bc163c14232b4aa525217a16f;não consigo cadastrar uma nova senha;4;2026-04-01 17:54:33;5.23.1;Caixa;negative;0.7358254790306091
f2e3e9eea352f13a46b7bac641ee4c41;app está horrível ,desde de manhã que estou querendo entrar e nada . vou cancelar minha conta e não indico a ninguém;1;2026-04-01 17:53:46;5.23.1;Caixa;negative;0.9324306845664978
b5b94551efc9ef4dd4da7aec06a6c4d6;do nada fui desconectada da conta, e pra redefinição de senha preciso de um código , mas não chega de jeito nenhum, já desinstalei o aplicativo e instalei novamente ,mas nada do código chegar.obs. já conferi o número está correto.;1;2026-04-01 17:50:27;5.23.1;Caixa;negative;0.7324878573417664
e29c4b7fbc925e51c5236bc0537dffbb;App ultimamente está péssimo não consigo entrar na minha conta, mesmo colocando todos os dados certos, sempre dando erro... o app precisa de melhorias, pois tá deixando a desejar e muito;1;2026-04-01 17:43:15;5.23.1;Caixa;negative;0.948566734790802
74add84c0f6617de2a0214a587a905d4;Pior app de banco que existe, não funciona, todas as vezes tenho que criar um novo usuário e nunca da certo, sempre tenho que voltar no banco, um absurdo!;1;2026-04-01 17:42:48;5.23.1;Caixa;negative;0.9462510347366332
bf873b286e7c1c0898d2ecae33635314;App não funciona em dados móveis;2;2026-04-01 17:42:16;;Caixa;negative;0.6287922859191895
206a4583bd5c71f3c5453a9228a2783e;Péssimo, transferi meu pagamento para a Caixa Econômica pensando que seria bom, mas a experiência em utilizar o app está péssima, vou mudar meu pagamento para outro banco amanhã mesmo!;1;2026-04-01 17:41:42;5.23.1;Caixa;negative;0.93828022480011
acb820067896201b2a39a208273cdeed;precisa melhorar muito, não se consegue fazer quase nada por aqui.;3;2026-04-01 17:39:28;5.23.1;Caixa;negative;0.6863385438919067
5f632a73b03e21fca0c0ef84e70f2592;app não funciona. Não consigo logar. fica voltando na mesma página e pedindo um código que nem tem como copiar e colar;1;2026-04-01 17:38:54;4.1.2;Caixa;negative;0.8816884756088257
7bdd14c782ebe6b259007fc30ca69a53;o aplicativo não funciona, se vocês precisarem receber dinheiro nesse app, façam portabilidade para outro banco;1;2026-04-01 17:37:21;;Caixa;negative;0.5102084279060364
aec92baf1ceb10eb12ea0ba580edf1aa;pior app vivr com erro de biometria fora a lerdesa;1;2026-04-01 17:33:38;5.23.1;Caixa;negative;0.9494400024414062
a65acc43ba8d8d8b0c1c03d8fb3adbb4;trava demas inclusive estou com o aplicativo bloqueado;1;2026-04-01 17:31:20;;Caixa;negative;0.8841989040374756
213c2996f6f4571fccc7a2bdbd1cd672;Trava muito. Sempre pede a senha, mesmo estando com a digital cadastrada;2;2026-04-01 17:30:17;5.23.1;Caixa;negative;0.7666222453117371
8c9df5ad480c5c6faac9733bd612f587;O app vive fora do ar....toda hora tem que recadastrar usuário, uma canseira...para um banco como a caixa tem muito a melhorar, estou o dia inteiro tentando acessar minha conta e não consigo.;2;2026-04-01 17:29:42;5.23.1;Caixa;negative;0.8959726095199585
877672d7adb40dd767b24fbde8110cf9;o aplicativo da Caixa casa vez aparece com um problema diferente. Agora, não consigo mais acessar minha conta;3;2026-04-01 17:29:34;5.23.1;Caixa;negative;0.8128191232681274
655345d9326dec2a02019e05991c0adf;hoje o aplicativo está ruim! de acessar!;5;2026-04-01 17:22:45;;Caixa;negative;0.9287161231040956
c50050f9504bbcf046062687665ac77c;ta muito ruim todo dia fora do ar;1;2026-04-01 17:22:45;5.23.1;Caixa;negative;0.943976640701294
b52376a4cb9e7ae25c73127ddd3b4170;Péssimo aplicativo. Péssimo banco, pensei que não tinha como piorar, e piorou.;1;2026-04-01 17:17:18;5.23.1;Caixa;negative;0.9550248384475708
8badd7278346b14634617539f2e2431a;estou tentando redefinir minha senha , mas nao da certo , pois os números e letras do código nao da pra copiar e nem tem como digitar eles no espaço devido . decepcionad;2;2026-04-01 17:12:54;5.23.1;Caixa;negative;0.9242427945137024
50ba1fcb81e2bfceda36a27a2462a74a;É incrivel como sempre tenho problemas pra entrar no aplicativo da caixa.;1;2026-04-01 17:12:35;5.23.1;Caixa;negative;0.9171456694602966
43bb2a38b0154883ae90c20165a54241;horrível não consigo receber o código;3;2026-04-01 17:11:47;;Caixa;negative;0.9261310696601868
59da77ef5e6606a5317fd13133665e16;péssimo o aplicativo. várias vezes sai do login e eu nao consigo acessar novamente. diz que vai enviar um código no WhatsApp mas nunca chega.;1;2026-04-01 16:57:22;5.23.1;Caixa;negative;0.9350343346595764
fe97f5013695b61f52f37fa813cd7fff;Péssimo. Seguidamente para de funcionar do nada, sendo necessário recadastramento de usuário. Apresenta erros ao consultar saldo. Aplicativo extremamente lento para abrir. Muitas vezes, deixa o cliente na mão na hora de realizar um pagamento. O app está sempre atualizado, mas funciona muito mal.;1;2026-04-01 16:53:03;5.23.1;Caixa;negative;0.9336490631103516
fb4926ce0f11acca1fc6d473f7e87c27;horrível estou tentando entrar no aplicativo porém o aplicativo esta com instabilidade eu acho engraçado é que pra trocar a senha direciona para o watsap para poder gerar o código de acesso esse código nunca chega liguei na caixa falaram que tem que esperar a atualização meu aluguel vence hoje será que meu aluguelvai esperar ate o aplicativo da caixa decidir voltar a funcionar nao neh meu dinheiro todo na conta ai os usuários ficam na mao como sempre um descanso total com os usuários péssimo;1;2026-04-01 16:50:24;5.23.1;Caixa;negative;0.8866600394248962
b8c08057d27a7f39f70e8f6f1437d74a;não me dá opção para recuperar senha,na verdade não consigo copiar o código quando e ciado aqui;1;2026-04-01 16:50:18;5.23.1;Caixa;negative;0.8490692377090454
b99e733d888129d2aebf06ea64237d78;Aplicativo vive caindo ou não permite o acesso e pede novo cadastro, contudo não consegue enviar a senha. Só resolve na agência.;4;2026-04-01 16:46:02;5.23.1;Caixa;negative;0.7414003610610962
61331f92be72e70734d6c24e28655865;Aplicativo terrível, não recomendo;1;2026-04-01 16:45:01;5.23.1;Caixa;negative;0.9524168968200684
7c9c58f537d10e5a3b42780a324dc914;Passou por melhorias nos últimos anos, mas ainda tem muito que melhorar em coisas básicas. Extrato por mês por exemplo, poderia ser exibido em abas. Algumas seleções de data você tem que voltar mês por mês... não tem como voltar por ano e não tem como escrever a data. Usabilidade ainda tem muitas limitações. E outro problema são as instabilidades de serviços específicos, como o Pix.;3;2026-04-01 16:44:29;;Caixa;negative;0.5657737255096436
23cb1c873df1b577fc85267d5d7be104;Rapaz eu cadastrei uma nova conta mas meu dinheiro saldo sumiram. como pode acontecer isso? Quero meu saldo de volta , meu dinheiro;5;2026-04-01 16:42:26;5.23.1;Caixa;negative;0.8209733366966248
4aa170fe22eae3171307577050ba4d24;aplicativo muito problemático, a biometria para de funcionar no início do mês e não recebi o código de segurança;1;2026-04-01 16:42:05;5.23.1;Caixa;negative;0.9021185040473938
e5666a70d23f642d7b08a0b3fe6cb57c;o aplicativo tá muito ruim o código Chega mas você não consegue validar para poder ter acesso o aplicativo tá um terror a pessoa quer ter acesso a conta pelo aplicativo mas não consegue atualização do código o código Chega mas não funciona;1;2026-04-01 16:33:18;5.23.1;Caixa;negative;0.9256914854049684
52ac322997bf4ae76f46e6e3569a8043;Meu Deus pra que facial, tanta burocracia cara, se pelo menos funcionasse, faço a facial e dá erro, agora eu tenho financiamento pra pagar e não consigo entra no aplicativo, simplesmente horrível esse aplicativo da caixa;1;2026-04-01 16:32:36;5.23.1;Caixa;negative;0.9501634240150452
78f302c0b3dc603ef7864a3d59e9582d;péssimo aplicativo, vários erros para iniciar e na hora que vai enviar o código de verificação para o WhatsApp a mensagem chega 2 horas depois.;1;2026-04-01 16:27:26;4.9.0;Caixa;negative;0.908029079437256
9edb12c27dd810e68d21571c31d80702;Aplicativo travando diariamente!!! Horrivel!!!;2;2026-04-01 16:26:28;3.14.0;Caixa;negative;0.9486739039421082
eae5558a0ee2a23d65d48940984f8500;Não consigo entrar com biometria;4;2026-04-01 16:23:03;5.23.1;Caixa;negative;0.8455448150634766
ed705afccd193d7253b493a6eeaadc17;estou com problema na biometria e não estou conseguindo acessar minha conta.;1;2026-04-01 16:13:35;5.23.1;Caixa;negative;0.7690636515617371
5c4704abd48b81e550055dbc2c1c899e;A atualização mais recente perdeu os dados biométricos e, o recadastramento não funciona! Atualização desnecessária e constrangedora. Inútil ter um App que não permite acessar a conta, quando necessário. O código não é enviado através do Whatsapp.;1;2026-04-01 16:08:27;5.23.1;Caixa;negative;0.9443790912628174
f94e75fcf4332261b1f38ffc21bc589c;não consigo cópia o código pelo whatsapp pra abri o aplicativo .;3;2026-04-01 16:06:30;5.23.1;Caixa;negative;0.7422167062759399
f549cb979be28e42e176256473629755;Tenho conta caixa, uso o app caixa, mas ultimamente vem dando dor de cabeça comigo uso a biometria pra acessar e vez quando, é desativado e tem que fazer um novo cadastro, com informações nome usuário e senha, e mesmo assim não dá certo. chateado com esse app Nesse momento não consigo acessar minha conta;1;2026-04-01 15:57:14;4.9.0;Caixa;negative;0.9017465114593506
e66063ff0d10cc0e8d5abb321d2f1ddf;tá péssimo. já é a terceira vez que estou no caixa do mercado, e ele nao reconhece biometria e nem a senha. não faz cadastro novamente, mensagem demora a chegar no WhatsApp e quando chega nao da pra copiar e colar no cadastro. vou cancelar minha conta na caixa por conta desse aplicativo;5;2026-04-01 15:56:05;5.23.1;Caixa;negative;0.9377325177192688
96ef2696d33a8cc1ec69d3876f7130da;o app que só vive bugando ultimamente . Ponho a digital não pega, ou da erro e mesmo com a senha correta fica aparecendo que deu erro.;2;2026-04-01 15:54:59;5.23.1;Caixa;negative;0.8582925200462341
6859c817f05ecbaf153223440058ebf4;De um dia para o outro não consigo mais logar no app. Já tentei limpar cache, reinstalar, usar 4G, outra rede wi-fi, porém sempre exibe o erro A-AUT-SEM.;1;2026-04-01 15:47:11;5.23.1;Caixa;negative;0.8425785303115845
39c016ef7c89aaa2389c53b17ae35450;poxa eu preciso tanto desse aplicativo e só me dar dor de cabeça, infelizmente;1;2026-04-01 15:43:17;5.23.1;Caixa;negative;0.9231300950050354
b934a4802b56ccf0f185a29b7deb35e6;horrível, se eu podesse não ter esse AP n teria, lento d+;1;2026-04-01 15:42:53;5.23.1;Caixa;negative;0.940337300300598
5d4ff942dfb70ed3ca3efc1c43df5fff;BLOQUEOU O ACESSO A CONTA , INFORMA QUE ENVIOU CÓDIGO DE VALIDAÇÃO CÓPIA E COLA PARA WHATSAPP , NÃO ENVIOU NADA, RESULTADO ACESSO A CONTA BLOQUEADA DO NADA .;1;2026-04-01 15:37:57;5.23.1;Caixa;negative;0.8646819591522217
d122b2faf70b9eda7afdbb9a4c8c46c5;piorou muito o aplicativo sempre fora do ar, lento , travando, muito ruim.;2;2026-04-01 15:32:51;5.23.1;Caixa;negative;0.9466125965118408
851f6a431f230d4c2a54a8fa5341d59a;O gerente de contas Marcelo, que me atende é uma ótima pessoa, mas o aplicativo é o 0800 são péssimos....tecle 1 pra isso 2...etc depois cai ligação e vc gasta horas para resolver um problema...;2;2026-04-01 15:18:01;5.23.1;Caixa;negative;0.9445219039916992
10e563e60b9ef5da24d3ddce873dfd96;tá horrível faz 4 dias hj não consigo acessar meu app caixa para nada tá indo de mau a pior esses app caixa;1;2026-04-01 15:11:52;5.23.1;Caixa;negative;0.9455434679985046
ea39fd1e8f91315049f518bfd0fdad4b;Do nada acordo hj e nao consigo entrar no aplicativo, manda eu cadastrar novo usuário, mais nao envia o cod no WhatsApp, assim fica difícil, quero fazer pagamento e nao posso fazer nada. Pfvr resolvam isso, esta me prejudicando.;1;2026-04-01 15:10:39;5.23.1;Caixa;negative;0.9299864768981934
15042bf4435a8ebab48e4137131e330e;o app nao envia o código para ativar o usuário e impede acesso a conta;1;2026-04-01 15:10:13;4.2.0;Caixa;negative;0.7456234693527222
264ceffc97877c4c347d7b707995685b;o banco mais idiota que eu já vi o banco simplesmente bloqueou minha conta me obrigando a ir ate a caixa eletrônico da cidade gente não façam besteira de abaixar esse tipo de conta porque vc vai ficar no prego com certeza;1;2026-04-01 15:10:05;;Caixa;negative;0.9544950127601624
57bdb2433c2560b71b54529cebac0065;péssimo péssimo vive fora do ar vivi dando erro . hoje mesmo não consigo entrar fazer nada;1;2026-04-01 15:09:15;5.23.1;Caixa;negative;0.949701964855194
1f6bf60843ed631362f5599e620f7fcf;Aplicativo ruim, sempre falha qndo mais precisamos dele. Fala que a senha esta errada, mesmo estando certa.;1;2026-04-01 15:04:24;5.23.1;Caixa;negative;0.934730052947998
43d45edc4719f93dddb757cb864320f0;pior aplicativo tá sempre deixando agente na mão fica indisponível por muito tempo até dias;1;2026-04-01 15:03:19;5.23.1;Caixa;negative;0.9409266114234924
7ea46e66a4a38e88295dbf65e240bdce;Nao consigo entrar na conta, não consigo copiar e colar o código enviado pelo whatsapp. também não consigo trocar usuário. Não consigo nada, dificultaram tudo;1;2026-04-01 15:01:05;5.23.1;Caixa;negative;0.9015264511108398
772690dec64640d96a73a39b0521331f;o pior aplicativo só se iguala ao do Gov... Vergonha um aplicativo desse nível... Não dá pra confiar no banco...;1;2026-04-01 14:59:58;5.23.1;Caixa;negative;0.9649158716201782
ee0f60d8d02c8cab6bc4c67bf9991359;pior banco e aplicativo do mundo,o aplicativo dá problema e da erro no usuário,vc tem q cadastrar novamente e envia um código para o whatsapp,mas um código que vc não tem copiar para finalizar o cadastro. E tbm não tem como só escrever o código porque o aplicativo dá caixa não deixa, só se colar. é muita frustração que esse app e o banco gera.;1;2026-04-01 14:58:20;5.23.1;Caixa;negative;0.9262501001358032
07c5ab887943cc26d4c6e8cfc151049d;aplicativo muito ruim,desde de cedo não consigo ter acesso. e ao cadastrar usuário a senha demora vir e quando vem não aceita escrita no app.;1;2026-04-01 14:56:22;5.23.1;Caixa;negative;0.9351491928100586
f210047243a3191aed14a78876e4a2b0;não estou conseguindo acessar minha conta, não quero abrir uma conta nova;1;2026-04-01 14:56:01;5.23.1;Caixa;negative;0.8236918449401855
1a62c278b669022f55c02bcaf02fe979;precisando urgente do app e não consigo acessar há um tempão, aparece erro S-002-GEN, santa paciência.;1;2026-04-01 14:55:26;5.23.1;Caixa;negative;0.882900595664978
b735cd25a0da7c29797760e557bb8bb9;muito ruim toda hora tenho que mudar a senha não consigo copiar o código tenho que escrever errado no WhatsApp e depois copiar pois ele vem com outras informações que no consigo simplesmente copiar.Mas ompior é toda hora ter que mudar a senha horrivel;1;2026-04-01 14:54:27;5.23.1;Caixa;negative;0.9415866732597352
7c50d66367980c0bc660ec89e32ec7fa;péssimo não consigo mais entrar nem na minha conta. essa caixa tá uma palhaçada;1;2026-04-01 14:54:10;5.23.1;Caixa;negative;0.9554890394210817
9020ccac8cbbac7cfb688f4bcfdfe6e1;Impossível acessar esse aplicativo;1;2026-04-01 14:52:49;5.23.1;Caixa;negative;0.8689214587211609
d66449b102f8ffdceab23f03082eb03a;não estou conseguindo acessar o aplicativo, vire e mexe ele fica assimesse lixo;1;2026-04-01 14:49:47;5.23.1;Caixa;negative;0.9125089645385742
5fa44d09039166fb28643e54db081e69;não consigo logar no app, aparece erro 034;1;2026-04-01 14:48:56;5.23.1;Caixa;negative;0.8387176394462585
8389aea5926f411e94226f7b9fa7ef41;ultimamente tive 0 condições de tá acessando a conta desconectou automaticamente e não conseguir entra mais minha digital pegou de primeira mais mais o aplicativo estava mandando eu Cria outra conta de usuário não entendi por que isso criei mais mesmo assim não tive acesso por que o codigo não estava chegando no meu whatsapp bugado que só por isso vou dá 3 estrelas por conta da segurança e da qualidade do uso do aplicativo mais de resto vai fica faltando até lá mudo de ideia se caso melhora;3;2026-04-01 14:43:51;;Caixa;negative;0.7877771258354187
a696088e889636607664b32a5dab5458;aplicativo ótimo, mas o sistema falha muito.;3;2026-04-01 14:43:43;5.23.1;Caixa;negative;0.893612802028656
468782fe06c1f98e98933d4c013d50fd;hj 01/04/26 não tô conseguindo entrar no app diz que o usuário e senha estão errados e não recebo o código pelo whatsapp para entrar na conta, e agora faço o que?;1;2026-04-01 14:43:29;;Caixa;negative;0.818451464176178
272063de67bf1bd4e59f72722ceac1f1;não abrindo para ter acesso a conta;3;2026-04-01 14:37:51;5.23.1;Caixa;negative;0.7030417323112488
2d68ff079ad86a506a8b9050f5c27e35;o aplicativo já foi melhor , mais agora não funciona como deveria;1;2026-04-01 14:33:39;5.23.1;Caixa;negative;0.8203997611999512
16179668fd7c88bbe0895069b303c2d4;Simplesmente horrivel. Nao consigo me cadastrar como novo usuário, na qual automaticamente o app nao reconhece o WhatsApp de meu tel;1;2026-04-01 14:31:37;5.23.1;Caixa;negative;0.9363074898719788
9398d49090349598186e96ffb87fab22;Funciona e tem muita utilidade e praticidade, tem o problema de sempre dar alguma complicada na biometria e acesso, principalmente em conexões novas, mas caso lembre usuário e senha consegue acessar.;4;2026-04-01 14:29:06;5.23.1;Caixa;negative;0.6214813590049744
d4df61c48daf0d19589b276a0f1618a1;vou tirar as quatro estrelas este lixo de aplicativo do nada tira sua biometria e vc tem que recadastrar senha de novo na que gente precisa urgente fica na mão não vou dá zero estrela porque não tem;1;2026-04-01 14:24:01;;Caixa;negative;0.9049628376960754
cf4c13a0beb784df2ba2754a3263955c;App ficando péssimo, período curto para ficar trocando usuário. Nesse momento precisando com urgência e não estou conseguindo acessar, pois o código de validação não COPIA E COLA e não dá opção de digitar. que ódiooooo;1;2026-04-01 14:23:55;5.23.1;Caixa;negative;0.94663405418396
9e3058fdede587656a7a605b26689d4d;horrível como tudo desse banco, tiraram meu usuário, trocaram minha senha, sem eu pedir, triste, fazem chacota da nossa cara, um banco péssimo, pífio.;1;2026-04-01 14:22:07;5.23.1;Caixa;negative;0.9664189219474792
5e17682939a95e787e1543573400d86d;o pior aplicativo do planeta Terra, vc depositA um valor o app já bloqueia sua conta vc tem que registrar tudo de novo lixoo de app;1;2026-04-01 14:21:12;;Caixa;negative;0.9545839428901672
c99dfefcae52ad7e1a3095effb46ee2e;não faz login, senha e usuário certo;1;2026-04-01 14:20:20;5.23.1;Caixa;negative;0.5802136063575745
aa57882cfdc6e95342a40347c890ba45;o app é muito ruim, vcs devem mudar esse aplicativo muito complicado;1;2026-04-01 14:16:14;5.23.1;Caixa;negative;0.9465494751930236
2cb975f918afbc624c2a04bbedee4aec;muito complicado fazer novo usuário;5;2026-04-01 14:13:54;5.23.1;Caixa;negative;0.8590143322944641
faaeaf13bb19cae6355f86df914c726c;não estou conseguindo entrar no aplicativo , meu aplicativo está atualizado só q caiu um dinheiro agora e quando fui abrir o aplicativo para fazer uns pagamentos simplesmente não consigo abrir o aplicativo , é a nova versão, eu desinstalei e instalei de novo , agora estão pedindo um código q vem via whatsapp e nao sei como colocar, está horrível eu preciso abrir esse aplicativo . quero saber como faço pra colar código;1;2026-04-01 14:11:02;;Caixa;negative;0.9028520584106444
4c20b0947d3c841250838970a1559e23;O que está acontecendo que não consigo acessar a caixa tenho que pagar a parcela do carro hoje e não estou conseguindo sequer logar na minha conta. Façam o favor de arrumar isso o quanto antes estão prejudicando as pessoas que têm conta pagar suas contas em dia.;1;2026-04-01 14:10:48;5.23.1;Caixa;negative;0.9013711810112
651860e2ba1b96e03bc21d73542a1e19;eu não consigo mais fazer o cadastro;2;2026-04-01 14:10:01;5.23.1;Caixa;negative;0.8364946842193604
d9dd585604550ab0da491c546bef4c85;péssimo não consigo pagar nada pois está caducando;1;2026-04-01 14:04:47;5.23.1;Caixa;negative;0.9238322973251344
ed6cdee6c35852e118cc9f84af4dee14;hj eu não tô conseguindo fazer login ta dando erro ao entrar;2;2026-04-01 14:02:59;;Caixa;negative;0.8506982922554016
181881f67118eb360016d107b5ec92b2;aplicativo muito ruim banco muito ruim pois direto dá problema no aplicativo direto tem que recadastrar senha dá muito trabalho esse aplicativo péssimo péssimo péssimo e além de ser ter que recadastrar a senha dá o maior trabalho ainda te manda aguardar para saber se vai aprovar muito ruim mesmo dá muita dor de cabeça se puder evitar evite viu vá para outro banco;2;2026-04-01 13:54:36;5.23.1;Caixa;negative;0.9511069059371948
a44c5854e64838fe73efee54d73632f0;app péssimo dos péssimo,toda semana da bug e pede nova senha,e nunca atualizar a nova senha, ninguém tem tempo para falar indo no banco,vou processar esse banco;1;2026-04-01 13:54:35;;Caixa;negative;0.9483160972595216
5f1dec6f81877d88370a242c769aea4f;preciso de ajuda, meu app da cx bugou e não consigo mais usar ele;5;2026-04-01 13:54:31;5.23.1;Caixa;negative;0.8364046812057495
2e64d974035492e7bca7b15c6055ab6f;Nada funciona nesse app, eles não mandam verificação no whatsapp como dizem, então nem sequer consigo fazer o cadastro para começar usar o app... Incrível como tudo que é do governo é péssimo!;1;2026-04-01 13:53:46;5.23.1;Caixa;negative;0.9536455869674684
a04e03b50245a38e9197c6f4955cb7b5;É uma vergonha esse aplicativo, tudo burocrático igual a CAIXA por inteiro.;1;2026-04-01 13:51:44;5.23.1;Caixa;negative;0.9637990593910216
aeab20f8883211d8f05ea54bc7cbebec;não consigo cadastrar meu usuário;5;2026-04-01 13:51:28;5.23.1;Caixa;negative;0.7563066482543945
935f64ec60c7bb4f7178a0a7c2c247c7;horrível td hr desconecta, ai tem q recadastrar, e o código n chega no WhatsApp por nada, e não existem nenhuma outra opção, podendo receber por sms, mas n, so tem WhatsApp;1;2026-04-01 13:48:14;5.23.1;Caixa;negative;0.9086261987686156
d6c7e0005824395f181752682ac530c0;porq mudo essa desgraça. meu não quer entrar. já tentei de todo jeito;1;2026-04-01 13:47:01;5.23.1;Caixa;negative;0.9104281067848206
e19f57ae06a4e0cccabdd9ee05cfb00c;não envia o código para o WhatsApp é péssima;1;2026-04-01 13:42:27;4.1.2;Caixa;negative;0.9218870401382446
10ea577d25a1bff8367a0859df83fe15;Pelo amor de Deus, pior aplicativo de banco que existe! Agora não consigo sequer acessar minha conta! O aplicativo está pedindo para cadastrar outro usuário, acredito que seja por segurança pelo tempo que já estou com o mesmo, mas mandam um código pro whatsapp e o aplicativo não aceita digitar esse código, só aceita copiar do whatsapp e colar, sendo que o próprio whatsapp não aceita copiar esse código. Resumindo, não tenho acesso a minha própria conta, não consigo pagar nada!;1;2026-04-01 13:39:13;5.23.1;Caixa;negative;0.9203675389289856
517fd75d4ffeafb1d36f0993418ab128;vou encerrar minha conta da caixa pois app deles tem tanta segurança que nem o usuário consegue usar;1;2026-04-01 13:38:07;5.23.1;Caixa;negative;0.8282124996185303
eec215247b4b21a9f5b7ecf43e0c1356;Atualização muito ruim para quem usa os aplicativos do banco num celular exclusivo para isso. Agora é obrigatório ter whatsapp para acessar o app. Não é possível digitar o código de acesso enviado ao WhatsApp no app que está em outro celular, pois o aplicativo só permite que cole o código.;1;2026-04-01 13:37:44;5.23.1;Caixa;negative;0.928951621055603
320eca6866c364401f2681be7b6c3f8f;Não é prático, e tem muita instabilidade;1;2026-04-01 13:37:23;5.23.1;Caixa;negative;0.8769413828849792
b49a9aece0491e8eed4c5243b9013104;Pessoal, se tiver oportunidade procure outro aplicativo de banco, porque o caixa não está servindo mais. fica dando erro direto, você tem que tá mundando sua senha frequentemente e mesmo colocando certo vai dá erro, se for fazer algum pagamento ou precisar ele vai te deixar na mão. desisto da caixa.;1;2026-04-01 13:35:33;5.23.1;Caixa;negative;0.8205034136772156
dfb155ecb5539ae56f5a37fd1e1f96f5;app da caixa não está funcionando hoje, é complicado pq precisamos de pagar as contas e o app não entra ...;1;2026-04-01 13:34:32;5.23.1;Caixa;negative;0.8423680663108826
d912e727b847fb5aa62e70434739871c;tive um problema com o meu usuário para acessar o aplicativo. instalei o aplicativo novamente mas não tô conseguindo criar um novo usuário porque o aplicativo está pedindo uma versão mais recente. mas não dá pra atualizar nada.;5;2026-04-01 13:29:37;5.23.1;Caixa;negative;0.7999829649925232
678887237d1c420e6c118f7524656987;Da muita error ao tentar entrar na conta;1;2026-04-01 13:26:03;5.23.1;Caixa;negative;0.8360574245452881
8c35c490ac2869b5b5f07b45e06e81b6;Aplicativo com instabilidade recorrente nao consigo entrar na minha conta nem por biometria e nem por senha ja desinstalei, instalei denovo, limpei cache, ja desliguei o cllr liguei denovo, desliguei o wifi a net liguei ambos e nada de pegar ... rum;1;2026-04-01 13:25:52;5.23.1;Caixa;negative;0.7863820791244507
f919fb6768677476fee2822c226483e5;ta horrível arrumem esse app sempre que vai pedir suporte a senha vem com um código pelo WhatsApp e nunca esse código chega horrível;1;2026-04-01 13:25:00;5.23.1;Caixa;negative;0.942889928817749
4f763e58f74eaf5c7b639fc1a0f71991;Tem dias que tá funcionando bem e tem dias que não está funcionando.;3;2026-04-01 13:25:00;;Caixa;negative;0.4826372563838959
6c8af3eb7e6622036ca2fc5b46f68f7a;Não esta entrando de jeito nenhum, só fica dando erro A-AUT-SEM. Não da nem para entrar na tela principal. edit : é a ultima versao do app, já disse o que occorreu, é só ler a review . edit : voltou! obrigado;5;2026-04-01 13:23:35;5.23.1;Caixa;negative;0.7832571268081665
9ed3c051e819527f05e375d738b37380;nao tenho como falar com nenhum atendente e gerente, absurdo só maquina;1;2026-04-01 13:21:25;5.23.1;Caixa;negative;0.9025480151176452
e69ba176976bdab86a03bc4aa7dfece2;No dia 01/04/26, não consigo entrar na minha conta do aplicativo, mesmo tentando redefinir a conta ou trocar a senha. A mensagem para o WhatsApp nunca chega. Outros aplicativos de banco estão funcionando bem, só a Caixa está com esses problemas. É triste, porque muita gente depende desse aplicativo.;1;2026-04-01 13:21:11;5.23.1;Caixa;negative;0.9108993411064148
dc1adb81a0967a52a55511ec2bce6393;Aplicativo horrível,estou tentando acessar com a minha biometria e está pedindo senha,sempre acontece isso.;1;2026-04-01 13:18:52;5.23.1;Caixa;negative;0.9522796869277954
c0f4efa51fc7fe0f854be3f87578bf1b;sinceramente, já perde a conta de quantas vezes tentei fazer a confirmação de biometria fácil e aparece o erro de servidor indisponível, como pode uma instituição tão grande e rica ter app tão ruim assim, isso é descaso com o consumidor;3;2026-04-01 13:18:33;;Caixa;negative;0.9542383551597596
4d34490efb17e86dde69046d10af56c1;vive travando;3;2026-04-01 13:15:38;5.23.1;Caixa;negative;0.821914792060852
839d5138ae873167eee29ecdc47e48c9;Não consigo entrar no app de jeito nenhum, desde as 9 da manhã!! lixo de app;1;2026-04-01 13:08:25;5.23.1;Caixa;negative;0.9438554644584656
37032ded1f5e5f05bcbc3b161fce742c;Problemas acessar o app. está dando erro.;1;2026-04-01 13:08:17;5.23.1;Caixa;negative;0.7720694541931152
b9a365ef888e25a1c484c720de48cfd1;tá ruim esse aplicativo não consigo entrar na minha conta poupança;1;2026-04-01 13:08:15;5.23.1;Caixa;negative;0.9395278096199036
22438495b7396df688bf75cf90f31c18;não consegui entrar na minha conta;5;2026-04-01 13:00:02;4.3.1;Caixa;negative;0.6909229159355164
3e3a5aee7c427dfdd50744bd6a4d9ed4;teve alguma mudança boas tá muito ruim;1;2026-04-01 12:58:06;5.23.1;Caixa;negative;0.9240352511405944
dd444f94c8c10ac8d3a6d703bd286b16;Qua Aplicativo horroroso, nunca vi cobrar absurdo de imposto e ter um software tão podre assim;1;2026-04-01 12:57:12;5.23.1;Caixa;negative;0.9545863270759584
db2fb9c21a13ab66eaa0acf1fe8f9db1;péssimo app, nunca conseguimos resolver nada nele, até pra entregar e horrível, tem um ano que tento entrar no app e até hoje nada;1;2026-04-01 12:56:38;5.23.1;Caixa;negative;0.9501057267189026
4fca9f9526c3d79e0e370aef959bffcf;escolher opções para cadastrar o APP deixa cliente inseguro!;2;2026-04-01 12:49:57;5.23.1;Caixa;negative;0.8720258474349976
8d09b23dc9811d8f6dfb0376979eefab;Péssimo! Não consigo acessar e é impossível acessar o código enviado via WhatsApp.;1;2026-04-01 12:49:15;;Caixa;negative;0.9203765392303468
eec42f062d22daf13b0c386f64bb1dcd;Estou muito decepcionada com a operação da.caixa tudo faz pelo celular so o Banco da caixa e mesmo complicado Eu estou sem Banco no celular porque voces não ajudam o Banco do Bradesco mandam cartao na minha casa e so falar com a Bia vocês não é complicado sou de idade não consigo andar e o Banco não me ajuda?;5;2026-04-01 12:48:25;5.22.0;Caixa;negative;0.9135383367538452
207beb7dba1090308322a1d1dd35e04d;lentidão para receber um SMS via whatsapp;1;2026-04-01 12:48:11;5.23.1;Caixa;negative;0.6803224086761475
57071812b6fd627ef1edc80f1482a2e5;um lixo de aplicativo da erro quase todos os dias tanto dinheiro que a caixa tem e nao resolve este problema vergonha;1;2026-04-01 12:45:26;5.23.1;Caixa;negative;0.9606407284736632
97c375c641ff4b2b4347491a86c5497c;travou e não abre o app;1;2026-04-01 12:44:00;5.23.1;Caixa;negative;0.808574378490448
fb1543a15c701bbacb3e5f12146c11fc;muito lento;1;2026-04-01 12:43:50;5.23.1;Caixa;negative;0.7739347815513611
b428feb6a2c8b94f4aa1c92b18ad180d;aplicativo horrível, sempre fora do ar, a caixa devia criar vergonha na cara e investir no aplicativo eficiente que não fique deixando o cliente na mão, muitas vezes precisamos pagar uma conta e o aplicativo está fora do ar não funciona e isso não é raramente é quase sempre.;1;2026-04-01 12:42:01;5.23.1;Caixa;negative;0.92166006565094
3c2c23ffcda19485680eeca8542f4688;Desculpa, deixa a desejar bastante;3;2026-04-01 12:41:32;5.23.1;Caixa;negative;0.4532256126403808
c680303a7b674ea98ebc315697a4a0bd;o aplicativo não está funcionando e nem estou conseguindo entrar 😞;1;2026-04-01 12:40:17;;Caixa;negative;0.8670812845230103
a39c2ae02503f1029724fba4e4853e62;Transtorno total sempre ao acessar a conta através do aplicativo a biometria da problema, não aceita a senha solicitando novo cadastro dando SEMPRE UM TRANSTORNO para acessar a conta;1;2026-04-01 12:32:52;5.23.1;Caixa;negative;0.885845422744751
bd7dc4fa7ff7a9413c4cc11c55341b95;Não está permitindo desbloquear novos dispositivos por outro aparelho já cadastrado, tá pedindo pra ir no caixa eletrônico, aplicativo tá atualizado nos dois dispositivos, não há mais opções de ativar em outro como antigamente;1;2026-04-01 12:32:08;;Caixa;negative;0.792443573474884
c1f31b4c3408764a98b0537b7a0a5c1e;Deveria ser mais intuitivo e vive dando erro.;3;2026-04-01 12:31:40;5.23.1;Caixa;negative;0.8585512638092041
b1cc31e679251f4f47cfa6ed611e23a6;começou tudo de novo... toda hora tem que ficar cadastrando novo usuário pq do nada ele nao abre mais com a biometria, desinstalar e instalar novamente toda semana praticamente. App nao tem estabilidade nenhuma;1;2026-04-01 12:30:49;5.23.1;Caixa;negative;0.8851453065872192
adc5b5c95b1c8051c82728863cf8a6ee;aplicativo não está mandando o código de validação, está horrível!!! verifiquem isso por favor;3;2026-04-01 12:27:16;5.23.1;Caixa;negative;0.9280704855918884
accc6e13b07cea44d7559bee04d34e57;o aplicativo vive dando problema , agora apareceu pra mim um erro A-AUT-SEM . precisando usar a conta ... obs: PROBLEMA RESOLVIDO.... E Só desinstalar e instalar novamente. obg equipe que me respondeu rapidamente!;4;2026-04-01 12:27:16;5.23.1;Caixa;negative;0.6297850608825684
802459c71d7eb98ab968b77766fcb34d;ultimamente o app está tendo muita falha ao acessar. recentemente tive vários problemas ao ir efetuar pagamento pelo app, e não consegui acessar minha conta, a gente acaba passando vergonha por situações como essa.;1;2026-04-01 12:25:50;5.23.1;Caixa;negative;0.9381597638130188
a714d72165fa12398a83982c568602bd;Péssimo tecnologicamente! Serviços digitais frequentemente apresentam erros!;1;2026-04-01 12:24:17;;Caixa;negative;0.9530660510063172
e4b5ac0b76ad683785246fbc6e7246f6;estou tentado entrar na minha conta mais nao esta dando certo;5;2026-04-01 12:23:14;5.23.1;Caixa;negative;0.7721316814422607
43b7c442c260a252bafbf1e76a0023e1;um aplicativo até é bom porém é horrível para criar senha todas as senhas que você coloca nunca validada nunca é validada mas eu tenho que criar uma senha qualquer Quando tu vai entrar no aplicativo com a tua biometria não funciona quando tu coloca esqueci a senha pede o código além de fazer o reconhecimento facial que facilitaria muito a situação aí o código nunca chega no Zap quando chega é um código que já foi reenviado não funciona da sempre código errado e a gente não consegue acessar o app;3;2026-04-01 12:19:36;5.23.1;Caixa;negative;0.8827454447746277
b63574a7187806784c105a94ffb3633b;pra ser horrível ele tem que melhorar muito, pra tudo é uma burocracia, o aplicativo simplesmente decide não funcionar e sempre que acontece não importa o que ele te faz criar um usuário novo, ao menos agora não tem mais que desbloquear em caixa eletrônico contudo sempre faz criar usuário novo e te faz esperar a suposta validação deles. edit: sim caixa, ele está atualizado, o problema é só app mesmo, e o único app de banco que é reconhecido pelos erros do app;1;2026-04-01 12:17:02;;Caixa;negative;0.9078668355941772
4c4cb2a61d36aab8a878cb8e08a7a61b;alguém que não esteja conseguindo entrar na conta?;3;2026-04-01 12:16:50;5.23.1;Caixa;negative;0.674077570438385
d3614e05428e669039a62d9b6d71cb76;O App está exigindo permissão de gerenciar ligações telefônicas, não faz sentido obrigar essa permissão, poderes demais para um App de Banco. Outras IFs não exigem isso. Vão perder clientes.;1;2026-04-01 12:12:47;5.23.1;Caixa;negative;0.9252509474754332
30dc1722365b07af3794d5bc0f425239;Simplesmente o código de ativação não está indo. mesmo com as informações corretas. O app precisa melhorar e muito.;2;2026-04-01 12:07:41;5.23.1;Caixa;negative;0.825435996055603
91e56f7a6148d961d78200f8f64dc66b;essa última atualização deixou o app sem funcionar corretamente. esta sem reconhecer minha digital e não está abrindo.;4;2026-04-01 12:06:04;4.5.0;Caixa;negative;0.7973266839981079
7e236e34dd65583c066538a1d91c5bb1;não consigo acessar minha conta;2;2026-04-01 12:05:44;5.23.1;Caixa;negative;0.7806785702705383
3fcab1f2fd66068b044e36d73aa95db5;Pior aplicativo que tem , manda um código pelo whatsapp além de demorar a chegar não tem como copiar o código , tem como escanear que linda ideia como vou esquentar um QR code do meu próprio celular , isso tudo não consigo cadastrar um novo usuário. E outra direto fora do ar .;1;2026-04-01 12:02:59;5.23.1;Caixa;negative;0.8194277286529541
c0ee17c4015520977a7004e1cd4db9d2;meu aplicativo não está funcionando pra Nada. nem entra! já desinstalei e instalei e não funcionou! dnv ele não está pegando;1;2026-04-01 11:59:23;5.23.1;Caixa;negative;0.869602382183075
c91d1422ed947a4966cfa3d0ac3d35e3;Hoje 01/04/2026 não estou conseguindo acessar o aplicativo, nem com a biometria, nem com senha, aparece a mensagem: Desculpe!! Neste momento não é possível atender a sua solicitação. Por favor, tente novamente mais tarde. A-AUT-SEM.;1;2026-04-01 11:56:15;5.23.1;Caixa;negative;0.7486476898193359
2f20ddc30b3c673bd97b1e70936f4c4c;aplicativo quase impossível de abrir, sempre da erro, não abre na biometria, aí pede a senha e continua dando erro e pede pra entrar mais tarde, acho isso um absurdo, não posso ver minha conta;1;2026-04-01 11:55:21;;Caixa;negative;0.9373356699943542
704f23788da0e5f70b10a7946dd94b2e;continua demorado pra realizar as funções, e do nada a biometria não funciona e senha fica carregando e não abre , ai tem que desinstalar e fazer todo o cadastro novamente;1;2026-04-01 11:51:46;5.23.1;Caixa;negative;0.8265416026115417
08fa7d941fa7ce9497707dabea707ee2;enquanto a caixa não leva um processo eles nao vão consertar esse bug fica dando app ,to cansado de passar constrangimento quando vou pagar uma compra ,fica dando A AUT REX , COISA CHATA .;3;2026-04-01 11:49:23;5.23.1;Caixa;negative;0.9371156692504884
3c333abb7c0ee37725b07bf06a2b8207;Quando quero acessar as faturas do cartão de crédito só fica carregando e não abre. Além disso o app não acessa e ocorre erros constantes. A-AUT-SEM já atualizei, limpei cache, reiniciei e não resolve. Aí vamos pagar a conta e passamos vergonha com esse app horroroso.;1;2026-04-01 11:47:36;5.23.1;Caixa;negative;0.9330363869667052
ed85c853c7da714f6d03aff6c36d7429;Dia 01 de abril não tá querendo abrir de jeito nenhum toda vez tem que na agência arrumar se precisar de ir na agência pra que aplicativo digital 🤷?;1;2026-04-01 11:46:33;5.23.1;Caixa;negative;0.797227680683136
90927e7f5a0b0a40dbe0134b01c35673;Esse aplicativo está horrível, várias vezes com o mesmo erro ao entrar, fica horas assim, resolvem e depois volta o mesmo erro.;1;2026-04-01 11:45:49;5.23.1;Caixa;negative;0.9550322890281676
1f4fee46cba5051f71b41cbabe384737;Horrível. A cada atualização de vocês o app fica pior, vcs vão acabar perdendo clientes.;1;2026-04-01 11:44:05;5.23.1;Caixa;negative;0.9547405242919922
44bfeaf632fe21efba2c9ec7ecaca624;Esse aplicativo é um lixo! Sempre quando eu mais preciso ele me deixa na mão;1;2026-04-01 11:43:40;5.23.1;Caixa;negative;0.9548449516296388
b4d587b21095c51b7426f727519fd177;COMO TODOS APLICATIVOS DO GOVERNO NAO FUNCIONA , MANDAM UM CODIGO PELO WHATSAPP QUE NAO DA P COPIAR E COLAR , E EXIGEM COPIAR E COLAR , NADA DESSE GOVERNO FUNCIONA , NEN UM SIMPLES APP , A SENHA NAO FUNCIONA , E RECUPERAR A SENHA NAO FUNCIONA;1;2026-04-01 11:42:47;5.23.1;Caixa;negative;0.7843812704086304
c73a9b35dc781ac7175767dabb24da3b;não consegui acessar meu Ap hoje;2;2026-04-01 11:42:44;5.23.1;Caixa;negative;0.7642830610275269
1296fe71915de605711ceb4405333807;que aplicativo horrível, lento pra caramba, burocrático, horrível!;1;2026-04-01 11:42:24;5.23.1;Caixa;negative;0.9622570872306824
a6e79c5f62510c678cdda05886d2eb2d;péssima, tô com dinheiro agarrado na conta não consigo usar cartão nem fazer pix o pq eu não sei sempre usei essa conta e agora tá fazendo graça... tá dizendo pra tentar mais tarde e dando código A-AUT-SEM;1;2026-04-01 11:42:03;5.23.1;Caixa;negative;0.9314220547676086
058666941e154cde48017e8d0a2daaf2;infelizmente o código para chegar no whatsapp para fazer o cadastro não chega, coloco o número no qual e o meu whatsapp e não chega, essa última atualização só Jesus;4;2026-04-01 11:41:21;5.23.1;Caixa;negative;0.8745841383934021
aeea2fd1a518b0f475213f0af0f2ead4;Esse aplicativo é horrível, vive sumindo os meus usuários cadastrados, tenho que realizar novos cadastros e ir em uma agência fazer o desbloqueio, dígito a senha e da erro, já bloqueou nem sei quantas vezes, não por digitar errado mas por ficar carregando e dando erro, pois não informa o motivo dos erros, só depois de algumas tentativas diz que foi bloqueado, tenho ir em horário de expediente fazer novas senha na agência, pior aplicativo que existe. mais uma atualização, mais um problem novo;1;2026-04-01 11:39:47;5.23.1;Caixa;negative;0.8995740413665771
e7fa4c39cae96969e474dbdfcc6d48fa;Estou sem acesso a minha conta há horas por erros desse aplicativo, horrível.;1;2026-04-01 11:39:46;5.23.1;Caixa;negative;0.9503138065338136
18c3449b0ccbed34b74f907de0dfa044;Pense numa esculhambação esse app menino toda hora um bug diferente, a gente vai acessar fica dando erro, não completa o acesso ...um saco, em 2026 continua o mesmo lixo... 300 atualizações por mês e na hora que a gente mais precisa acessar o aplicativo não permite o acesso;1;2026-04-01 11:36:58;5.23.1;Caixa;negative;0.9510619640350342
02f162fa68db2ef24e0d1e5ecb52d8bc;Não gostei porque, não tem a opção de solicitar cartão pelo próprio aplicativo. Assim como outros bancos que tem essa opção de solicitar cartão pelo aplicativo como Santander e outros brancos;1;2026-04-01 11:36:08;;Caixa;negative;0.7964779734611511
49a6b7ae611101f5e4513036ba78ddb9;não consigo entrar no app sempre da erro;1;2026-04-01 11:35:21;5.23.1;Caixa;negative;0.8382560014724731
a4368fbe9e90296f521b3c9807dc3151;Fica indisponível com muita frequência. Que aplicativo lixo!!;1;2026-04-01 11:35:19;5.23.1;Caixa;negative;0.9566634893417358
9660cb0889eb0c4716ef69dc2a4993c8;não permite acesso muitas vezes.;2;2026-04-01 11:32:48;5.23.1;Caixa;negative;0.5964451432228088
6fb49ae830b92f69204e4a8482edb451;HORRÍVEL, NÃO CONSIGO ACESSAR MINHA CONTA, MUITA DIFICULDADE;1;2026-04-01 11:32:29;5.23.1;Caixa;negative;0.9504565596580504
61fe583c2c4dd946a0f0676cef2e5552;Quando a gente precisa do pix ele não funciona. Reconhece a digital, a senha, TUDO, e não abre.;1;2026-04-01 11:32:19;5.23.1;Caixa;negative;0.7773540616035461
355664539416b598bfa3ddad2d8613b1;app com muita instabilidade no loguin, toda hora pede para cadastrar usuário!??;3;2026-04-01 11:32:15;5.23.1;Caixa;negative;0.863523006439209
eeb43ead6ac89e1c6b75ef7ba479d645;Aplicativo não abre, como sempre serviço de péssima qualidade da Caixa, todo começo de mês é esse inferno;1;2026-04-01 11:31:37;5.23.1;Caixa;negative;0.9546470642089844
50069b45d3e4967642c598efa5b49754;"estou tentando entrar em minha conta e não tô conseguindo, aparece a mensagem "" não é possível atender a sua solicitação tente mais tarde""";5;2026-04-01 11:31:03;5.23.1;Caixa;negative;0.5999559760093689
d79f6440d75c124740008c5d1b4326c8;PÉSSIMO APLICATIVO,TODA VEZ QUE ENTRO A BIOMETRIA NÃO FUNCIONA AI PEDE O NOVO USUÁRIO E FICA NESSA LENGA LENGA;1;2026-04-01 11:30:41;5.23.1;Caixa;negative;0.9365686774253844
74fa58402d8a3cd486d4c990c72261a1;app muito ruim, não precisa vcs entenderem é só ver tanto que o app fica fora do ar durante o mês;1;2026-04-01 11:30:41;5.23.1;Caixa;negative;0.9421067237854004
f163849b7054b806b73ca9fb91a8c31d;Horrível, quando mais se precisa, éh onde ele menos te favorece! PÉSSIMO!!! O FGTS, diz que não encontrou , muito ruim mesmo!!!;2;2026-04-01 11:30:05;;Caixa;negative;0.9521011114120485
db9080b54bf435567fe8a221ea1a0a4b;péssimo, uma aplicativo que nem o dono da conta não consegue acessar, das 24h diárias, pelo menos 20 ela tá fora do ar;1;2026-04-01 11:25:06;5.23.1;Caixa;negative;0.932255744934082
742f7cf83332e4fefaef909dacee2a38;Meu app dá erro direto mesmo tendo internet boa.;3;2026-04-01 11:24:37;5.23.1;Caixa;negative;0.8700200319290161
3992a925fdf411a831e9f871854f706b;wo ajuda aí né hoje dia de pagamento agiliza aí fora do ar dínovo;5;2026-04-01 11:24:09;5.23.1;Caixa;negative;0.4549995958805084
10b7d89d25387742b342e7ecddfb2a71;O app não está abrindo. Fica só uma mensagem para tentar depois..m;1;2026-04-01 11:23:27;5.23.1;Caixa;negative;0.5621357560157776
97344152efb1bc86ebd84cff4bf611da;aplicativo vive dando erro no momento nao ta aceitando biometria dai vamos colocar a senha tambem nao aceita...isso e um stress diario;1;2026-04-01 11:23:22;5.23.1;Caixa;negative;0.9106515645980836
c17b0458a06da304dcbd7c13a68d4ce7;nunca consigo entra na minha conta preciso sempre ir até a agência isso se torna um transtorno.;1;2026-04-01 11:22:07;5.23.1;Caixa;negative;0.913884699344635
0f9c6efff347e70518f1f611e661aa42;Esse app é horrível, do nada dá erro e vc não consegue acessar, ai tem que redefinir usuário, quase todo mês tenho que fazer isso.;1;2026-04-01 11:21:43;5.23.1;Caixa;negative;0.9463369250297546
9cc9d8e3d3809c3c2333e4c820b47bbc;minha conta no app não abre. fica mandando tentar mais tarde mas se a gt precisa naquele momento como esperar pra mais tarde? redefini a senha e nem assim abre.;2;2026-04-01 11:21:20;5.23.1;Caixa;negative;0.7826985716819763
57f469a1822ed59698abd4b0255d37da;App muito instável. Muitas vezes não abre, principalmente quando mais preciso, pra fazer pix.;2;2026-04-01 11:20:31;5.23.1;Caixa;negative;0.924351692199707
78a2a4274a463e6e6390ab864f58b1f0;já falei que o APP da caixa económica é um lixo?nada funcionando nem digital e nem a senha,lixo,lixo, totalmente!;1;2026-04-01 11:19:44;;Caixa;negative;0.9476687908172609
6c03af649f637bdf8ec283d7c81761ab;lixo de aplicativos não funciona e deixa a desejar;1;2026-04-01 11:19:34;5.23.1;Caixa;negative;0.9310336112976074
ab520d0bf0b140e23d700e4aa458a15a;péssimo! só abre se tiver no Wi-Fi. e a maioria das vezes dá a mensagem de erro ao acessar. em outros bancos não tem esse problema de ser por dados ou wifi. o da caixa é bem ruim!;1;2026-04-01 11:19:11;5.23.1;Caixa;negative;0.9343334436416626
3c89ff82fe1b6e20295850b9dc10c6bc;aplicativo muito ruim toda hora da problema em alguma coisa e QQ problema tem que ir na agência ruim demais;1;2026-04-01 11:19:02;;Caixa;negative;0.9374105930328368
e1c55d9fb7d7a10339dbe8debab3bc54;Muita instabilidade hoje para acessar. Não consigo acessar com biometria e nem com senha.;1;2026-04-01 11:18:58;5.23.1;Caixa;negative;0.8686037659645081
afa029825e97128c3d74a8dc54ca82bf;muito erro,muitas vezes tento entrar e da erro, o APP já me abandonou muitas vezes quando precisava fazer pix;1;2026-04-01 11:18:39;5.23.1;Caixa;negative;0.9277678728103638
e219caa0f9ed794b427970c0bb93b6ab;péssimo aplicativo. trava o tempo todo e sempre dá erro e não abre as opções que preciso.;1;2026-04-01 11:17:44;5.23.1;Caixa;negative;0.9385088682174684
e6bd08fa27270a76b7a4a98a84f9b578;não consigo acessar na hora que eu preciso;1;2026-04-01 11:17:16;5.23.1;Caixa;negative;0.6197714805603027
2a354a4aa47b3a0b12dc20fe0a61be44;Trava a todo momento sem qualquer explicação e invariavelmente solicita nova inserção de dados e cadastramento de novo login. uma verdadeira m..;1;2026-04-01 11:16:55;5.23.1;Caixa;negative;0.6070318222045898
11dd2909330fad31016707460ef95cb3;péssimo atendimento muito ruim aplicativo da caixa resolve nada;1;2026-04-01 11:16:51;;Caixa;negative;0.945043444633484
5c192a557fe66527081979a667dcc3d3;Péssimo aplicativo, muito instável, só funciona a hora que quer, terrível;1;2026-04-01 11:15:58;;Caixa;negative;0.9612181186676024
bd0bb899f4d9edce97ed6505da44bff1;estou tendo problemas para entrar, sempre dá erro;2;2026-04-01 11:15:19;5.23.1;Caixa;negative;0.8676844239234924
5f2ff887b83d9364bde9b8485eb75886;senha certa, login certo e nao entra mais... nenhum canal de atendimento que nao seja por ligação. bem complicado;1;2026-04-01 11:14:53;3.14.0;Caixa;negative;0.8536644577980042
f95219c34f9ded3c0201bd42d29d92e8;não estou conseguindo acessar o aplicativo ta difícil não estou conseguindo acessar o aplicativo ta difícil;2;2026-04-01 11:14:12;5.23.1;Caixa;negative;0.82620769739151
fe4994041c0addbc156215b13e299aa7;Não existe pior...nunca melhora...toda hora não reconhece a biometria e pede senha...ja tenho mais de 300 senhas;1;2026-04-01 11:14:06;5.23.1;Caixa;negative;0.8654454946517944
adb60dff9bc33e1eaefc5b7b7e479067;app caiu, não tá entrando no banco.;1;2026-04-01 11:13:06;;Caixa;negative;0.6505504846572876
4996f799cb9292c029ad660d6faadb56;Caixa econômica horrível aplicativo seguro dinheiro da gente estou tentando pagar uma conta não consigo;1;2026-04-01 11:13:05;5.23.1;Caixa;negative;0.9309650659561156
55cb2c41f87edd7a23d4fb17f081a8fb;operação hoje não tá abrindo nada;5;2026-04-01 11:12:18;5.23.1;Caixa;negative;0.7245742082595825
8b065892cd75b7cb681bc6a2fc3401c0;Não estou conseguindo vê o saldo da minha conta desde das 14:30 sempre dá erro quero saber o que tá acontecendo. não estou conseguindo acessar o app nem por biometria nem com senha. não consigo acessar o app nem por biometria nem por senha não abre nada;2;2026-04-01 11:12:07;5.23.1;Caixa;negative;0.86517333984375
dee2e6c2ad10a74880fbf6037eb8aa7d;O app simplesmente não faz o login, nem por biometria, nem com senha. já reiniciei, desinstalei e instalei o app, mas não adiantou;1;2026-04-01 11:11:53;5.23.1;Caixa;negative;0.8231074810028076
252673d538acfc6341042801d2acff1a;o app não abre de jeito nenhum 😕;1;2026-04-01 11:11:34;5.13.1;Caixa;negative;0.8794821500778198
329c6644a5c24f950472c2772791b3d4;Banco horrível. tô tentando acessar minha conta mas o APP se encontra com instabilidade. e como eu faço pra tirar meu dinheiro? absurdo isso. banco fraco. sem suporte, sem estabilidade.;1;2026-04-01 11:10:51;5.23.1;Caixa;negative;0.9606568217277528
581e76200731ac0c1d8c89fdbd121004;o aplicativo está péssimo 😕 está dando erro para acessar,e só aparece (tente mais tarde ). o app me deixou na mão...;1;2026-04-01 11:10:43;5.23.1;Caixa;negative;0.9452024102211
044f7b1156650b3c140c6609a4e70a42;aplicativo muito ruim, fica mais com instabilidade do que estável, vou excluir minha conta e mudar de banco.;1;2026-04-01 11:10:00;5.23.1;Caixa;negative;0.9518447518348694
1a348fd3ec1fcaa95c80fc7f26225986;Infelizmente a Experiência não tem sido muito boa, tem sido bem irritante, tento entrar e fala que estou sem internet, sendo que estou usando o app com internet, e outra hora fala que não pode atender minha solicitação, tente mais tarde, aí fico refém do app pra pagar as contas 😡😡😡😡😡😡😡;3;2026-04-01 11:09:58;5.23.1;Caixa;negative;0.936498522758484
0234d13f951afb3f33582842726400bd;O app tá dando problema pra abrir, e não estou conseguindo fazer pagamentos;1;2026-04-01 11:09:57;5.23.1;Caixa;negative;0.8073890805244446
7668b2907c069eac035546f74d0dd0e9;"Meses com erro para acessar com a biometria. Teve um momento em que precisei liberar novamente em um caixa eletrônico, sendo que já utilizava há meses no mesmo dispositivo. Agora não consigo acessar com ou sem biometria, pois apresenta erro ""A-AUT-SEM"" por isso estou usando cada vez menos, pois quando mais preciso, me deixa na mão.";1;2026-04-01 11:07:01;5.23.1;Caixa;negative;0.8395615220069885
9685ecd8a6f739143bb21e995ecc81c7;É o pior app de todos os bancos. Passam atualizações e nada melhora. Tenho frequentemente problemas pra entrar no app enquanto nunca tive com bancos digitais. É vergonhoso que um banco do tamanho e com a importância da Caixa ofereça um serviço tão ofensivamente ruim. Preciso pagar uma consulta médica e não consigo porque simplesmente o app não funciona.;1;2026-04-01 11:05:40;5.23.1;Caixa;negative;0.958650529384613
af50c0b46cdf0d2979326214e242fcb1;toda vez me deixa na mão na hora do Pix que vergonha;1;2026-04-01 11:03:32;5.21.1;Caixa;negative;0.949571967124939
e6021b50e5595ff401ba699c40de783e;O aplicativo simplesmente nao abre,deixando cliente na mao passando vergonha, que banco horrível;1;2026-04-01 11:01:19;5.23.1;Caixa;negative;0.9627431035041808
90b09798f264dc1e2483660ccc4be799;porq esse aplicativo trava tanto? todos os dias trava pra acessar muito complicado mds;1;2026-04-01 11:01:07;5.23.1;Caixa;negative;0.9300225377082824
f45db4852c3d7a5868166e694de4bdb1;Não consigo abrir o aplicativo,preciso fazer pagamento;3;2026-04-01 11:00:52;5.23.1;Caixa;negative;0.6982796788215637
9a27ffc0810df735fab3fca63d4cfade;O app não está abrindo, já fiz limpeza de cache, a atualização está em dia, internet funcionando normalmente e simplesmente o app não está funcionando!;1;2026-04-01 11:00:21;5.23.1;Caixa;negative;0.6961793303489685
6cf3bd8f061e96b98a53ab44eeb85507;trabalho com Pix e preciso receber as notificações e simplesmente parou de enviar. Vou mudar de banco pra receber minhas vendas infelizmente 😞;2;2026-04-01 10:57:37;4.6.1;Caixa;negative;0.8643447160720825
30a0a0e86e414cf72efbdd663cacbdca;caixa cada vez tá ficando horrível você entra para entrar para logar no aplicativo da tente mais tarde. difícil todo dia assim;3;2026-04-01 10:57:34;;Caixa;negative;0.9314152598381042
b6658e041e27cdca3a3d8c8b3e1ecca5;Não estou conseguindo usar o aplicativo. Aparece a mensagem: Desculpe! Neste momento não é possível atender a sua solicitação. Por favor, tente novamente mais tarde. A-AUT-SEM;1;2026-04-01 10:56:48;5.23.1;Caixa;negative;0.6459346413612366
3da13269c40bd72155a187876711612e;Por que vive dando erro após colocar a biometria? Já usamos essa bendita função, para não termos que colocar a senha. E quando dá erro, você tem que colocar a senha que sequer lembra. E tem que fazer todo o trabalho de cadastro novamente. Esse aplicativo já foi melhor. Agora é só ladeira baixo. Muito ridículo vários erros recorrentes.;1;2026-04-01 10:54:45;5.23.1;Caixa;negative;0.944502890110016
6885a2cbe630a44ce219847703f2f689;Caixa, quem faz os seus aplicativos deve ser trocado imediatamente tudo é péssimo não consigo fazer uma coisa simples que é acessar o aplicativo, tudo dá erro e nada funciona. É impressionante. segue o exemplo de apps de outros bancos, até bancos menores tem apps que são funcionais;1;2026-04-01 10:54:00;;Caixa;negative;0.9497707486152648
a1114df773cc28e00c9c5db7fdfaa2a6;péssimo, lixo de aplicativo, só serve pra receber PIS e pagar moradia, qualquer problema precisa ir numa agência física, nada resolve pelo app, horrível, lixo , lixo.;1;2026-04-01 10:53:33;5.23.1;Caixa;negative;0.9604226350784302
4a822affa8deaf3715e3981291e42ea1;O app da caixa está dando erro A-AUT-SEM ao tentar acessar;1;2026-04-01 10:50:13;5.23.1;Caixa;negative;0.7469301819801331
3625973f0e6c74260ad18404cb6e736b;esse aplicativo,desconeta da conta com muita frequência,as vezes agente tá num lugar que não tem acesso de onde vc anotou os dados,esquece do nome de usuário, senha toda vez tem que ficar cadastrando tudo dnovo ,as vezes agente precisa só consultar o saldo ,a conta tá desconectada mesmo com a digital habilitada, põe dificuldade pra entrar.🤨 é bem irritante.;3;2026-04-01 10:49:17;5.23.1;Caixa;negative;0.915814995765686
0337dc7907309a05a9b14d5a8a6497db;Preciso urgente pagar uma conta que vence hoje e o App nao abre, nao reconhece meu usuário, pede pra fazer outro. Desinstalei, instalei, faço a facial e diz que da erro, agora tenho que esperar VINTE E QUATRO HORAS pra acessar de novo!! E já aviso, NÃO POSSO IR AO BANCO POR MOTIVO DE SAÚDE. E nao me venha com resposta automática não. Governo sendo governo. Quem vai arcar com o prejuízo do atraso?????;2;2026-04-01 10:48:20;5.23.1;Caixa;negative;0.905613899230957
8a3a01babcd3186f7ebe299b9586e6e2;Esse aplicativo é muito ruim, aliás ruim é um elogio, não tenho um adjetivo pra descrever o quão ruim a esse aplicativo. Além de não ter uma função de bloqueio dos cartões, aplicativo vive dando problema na hora do login, tendo que fazer cadastro novamente na hora que mais precisa para o uso.;1;2026-04-01 10:45:25;5.23.1;Caixa;negative;0.9419748187065125
f1d62db01949ae585493d84249aa8070;um lixo... a gente entra cedo... aí depois vai entrar... não temos acesso a conta mais...;1;2026-04-01 10:45:05;5.23.1;Caixa;negative;0.9340689778327942
ad288014447b4145d53bde3bcb05b995;péssimo App, dá erro de login recorrente, não consigo nem acessar minha conta;1;2026-04-01 10:44:06;5.23.1;Caixa;negative;0.9420520663261414
ce57f6bf11cce0bedccae782cddb7493;Toda hora tem que se recadastrar, absurdo.;1;2026-04-01 10:43:43;5.23.1;Caixa;negative;0.9125180840492249
6a8a4a206498a45f6efd3ff4d6e2e0e9;o aplicativo tá percimo agora só vive com problema 😵‍💫 ao abrir fala que houve algum problema, fala que é a internet, mas não é internet é o aplicativo;2;2026-04-01 10:36:03;5.23.1;Caixa;negative;0.7706111073493958
cbad6eb175480e18593e93b6c04a5275;Simplesmente orrivel não nem com a digital e nem com senha meu aplicativo não funciona perd o acesso vou deixar a minha conta da caixa zerada porque eu não confio isso pra mim não é questão de segurança não é ruindade do Apple mesmo;1;2026-04-01 10:35:31;5.23.1;Caixa;negative;0.9581517577171326
a1e6697e6703e23bf25bcbe464fdf00d;se vc precisar pagar via app. Boa sorte. pq nao abre qd vc precisa. erro atras de erro...;1;2026-04-01 10:34:14;5.23.1;Caixa;negative;0.6252995729446411
f573f8f0f67ad3bc040dbe56c2c43ec6;após a última atualização não estou conseguindo acessar o app;1;2026-04-01 10:31:12;5.23.1;Caixa;negative;0.7284560203552246
42d4a90ea5b2a2c01e2380b5a04788d9;Pq que nesse exato momento não tá entrando no app?????;1;2026-04-01 10:29:47;5.23.1;Caixa;negative;0.7240307927131653
b1dcfc4b1065c12553db9961849fafe1;O extrato depois que atualizaram ficou horrível para ver valores e gastos no delhamento , o antigo era bem melhor para ver.;4;2026-04-01 10:27:12;5.23.1;Caixa;negative;0.8701176047325134
1e97e2a756832f0e8df1a842fc0371fb;O aplicativo está dando erro para o acesso, e ao tentar recuperar a senha aparece que não pode atender no momento.;1;2026-04-01 10:19:52;5.23.1;Caixa;negative;0.6906359791755676
a1b745cef28e159d7f842bc4dc930140;preciso confirmar a senha não consigo;5;2026-04-01 10:05:23;5.23.1;Caixa;negative;0.6566636562347412
8bbdc6f3f1c376f490cc3517f8f0f48f;Pedimos,estou há dias tendo problemas e não consigo resolver nada toda vez que tento acessar a conta me manda cadastrar usuário cadastro coloco a senha e não vai;1;2026-04-01 10:03:41;5.23.1;Caixa;negative;0.8184973001480103
9a56470090f9a9668e990ddbbedec4c4;dificuldade na hora de desbloquear senha tem que pegar uma fila enorme mas na hora de abrir a conta não tem dificuldade nenhuma;1;2026-04-01 09:42:43;5.23.1;Caixa;negative;0.5642645955085754
7dff67f3bf4b340e7ff895f33b0fb4c2;Solicita uma montanha de permissão pra utilizar, quando vc acha que vai usar, só que não, vai ter que ir no Caixa eletrônico para poder liberar o acesso pqp lamentável;1;2026-04-01 08:49:36;5.23.1;Caixa;negative;0.8920546174049377
ad25f59d06111e34806f7d5e4c30a928;não estou conseguindo cadastrar usuário mais, arrumem isso por favor...tá osso...;2;2026-04-01 08:31:09;5.23.1;Caixa;negative;0.935692548751831
0059e0608aa2126d408c0f66569e672f;estou tentando entrar na minha conta e não concigo porque?;5;2026-04-01 07:52:07;5.23.1;Caixa;negative;0.7754353284835815
4688cddc2bf67deb26d256b0e83c8d43;não dei nota máxima porque o aplicativo é muito lento;4;2026-04-01 06:53:13;5.23.1;Caixa;negative;0.8385143876075745
c497dd34f0e11c1e99aae0de69790889;Quando vão voltar com a opção de cadastrar um dispositivo novo a partir de um outro? Um absurdo, pois todos os outros bancos já usam reconhecimento facil para poder validar o acesso, apenas na caixa que te obriga a ficar indo de agência em agência pra fazer as coisas. Nem parecem que evoluem com o tempo;1;2026-04-01 05:05:30;;Caixa;negative;0.7657027244567871
029f429c013a20ab920ea73b0287fa84;juros alto. para fazer parcelamento em compras.;3;2026-04-01 00:49:57;5.23.1;Caixa;negative;0.5512182712554932
09056ea9d914c1f2cb70b777a88c9e2f;o que houve com o app da caixa?? do nada o app atualizou e sumiu minha conta meu celular foi desativado da minha conta, e minha conta poupança virou conta digital e ainda tenho q ir ao caixa eletronico para registrar!! socorro quero meus dados de volta!!!;2;2026-04-01 00:36:20;5.23.1;Caixa;negative;0.8111424446105957
aff36a393131b1a3156edd9fde47bfc1;não consigo entrar no app. diz que tenho que desativar o root mas meu aparelho nunca foi modificado;1;2026-04-01 00:22:00;5.23.1;Caixa;negative;0.7878073453903198
32a8080a8ca3fc08099353d1d06d050d;Está RUSSOO fiz a senha e este ap p não valida sua própria senha.);1;2026-03-31 23:40:23;;Caixa;negative;0.7565106749534607
7451349e1d2c1493c04b607aa8aea42b;tem que melhorar só o login que fica saindo sozinho o resto tá ótimo;4;2026-03-31 23:22:31;5.23.1;Caixa;negative;0.5355624556541443
db45aacda9f6f3d170dc1d1edf068a51;horrível. troquei de celular e agora nao consigo liberar o acesso do celular novo. lixo;1;2026-03-31 22:35:06;5.23.1;Caixa;negative;0.9473103284835817
d5eb5a27ba2d00581635580a84cb3b60;atualização um pouco demorada;5;2026-03-31 22:33:29;;Caixa;negative;0.8692840933799744
2cb54995594d82b30b808f5a1622d3d6;Como tudo que é do governo, a Caixa não seria diferente e está atrasada demais.;3;2026-03-31 20:55:49;5.23.1;Caixa;negative;0.7969188690185547
fa4d2a7c31de90c378c15c12e566c32c;ta dificil acessar a o app ultimamente;5;2026-03-31 20:46:44;5.23.1;Caixa;negative;0.8354924321174622
c3f6fe3215f425c25edf63ec0657c5e1;Final de semana ele vai descansar, não funciona por nada, seu dinheiro fica preso dentro do app. E continua dando erro, único banco que perde minha digital e usuário, do nada não entra mais e fico sem acesso ao meu salário, aí tem toda uma burocracia e seguir. Lido com 3 outros bancos diretamente e nenhum apresenta erro igual o da caixa, horrível!!! só uso por conta da conta salário.;1;2026-03-31 20:46:34;5.23.1;Caixa;negative;0.9294381737709044
0316a69e29b82e4c0f0021576e55bfed;muito mal otimizado o app, até pra entrar demora 5 minutos;2;2026-03-31 20:40:19;5.23.1;Caixa;negative;0.9361004829406738
c41f074cb9366ffbea65a7e1677fb94f;Aplicativo complicado de se mexer, pra quem precisa tirar o extrato da conta e extrato Pix tem que voltar toda hora na tela inicial, para baixar um comprovante Pix seja de envio ou recebido e uma canseira, deveriam melhorar isso aí.;3;2026-03-31 20:10:41;5.23.1;Caixa;negative;0.8895950317382812
8a6840d3ead75dd10b0c3dc6ceaf0f45;Não consigo entrar mais. Nem acessar minha conta.;1;2026-03-31 20:00:14;5.23.1;Caixa;negative;0.8208763599395752
737f7e28e5758ecd2bfe2915b3a0f382;muito lento trava muito;1;2026-03-31 19:25:00;5.23.1;Caixa;negative;0.8978270292282104
8bc3520df9d9bd31f89b104ed062191d;ESSE APP PODERIA SER IGUAL A DOS OUTROS BANCOS E PARAR DE SEMPRE DESLOGA(logout), SE TRATANDO DE UM APP QUE MUITOS IDOSOS USAM.;1;2026-03-31 19:24:36;5.23.1;Caixa;negative;0.9032689332962036
30e752eafd0bfc8bed2a76ead066b67a;aplicativo muito ruim demora demais a configuração não e boa;1;2026-03-31 19:13:33;5.23.1;Caixa;negative;0.9418129324913024
3df12e63e0fc7b33fa100551b82f2d39;meu cadastro está atulizado;5;2026-03-31 18:56:48;5.23.1;Caixa;negative;0.8638209104537964
643e9f798ca2d99897186cf0d7676d2b;peço socorro olha meu pagamento tudoo pix resolvo pelo aplicativo mais,não sei o que houve não faz pix não recebe não paga me ajudem por favor.;5;2026-03-31 18:27:51;5.23.1;Caixa;negative;0.8215247988700867
5d1c2cfba79d1c0c63ca1af45cc9e570;O App está muito lento. E não é minha Internet;1;2026-03-31 17:46:39;5.23.1;Caixa;negative;0.8145310878753662
3ab12daff3d3c49ad159ae881e819760;Desinstalei. Pediu para eu fazer reconhecimento facial, eu fiz, mas não constou. Fiz duas tentativas, mas não consegui. Já foi bem melhor.;1;2026-03-31 17:33:20;4.9.0;Caixa;negative;0.790438175201416
192efb0b3b28420a82ef7dfddbd159e9;toda vez que eu tenho que abrir meu aplicativo da caixa tenho que atualizar e agora me obrigaram abrir uma conta digital, eu só quero acessar minha conta poupança . tento ver minha conta poupança e o sistema diz que tem algo de errado. toda vez tenho que abrir uma nova conta isso tá uma palhaçada.;1;2026-03-31 17:10:22;5.23.1;Caixa;negative;0.8905198574066162
45b9d18c90aa7ba216002d49ad472420;Estou com o erro 6901, reiniciei e até formatei o celular mas não adiantou, não fiz root nem nada do tipo só foi atualizar o app que deu esse problema, por favor arrumem um jeito de resolver esse problema com uma atualização.;1;2026-03-31 16:23:26;5.23.1;Caixa;negative;0.8761124610900879
caf6431cd8ed3274e47c4c759f273ff6;dando erro, já limpei o cache pra entrar, já criei três usuários e não deixa entrar no aplicativo pra eu poder sacar o valor;2;2026-03-31 16:15:37;5.23.1;Caixa;negative;0.8603140115737915
5cfc58e1e0e3e5512675c0567fa18410;nao estou conseguindo entrar no aplicativo;5;2026-03-31 15:55:50;5.23.1;Caixa;negative;0.8075270652770996
94b9765f525ff767994bdfc6e1d15cc1;não consigo recadastrar meu usuário,fica aparecendo erro como se eu tivesse feito várias tentativas, ja liguei no suporte e os atendentes falam q enviaram minha solicitação para a equipe especializada e no final do dia eu conseguiria fazer ,porém continua do mesmo jeito, nem na agência física resolvem.Ja desinstalei e instalei várias vezes e nada.Não funciona.;1;2026-03-31 15:34:08;5.23.1;Caixa;negative;0.8608876466751099
8ddb1a59c371855421125904591b182f;Só dá pobrema, eu coloco as senhas tudo certo e ainda consta que tá errado, eu não aguento mais perder o meu tempo para resolver essas coisinhas.;2;2026-03-31 15:27:07;5.23.1;Caixa;negative;0.9269915819168092
429fcb9d6f94eaa84be17b93ebb54e01;tem dias q não avisa sobre as notificações;2;2026-03-31 15:07:53;5.23.1;Caixa;negative;0.7346369028091431
113b58a385efd8b3ee350037797e3482;simplesmente não funciona, faz horas que estou tentando e nada;1;2026-03-31 15:00:52;;Caixa;negative;0.8965421915054321
939cd7c99a306a42ba30bf874fa325ad;bom, mas o design é ruim e antigo..;3;2026-03-31 14:49:28;5.23.1;Caixa;negative;0.9275611639022828
86d9c9745bfae95f645ef0ef4fae36bb;Pior aplicativo de banco q já usei. Não consigo fazer login, tento atualizar ou redefinir nome de usuário e senha e fico num looping infinito, fora a demora pra enviar código e confirmação.;1;2026-03-31 13:59:00;5.23.1;Caixa;negative;0.9327448606491088
b110b5fba70a087215e58296d0d78664;"Não consigo atualizar o telefone no cadastro, tirar o fixo e colocar um número de celular. No final aparece a seguinte msg ""R102 - Já existe uma renda cadastrada para essa ocupação. Não será possível alteração""";3;2026-03-31 13:23:11;5.23.1;Caixa;negative;0.7925653457641602
8097289b252a8cfa1d64c7d7ec59d1e9;horrível, impossível cadastrar um usuário pra logar, fica preso aguardando autorização infinitamente;1;2026-03-31 13:21:25;5.23.1;Caixa;negative;0.9376293420791626
000bcfd3b35fdfa021436964d94a70b2;péssimo atendimento do app trava muito só n dou 0 pq n pode o app n presta tomara que vão todos tomar no cuuu arrombados;1;2026-03-31 13:12:03;5.23.1;Caixa;negative;0.9573867321014404
096ad3abe975a55ac5f643f8e013f686;péssimo aplicativo, sempre dá problema nunca vi um aplicativo de banco tão ruim cada dia que passa está pior, as atualizações só pioram, tem mais de 2 semanas que não consigo acesso pelo aplicativo;1;2026-03-31 13:06:49;5.23.1;Caixa;negative;0.956228494644165
c7c5a893c20203c5b454efd63d618061;não consigo cadrastar minha fácial;1;2026-03-31 12:52:08;5.23.1;Caixa;negative;0.8463007211685181
3e6f865ff235b6cbd1bd61353df5d1f8;falta informações, app não abre, pouca clareza e objetividade;3;2026-03-31 12:46:21;5.23.1;Caixa;negative;0.876094400882721
f4ffdc166a6471765cfe2beaff61eea5;lixo lixo lixo lixo não pode mudar de Cell que eh uma burocracia... da usuário errado senha errado... eu com TD pagamento p resolver as coisas essa palhaçada;1;2026-03-31 12:18:16;5.23.1;Caixa;negative;0.9462037086486816
88bf3222b0f1db06655b3bdd2dd14986;o aplicativo ruim da desgraça, pra abrir conta e um inferno, toda vez da problema.;1;2026-03-31 12:11:04;5.23.1;Caixa;negative;0.9577639102935792
07192f4385a87d6fba37ce1b785cb4b0;Estava ótimo agora voltou no início muito ruim fiz depósito não consigo acessar manda cadastra usuários depois fica parado espera receber notificação wappsap;2;2026-03-31 11:58:56;5.23.1;Caixa;negative;0.921762466430664
6be43e1c8d51bafa1a3ff44998cb2b9f;muito ruim ti aem consegui entrar toda vez que vai entrar da problema só outros bancos não faz isso;2;2026-03-31 11:43:29;5.22.1;Caixa;negative;0.9393065571784972
1446382dc295de5a4cd4ad112bf233c1;não estou conseguindo abrir meu aplicativo na data de hoje 31/03 gostaria de uma ajuda.;3;2026-03-31 11:38:02;5.23.1;Caixa;negative;0.7098222374916077
99da5546353b642f99f6aa80c22d2145;O pior aplicativo bancário q eu já usei sempre q preciso usar tem q recadastrar usuário pois o aplicativo não reconhece nota zero;1;2026-03-31 11:34:30;;Caixa;negative;0.9456315636634828
d6d7566a0f9174f4857a2e3c871a4e4d;Eu não sei o que vem a acontecendo ultimamente mas já tô bem irritado . E a segunda vez que tudo para de funcionar. Não consigo entrar na conta com senha , ou com a biometria . Isso já virou palhaçada. Sinceramente vou jogar todo dinheiro na conta da Nubank se isso continuar porque tá chato toda hora refazer cadastro e ir no banco pra liberar pra fazer pix. Sinceramente tô mudando de aplicativo! cansei disso !....;1;2026-03-31 11:30:07;;Caixa;negative;0.9075050354003906
37e124a7d2294dada2726cd4be4f7201;Ultimamente não reconhece mais minha digital, a senha e o usuário não confere. Daí toda vez que vou entrar tenho que fazer um novo usuário e nova senha. Editando: esse é o meu único aplicativo de banco que tem tantas dificuldades. Agora diz que meu dispositivo não tem permissão pra abrir e tenho que ligar na central pra desbloquear. Sempre que preciso dele, não consigo acessar, cada hora um problema diferente. Edição 2: o problema persiste.;1;2026-03-31 11:21:43;5.23.1;Caixa;negative;0.8167613744735718
2335097207ba6a726990700d36e38607;app ruim. toda vez que vai para facial da errado, nunca dá certo.;1;2026-03-31 11:03:24;5.23.1;Caixa;negative;0.931476891040802
849bde50d81e8df2e6daa87259df4f71;dificil conseguir atendimento;1;2026-03-31 11:00:40;5.23.1;Caixa;negative;0.8331676721572876
a6f3b048f6dae3ac30c0593717218a20;App caixa não está dando opção de entrar na conta seja com senha ou biometria, corrijam isso 😡;1;2026-03-31 10:42:19;5.23.1;Caixa;negative;0.8621774315834045
25378788a05a1f42ae221586229aaaba;não consegui encontrar. confuso.;2;2026-03-31 10:34:05;5.23.1;Caixa;negative;0.8519231677055359
acbd8ddfe622f195ae9e90de9dd9d133;app está com dificuldade pra entrar😮‍💨;3;2026-03-31 10:03:45;5.23.1;Caixa;negative;0.8521705269813538
c389aa155bc4d295062e7af0bea80cd4;a caixa é muito injusto mesmo, me bloqueio pendente. já tentei várias modelos celulares pra desbloquear sempre da erro. resumindo tenho que ir obrigação ir na boca da caixa infelizmente, fiz cadastramento meu cartão nunca chega faz mais de mês meu cartão chegou eu não sei como foi parar. coloquei tudo certinho meu endereço!!!!! não recomendo pq qualquer coisinha a caixa bloquea sem motivo então eu desistir só dar de cabeça mesmo essa frescura 👎👎👎;1;2026-03-31 09:53:29;5.22.0;Caixa;negative;0.8918968439102173
3fa02fe05d933379189804b0c4850519;qual o problema desse apricativo agora q consegui tirar a selfie não consigo confirmar o email já limpei o cache e nada;1;2026-03-31 09:44:12;5.23.1;Caixa;negative;0.8185585737228394
15b8f5ff0dd29b2101d94b4f1c3cd06a;horrível vc perde o acesso do dia pra noite e pra cadastrar novo usuário não vai aplicativo tá horrível podre 😒;1;2026-03-31 09:21:43;5.23.1;Caixa;negative;0.9417356252670288
fb8bac097572faf37f17c58b53da613e;não abre e nega abrir como erro;1;2026-03-31 09:16:15;5.23.1;Caixa;negative;0.829079806804657
581ea8a4bff96e2579cf1376b6c99f52;não localizei a opção de seguro desemprego;1;2026-03-31 08:46:53;;Caixa;negative;0.6823071241378784
2a3c07115e669dca7c18b6c72850639f;lixo Demais!!!!!!!! bugou e ta dizendo dispositivo sem cadastro, muito ruim, quem fez esse aplicativo é um Burro.;1;2026-03-31 08:10:56;5.23.1;Caixa;negative;0.9648274183273317
55269808003fed95608826e241ab5ee6;o problema é que comprei um aparelho novo e não consigo acessar o app da caixa , pede para ir ao caixa eletrônico escancarado o QR code, mas como ? estou em viagem fora do Brasil, já tentei reiniciar aparelho,desinstalei o app e reinstalei de novo, faleicom suporte e nada;1;2026-03-31 08:02:18;5.23.1;Caixa;negative;0.8036461472511292
8b225a41c4e124f65b855c90a6a75955;serviço lixo como sempre, conta que perde acesso e a pessoa tem que ficar fazendo novo usuário para logar, tendo o benefício preso na conta com conta pra pagar. horrível, aliás tudo que é vinculado ao governo é esse lixo.;1;2026-03-31 07:09:35;5.23.1;Caixa;negative;0.9564751982688904
26d8d03e375e45625a6818624ee51550;Aplicativo péssimo,não consigo usar para fazer nada estou tendo problema para criar uma senha ,mesmo tendo gerado a senha de transação no caixa eletrônico quando vai no app só dá inválida.;1;2026-03-31 05:50:08;5.23.1;Caixa;negative;0.9443985819816588
ee007571b9a52cf9aa29763ca7ae0524;nao me dão crédito ou um empréstimo mesmo sendo funcionário público;3;2026-03-31 04:29:38;5.23.1;Caixa;negative;0.7736954689025879
31266b0841d7b07541911d2ed35e739c;Tem que investir em tecnologia, horrível!!;1;2026-03-31 04:17:57;5.6.0;Caixa;negative;0.880415141582489
2cee33a538a453e16775f95eb15859ac;péssimo App. fica pedindo toda hora usuário e senha .tem q ficar cadastrando toda hora .enche a paciência aff.;2;2026-03-31 01:51:16;5.23.1;Caixa;negative;0.946307897567749
86d1c5a9525dad371f08360b5698ebb2;muito legal 👍mais ultimamente ,está muito chato %do vou abrir o AP vem uma faixa branca de comercial falando que tem novidades pra atualizar,já atualizei milhares de vez ,qdo abro o AP tá lá essa propaganda está me atrapalhando muito estou tendo dificuldade para usar o AP;5;2026-03-31 01:34:37;5.22.1;Caixa;negative;0.9398531913757324
2084feb9f6510e8f8710f54dada70b1f;aplicativo péssimo, não dá pra olhar nada na loteria!;1;2026-03-31 00:39:24;5.23.1;Caixa;negative;0.938801884651184
79ce1d865efeca3e4d55434adcdf7073;"APP com dados incorretos mesmo após ter ido na Ag. Freire Alemão/Rio do A ambas em Campo Grande/RJ, passiveis de FRAUDE, as informações são divergentes nos APP Caixa Beneficios Sociais, Caixa FGTS, Caixa Trabalhador, Caixa e Caixa, como é uma unica pessoa com um unico registro ter tantas informações divergentes, não dá pra confiar, tem que denunciar. "" URGENTE'.";1;2026-03-30 23:23:36;5.23.1;Caixa;negative;0.889885425567627
05317a89d84a52c41adde7359ac37179;não estou conseguindo acessar o aplicativo do caixa econômica federal porque não estou conseguindo falar com vc aí responde aí por favor me manda mensagem no whatsapp;5;2026-03-30 23:23:22;5.23.1;Caixa;negative;0.7101131677627563
d3f1fb18d2e4c87d8fb8a5d29c7e8fcf;Está dando mui bug e tenho dificuldades quando mudei de rede de conexão;5;2026-03-30 22:01:31;5.23.1;Caixa;negative;0.8512296676635742
3ae4ea30f63fafe6a919d28fc3d6e46d;to triste não to conseguindo abrir meu aplicativo caixa economica;5;2026-03-30 21:45:14;5.23.1;Caixa;negative;0.8942614793777466
adbdd254ec414f47ec8cb116fce9c3ee;um app que sem aborrece, sempre que preciso tem que ter todo trabalho de ficar inserindo meus dados.;1;2026-03-30 21:37:16;;Caixa;negative;0.7194929122924805
6e2aebc624bd267d4cb0ffbe8ef028d0;O aplicativo está sem funcionar;3;2026-03-30 21:19:56;5.23.1;Caixa;negative;0.7321681976318359
164f78e7417f1370436b34a9a8fefd9b;não consigo abrir uma conta. app muito ruim;1;2026-03-30 21:11:24;5.23.1;Caixa;negative;0.9461758732795716
d0d001ff57db72c7b34da94c012dfc43;Estou dando 3 estrelas apenas por um motivo: O processo para alterar a senha do cartão de débito é muito cansativo (tem que ir até uma agência). Sendo que poderiam muito bem fazer um processo de reconhecimento de identidade para conseguir alterar a senha pelo próprio app. Nem todo mundo tem tempo para ir até lá, resolvam isso!!! Fora esse detalhe é um excelente banco.;3;2026-03-30 21:10:42;5.23.1;Caixa;negative;0.4368955492973327
3649ff4ed54d89602bc50016634877ce;travando muito;3;2026-03-30 21:05:58;5.23.1;Caixa;negative;0.8135188221931458
5e7fbeb70b8ccdcb5c64d2979520488b;Pior aplicativo de todos, dando uma Estela por que não tem 0 , como sempre atrasando o lado do cidadão, na hora de tirar o FGTS, o INSS, é rápido, agora serviços de qualidade, nada .. nada , lamentável;1;2026-03-30 20:42:20;5.23.1;Caixa;negative;0.9088759422302246
a6702e9b85aa3facc2104f0dbc817d0e;está demorando muito para fazer as transações e pra abrir as páginas;2;2026-03-30 19:40:03;5.23.1;Caixa;negative;0.616171658039093
e3a2f842a1561cdb047220b5799ce0b6;Por favor melhorem o sistema de pagamento de fatura, com opções mais intuitivas para checar as parcelas e fazer o pagamento antecipado. Acabei atrasando o pagamento porque as informações não são claras e o app não notifica o vencimento. Esse app tem o pior layout em comparação a outros bancos (que geralmente tem funcionalidades mais padronizadas, como nubank, mercado paga picpay etc);2;2026-03-30 19:22:15;;Caixa;negative;0.9262696504592896
bf5051524a714c083f95723a329f16bc;vou colocar uma estrela só pq não tô conseguindo atualizar o aplicativo!;1;2026-03-30 19:03:29;5.23.1;Caixa;negative;0.7481794953346252
cc30054512b03b5cf5b541726795369a;não dá pra receber código para entrar na conta, afinal vem no whats, não dá pra copiar, vc tem q digitar e copiar oq digitou para colar e não é identificado;1;2026-03-30 18:57:43;;Caixa;negative;0.559014081954956
6509079076fd19475acd41935c5cd770;Serve só pra ocupar espaço na memória, estão forçando a instalação de um app.... A câmera de reconhecimento é um lixo. e o pior é o bot automático respondendo, é um lixo. recuperação de senha é uma piada de tanta falta de segurança.. péssimo app. pra ver suas informações pessoais você precisa de uma senha de transação, quem foi o imbecil que pensou nisso?;1;2026-03-30 18:53:06;5.23.1;Caixa;negative;0.949019491672516
125de5934b39de6508a3b78f4e2e7779;Péssimo, lento, tudo bloqueia e precisa ir na agência;1;2026-03-30 18:17:32;5.23.1;Caixa;negative;0.9312325716018676
8f13b9a43b3b5bf45dcd511c028c00df;não consigo mais entrar no aplicativo;2;2026-03-30 18:10:23;5.6.0;Caixa;negative;0.8143646121025085
cdfd21603fa626d620886c82646c60fc;aplicativo confuso....poderia ser mais claro nas informações;3;2026-03-30 18:09:51;5.23.1;Caixa;negative;0.914576292037964
c28c12505a7a6d109721c4b18c93f6eb;estou com problema sério no app;2;2026-03-30 18:06:07;5.23.1;Caixa;negative;0.8433791995048523
1a7da75be74111db6fb9bca71fc336fc;Toda vez que preciso acessar, não consigo fazer login e tenho que cadastrar um novo usuário e senha. E mesmo assim, não funciona. Péssimo!;1;2026-03-30 16:58:16;5.23.1;Caixa;negative;0.9232592582702636
151b96bd5cbaa75e8e90aea7bbe99f2e;aplicativo sempre sai fora tem que ficar cadastrado no caixa;1;2026-03-30 16:54:46;5.23.1;Caixa;negative;0.6163982152938843
3a7513ca892b5166d0bcc2b875775ee1;App não abre. Tento biometria facial e dá erro. Mandam ir na agência .;3;2026-03-30 15:46:50;5.23.1;Caixa;negative;0.7842563390731812
744d8243e3336b9eaaae3d25faf9c2b2;o aplicativo não está funcionando e está como conta corrente, não era q eu queria e estou tentando pegar um empréstimo no Serasa e aparece uma outra conta poupança;2;2026-03-30 15:44:34;;Caixa;negative;0.8224623203277588
043a6af058c1bc74293b6e511c41de5d;O aplicativo está apresentando problemas, para consulta FGTS. Já desinstalei e instalei novamente e o problema persiste. Quando realizo a consulta aparece o primeiro saldo e quando vou clicar para consulta da empresa atual onde trabalho aparece o erro 00116. E isso já tem mais de 2 meses.;2;2026-03-30 15:16:53;5.23.1;Caixa;negative;0.8104925155639648
010fd8d412b279852cf25cc6e826535b;Não consigo acessar o app, está com esse código B-TZ-BLK-LGN;1;2026-03-30 15:13:18;5.23.1;Caixa;negative;0.7307252883911133
908223db955c98b3943d251729f88f32;não estou conseguindo abrir conta empresarial;1;2026-03-30 14:51:59;5.23.1;Caixa;negative;0.8405693173408508
617d42f7fe6a0e9161355bbe2bfdccb9;depois que atualizei não consigo acessar a conta.. Só fica pedindo para cadastrar celular!! e não tenho interesse em cadastrar celular;1;2026-03-30 14:51:24;;Caixa;negative;0.8089459538459778
abf4f3db7d36729fe32586e6e48691a5;muito burocrático! poderia ser mais prático;2;2026-03-30 14:45:43;5.23.1;Caixa;negative;0.808772623538971
0bed49f3eff47eaf64470c5323d4635c;"o banco mais burocrático que já usei, infelizmente preciso por causa do trabalho, mas pra gerar a tal da ""senha de transação"" foi horrível. Me disseram que eu poderia fazer em um caixa eletrônico mas não foi possível. tive que esperar mais de 1h pro atendimento, usando meu horário de almoço pra resolver isso, já que ao sair do trabalho, as agências já estão fechadas. Deveriam facilitar esse acesso, ou pelo menos, garantir que as alternativas que eles mesmos oferecem funcionem.";2;2026-03-30 14:43:09;5.23.1;Caixa;negative;0.909436047077179
071e0d99c1f46e24e2556d102fba877a;péssimo atendimento e lento no atendimento muito burocrático para os clientes usar;1;2026-03-30 14:21:04;5.23.1;Caixa;negative;0.931986391544342
7751905e6f36433c62de1f8cec0337b6;péssimo sistema, péssimo serviço de atendimento ao cliente, serviço e sistema sempre indisponível!!!!!!!;1;2026-03-30 14:15:09;5.23.1;Caixa;negative;0.9444984197616576
987a50a9ec0177c9481173091b24f8ee;Banco fedorento os Caixas Eletrônicos nunca funcionam direito a cada 10 caixas fora do ar 1 funciona travando pensa num banco relaxado velho sem manutenção pra se usar ainda bem que faço somente saque porque o meu banco oficial é o SANTANDER diferente dos caixas da caixa de ovo economia economizam até na manutenção que não existem no Santander funciona tudo ,eu nunca gostei da CAIXA pensa num banco pobre de manutenção.;1;2026-03-30 14:14:01;;Caixa;negative;0.6056003570556641
f12d531f80e924b840edfb6580f52341;criei a conta e só dá erro no email pra confirma 🥺;1;2026-03-30 14:12:55;;Caixa;negative;0.8381526470184326
c27fb743c630567a984bc97e8a05a305;na minha visão precisa melhorar o atendimento do nos aplicativos zap pra fazer uma atualização demora muito afá;1;2026-03-30 14:04:43;5.23.1;Caixa;negative;0.6604178547859192
9a1719da84669c38396daa7fffc004a9;Cada dia fica pior, aplicativo todo bugado e agora nem mais o saldo mostra. Querem fazer tão bonito e acabam com o aplicativo, façam o simples que é bem melhor, não inventem.;2;2026-03-30 13:58:12;5.23.1;Caixa;negative;0.942202925682068
16c046efc4f98806f5842b27954c1f93;Me manda um cartão com defeito, depois me cobrou segunda via. O banco nunca quer perder nada.;4;2026-03-30 13:56:40;5.23.1;Caixa;negative;0.756936252117157
063870fe0104223c289dc47a5c78c5f1;Favor como resolver o erro de cadastro em novo celular (B-TZ-BLK-LGN) e tambem o pq não aparece a opção de autorizar em dispositivo anterior?;1;2026-03-30 13:54:14;5.23.1;Caixa;negative;0.5067813992500305
069155108918cefe828c1c96f2a288b8;não consigo acessar minha conta, só pede para ficar refazendo cadastro de acesso e não entra!!!;1;2026-03-30 13:44:30;5.17.0;Caixa;negative;0.8191952109336853
a66d280a598be0c15904b1da2b32a147;está péssimo, fica pedindo novo cadastro toda vez que acesso.;1;2026-03-30 13:42:30;5.23.1;Caixa;negative;0.9416239857673644
6ff721d576dd443324c33005dbfc48d6;Horrível. Instalo o aplicativo e fala que tem instalar uma nova versão, mas não existe uma nova versão. Não consigo cadastrar minha conta.;1;2026-03-30 13:19:29;5.23.1;Caixa;negative;0.9218502640724182
06421d8ea3e8cd903803389a1ec3bde7;app ao acessar fica com tela branco nas funções mesmo desinstalando, limpando dados e cache, isso difículta o uso, um app que era pra ser uma facilidade se torna um problema;1;2026-03-30 13:11:43;5.23.1;Caixa;negative;0.8958860039710999
4ba23d6e3e76020b09cd612bac8e86d7;esta péssimo eu tenho que paga as contas e não com sigo o app não quer abri, aeta travando e mim desligando;1;2026-03-30 13:09:47;5.23.1;Caixa;negative;0.9265605807304382
59c397bf545478e4b9b7c1a6e8be46cd;muito lento, e não oferece extratos depois de um ano;1;2026-03-30 12:59:22;5.23.1;Caixa;negative;0.8706038594245911
ee49f4d5d2bd77d606aef2a97ca90f03;Mano, que aplicativo horroroso. Eu acabei de fazer um usuário e o aplicativo não entra. Fala que o usuário e a senha estão errados. Por que tudo que vem do Governo é complicado?;1;2026-03-30 12:38:03;5.23.1;Caixa;negative;0.9514865279197692
b0f0230f97d07630e643cab83192f287;sempre com mesma resposta, se nao tem resposta pro cliente por que fez esse programa;1;2026-03-30 12:34:21;5.23.1;Caixa;negative;0.5762569904327393
48cf4a12ed5b2b46b9db2051116311e7;sempre com problema;1;2026-03-30 12:21:36;5.23.1;Caixa;negative;0.720787525177002
c0ce7cfe5084462778c16f3d10eece0a;não consigo trocar senha de transação;1;2026-03-30 12:17:04;;Caixa;negative;0.7366259694099426
80687164ffc71b4d4f79574b8e297a2b;preciso atualizar meus dados , e minha validação da biometria facial não vai de qualquer jeito, já desinstalei o aplicativo já tentei pelo site e nada;2;2026-03-30 11:41:12;;Caixa;negative;0.7698332667350769
247359dbab7239ed889f46f083be4774;Toda vez minha conta fica saindo, tenho q ficar toda vez cadastrando...;1;2026-03-30 11:37:45;;Caixa;negative;0.7518637776374817
db556205e2faa1de73d5b79fabc211ea;Estou tentando atualizar os dados cadastrais no aplicativo, mas no final, depois da senha aparece uma mensagem que o número de telefone tem menos de 8 dígitos ,e não é verdade pois está correto, e tem outro problema lá tem número de telefone que desconheço, o que é meu é só o primeiro número ,por favor, arrume isso,obrigada.;3;2026-03-30 11:19:00;5.23.1;Caixa;negative;0.7684623003005981
59b522c83d43569dc25ec0abc7f693d8;Difícil viu. vc troca de aparelho tem ir num banco da caixa. Itaú não tem isso. resolve tudo pelo celular. a caixa é essa dificuldade. Eles acham que as pessoas tem tempo de sair do trabalho e fica indo em agência da caixa pra resolver cadastro de aplicativo. pq não facilitam igual outros bancos fazem. com reconhecimento facial e senhas. Simplifica né ! estão atrasados demais.;2;2026-03-30 11:15:34;5.23.1;Caixa;negative;0.8193433880805969
30490cb161bbe02390602f9766110c78;ver saudo da conta.;5;2026-03-30 11:09:37;5.23.1;Caixa;negative;0.7072935104370117
bac27d9570b878616a875074f7b1569a;Eu perdi o meu cartão da conta polpanca eu gostaria que bloqueia ele e depois eu quero saber se eu posso fazer outro;2;2026-03-30 10:54:08;5.23.1;Caixa;negative;0.8047638535499573
e3836424c26719454433a5c2ca8e41b8;não loga! coloca biometria ou senha não loga. mostra o extrato faltando pedaço. você tem que ir em extrato por período porque o do próprio mês mostra faltando eventos. olha...dose viu..;3;2026-03-30 10:46:31;5.23.1;Caixa;negative;0.6401967406272888
e581490beeed9944da539aef39221698;Ruim diante dos outros bancos, nao atualiza o número de telefone, tentei várias vezes. extrato, complexo, quando volta para continuar, volta para inicio e não para o ultimo.;1;2026-03-30 10:40:54;5.23.1;Caixa;negative;0.9179094433784484
aebe8fa113eabbe89959f9a16e57cec7;quero fazer uma aplicação e não consigo pelo app;3;2026-03-30 10:34:55;5.23.1;Caixa;negative;0.5799074769020081
b0d306c6bbdb5fc7b93cec1b616e4182;Normalmente daria 5 pois uso muito o app e nunca me deu problema, mas de algumas semanas para cá ele não permite a realização do login. Já fiz todas as ações recomendadas (desinstalar, reiniciar o dispositivo etc) e até agora nada. O erro é chamado A-AUT-SEM, e não permite o login, não consegui usar o app e precisei me dirigir ao banco FISICAMENENTE. Já ví várias outras pessoas reclamando, e até agora nada de reparos. Até que o erro seja solucionado, minha avaliação será de uma estrela.;1;2026-03-30 10:34:46;5.23.1;Caixa;negative;0.8156158328056335
1e1f54ceea3922766faaffbca11147f9;namoral, que aplicativo M. tomem vergonha na cara e criem um aplicativo descente.;1;2026-03-30 10:33:26;5.23.1;Caixa;negative;0.8599827289581299
6bf21be9ce84b7f77f20dc3cdfefcc2a;App estável com a conta cadastrada, já refiz umas 4 vezes um novo usuário, e sempre diz q o cell não é seguro ai tenho que fazer em outro cell para poder logar no meu, ta horrível;3;2026-03-30 10:28:22;5.23.1;Caixa;negative;0.9307495951652528
08cc254dcafdee43aff0e931a15df5e0;Vocês precisam melhorar urgentemente o UX desse app. Muito ruim a usabilidade. No extrato deveria aparecer o extrado do mês inteiro e não pra eu fazer um filtro. Deveria indicar melhor o que é debito e credito, o que é campo de digitação deveria estar melhor sinalizado.;1;2026-03-30 10:22:54;5.23.1;Caixa;negative;0.9153394103050232
814491dd2b621415c35de7bf1dafe408;Muito ruim o acesso, sempre tenho que recuperar o acesso, não reconhece a digital nem a senha e para piorar não tem agência próximo para realizar a liberação. Um péssimo serviço;1;2026-03-30 10:19:30;5.23.1;Caixa;negative;0.9542012214660645
c9d87a455f3ae165a77e95cc6154e863;aplicativo dando erro;2;2026-03-30 10:01:00;5.23.1;Caixa;negative;0.7464357614517212
6f9c6036df1045c38b3b38b2cb33a32f;que aplicativo humilhante nem se quer reconhecer uma selfie ,pra piora vai pra seis mezes que tento abrir uma conta nesse aplicativo,não reconhece selfie absurdo pensa num banco horrível só sabe humilhar, muita humilhação 10 vezes tentei com selfie só dá erro tente mais tarde tô me sentindo uma palhaça, diferente de outros bancos ia abrir conta pra receber meu salário mais infelizmente acho que já é um sinal me sentindo trouxa;1;2026-03-30 09:25:26;5.23.1;Caixa;negative;0.9365419149398804
1d9519152d5528a1b73057a139165bdd;tempo perdido não consigo nem criar uma chave Pix como se fosse a coisa mais importante do mundo;1;2026-03-30 09:19:31;5.23.1;Caixa;negative;0.7760097980499268
c8b19584af7f89800e6c4c76357a3b02;So experiencia ruim com este banco... Deus me livre. cadastrei o cartao no Google pay. Fui fazer uma compra de 150 reais e o banco recusou... Nunca mais!!! uso meu Nubank e nao tenho estresse!!!! liguei pro banco e mandou eu comparecer numa agência!!! tem nocao? em pleno 2026 ter que ir em agência? eu irei pra encerrar qq vinculo;1;2026-03-30 09:12:08;5.23.1;Caixa;negative;0.8965573310852051
fb71d3c52ab26dc5089eb479a45e96d4;muito boa.porem.o App fica muito.fora do ar;3;2026-03-30 08:31:54;5.23.1;Caixa;negative;0.8181236386299133
40aeda4a72aa86ccb355daa88adf346d;Péssimo app, vive dando problema, vive com problema de autenticação e o engraçado é que sempre é entre o final e início de cada mês, não reconhece biometria aí tem que entrar com o nome e senha de usuário e nunca reconhece e sempre tem que cadastrar novo usuário, já devo ter vários usuários porque esse aplicativo sempre faz isso. É um problema recorrente, por que não arrumam essa bomba?;1;2026-03-30 08:19:45;5.23.1;Caixa;negative;0.9425692558288574
55b6c1db4eb223d248a93d242bde264c;meu aplicativo esta horrível, n esta mostrando os comprovantes e n estar fazendo reembolso estou muito triste cm isso tudo pos esta mim prejudicando;1;2026-03-30 04:22:11;5.23.1;Caixa;negative;0.9583777785301208
9039f6006d78a562d23fcff695a3de4a;Do nada eu não consigo acessar minha conta e fica pedindo para eu fazer novo cadastro. 🙄;1;2026-03-30 03:07:09;;Caixa;negative;0.8105078339576721
fe2d592adff891efc49de13ea08ce0ba;Sempre perde a sessão, ao tentar acessar com a biometria da erro sem explicação e você precisa se cadastrar novamente. Tenho o app desde início de 2025 e sempre foi assim, está atualizado e sempre dá alguma coisa. Deveriam rever a experiência de usuário desse app e fazer uma nova versão, pois esses problemas faz com que o usuário repense em manter a conta, pois hoje em dia ninguém mais gosta de ir no banco físico, o aplicativo, quando bem feito, facilita muito.;1;2026-03-30 02:27:54;;Caixa;negative;0.8303624391555786
05c4021fe0c6c00e86ac988c93deddf6;quando irao acabar com isso de desbloquear o aplicativo na agencia? ja passij d ahora de usar desbloqueio de dispositivo sem ter q ir em agência.;1;2026-03-30 01:35:05;5.23.1;Caixa;negative;0.6331968307495117
8a78aaa225773151c84f2cdca234a3f6;muito lento;4;2026-03-29 23:30:23;5.23.1;Caixa;negative;0.7739347815513611
67dcf030412ba3d5e1917a697d2cdfcf;Toda vez que o app atualiza, eu preciso criar um usuário novo. Como isso é possível?? É de gerar muita desconfiança. Pra completar, se eu não estiver com o cartão em mãos, ou não souber o numero da conta eu não consigo cadastrar um usuário novo. Como se todos andassem com cartão a todo momento. É o app de banco que uso por obrigação mesmo.;2;2026-03-29 21:01:17;5.23.1;Caixa;negative;0.8396697640419006
ad0e05ee2679a7f96928b4e082e49c70;não estou conseguindo abrir mim Pix da caixa econômica federal;5;2026-03-29 20:41:21;5.23.1;Caixa;negative;0.7500870227813721
635c6a39e92dff2e15f851939b0e5a23;pior aplicativo que existe nunca consigo entrar no aplicativo já passei vários constrangimentos por conta que o aplicativo não abre resolvam isso;1;2026-03-29 19:56:36;5.23.1;Caixa;negative;0.9473711848258972
48e5f458b0c51a2d02a40fb2cd32922c;por favor me ajudem, não estou conseguindo abrir conta no caixa têm!!;1;2026-03-29 18:22:58;5.23.1;Caixa;negative;0.8037636280059814
b01869938294c5085353de2f4b695ed6;Terrível! Já loguei várias vezes, editei apelido, salvei digital e todas as vezes que vou entrar preciso por login, senha, apelido e cadastrar digital para ter acesso a conta. O aplicativo está atualizado, mas desde as novas atualizações só vem regredindo e dificultando ainda mais o acesso à conta.;1;2026-03-29 18:09:24;5.23.1;Caixa;negative;0.909533143043518
35138cb93f3457206372faed05d4d4d1;não consigo entrar na minha conta;1;2026-03-29 17:54:43;5.23.1;Caixa;negative;0.7744964361190796
51aa99ec88e1a6bb9c7744333ab83041;Não sei como um aplicativo de uma das maiores agências do Brasil pode ser tão atrasado. Que lástima! O BBB que segue uma linha de padrão parecida e bem mais moderno e com muitas opções. Exemplo: você pode acessar a poupança e a conta corrente sem problemas e o pix você tem a opção de pagar com o saldo que preferir. Caixa precisa evoluir e muito.;1;2026-03-29 17:30:21;5.23.1;Caixa;negative;0.9432048201560974
9a01c5002650866d6cd493a7cc8ba01f;bom mas tem muitos bugs;4;2026-03-29 17:05:07;5.23.1;Caixa;negative;0.8644052743911743
c42d73f0c8b4219a240d1b8e1e025565;Nunca tive oque reclamar da Caixa;5;2026-03-29 17:03:29;5.23.1;Caixa;negative;0.4803323149681091
160be53f9144bc3c0acee723c08e617d;Aplicativo um LIXO! Obsoleto e NADA prático, assim como TUDO referente a instituição... Estou tentando há mais de 24 horas entrar no aplicativo que SÓ dá erro, detalhe, isso acontece SEMPRE, porém hj se superou!;1;2026-03-29 16:21:52;5.23.1;Caixa;negative;0.9567869901657104
7935c85441919b0e5568187efecd965b;esse app da Caixa tá muito ruim, depois dessa última atualização.;1;2026-03-29 16:08:52;5.23.1;Caixa;negative;0.9355186820030212
55bb7ebcaa5971db4d842190ea65a421;o app não entra. Não quer aparecer minha senha;1;2026-03-29 15:48:34;5.23.1;Caixa;negative;0.8088124990463257
ab795bc7e314a75158e2cf6e20b66400;29/03/2026, tem mais de um mês, que não consigo entrar no app da caixa. já fui na agência e, nada.;1;2026-03-29 15:27:56;5.23.1;Caixa;negative;0.7341043949127197
e6c4cef8b7778c592cd50813a47a1ece;"Quando aparece a mensagem: Valor total aplicado ""R$Null"", fica impossibilitado de resgatar, fazendo com que atrasamos nossos pagamentos!!! Não é a primeira vez! 😡";1;2026-03-29 13:58:35;5.23.1;Caixa;negative;0.925963580608368
a86f2e4e3329129b1d9c79b53afa3c33;não estou conseguindo acessar minha conta. já coloquei senha usuário e a biometria correta e não consigo acessar!;1;2026-03-29 13:34:37;5.23.1;Caixa;negative;0.8267404437065125
36936d02396bd6d1bb311337ff963741;não consigo concluir o empréstimo pessoal quando coloco a senha de transação diz transação indisponível no momento efetue novo acesso deste semana retrasada;4;2026-03-29 13:30:44;5.23.1;Caixa;negative;0.7989334464073181
55ec9eae55926a11f5ed872268bdaa8f;Eita que aplicativo complicado misericórdia;5;2026-03-29 12:26:53;5.23.1;Caixa;negative;0.9469352960586548
97f4775e4747d161dad7633280ac1527;não consigo achar o aplicativo pra eu fazer pix;5;2026-03-29 12:06:56;5.23.1;Caixa;negative;0.6912164092063904
10d36fcd7ed59695bcf59a8d92d5670a;a caixa é um banco muito bom agora precisa ver esses caixa eletrônico velho que não faz depósito imediato né o atendimento que é horrível a pessoa demora uma amassada na agência veio e nem resolve;2;2026-03-29 11:15:17;5.23.1;Caixa;negative;0.8790391087532043
efeffac943f1c229761dfc0b365bd261;esta travando muito;1;2026-03-29 10:33:44;5.23.1;Caixa;negative;0.9056720733642578
1e01cd0edd3be0d79207300fda7cc2b3;O pix da caixa está apresentando ERRO! Está dificultando a minha transação. Resolve isso!!!;1;2026-03-29 10:24:02;5.23.1;Caixa;negative;0.9314349889755248
af35df589a8304911c8458ff198b65bd;a caixa manda pra o whatsapp o código? ou é mentiras? eu troquei de telefone e fica me pedindo pra eu entrar no whatsapp pra pegar o código , iai me fala aí caixa;1;2026-03-29 10:16:40;5.23.1;Caixa;negative;0.5654909014701843
f752269a6ccfebf92e841925de66a8b9;setor do cartão de crédito e impossível acessar...;2;2026-03-29 10:08:46;5.23.1;Caixa;negative;0.7616611123085022
4195654480027538fc949940bb4cb71e;ñ consigo acessar o meu aplicativo. diz q está sem internet ou com sinal fraco. claramente é um erro. por favor, consertem isso. as contas ñ tão nem aí pra isso.;1;2026-03-29 09:50:54;5.23.1;Caixa;negative;0.9246447086334229
b632b5c7d63cc995aa18f0f4fc464b2c;esse e pior que já existiu sempre min faz passar vergonha melhorem estão esperando pque?!;1;2026-03-29 09:47:59;5.23.1;Caixa;negative;0.94008469581604
7b38278ea905f0fddb3c4fa026d11583;Dificulta o acesso ao informe de rendimentos 2025, não reconhecendo o meu laptop que uso mensalmente para consultar o saldo da poupança, informando que o dispositivo não está cadastrado ou não é reconhedido, exigindo absurdamente a ida na agência.;1;2026-03-29 08:50:54;5.23.1;Caixa;negative;0.9316845536231996
0de09de530bd022aa063d13f6f0231e6;tem muito oq melhorar, o app de um banco grande desse e ele é tudo bugado.;3;2026-03-29 08:23:54;5.23.1;Caixa;negative;0.8994688987731934
b65d6fd82a20941e660ccbdbf9479859;aplicativo muito lento ao acessar fatura;3;2026-03-29 07:47:52;5.23.1;Caixa;negative;0.8407055735588074
6aca2451b94bc9ad1e0f12570f47e087;muito difícil redefinir uma senha nesse aplicativo lixo;1;2026-03-29 01:15:06;5.23.1;Caixa;negative;0.9441030621528624
25c2a1d6bb457c7f9ae875c8eec5e201;Não consigo ter acesso a minha conta;1;2026-03-29 00:47:36;5.23.1;Caixa;negative;0.7817876935005188
c3b7e8f8de01858d1e9790542bf1ef83;a única coisa que ele faz antes de logar e fechar sozinho concerta esse erro tá matando o aplicativo o aplicativo normalizou estava abrindo e fechando sozinho agora está demorando para abrir a câmera para você fazer a troca de usuário está fechando sozinho e agora diz que meu celular não é seguro;1;2026-03-29 00:41:26;5.23.1;Caixa;negative;0.8548730611801147
67753aaf766dd5391847121fa9c6e392;O pior banco de todos, tudo tem que ir na agência resolver. Eu trabalho não tenho tempo sobrando pra ir ficar visitando banco. Detalhe lá você fica na cadeira esperando quase 3 horas pra ter um atendimento. Às vezes são detalhes e tem que ir na droga do banco. melhorem!!;1;2026-03-28 23:40:34;5.23.1;Caixa;negative;0.914099395275116
5cdcac5a28f71842e5b3a2dcf992625f;Quais sempre o Pix está com instabilidade, só não e sempre pq tem vezes que vc não consegue acessar o aplicativo.;1;2026-03-28 23:20:42;5.23.1;Caixa;negative;0.5526843070983887
d3999ae72368b8f3f66bb4d24dcb6f3d;"aplicativo simplesmente não confirma o email "" algo não saiu como esperado"" pelo amor de Deus que aplicativo horrível";1;2026-03-28 21:22:21;5.23.1;Caixa;negative;0.955708146095276
13b24cb54b7901c9d6c0f84dcbe9f870;pq vc não oferecem empréstimo clt pra mim sou cliente a MTs anos;1;2026-03-28 21:19:59;5.23.1;Caixa;negative;0.6664968132972717
6f6e52f803ecfe9c208db16be1144f68;Desculpe, foi um mal entendido!;5;2026-03-28 20:26:11;5.23.1;Caixa;negative;0.931348979473114
8a554bbaf8532683668c4b0f0771160f;Estou com dificuldades de acessar o app ... tela azul ! Estou decepcionada;1;2026-03-28 19:32:14;;Caixa;negative;0.9420496225357056
85fe9a38d2143b885ad03e981394a916;Não estou conseguindo abrir o aplicativo no celular. Dá uma mensagem de erro e fecha sozinho, antes mesmo da opção de incluir usuário e senha;1;2026-03-28 17:50:10;;Caixa;negative;0.8396832942962646
00b818e730b4d1138bd0589fd171d58d;gostaria de saber ...qual o caminho pra ver a possibilidade de aumento o limite do meu cartão de crédito. pago na data do vencimento...valor sempre total...a minha faturas são altas ... é nunca alimenta meu limite..... tenho outros cartões que já aumentaram meu limite é da caixa nada🤔;4;2026-03-28 17:43:47;5.23.1;Caixa;negative;0.5311576724052429
91bf9c71098eb25ccc8decbed1704b7d;Péssimo, tranca não abre, quando abre demora , versão antiga era bem melhor.;2;2026-03-28 17:23:44;5.23.1;Caixa;negative;0.933135986328125
c2547e00cbed203703ee66ef4026ea5f;não consigo cadastrar e fazer o Pix.;1;2026-03-28 16:43:31;5.23.1;Caixa;negative;0.7557449340820312
ba63cc3fde93d7c014465b387668e3d7;não consigo usar o app. Confuso e trava para inserir senha.;1;2026-03-28 16:14:07;;Caixa;negative;0.9012123346328736
0cc7cb50de8872f73742986ed1d4affb;Hj está horrível ñ consegui abrir e precisava muito entrar no app. sinceramente desanimada com esse app da caixa;1;2026-03-28 15:05:46;5.23.1;Caixa;negative;0.9498701095581056
724b66ee0c219013a00fe6eafdf5d517;"Por qual motivo um app de banco solicita obrigatoriamente permissão de notificação? Não quero notificação do app e sou obrigado a aceitar ""por segurança"" de acordo com o mesmo. Também não precisa de permissão em rede local, telefone e localização deveria ser opcional. Ou pelo menos deveria descrever o por quê das permissões solicitadas. Fora isso, super desorganizado desde que uso, mas ainda assim menos inconveniente do que ir na agência. Exatamente isso, não tem como ser mais claro.";1;2026-03-28 14:58:35;5.23.1;Caixa;negative;0.7914065718650818
61d5918eaa0564e5be4f8b6b0239eae6;não estou conseguindo entrar no meu aplicativo alguém podia me ajudar??;2;2026-03-28 14:44:11;5.23.1;Caixa;negative;0.8023728132247925
1eec39ee244751bcd80ba354046d5b73;O pior aplicativo de banco que existe, já faz dias que não faz login e apresenta mensagem de falta de internet o que não é verdade pois o serviço da operadora de celular está funcionando perfeitamente, reclamei no 0800 de atendimento ao cliente e fui atendido por pessoas totalmente despreparadas, fui na agência bancária e adivinha, o gerente era outro totalmente despreparado e desqualificado para o cargo que exerce, resumindo todos na CAIXA ECONÔMICA FEDERAL são incompetentes e irresponsáveis.;1;2026-03-28 13:22:31;5.23.1;Caixa;negative;0.9538403153419496
e29a8b70d7f0db2f0609af87e52f171d;não concigo compartilhar meus dados com outros bancos, através do open finance , só pode trazer os dados de outros bancos para a caixa.;1;2026-03-28 13:02:07;5.23.1;Caixa;negative;0.5319720506668091
515350b6404b70e0d4a039cd51c76092;O app não esta abrindo consta um erro.;3;2026-03-28 12:10:57;5.23.1;Caixa;negative;0.7724708914756775
4fc1a284dc7dd2d94d68a53802a7b4f7;O aplicativo da CAIXA tem boa proposta, mas deixa a desejar na prática. Apresenta travamentos frequentes, erros constantes (como falha de login e erro 400) e instabilidade em momentos importantes. A navegação é confusa e lenta, dificultando operações simples como transferências e pagamentos. Além disso, muitas vezes o usuário é obrigado a ir até uma agência para resolver problemas que deveriam ser feitos pelo app. Precisa melhorar muito em desempenho, estabilidade e usabilidade.;3;2026-03-28 11:58:23;5.23.1;Caixa;negative;0.8225011825561523
1ea05fc0fb40ae280437858154c07493;muito ruim, quando tento entrar aparece que tenho que cadastrar usuário mesmo já tendo ele cadastrado e não entra!;1;2026-03-28 11:05:27;5.23.1;Caixa;negative;0.9231916069984436
95c913db6d993c8ceb46ba3af0e37658;É um descaso muito grande a segunda vez que a caixa protesta meu nome sendo que eu não devo nada para ela muito mal desorganizado;1;2026-03-28 11:05:08;5.23.1;Caixa;negative;0.9572357535362244
0adb5aec5efd5777fab759f433fc2b05;Como é cansativo ter que usar esse aplicativo aff, odeio esse app, é horrível, não queria utilizar esse banco Mas pena que é o jeito, já que que algumas coisas só se resolve nessa desgraça, como FGTS e algumas coisas trabalhistas etc;1;2026-03-28 10:54:10;5.23.1;Caixa;negative;0.9572985172271729
2ca6d59b28c8482136691f4760a8be7a;horrível, todo dia quando quero entrar no aplicativo tenho que ficar cadastrando usuário e não vai.;1;2026-03-28 10:52:55;5.23.1;Caixa;negative;0.9229590892791748
9bb3a49d4379cd0d87e27a4b884fbaf9;lixo de aplicativos nunca funciona;1;2026-03-28 10:52:08;5.23.1;Caixa;negative;0.9288403391838074
2ec5d7d503f19418cc0b211d547e66b2;Uma estrela devido a pessoa ter que se deslocar a alguma agência pra desbloquear a senha devido a pessoa as vezes esquecer, custa colocar a opção de esquecer a senha e criar uma nova sem ter que ia a alguma agência com confirma;1;2026-03-28 09:50:18;5.23.1;Caixa;negative;0.8055753707885742
aaaa0bec123982f059d43f87b18310c5;não consigo acessar o app. Demora uma vida carregando e no final aparece mensagem de erro.;1;2026-03-28 09:36:18;5.23.1;Caixa;negative;0.862147331237793
85675b2921f5c9404ca117667521e39e;"Nunca vi um app de banco tão ruim quanto esse, estou de aparelho ZERO no momento dessa 1000° avaliação ruim(nunca melhoram esse app) e quando tento acessar a conta pra fazer a liberação do celular, aparece a mensagem ""dispositivo inseguro"" acabei de tirar o aparelho da caixa e configurar.";1;2026-03-28 09:27:43;5.23.1;Caixa;negative;0.9187160730361938
dace0ccce044beb75c10b8392e6c6d47;tenho esse cartão a 4 anos , sempre pago fatura alta de 3 ,4 mil e nunca subiu um real o limite ,não indico mais a ninguém;1;2026-03-28 08:56:55;5.23.1;Caixa;negative;0.4865414500236511
62f94629dbc6fa932488287d46675366;horrível, aplicativo dando erro toda hora,lentidão e não reconhecendo meu usuário,sinceramente cada dia esta pior!!!;1;2026-03-28 08:11:52;5.23.1;Caixa;negative;0.9576484560966492
4545f498ebaa71ea569654016dea59be;ruim de mais ..essa versão;1;2026-03-28 07:39:13;5.23.1;Caixa;negative;0.9565922617912292
ab9474402877066d4c5118d08e4623be;app não abre, há dois 3 que estou tentando entrar;1;2026-03-28 05:56:20;5.23.1;Caixa;negative;0.7607887387275696
c83324eaa42edc979d94cf56ec512492;orrivel o atendimento não ajudam em nada se for pra perder o dinheiro a gente perde pela falta de competência;1;2026-03-28 04:17:17;;Caixa;negative;0.9403854608535768
d58302901d98151044cce2f497ba9297;parte de empréstimos pessoal toda hora pedindo para atualizar dados e nunca libera valor empréstimos pessoal;4;2026-03-28 04:13:53;5.23.1;Caixa;negative;0.5072450637817383
57287796f463fef7f043ed33c87120ab;péssimo um dos piores apps de banco, você travando desconectando minha conta sozinha, muitas vezes aparecendo que não tenho internet sendo que os outros bancos funcionando normalmente;2;2026-03-28 01:45:35;5.23.1;Caixa;negative;0.9551562070846558
864f2f80d7e1d86dad7f5eab9a9b5840;não estou conseguindo entrar no ap;3;2026-03-28 01:44:11;5.23.1;Caixa;negative;0.8594179153442383
e66857ca5df89f681075ff26769d8324;O aplicativo conseguiu ficar horrível, antes, conseguia ver extrato de anos atrás, agora, limitou pra 2025.;1;2026-03-27 23:43:12;5.23.1;Caixa;negative;0.9339736700057985
5ca307495c827f72e6d00d57ac267524;Não consigo entrar no app caixa;1;2026-03-27 22:05:37;5.23.1;Caixa;negative;0.8122227191925049
bbfc097c1a7ea791960c6156a973cc9b;e otimo mas perdi o acesso e nao tenho mas o email nem o telefone;5;2026-03-27 21:20:20;;Caixa;negative;0.6656734943389893
8b73131825467eada7fb2bb05b0cf78a;Oh Aplicativo Lixo quando eu entro no app fala pra eu desativar (Desative modo desenv.) Mas,eu nem ativei isso? quanto eu entro pra colocar a senha pra eu ver minha conta bancária o app simplesmente ele sair automático do nada? Não consegui colocar na senha e nem entrar no banco;1;2026-03-27 21:19:08;5.23.1;Caixa;negative;0.9035202264785768
38270a265b5d22ef5b5dfe8c8a5c25d2;Nao conseguir resolver o meu problema!;3;2026-03-27 21:18:41;5.23.1;Caixa;negative;0.900150716304779
17dde6bdb14cffd02841ce9ecd7b150f;"meu app está com erro. Toda vez q vou abrir o app da uma mensagem escrito: "" desative o mod root"" e um monte de números junto. mas já desative o modo desenvolvedor do meu celular, desinstalei e instalei o app de novo e nada.";2;2026-03-27 20:31:49;5.23.1;Caixa;negative;0.8412570357322693
2d50a59e5c5b84ec4c9bea7d3ff1e17a;que banco bugado do krlh é esse 🫠;1;2026-03-27 20:25:30;;Caixa;negative;0.9490981698036194
6ca20dabfd04bd587455ee8144cdb65b;nunca usei este app, e baixei pela primeira vez e nem sê quer consigo entrar no app,que complicado, aparece um erro, agora preciso resolver este erro pra ver se consigo algum tipo de acesso.;1;2026-03-27 19:53:41;5.23.1;Caixa;negative;0.9019635319709778
31c8985d6a3cc1ccf53e80ea5e0ca18c;não consigo abrir o meu perfil investidor;1;2026-03-27 19:52:04;5.23.1;Caixa;negative;0.8764194846153259
90ea84b2600679e479b8d8d44a481bc1;O app diz que meu dispositivo não é confiável. e não está com root e nem opções de dev. e tem todas as permissões. espero q arrumem edit as condições de fábrica do moto e 7 foram alteradas mas eu não mexi em nada. tá o sistema Android 10 nativo. e agora ?? edit. o app está funcionando agora, um pouco lento mas funciona;4;2026-03-27 19:07:36;5.23.1;Caixa;negative;0.8537400364875793
b9210a6184be9788ea70e0e97314e0c5;está sem atualização. Essa app está com falha;1;2026-03-27 19:01:55;5.23.1;Caixa;negative;0.7925919890403748
9e7ff9fdddf18d5149611588c3f89827;estou com problemas desde do início da semana e até agora não consigo acessar!! péssimo banco;1;2026-03-27 18:05:10;5.23.1;Caixa;negative;0.9380103945732116
e934e63a49889bdc6c91229d9e4f9c08;negóciem pelo chat minha dívida de empréstimo emitiram o boleto paguei no dia 18 /03 /2026 é hoje já é dia 27 é meu nome continua sujo porque?;3;2026-03-27 17:44:25;5.23.1;Caixa;negative;0.618683397769928
3089754f2bc3f6d411f1f4a72d9e35c3;3 dias tentando entrar no app mais fala pra mim esperar um instante, esse instante já ta levando eu a 4 dias e nada de eu conseguir entrar na minha conta;2;2026-03-27 16:31:27;5.23.1;Caixa;negative;0.7019010186195374
680bda22b490766e02ecc6bb5d0a5ec9;Está melhorando mais tem que melhorar muito mais ainda ta com muita falha o app apaga sozinho quando vai abrir some bem estercado!;2;2026-03-27 10:31:51;5.23.1;Caixa;negative;0.8853583931922913
93e49f60cb798d74307d49cb9edb057e;O app fica mandando notificações inúteis, então cancelei as notificações e quando fui entrar no app ele não permitiu enquanto eu não liberasse as notificações novamente. tirar a liberdade do cliente na forma que ele utiliza seu próprio celular é palhaçada;1;2026-03-27 09:33:35;5.23.1;Caixa;negative;0.942050039768219
95dc80ce1cd8c0b45cb83d3838d72f3e;mudei o telefone não estou conseguindo acessar caixa tem;5;2026-03-26 23:48:51;5.23.1;Caixa;negative;0.7410058379173279
b8464beeff819685fdb8559502e2e53f;Meu celular foi formatado. Baixei o app da Caixa novamente e ficou bloqueado. Para desbloquear, é necessário ir ao caixa rápido na opção de desbloqueio, colocar meu telefone e senha. Tudo isso foi feito. No entanto, o app no celular continua bloqueado! Estou muito chateada! O app é burocrático, nada funcional nem intuitivo!;1;2026-03-26 23:47:13;5.23.1;Caixa;negative;0.9167101383209229
016ab0e9cbd671e7e24ac340cf505600;o aplicativo Caixa não está funcionando tem como melhorar o aplicativo e atualizar mais uma vez tá dando falha não tô conseguindo acessar o aplicativo;2;2026-03-26 23:23:33;5.23.1;Caixa;negative;0.8399951457977295
e4b36e7e8e409c364be3b1a6f2a30b48;ao mostrar os resultados dos jogos retiram informações de premio, ganhadores, etc que tinha ba versão anterior ao bugg. app da caixa é horrível para acessar loterias mal diagramado, faltam dados. varias páginas para conseguir os resultados.....muito ruim.;1;2026-03-26 23:00:02;5.23.1;Caixa;negative;0.9561020731925964
c3717dc9006ee3c406da82266e71c2cb;q app horrível...tenho que sair de casa pra ligar a conta ...fala sério... tem q fazer o cadastrool a nao vou dar continuidade.... arrumaram o q sempre leva a pessoa a ter q ir arrumar o Internet banking.... consegui arrumar em ksa.....parece q melhoraram o app. caixa economica;3;2026-03-26 22:14:49;5.23.1;Caixa;negative;0.9182312488555908
bc6afc237a5eaf5662f6837cab2475bf;não consegui abrir a conta, não aparece as opções.;3;2026-03-26 21:22:25;5.23.1;Caixa;negative;0.7711076736450195
289c58fce73f190dec0d1015480d6d3e;Esse aplicativo e esse banco nunca prestaram! Atualizou o aplicativo hoje e mesmo com o reconhecimento facial aprovado, não consigo logar! Infelizmente algumas coisas de trabalho só dá pra receber nesse lixo de banco.;1;2026-03-26 19:33:21;5.21.1;Caixa;negative;0.9423629641532898
47095dcdbd3232578361b541d2ede2c9;boa noite é muitoser ruim ficar atualizado toda hora, pode ser três atualizações no ano.;4;2026-03-26 19:30:44;;Caixa;negative;0.8842576146125793
b48307f1bc901aaf8caab7dc1fe0cf13;depois atualizou fica ruim pra caramba fica pra vcs troca senha mais dor de cabeça;5;2026-03-26 19:27:21;5.23.1;Caixa;negative;0.9553555250167848
2e5d1064eac02261845cff2ceee30e05;faz 2 dias que não funciona o pix;1;2026-03-26 19:11:46;5.23.1;Caixa;negative;0.8168548345565796
5eab3441c84561333939db6ff6dc1348;Eu abri uma conta corrente digital na Caixa. ao verificar o rastreio do envio do meu cartão de débito, ví informado que não tem cartão de débito para ser enviado para o meu CPF. por tanto eu gostaria que meu cartão de débito fosse enviado para o meu endereço cadastrado na conta corrente CAIXA. Por favor e gostaria também de acompanhar o rastreio pelo mesmo aplicativo. Não tem praticidade nenhuma para mim utilizar uma conta bancária sem um cartão de débito para movimenta-lá com tranquilidade.;2;2026-03-26 18:43:49;;Caixa;negative;0.554883599281311
c9f48aadbe6e647728d5f9ba4733aa90;desgraça de aplicativo. bug atrás de bug. no último tive que criar outro usuário, mandaram colocar de 8 a 10 caracteres, criei com 9. na hora de logar, só permite digitar 8 caracteres. dois meses tentando acessar a conta.;1;2026-03-26 18:37:46;5.23.1;Caixa;negative;0.9286782741546632
1ff65243e30e986eed5564e4218e9645;Não consigo entrar no aplicativo todo mês isso.;1;2026-03-26 18:35:03;5.23.1;Caixa;negative;0.8791719675064087
03c3a7d18552b2db77c8421bc83c6da7;estou tentando entrar na minha conta não estou conseguindo eu formatei o celular agora não consigo entrar na minha conta;4;2026-03-26 18:27:47;5.23.1;Caixa;negative;0.7288371324539185
62e71967998635444d4d0fe93ee93497;Aplicativo péssimo e obsoleto! Simplesmente parou de funcionar por quase dois dias e depois removeu a autorização do meu dispositivo. Agora sou obrigado a ir a um caixa eletrônico para autorizar o meu dispositivo que já estava autorizado. Isso é um absurdo! Pior aplicativo bancário!;1;2026-03-26 18:15:52;5.23.1;Caixa;negative;0.963296115398407
abc1484879d2e29493417305798fc007;O pior pix de todos os bancos, não funciona nos finais de semana, aconselho ficar nos bancos digital como mercado pago, nubank, pagbank, o pix da caixa está orrivel;1;2026-03-26 18:14:22;5.23.1;Caixa;negative;0.937371015548706
09534d5fd03341e0e4f92c4da56ef076;tá muito difícil de assar online;5;2026-03-26 18:14:01;5.23.1;Caixa;negative;0.8898813724517822
563c03a0934ccd29f10e4905f2fbd5cd;não estou conseguindo abrir uma conta pq quando vai pra biometria está falando que n está dando certo e tem q ir numa agência i e muito longe onde eu moro aí fica difícil em;1;2026-03-26 17:59:41;5.23.1;Caixa;negative;0.9050793051719666
26269bb1816e68a7beebcc28a1d7b6ee;como pode um aplicativo de banco ser tão ruim ? erro de acesso, perda de acesso, novo cadastro, erro de reconhecimento fácil, uma lástima.;1;2026-03-26 17:52:35;5.23.1;Caixa;negative;0.9577654600143432
aade43ed9d39880922fa187d75def1e7;não consigo entrar no aplicativo;1;2026-03-26 17:40:51;5.23.1;Caixa;negative;0.7938956022262573
1f0e2a3a06398c2549261486f75ce062;app apresenta muita instabilidade, não entra com a biometria, não aceita a senha e pede pra cadastrar novo usuário. no cadastro não completa o reconhecimento fácil. tá cada vez pior esse aplicativo.;5;2026-03-26 13:42:56;5.23.1;Caixa;negative;0.9398963451385498
1354ff50b365c13ed39a5fa83bd5c5ad;Não consigo mais acessar meu app,diz que as configurações de fábrica do meu celular foram alteradas e isso não aconteceu não sei o que fazer para acessar meu app denovo...;1;2026-03-26 12:46:06;5.23.1;Caixa;negative;0.8269644379615784
5f7fcc423c194d336fdbb252180ee532;não estou conseguindo abrir o aplicativo caixa;1;2026-03-25 22:59:04;5.23.1;Caixa;negative;0.8353060483932495
afb783c08da5e02605b76ca3ba8975a5;não lembro da minha senha de transição não consigo resolver dentro desse lixo de app,deveria ter a opção esqueci senha de transição e refazer o cadastro de uma nova com os meus documentos, já tentei excluir minha conta caixa mas nada resolve a senha de transição continua😡😡😡😡;5;2026-03-25 22:49:15;5.23.1;Caixa;negative;0.9032926559448242
e4b3618a4ec2bcf73db014c03d8c6d70;4 dias tirando foto de tudo quanto e jeito e ele não carrega e dá erro ... impossível... atendimento não ajuda ... chat não resolve nada acontece.;1;2026-03-25 22:33:57;5.23.1;Caixa;negative;0.8714069128036499
7443dddb455d609dc519e0e482f3f6eb;Desde hoje cedo meu app não abre, perde duas compras por n conseguir acessar o aplicativo e ainda n está abrindo, já reiniciei o telefone, já desinstalei o app, já olhei se havia atualização e nada;1;2026-03-25 22:11:16;5.23.1;Caixa;negative;0.8589659929275513
54347c6cb8967adddb9af8d8c56b6ef7;muito ruim está dando erro não consigo acessar minha conta está que eu estou sem internet e eu tenho internet sim ...vou ate mudar de bancon;1;2026-03-25 21:24:57;5.23.1;Caixa;negative;0.9154342412948608
68fede2b950142942188bbd110e0cce9;péssimo app. Várias tentativas pra ver um saldo. Perco paciência pra ver um extrato. Fazer Pix tem que rezar bastante antes;1;2026-03-25 21:17:39;5.23.1;Caixa;negative;0.9421196579933168
7128b595c0126786bc0a9f1d649e4ef6;não consigo ter acesso ao aplicativo;1;2026-03-25 20:57:36;5.23.1;Caixa;negative;0.7876437306404114
c0cb2ee870f3c29ff69efaa45e62e69e;"Pra quem tiver o dispositivo descadastrado e não quer perder tempo indo no caixa eletrônico! A solução que encontrei foi ir em ""esqueci minha senha"" e seguir os passos para cadastrar um novo usuário. Todo ano volto pra verificar a conta e o mesmo problema persiste, e também a biometria que sempre se desativa...";1;2026-03-25 20:38:02;5.23.1;Caixa;negative;0.7037603855133057
ddf70646dc15a51d478173ef7b5b3662;ultimamente não está nem abrindo o app um verdadeiro lixo;1;2026-03-25 20:37:10;;Caixa;negative;0.9535369873046876
8d651e16ee2dc291ab1f7b3b2af90de6;Depois da atualização , para entrar no app tá horrível ,toda vez tem que colocar login , eu mas perguntas de colocar apelido , cadastrar biometria todo vez que entra no aplicativo . Infelizmente a atualização deixa a desejar .;3;2026-03-25 20:36:57;5.23.1;Caixa;negative;0.9317836761474608
dc5bb21277c8073aefdf375e44e4e865;de uns dias não abre nos dados móveis tá difícil usar;1;2026-03-25 20:21:13;5.23.1;Caixa;negative;0.8505295515060425
8e6fd3ead52ea7e14881124b781d366b;Não estou conseguindo acessar minha conta há quatro dias. Estou doente e impossibilitado(a) de me deslocar até o banco para verificar meus dados pessoalmente. Após errar a senha do aplicativo algumas vezes, o sistema passou a exigir autenticação facial, porém ela não funciona corretamente e o aplicativo fica carregando indefinidamente. Já reinstalei o aplicativo e na hora de redefinir a conta o face ID carrega infinitamente 25/03/26.;1;2026-03-25 19:55:54;5.23.1;Caixa;negative;0.8996074199676514
56febf5d4a7363a7427697a6e9ff807c;não consigo abrir meu aplicativo;1;2026-03-25 19:07:02;5.23.1;Caixa;negative;0.8189640045166016
825b3e271594856f471765f8535a8413;não funciona nada impressionante;1;2026-03-25 19:06:39;5.23.1;Caixa;negative;0.9339380264282228
5901dda2657cdecee01f9e8fc2b64f01;Aplicativo horrível, abre quando quer! Vou deixar esse banco picareta, aqui vc não consegue movimentar sua conta pela Internet, isso é uma vergonha! Não consigo acessar minha conta quando preciso, fazer pagamentos, etc. Vou sair desse banco e desinstalar essa desgraça!!!;1;2026-03-25 19:04:38;5.23.1;Caixa;negative;0.9574785232543944
2385e118cf2baf90ad7fc66c30f445c4;Estão tirando dinheiro de minha conta, absurdo;1;2026-03-25 18:39:24;5.23.1;Caixa;negative;0.9122878313064576
b8f6c7508deaa6d782926b3cb90a3740;"Não sei de onde esse pessoal tirou que tá ficando estável, quero ver meu saque aniversário e dá erro ""erro na comunicação com o barramento""";2;2026-03-25 18:21:29;5.23.1;Caixa;negative;0.8732627034187317
be1e27ec8ba7c9e0b3fc923ca88da432;Não está funcionando bem e dando erros;1;2026-03-25 17:49:42;5.23.1;Caixa;negative;0.8432443141937256
791973f9f11b38578088980b9b0dde9a;está bugando. não funciona nos dados móveis mesmo o celular com crédito.;2;2026-03-25 17:46:10;5.23.1;Caixa;negative;0.7596178650856018
733773550527f4a3e0753a39d5b8d092;reconhecimento fácil muito ruim;1;2026-03-25 17:40:29;5.23.1;Caixa;negative;0.9325610995292664
2f7b811d133b4323076127c5ef30bb50;bem complicado em relação aos outros bancos;2;2026-03-25 17:39:48;5.23.1;Caixa;negative;0.7532349824905396
16cc3f05dccb00a8ed60f1ceca7531be;o app não abri e acusa minha conexão como ruim;2;2026-03-25 17:33:14;5.23.1;Caixa;negative;0.9015806913375854
7c11890b7077901ea71d209ac4de4c1d;Aplicativo quase inútil, conseguiram fazer mais de 3 formas de você ter que ir num caixa eletrônico, verificação por foto não funciona, pra que serve esse aplicativo se só dá pra fazer tudo indo numa agência?;1;2026-03-25 17:03:37;;Caixa;negative;0.9389936923980712
87d72196015edf31e64fd9b43303a829;Um dos piores bancos que existe, sistema horrível de acessar, lento demais e todo complicado, sempre com erros ou fora do ar;1;2026-03-25 17:03:01;5.23.1;Caixa;negative;0.961776316165924
65d7ffe67660c29369bebc085f9bf5fc;Vejo um perigo deixar dinheiro na conta, pois não consigo ter acesso a minha conta, nem com a biometria e sempre pede para redefinir a senha, pela terceira vez tenho que recadastrar em menos de um mês e já não lembro mais qual a senha atual, devido a tantas mudanças. Agora vou ter que refazer tudo novamente como primeiro acesso. Até na próxima ficar impedido novamente. já desinstalei e instalei novamente. Porém vou ter que refazer todos os passos novamente. Isso é péssimo sinal.;1;2026-03-25 17:00:05;5.23.1;Caixa;negative;0.9162567257881165
b856a1e328973535dcea9a9110c9887c;"""Então não consigo entrar no aplicativo para efetuar o pagamento , fica dizendo que está sem internet."" Porém quando uso o wi-fi de casa entrar normalmente. O problema ser quando preciso sair e já outros lugares e preciso usar para efetuar pagamento. Uso a nubank com mesma internet que ser da operadora claro e funciona perfeitamente bem. Só dá cx que não.";1;2026-03-25 16:41:08;5.23.1;Caixa;negative;0.7483594417572021
f2caae61aeb5a294b8fa3dbe718a8d8c;é o pior app de todos os bancos... passei quase um dia inteiro tentando fazer um Pix... todas as demais funções estavam ok, na hora do Pix o app fica apenas carregando e nao conclui a operação;1;2026-03-25 16:19:28;5.23.1;Caixa;negative;0.9462328553199768
b648bddfb6d0b3a912e575c39cd30840;estar passando por dificuldade;2;2026-03-25 16:18:45;5.23.1;Caixa;negative;0.8098991513252258
97964df8651db384bf4f88090fd66496;estou tentando entrar toda vez da deu algo esperado. Está sem Net ou tá fraca. Não tem nada disso minha NET tá normal;1;2026-03-25 16:13:35;5.23.1;Caixa;negative;0.6413276791572571
d1ae50d66ee3fc1c659d99160a577bbd;Não consigo abrir conta digitalmente, erro na biometria facial.;1;2026-03-25 16:02:22;5.22.1;Caixa;negative;0.8649904131889343
cdb7f8d11a301401e2d29e39c1df40aa;não consigo abrir o aplicativo com muitas falhas tem que melhorar muito ainda;1;2026-03-25 16:01:45;5.23.1;Caixa;negative;0.8762387037277222
57a37b8e4f9e690bdc8e89eafd99251d;não estou conseguindo acessar app pelos dados móveis, único app do meu celular que não estou conseguindo acessar, informando um erro de vpn, dns. já tentei solucionar de várias maneiras porém não obtive êxito!!!;4;2026-03-25 15:59:28;5.23.1;Caixa;negative;0.8738548159599304
319403703a701d44d745f7d578fe858b;tá travando , não abre❗;1;2026-03-25 15:32:06;5.23.1;Caixa;negative;0.781944990158081
0c7dd9dd1ba8cf6bf49efea601541ddc;as atualizações do aplicativo da caixa está cada vez mais horrível não estou conseguindo acessar o aplicativo já faz três dias infelizmente já desinstalei o aplicativo e instalei denovo continua não conseguindo entrar no aplicativo;1;2026-03-25 15:19:01;5.23.1;Caixa;negative;0.9436657428741456
98dceab72802a987b6e873f160152fc3;o que seria celular inseguro aí não consigo entrar;5;2026-03-25 15:17:30;5.23.1;Caixa;negative;0.8826283812522888
dba17cef55bec9a0293e67fa44dae24b;Boa tarde depois que atualizei os aplicativos d caixa caixa tem e FGTS. Não consigo logar em nenhum deles alguém sabe me dizer se o sistema está fora do ar?;5;2026-03-25 15:16:30;5.23.1;Caixa;negative;0.6946582794189453
b8f81639d40c13229b068972e51c4011;função de reconhecimento facial é horrível não funciona, os outros aplicativos funcionou de primeira o da Caixa como sempre tem que dar um problema né;1;2026-03-25 14:54:31;5.23.1;Caixa;negative;0.9438078999519348
50e0f6effd0581afa9079ccf2e99ccdb;não é possível criar uma senha;1;2026-03-25 14:39:35;5.23.1;Caixa;negative;0.7420089244842529
a626b8e55bc62207aa66d09476643913;"O cadastrar usuário simplesmente não adianta de nada, vou tirar a foto fica 10 anos carregando ""inicializando conexao"" MUITO RUIM, APLICATIVO/SISTEMA lixo";1;2026-03-25 14:34:59;;Caixa;negative;0.9533584713935852
34783dc9813580b29935ea8fa4cf73ac;tentei abrir uma conta, mas no final o leitor de biometria facial não funciona;2;2026-03-25 13:30:55;5.23.1;Caixa;negative;0.8058090209960938
adb8e13e928d9bb4b8575d8bde5f8a8f;Experiência de cadastro horrível. Não consegui finalizar a abertura da minha conta porque o reconhecimento facial nunca funciona, sempre dá que está fora do ar.;1;2026-03-25 13:20:55;5.23.1;Caixa;negative;0.9412248134613036
cb8329407a825888ed682852a0fae99c;Boa tarde não estou conseguindo entrar no aplicativo da caixa como faço;2;2026-03-25 13:01:08;5.23.1;Caixa;negative;0.7671985030174255
834dc9ecb245838c92cbaed254f252fc;Estava fora a algum tempo. voltei em 2025 fui à minha agência, mudou e, não deixou nenhum papel informado novo endereço. filiais tbm, não sabia informar,falta de respeito com os clientes idosos! não recebi nenhuma comunicado e,fiquei sem conseguir movimentar a conta. Só hj uma vizinha me ajudou passado endereço da cidade nova e,disse que eu poderia confiar nessa Ag Alterosa q aparece no app .Refiz a senha no app e não funciona fala q qdo puder usar serei avisado no WhatsApp mas como assim?absur;1;2026-03-25 12:55:53;5.22.0;Caixa;negative;0.6150321364402771
8f4319244d41d9ff067b4a2bc3f61871;não tô conseguindo entrar no app caixa;1;2026-03-25 12:43:46;5.23.1;Caixa;negative;0.8115271925926208
df74302ee3a0943f4111f7d29805f882;como um app pode ser taooo M, nao da pra tirar foto sem erro, nao da pra recuperar senha, pq nao deletar esse app e fecha essa banco de uma vez?;1;2026-03-25 12:43:29;5.23.1;Caixa;negative;0.910459041595459
b555e8bd4cc1fe6f9dd7f377279d1f1f;o app está sendo praticamente horrível de primeira impressão, não consegue ler minha facial de forma alguma além de ter que esperar muito até carregar a tela, quando aparece para por a facial simplesmente dá erro e não carrega.;1;2026-03-25 12:43:01;5.23.1;Caixa;negative;0.9418830275535583
5ec42238b0f43564dea9a156c50feb64;Pensa em um aplicativo inútil, é esse, dá erro até pra ver o estrato. Qualquer problema que ele mesmo cause eu tenho que ir em uma agência passar pelo purgatório de 2h com senha porque o app não tem capacidade de resolver.;1;2026-03-25 12:40:37;5.23.1;Caixa;negative;0.9389649629592896
6191c3708c814c6eeabb5e48db07186c;o processo é confuso, precisei ir até uma agência para concluir;3;2026-03-25 12:35:09;5.23.1;Caixa;negative;0.8146041035652161
4632e506913453c5a7d3c4b3e71fea36;com certeza o pior banco, não consegue fazer um reconhecimento facial, e ainda fica fechando sozinho 👎🏻👎🏻👎🏻;1;2026-03-25 12:28:00;5.23.1;Caixa;negative;0.9537867903709412
07acdd55fb14b879fe85887abee30ceb;aplicativo muito ruim, toda hora tem que atualizar;1;2026-03-25 12:20:55;5.22.1;Caixa;negative;0.9394307136535645
d7aa7217fa721f42e5c273d43c7fffe1;Vive dando problema como agora. agora nao consigo acessar com dados móveis nem o app nem o site;3;2026-03-25 12:09:09;;Caixa;negative;0.8633636832237244
65420aa4dffa2b4b802368df1ab31122;pronto so faltava essa agora nao funciona mais esse app pois toda hora fecha sozinho apresentando falha consertem isso meu celular e OUKITEL WP6 android 10 r mru Android NÃO EXISTE MAIS ATUALIZAÇÃO PRA ELE.;1;2026-03-25 11:46:56;5.23.1;Caixa;negative;0.8972354531288147
ac91b2656652d2217ae8a53bec3f129d;É o pior app de banco que já usei. nada nele funciona. toda vez que vou entrar para fazer alguma operação tenho que cadastrar um usuário novo. ele não aceita as senhas e não me deixa entrar, aí tenho que ficar vinculando toda vez esse usuário. vou trocar de banco só por causa disso, eles não resolvem nada e sem contar que na ajuda nada aparece para as questões do app.;1;2026-03-25 11:46:15;5.23.1;Caixa;negative;0.9234052896499634
eecaafdd9cf8b8eaaaf07ca0a036a93b;quando funciona e legal ,mais pede atualização muitas vezes ,daí atrapalha agente;4;2026-03-25 11:36:54;5.23.1;Caixa;negative;0.8240200281143188
1aa766f08412fcf76afce60e4e00daa6;Está confuso e não ajuda. Já troquei o celular para o A16. somente preciso do Informe de Rendimentos 2.025 para fazer I.R.;1;2026-03-25 11:07:33;5.23.1;Caixa;negative;0.7649698853492737
7aa6b34ad1df26385a3025d7b69a09f8;aplicativo lendo, desatualizado, sem funções que outros aplicativos ativos já possuem, visualização de faturas péssimo, antecipação zero, aplicativo horrível;1;2026-03-25 10:38:48;5.23.1;Caixa;negative;0.9518355131149292
12f0a3cb0aa043418a138ce6c6f570c4;Bom dia ! Sempre o aplicativo pede pra redefinir senha , e fica dando instabilidade, péssimo;1;2026-03-25 10:35:04;5.23.1;Caixa;negative;0.9405482411384584
8478c59f793e627d8c014b89460760e4;Só acho que os limites para operações - Pix por exemplo - são baixos.;5;2026-03-25 10:22:52;5.23.1;Caixa;negative;0.7657312750816345
8da1de0b7123ecda6ec42bd91dda9d7c;Para quem está tendo problema para inicializar conexão para captura de foto. Dica: entrem bem na madrugada, mas na madruga mesmo ( eu consegui as 4hrs da manhã) pois fiquei mais de 15 dias tentando e nada e já tinha feito de tudo.;1;2026-03-25 10:19:49;5.23.1;Caixa;negative;0.5292219519615173
0e4e8578f4e116ef5b1260f0079a7cc6;Meu telefone nem está com modo desenvolvedor ativado e esse aplicativo fica acusando por nada. Também pede pra abrir conta em uma agência, inútil.;1;2026-03-25 10:04:42;5.22.1;Caixa;negative;0.9291580319404602
a2618044f02fb194fef7fe18e33e824c;O pior aplicativo de banco que conheço. Há dois dias estou tentando entrar no meu usuário e um problema de sistema despreza minha biometria e minha senha, chamando de inválidas e dizendo para criar um novo usuário. cansado deste aplicativo pouco funcional, nada intuitivo, comandos repetitivos e confusos. Já tive problemas com pagamento efetuados registrados pelo banco que recebia e daqui não descobtava, depois descontou duplamente. tenho muito medo de acontecer isso de novo.;1;2026-03-25 09:51:10;5.23.1;Caixa;negative;0.9393374919891356
1ed8db7fdf227934b0bcde09d9fcafd7;não vale nada, não dá para tirar um comprovante do mês de fevereiro.;1;2026-03-25 09:48:01;5.23.1;Caixa;negative;0.759741485118866
c721314093cc33e5691ec3f0c8d97838;o app caixa, é o app mais inútil que existe. A caixa deve ter desenvolvedores de 5 categoria pra fazer essas atualizações...;1;2026-03-25 08:28:27;5.23.1;Caixa;negative;0.948653519153595
4420779bb79a695333ee1f53a6c100fc;Um lixo esse app! Incrível como a Caixa não consegue entregar o mínimo de um aplicativo bancário.;1;2026-03-25 08:22:18;5.23.1;Caixa;negative;0.9582563638687134
138be1f4ef5c3094b30fbd60bc286e39;olá bom dia, esse sistema de ter que ficar indo em caixa eletrônico pra poder usar o APP é horrível poderia fazer igual a seus concorrentes com fácial ou até mesmo número cadastrado. Entenda sou do Interior e aqui não tem caixa próximo e agora vou ter que esperar muito tempo pra ir na cidade dnv pra poder usar um caixa eletrônico e só Deus sabe quando. Por isso o APP da caixa é tão ruim sem falar na instabilidade. ( Mas isso todos tem);2;2026-03-25 08:13:14;5.23.1;Caixa;negative;0.9323932528495787
c01b68677edd9b2a8e520126212c0f18;não abre ou demora pra carregar;2;2026-03-25 07:53:14;5.23.1;Caixa;negative;0.5971567034721375
b6d0f414ba349a69bc1195d2930db0c9;pra não deu certo 😞😞 meu aplicativo não funciona. atualizei e nada funciona meu Pix não vai tá no Pix automático colei e nada não sei o que fazer, não posso andar pra resolver meu joelho tá operado não tem como sair daqui pra ir na caixa liguei pra caixa mas não consegui resolver tenho que ir lá, mim ajuda 🆘🆘;1;2026-03-25 07:14:54;;Caixa;negative;0.8800445795059204
a2bc6331cabf2204023ce417e587a526;já foi melhor, agora diz que minha Internet está instável.;3;2026-03-25 07:00:28;;Caixa;negative;0.8877596855163574
4e45fe5d7b34ffc576fb0ca89ad7c1c2;O app tem várias falhas a grande meu celular deixo ele em modo desenvolvedor para melhor proteção de tudo mais o app só dá acesso si Eu tirar o modo desenvolvedor já os bancos abrem sem problema só este não permite mais o que pode se esperar de algo do governo nada e seguro a melhor forma a se fazer e não abrir conta na caixa e abrir em outro banco que muito mais seguro e quando reclama aqui vem a mensagem robótica e a mesma pra tudo e começa e excluir conta na caixa e fazer em outro bancos;1;2026-03-25 06:45:20;5.23.1;Caixa;negative;0.7342197895050049
f7b88b21e8606ed9a4091e9260609ac1;problema para abri o aplicativo;2;2026-03-25 06:33:09;5.23.1;Caixa;negative;0.7385876774787903
a8b0a1421a937e091e45f14edb790353;Não ajuda contra golpes e vulnerável;4;2026-03-25 04:56:25;5.23.1;Caixa;negative;0.910670042037964
13cd0ce537c9be61c79cc10ec8158337;não consigo cancelar o meu saque aniversário e recisão, ATUALIZEM isso que nem a opção entrar quer.;1;2026-03-24 23:43:46;5.23.1;Caixa;negative;0.895468533039093
f70e4d1f990c6454acf55542d93bf409;Aplicativo fácil de usar algumas coisas são difícil dê entender maís vimos lá!!;5;2026-03-24 23:43:05;5.23.1;Caixa;negative;0.6155836582183838
b4e3c860e6dcd60b8996f9fab2ac6019;muito difícil de atualizar no aplicativo pois o mesmo não define quando eu finalizo;1;2026-03-24 22:03:01;5.23.1;Caixa;negative;0.5933984518051147
1df7497aa2371e8c9f2747b377c26be0;não gostei porque tem que ir no caixa econômico pra criar a senha de movimentação isso pra mim não faz sentido uma vez que tem a opção de biometria da pessoa muito chato não compensa abrir uma conta e não poder fazer nada;2;2026-03-24 21:48:54;;Caixa;negative;0.933615267276764
4b2f3170059be1449f3872521f25767c;"muito pesado para ""rodar"" em celulares soles e ""fora"" do wi-fi. diversos bancos digitais tem APP Mais Leves !";2;2026-03-24 21:25:53;5.23.1;Caixa;negative;0.7059364914894104
406b79ce5a6a914a0f7214bf52372f26;horrível, nunca uso, pq sempre deixa na mão;1;2026-03-24 20:44:05;5.23.1;Caixa;negative;0.9254195690155028
1f31174aaf14ae32ca133433e5046daf;é uma dificuldade muito grande de fazer reconhecimento facial;1;2026-03-24 19:22:54;5.23.1;Caixa;negative;0.8443529605865479
cd55b6649d44526c568c0ee73ee4961c;trava demais,ao fazer um jogo não volta para o mesmo jogo para dar continuidade ao jogo escolhido,volta para tela principal,resumindo péssimo?;2;2026-03-24 19:18:51;5.23.1;Caixa;negative;0.937834620475769
78c714ca934fc4ee40f8496506228fde;demora muito a dar baixa nos pagamentos do cartão de crédito, em outros bancos atualiza na mesma hora , no app da caixa leva 1..2..3 dias;2;2026-03-24 18:49:00;5.23.1;Caixa;negative;0.5967751145362854
ee3b5ee626d2507944d8a9bfbc294411;não gosto do aplicativo da CEF.;1;2026-03-24 18:43:26;;Caixa;negative;0.8233433365821838
cad61cf88e7c65d21672b2cf14b97013;Não está habilitando minha conta do caixa Tem;1;2026-03-24 18:11:31;5.23.1;Caixa;negative;0.7456410527229309
f8a405880a872b7d297d0cc7a2b9edbe;não sei oque tá acontecendo mais de uns dias pra cá ta complicado lidar com este App cai o tempo todo..;1;2026-03-24 17:42:07;5.23.1;Caixa;negative;0.9192016124725342
ab2c3715251ed279c71ad6d50c7579a5;não consigo entrar na minha conta, sempre inválida minha senha de anos;1;2026-03-24 16:59:23;5.23.1;Caixa;negative;0.8270745873451233
7b5ffb678cc7a9261e04cdb8c9b03769;cara por que a droga desse aplicativo não libera quando eu tirar minha foto já tirei essa foto centena de vezes e por que é que sempre dá erro dá erro a esse aplicativo para mim não funciona não presta porque eu já bati minha foto minha selfie e sempre dá erro dar erro dá erro Tô de saco cheio já vou deixar só uma estrela😤;1;2026-03-24 16:38:41;5.23.1;Caixa;negative;0.9311898350715636
a30ec924b5cfe30a05085d0fa0bed76c;até hoje n consegui acessar, já fui na caixa e disseram p continuar desinstalando e instalando até conseguir absurdo precisar ir lá e não resolver;1;2026-03-24 16:27:58;5.23.1;Caixa;negative;0.8382079005241394
56dad3e4ba3df3f0d93334edd7f3f510;Vocês pedem pra atualizar o cadastro mas nem um hacker consegue atualizar, não entendo o motivo de ser tão difícil, o app não reconhece a facial, solicito ao desenvolvedor solucionar esse erro, é um transtorno.;1;2026-03-24 16:26:25;5.23.1;Caixa;negative;0.9429625272750854
375e037d9cd4daaaafd76312ca642073;Não consigo falar com ninguém. Mensagens comunicando telefone errado. Meus informes não indica minha aplicação no Fundo. Quero informar pra imposto de renda;1;2026-03-24 16:17:32;5.23.1;Caixa;negative;0.7425853610038757
4433b9b9a10a7c46fb45343d75db3d5c;app muito complexo. podia se mais fácil e ágil.;2;2026-03-24 16:05:46;5.23.1;Caixa;negative;0.742316484451294
61026c34846a79917a26a8d66a383f08;Não consigo acessar minha conta pelo APP, sempre dá o erro A-00-000. Já liguei para o banco e não conseguiram resolver. Também já instalei e reinstalei o app e nada.;1;2026-03-24 15:24:19;5.23.1;Caixa;negative;0.8132569789886475
c1d68f67db77127fd73e59bc84c9dac7;O aplicativo me obriga a permitir que ele envie Notificações e controle a minha localização. Até aí tudo bem, de forma forçada, aceitei. Aí ele me obriga ainda a aceitar que o app controle as chamadas do meu celular. Como é um celular que uso apenas em casa, ele não tem chip e nem recebe ligações. Logo, não tenho o direito de usar o app da Caixa. Inacreditável, em pleno ano de 2026 e precisarei ir a uma agência para retirar o comprovante do IR.;2;2026-03-24 15:00:42;5.23.1;Caixa;negative;0.870752215385437
2e2b5464c307e0646cb1e70dd59f5e7b;Só dou uma estrela pq não pode dar menos. Fazer o pix, passa um tempão para sair da tela de carregamento. Encerra o app a força, limpa o cache e nada. App fuleiro;1;2026-03-24 14:41:39;5.23.1;Caixa;negative;0.7193997502326965
26ab5c379d6d4380c68b5d6c611ef286;Porque não esta cadastrando minha biometria ? sempre da erro;2;2026-03-24 13:24:17;5.23.1;Caixa;negative;0.8016194105148315
7820de09447839c86bb80f04d2a6b123;Sistema exige reconhecimento facial e não consegue fazer. No btg ele reconhece no escuro só com a iluminação da tv. Na caixa são sempre umas 5 tentativas.;1;2026-03-24 13:00:25;5.23.1;Caixa;negative;0.5902884602546692
967fce87353bdcd076d9a80d9c77d3e9;BANCO ATRASADO!! sempre que precisa ativar o dispositivo preciso ir a uma agência para liberar o acesso, em pleno 2026 e ainda preciso ir na agência para usar uma conta ?;1;2026-03-24 12:49:33;5.23.1;Caixa;negative;0.8371070623397827
d082f8384c82001a9157fb9b5ee9bd0e;não consigo cadastro mandam código difícil;2;2026-03-24 12:41:22;5.23.1;Caixa;negative;0.9013042449951172
8874b494de709bf374c15bbc8c1fa7ae;sistema muito lento para um banco desse tamanho;1;2026-03-24 12:39:01;5.23.1;Caixa;negative;0.9223244190216064
fcd27b942ee1f219e2ce2403632e39e0;tentando atualizar meu cadastro para mudar o email. não consigo.. tinha que ser igual a outro banco digital, logo que a pessoa faz conta digital eles emitem o cartão físico e mandam pro endereço. aqui vc tem que baixar outro aplicativo pra pedir.. não consegui.. vou encerrar a conta.. já que não tem cartão físico.. tá muito mal esse banco;3;2026-03-24 12:33:10;;Caixa;negative;0.9130554795265198
9204d4faaa65659223c21f6f17b2254d;Aplicativo na hora de abertura de conta no momento de mandar a confirmação pelo email apresenta erro A-000-REX . Cara sem base um banco do tamanho da caixa não fazer um aplicativo que funcione para desafogar as agências, em plena era digital em 2026.;1;2026-03-24 12:31:20;5.23.1;Caixa;negative;0.8902745842933655
1dc0cf0ddd23c696719eb6668ad1b7ce;não estou conseguindo acessar meu cadastro no meu novo celular 📱 me ajuda aí por favor;1;2026-03-24 11:13:48;5.23.1;Caixa;negative;0.7975695729255676
d839401db5113682eecf8bb9f34f79d1;app, bug toda hora orrrr;3;2026-03-24 10:19:02;;Caixa;negative;0.9204095602035522
dfeee6f09de379961f85fe0a42ce06a4;não gostei, eu peguei o app errado e só quero fazer os jogos de loteria.;1;2026-03-24 10:17:08;;Caixa;negative;0.8586892485618591
5b7074d756077d8e87557a72513ad277;uma aplicativo que não é eficiente e auto explicativo. /intuitivo. Pra achar a movimentação da poupança foi horrível Segunda vez que dá problema na leitura da digital.;3;2026-03-24 10:02:11;5.23.1;Caixa;negative;0.953226625919342
3f2aa4691d2ffddbb7bdcc9f1bc19627;não está funcionando ⁉️🤷 tá fora do ar...!!? presiso usar o app e não abre 🤷🤷🤷;1;2026-03-24 09:16:36;5.23.1;Caixa;negative;0.8217449188232422
18bb464435b5a561e5f705ae56ad8926;falta opção pra resolver desbloqueio em máquina e App;1;2026-03-24 08:44:12;5.23.1;Caixa;negative;0.5466063022613525
a9ad4664ed58d0858bb5b3f7c14ed542;Faz uns 15 dias que não consigo acessar a minha conta. Fala que o usuário não existe e necessita de um novo cadastro, ao realizar um novo cadastro e a ativação do novo usuário , volta pro mesmo erro de não existe.;1;2026-03-24 08:25:47;5.23.1;Caixa;negative;0.8034979701042175
d48cc63e9aa35aca88028a8d57b04e2f;Aplicativo lento e muitas vezes nem abre, preciso fechar tudo e abrir novamente umas 3x.;2;2026-03-24 08:09:25;5.23.1;Caixa;negative;0.8056753277778625
5f2dbfd600443dbc3609d869001be662;poderia gerar um juros maior a poupança;5;2026-03-24 05:41:13;5.23.1;Caixa;negative;0.4807246625423431
c17b742dc855713e860cc9b9b5f63cd6;aplicativo não quer abrir mim ajudem;5;2026-03-24 05:36:51;5.23.1;Caixa;negative;0.842549204826355
c68ff1d484e31ad28fcd97ffa9bd929b;não se consegue abrir e operar o app caixa econômica federal, preciso operar minha conta...;2;2026-03-24 00:26:04;5.23.1;Caixa;negative;0.7585563063621521
92aeaaf7de93371f6e45d4464e16c69b;não estou conseguindo abrir o aplicativo!;2;2026-03-24 00:00:38;5.23.1;Caixa;negative;0.8152772188186646
77ea2fd5e6bfa170ff52aea63430132e;"Existe um problema com a leitura do QR Code, na conferência de bilhetes, que ainda não foi solucionado. Muitas vezes, nem a Lotérica consegue ler e é necessário digitar o código alfanumérico para conferir o bilhete (opção que foi retirada do APP e que poderia ser implementada novamente). Quando irão solucionar??? 👉 Resposta ao ""desenvolvedor"": O APP está atualizado. Esse problema já é antigo e há relato de vários usuários. Tenho o APP instalado em 3 celulares e o problema ocorre em todos.";3;2026-03-23 23:20:02;5.23.1;Caixa;negative;0.6451379060745239
b48ea2e1c5f3d530fcfff784943fb27c;não tem modo escuro para pessoas como eu que tem baixa visão ter uma melhor acessibilidade tento fazer empréstimo consignado pelo aplicativo e não funciona na minha opinião cada vez que atualiza fica pior o aplicativo é péssimo ml..... fiz todos os procedimentos que foram indicados o aplicativo está atualizado e continua não funcionando direito não possui acessibilidade o que dificulta muito para pessoas com problema de deficiência visual o suporte manda mensagem mas não procura resolver péssimo;1;2026-03-23 22:16:04;5.23.1;Caixa;negative;0.9275412559509276
98a958f6d82d9f12dd1b25b7596dab0b;não consigo acessar o aplicativo;1;2026-03-23 21:11:54;5.23.1;Caixa;negative;0.7627074122428894
87dac53809510c77a2d707b76c172398;não consigo que chegue mensagens nk neu e-mails;1;2026-03-23 20:34:39;5.23.1;Caixa;negative;0.7989411354064941
f169b03a6127d74189c1c00b82875d79;Nada funciona! Nem esse app nem o Caixa Tem. Eu sequer consigo acessar minha conta.;1;2026-03-23 20:22:11;5.23.1;Caixa;negative;0.8737278580665588
aeb6796fd50ce3a6bd8dce5f56526705;Fica várias vezes impossibilidade de usar, pedem pra tentar mais tarde, isso deixa a gente em situações difíceis na hora de fazer pagamentos.;4;2026-03-23 20:02:53;5.23.1;Caixa;negative;0.8697994947433472
9b7977af09b834d829700ce2c09a2a22;Não abre simplesmente da erro e não abre de jeito nenhum.;1;2026-03-23 19:28:41;5.23.1;Caixa;negative;0.6787267923355103
59ebb0045acd660534692cd41052019c;Depois da última atualização, tenho dificuldade de acessar o aplicativo ,principalmente com a biometria fala que o acesso é usuário tá incorreto já várias vezes esse problema;5;2026-03-23 19:25:39;3.11.1;Caixa;negative;0.8663901686668396
3401166fc5ebed65b6b8bdcfa7688f90;Acabei de fazer o cadastro para poder ter acesso a minha conta, fiz tudo certo, reconhecimento facial, usuário, senha e quando coloco pra entrar só aparece uma mensagem dizendo que tenho que fazer um novo cadastro, ao tentar fazer novamente ele da erro em reconhecimento facial, isso está horrível, não consigo entrar e nem fazer nada, nem novo cadastro e nem nova senha, pelo amor, não dá pra ficar nesse banco não. Já desinstalei e instalei e continua o mesmo erro, pelo amor.;1;2026-03-23 19:08:31;5.23.1;Caixa;negative;0.9358741641044616
91d8bbbbee3836235ec384bc098888c4;não faz pix;1;2026-03-23 19:06:16;5.23.1;Caixa;negative;0.6043525338172913
f52a5190c057bf30bcab80eb064609c4;Toda vez pede para fazer um novo cadastro. mesmo tendo o cadastro ativo já.;1;2026-03-23 18:52:42;5.23.1;Caixa;negative;0.5288968682289124
d9b07e80af91d9a8e90454a3b98db298;e complicado entender o aplicativo;1;2026-03-23 17:40:32;5.23.1;Caixa;negative;0.8254010677337646
47cdb0a709c7885f8a449e747820037f;não consigo entrar no aplicativo;5;2026-03-23 17:27:19;5.23.1;Caixa;negative;0.7938956022262573
34f6c6d1094879e68cad1896b2f965fd;tenho esse cartão a anos tenho facilidade em acessar só que agora estou com dificuldade em acessar o aplicativo para consultar saldo;5;2026-03-23 17:20:13;5.23.1;Caixa;negative;0.6748414039611816
52c58c3fe50a215c7951b9bc13a1cd97;nao estou conseguindo acessar minha conta, dispositivo inseguro.;3;2026-03-23 17:02:11;5.23.1;Caixa;negative;0.9158861041069032
c520b8c97d5569b1d3ce8014a2f0ab7d;APP não funciona. Infelizmente! Sem acesso a conta pelo Aplicativo.;1;2026-03-23 16:32:15;5.23.1;Caixa;negative;0.8656061291694641
31863424837facc56a9daf799281716e;não tô conseguindo, validar o email de cadastro,e não tô conseguindo entrar na minha conta.;5;2026-03-23 16:10:23;5.23.1;Caixa;negative;0.7696187496185303
59598b5ef4b61dfd5beb19df42874c65;não consigo ver meu extrato;5;2026-03-23 16:08:17;5.23.1;Caixa;negative;0.780148983001709
d35820dabea58bece9cedebe45d18047;pode fazer a facial até de baixo de 45 graus de sol q não sai tudo fala 1 tá escuro ou deu problema no sistema;1;2026-03-23 16:00:50;5.23.1;Caixa;negative;0.7545101046562195
fee068fa836f16c03d9e7491aa33f31a;preciso de extrato anual de janeiro a dezembro, 2025 e demais anos. Os meses de janeiro a março não abrem no extrato por período. O que vc não entendeu? Estou dizendo que dentro do aplicativo da caixa o extrato não abre nos formatos desejado: anual e se for olhar mês por mês, assim mesmo o aplicativo não disponibiliza os meses de janeiro a março.;1;2026-03-23 15:59:44;5.23.1;Caixa;negative;0.6080685257911682
8a5d423087835b1b20a72ecbfb681886;Demora de abrir TENHO CONTA CORRENTE E SALÁRIO NA CXA ECONOMICA EM SALVADOR AGÊNCIA PERIPERI JERENTE SR JANIO .MAIS ELE NUNCA ME MOSTROU ESSAS VANTAGENS DAI RESOLVI AINDA ESTE MÊS SAIR DESSE HORRÍVEL BANCO CXA ECONOMICA E DESSE JERENTE QUE NÃO AJUDA O CLIENTE SOU UM BOM CORRENTISTA MAS NÃO SOU RECONHECIDO PELO BANCO TÃO POUCO PELO MEU GERENTE;1;2026-03-23 14:55:23;5.23.1;Caixa;negative;0.6327464580535889
c3fcf9cc3a1ff737a6254056be5d2cb5;muito burocrático. sempre complicando a vida dos usuários. corrijam esses bugs🙄 péssimo do nada o app bloqueou minha senha.;1;2026-03-23 14:26:41;5.23.1;Caixa;negative;0.9599018096923828
a6b36023f34025c2d315101649cd9b02;Esse app tá um lixo, já refiz o cadastro 3 vezes,pq não sei o motivo q meu cadastro sumiu e nada de conseguir entrar, e eu com contas pra pagar e nao consigo, melhorem;1;2026-03-23 14:23:21;5.23.1;Caixa;negative;0.9516143202781676
937a7623d7d4d3a8e83144bc70ad7ccc;chat não tem nossa opção e fica repetitivo;2;2026-03-23 14:21:11;5.23.1;Caixa;negative;0.8257666826248169
d0d7b01bddddff7ca2ae7dac2e50a199;Pior app de banco que existe. Nada é intuitivo ou rápido, sempre necessário dar vários cliques para acessar qualquer coisa, quando entro pelo suporte via ligação o atendente parece estar com o microfone dentro da boca e não dá para entender nada, findam desligando porque relato não entender direito o que estão falando. É o tipo de aplicativo que só se usa porque é o jeito.;1;2026-03-23 13:58:44;5.23.1;Caixa;negative;0.8766299486160278
797635fe58f4df739af7db0189ea7de2;travou;1;2026-03-23 13:37:09;5.23.1;Caixa;negative;0.6231101751327515
a250722c16241b7da34378091e2b7dbb;hj a gente faz tudo por meio da internet.na caixa complicam tudo .estou parando de trabalhar com a caixa;2;2026-03-23 13:28:27;3.9.2;Caixa;negative;0.646070122718811
f6a6f9c3686f7dcc4a1e9727f7c01a8d;aprovei não parou de fazer transferência e Pix e muita burocracia a minha nota e 0;1;2026-03-23 12:41:45;;Caixa;negative;0.8277265429496765
33b533c1692ae3141e72299e78e44e59;Estou com problemas para utilizar o app quando está no 4G. O aplicativo não acessa a conta. O aplicativo só funciona quando está no Wi-fi.;2;2026-03-23 12:38:01;5.23.1;Caixa;negative;0.6941767334938049
e561d9874ab5bb973b55a4e0139e11e9;senhor desenvolvedor resolve a situação desse aplicativo senha de transação bloqueada pedi para ir até o banco não tenho tempo mas fui inserir o cartão minha senha de saque tudo ok no caixa eletrônico mas para desbloquear a senha da internet bank não, quero conforto coloca reconhecimento facial para indicação do proprietário da conta ok vou desinstalar estava tudo certo depois ficou assim eu entro mas não consigo fazer Pix ou investir porque a senha de transação 6 dígitos está bloqueado;1;2026-03-23 12:26:31;5.23.1;Caixa;negative;0.7436253428459167
cfe0a4aff8f4917836f2aa92667e4b0a;Dei 1 estrela porque não tem como dar zero! A experiência digital da Caixa é horrível! Não consigo fazer o básico que é acessar o app, senha não dá certo, recuperação não dá certo, criação de novo usuário não dá certo, mensagem de sucesso no whatsapp só Deus na causa. Isso e várias outras coisas. E não sou um usuário comum, 18 anos trabalhando com tecnologia, formação em Sistemas, programador, fazendo força aqui e não consigo! Imagina quem precisa ou tem conhecimento básico. Agora é pegar fila.;1;2026-03-23 12:20:36;5.23.1;Caixa;negative;0.8429516553878784
a8e98be656e604cc78ef456062be0a03;muito ruim só travando 👎👎👎;1;2026-03-23 11:56:54;5.23.1;Caixa;negative;0.9434827566146852
0e4f42f089cd64fc4d4e3d4694a4f852;eu o cartão até aí está tudo certo já o pix está sendo muito dificultoso para mim?;5;2026-03-23 11:49:10;;Caixa;negative;0.7993056178092957
40c930006d3e61e379756e33fb34ede3;ja bloquei duas vezes meu cartão de crédito e ainda estou pagando anuidade;1;2026-03-23 11:43:52;5.23.1;Caixa;negative;0.7746961116790771
08999a7bb2baa6c7d77e28ff4b563f5c;não tem capacidade de fazer um app de celular que preste kkkkkk;1;2026-03-23 11:35:23;;Caixa;negative;0.817485511302948
a27d7a571cf744b6596c2a9bddc9dd9a;app caixa muitoooooo lentooooo;1;2026-03-23 11:23:22;5.23.1;Caixa;negative;0.8769132494926453
05a9bc716cfe56e6a8c668f694a7f18e;Pelo amor de Deus, estou tentando criar o cadastro e simplesmente o app não sai da fase de verificação facial. Tentei mais de 30 vezes, e simplesmente resume a deu erro e tente novamente mais tarde. Burocratico demais, desisto;1;2026-03-23 11:13:54;5.23.1;Caixa;negative;0.9390302300453186
c27646c1dee7fe17b92557fd38740b65;é um lixo. cada vez não reconhece a biometria, não consegue cadastrar novamente. só dá erro.;1;2026-03-23 10:50:46;5.23.1;Caixa;negative;0.9500179290771484
f0cf4e5b9fe3328ac0485535d4923371;APP travando e reiniciando sempre, favor verificar.;1;2026-03-23 10:37:59;5.23.1;Caixa;negative;0.6729170083999634
a44542625ac5b8b0f2e0568af007b355;quero atualizar os meu dados eu não tenho acesso a senha e meu cartão da bloqueado;1;2026-03-23 10:31:50;5.23.1;Caixa;negative;0.7571979761123657
3b2e032e954879ccc259aa8e6afda4d7;aplicativo pesado e trava muito;3;2026-03-23 09:54:42;5.23.1;Caixa;negative;0.9171044826507568
760cfaba8bfaadced4b39a7108de4d88;queria saber pq meu aplicativo sumiu da tela ?;2;2026-03-23 09:28:36;5.23.1;Caixa;negative;0.654964029788971
f7735a92548ceacea9b348e3a7843883;aplicativo lento;3;2026-03-23 07:51:34;5.23.1;Caixa;negative;0.74330735206604
17019e011dc31c5083260004ebfdd20e;toda vez q estou simulado algum empréstimo ou algo do tipo,pede pra atualizar meus dados,e eles sempre estão atualizados, aí mesmo assim vou lá e atualizo tudo de novo, refaço de novo a simulação e consta a mesma coisa de q os dados precisam ser atualizados e não deixa eu prosseguir com nenhuma solicitação. sendo q todos os dados estão atualizados e tenho assinatura eletrônica pra fazer tal atualização.E o aplicativo também está atualizado em meu aparelho celular;2;2026-03-22 23:49:21;5.23.1;Caixa;negative;0.7053685188293457
e9b6542348333ecd6bc7ea2652f94d90;não consigo mais entra no meu aplicativo caixa;1;2026-03-22 22:27:37;5.23.1;Caixa;negative;0.8545215129852295
b04ee04c3ed1acfd550dd851a83d47cd;Já é a segunda vez em pouco tempo que vou ter que gastar tempo e dinheiro para ir no caixa eletrônico resolver problemas com esse app. Segunda vez que dá erro B-TZ-BLK-LGN, impedindo que eu entre. Infelizmente vou ter que seguir o conselho dos meus amigos e criar conta em outro banco porque Infelizmente esse app quanto mais atualiza fica mais bugado. obs: Meu app está atualizado.;2;2026-03-22 21:06:22;5.23.1;Caixa;negative;0.9295510649681092
2781e5744d7bd3ce1be7703a049967fc;tudo muito complicado, desde Pix a outros tipos de transações. o pior aplicativo de banco que uso.;1;2026-03-22 20:33:21;5.23.1;Caixa;negative;0.9396510720252992
c668a35bb20029a6cc88f32b3c1d32dd;bloquearam meu cartão podia ser resolvido via whatsapp pois não temos tempo de ir até a agência, a caixa é muito burocrático, Deus é mais;1;2026-03-22 20:07:12;5.23.1;Caixa;negative;0.8912167549133301
68105f3bb5cd96d771b11018856f988f;não aparece na minha tela ,e no Google play. ao consigo desinstalar;1;2026-03-22 19:52:26;5.23.1;Caixa;negative;0.6359127163887024
487169ba4f496705ea5c852c553d15d8;não consegui tirar a foto para ter acesso aos rendimentos 2025 para IR. Faltou conexão!????;1;2026-03-22 16:23:51;5.23.1;Caixa;negative;0.7573097944259644
f3dfb53f461b0dec63792745f687ce2d;boa tarde não estou conseguindo entrar no meu aplicativo do caixa tem o que eu faço;1;2026-03-22 16:09:23;5.23.1;Caixa;negative;0.7875743508338928
897da7c0a08069d3eb359f638d169bc6;Aparentemente, entre ontem e hoje, muitas pessoas tiveram problema com a senha, tendo as transações bloqueadas, mesmo inserindo a senha corretamente. Agora, para desbloquear, é necessário ir até uma agência. Absurdo! Aplicativo mal feito, mal gerido.;1;2026-03-22 15:15:36;5.23.1;Caixa;negative;0.9468641877174376
ec42dc5cd8577f6ea7cab1a523549336;só preciso de uma chave pix tod vez que preciso tenho que ligar para saber meu saldo e também não tenho a chave pix para receber ou pagar;5;2026-03-22 14:39:15;5.23.1;Caixa;negative;0.499676376581192
76812b9f7d0ad2e53d72b12094d81c5d;Em minha opinião, pior app de banco q existe. Não é prático, tudo q vai fazer tem q ir a agência p autorizar no caixa eletrônico, p q existe biometria e reconhecimento facial?;1;2026-03-22 13:08:46;5.23.1;Caixa;negative;0.9356432557106018
e4c92bd90610ad131d4831dc0e49b9ce;dificuldade P acessar meus interesses;3;2026-03-22 12:47:16;5.23.1;Caixa;negative;0.7412601113319397
b76fbfd8ba015f11aaef8c45f17f9568;pesma tô tentado entra perde foto e nada abli camara;1;2026-03-22 12:37:49;5.23.1;Caixa;negative;0.6482033729553223
a9767173f689f24ffcc8c95bd9d8b716;Aplicativo péssimo, não consigo fazer nada, essa nova versão só funciona a tela inicial, agora nem dá pra ver o saldo. Diz saldo indisponível. Se tento atualizar cadastro ou ver extrato, fica recarregando e retorna no início. Não tem funcionalidade nas outras abas.;1;2026-03-22 12:18:22;5.23.1;Caixa;negative;0.9317179322242736
c8725f120105b6f19c261fb78de3d845;Ainda estou para conhecer um aplicativo pior do que o da caixa econômica. É raro das vezes que funciona normal.;1;2026-03-22 11:07:55;5.23.1;Caixa;negative;0.8607030510902405
f3ad0947f91a834105b8e2e1b315711a;está aparecendo um erro no modo segurança e não consigo baixar.;1;2026-03-22 11:04:50;5.23.1;Caixa;negative;0.8339000344276428
8d34cd6017841f9dc1f4870b9cb32218;Bugado, toda vez que muita gente loga fala que o celular não atende a segurança necessária , simplesmente nunca mais entrou , sendo que entrava normalmente, meu celular não tem nada de apk fora da Playstore, arrumem por favor;3;2026-03-22 10:58:58;5.23.1;Caixa;negative;0.8916755318641663
5926f05f57dda7126201b523d3a25b60;Horrivel. Não se consegue cadastrar, fala que o dispositivo é inseguro. Fica pedindo para se dirigir à agência. Se fosse para se dirigir à agência, por que instalar o aplicativo? Hipocrisia instalar aplicativo e ter que resolver o problema na agência. Caixa está parada no tempo, por isso estão dando tantos golpes em benefícios.;1;2026-03-22 10:49:15;5.23.1;Caixa;negative;0.9509713649749756
4c2ea8b18ffa96ad849d631140d1b218;simplesmente não consigo criar minha conta, pois o app não carrega e da erro a todo momento, por favor arrumem isso.;1;2026-03-22 09:37:44;5.23.1;Caixa;negative;0.8835853934288025
0ee0b095a9d668a0cff78c9feebfde49;muito ruim trava não finaliza o serviço o app fica carregando carregando e não vai;1;2026-03-22 08:52:48;;Caixa;negative;0.8910039663314819
