reviewId;content;score;date;version;app_name
f1ef05a8935e378388f91e7dfe2e0829;Ruim não quer abrir no aplicativo.;4;2026-04-04 20:24:39;5.23.1;Caixa
4ca2cb9f1ecf758da6ad406853aa38c7;pessimo;1;2026-04-04 20:20:59;5.23.1;Caixa
6ff5d8a7db57393e255a0925f7097d99;Na área de investimentos você não tem uma visão clara dos rendimentos por período. É importante você selecionar um período e saber o rendimento exato. Nem mesmo o fechamento mensal no caso dos Fundos de Investimento e Previdência Privada. Isso precisa melhorar urgente!!!!;2;2026-04-04 20:19:15;5.23.1;Caixa
33927cd3a9a4e3a021e09b0175ceb564;ótimo;5;2026-04-04 20:18:53;5.23.1;Caixa
a3e0f9bc8067cdbe066024fa8959a0ec;Aplicativo prático e fácil de usar.;5;2026-04-04 20:08:21;5.23.1;Caixa
d483ced9ecb1c485b7f1ef40fe8fafc5;pior aplicativo de banco que eu ja usei , bloqueio por qualquer coisa , acho q e ate de propósito, sempre fica pedindo para ir ate uma agência desbloquear , agente coloca a senha e msm a senha estando correta mostra q nao deu certo e pede para cadastra denovo , nao recomendo a ninguém esse banco;1;2026-04-04 20:06:31;5.23.1;Caixa
7b493c0ee3956edbdc55bfd5d6ab7113;última atualização ficou horrível de ver o extrato certinho, deveria deixar como era antigo;1;2026-04-04 20:06:31;5.23.1;Caixa
3bffbf90ce176cb42c76a785e8feba75;não consigo acessar aplicativo;1;2026-04-04 20:02:38;5.23.1;Caixa
82aa9253d3a25ba0d41de635bc149304;legal;5;2026-04-04 19:44:03;5.23.1;Caixa
74666639a7d4379d218c7b1e72957569;péssimo;1;2026-04-04 19:43:09;5.23.1;Caixa
a72021c834995266a4bba7da805969e5;ótimo tudo funciona perfeitamente correto sem falha alguma;5;2026-04-04 19:39:43;N/A;Caixa
5425c18970b003d24a036624ee39f855;eu quero um cartão de crédito pra mim;5;2026-04-04 19:39:28;N/A;Caixa
94c4d2226c66b5ad9c3b7d09f4fd3186;é uma palhaçada em plena era da tecnologia, um banco pedir para ir no caixa eletrônico para habilitar um dispositivo, fora as outras coisas que esse banco defeca na cara do cidadão e ninguém fala nada;2;2026-04-04 19:37:38;5.23.1;Caixa
294cff64248af11694b0a00570a8196a;O aplicativo quando dá erro, você têm que ir na caixa, mesmo com senha e tudo mais, e um lixo!;1;2026-04-04 19:26:52;5.23.1;Caixa
cef5ec3c390aabd789489f40574aaa27;Estou amando!!!;4;2026-04-04 19:26:45;5.23.1;Caixa
e813c7e8eb731f6d657656ab378ba136;muito bom;5;2026-04-04 19:15:29;5.23.1;Caixa
26c1a9990017f1cbaa098d67afc35a33;muito lento;3;2026-04-04 18:54:39;5.23.1;Caixa
6180823f99e512296c3e15f5a5ea320b;sensacional;5;2026-04-04 18:52:04;5.23.1;Caixa
af944d36040da1938a02dd83acc3f13d;caixa sendo a caixa cada vez pior as atualizações deles pq ou eles acha O que todos os brasileiros tem condições de toda hora que atualizar o App agente tem disponibilidade para ir até a caixa para poder libera a biometria facial para caixa perdendo como sempre pro outros Banco vai a onde brasil;1;2026-04-04 18:45:47;5.23.2;Caixa
6224b1a7cd5d4266a5207e458f772bd8;não consigo mais acessar o app! e pra piorar, n consigo cadastrar um novo usuário TB. parabéns aos envolvidos;1;2026-04-04 18:22:06;5.22.0;Caixa
607396b0a10d2e4ff972f3baa409a1cd;Façam a Era Resoluta e o Terceiro Testamento com o Conselho do Olimpo.;5;2026-04-04 18:11:01;5.23.1;Caixa
a9ddd6cb15ee9df67de91eac4863b57e;Na hora que mais preciso, me deixa na mão.;1;2026-04-04 18:10:54;5.23.1;Caixa
94a0e8507c89a171169f9071bcd48ddd;muito satisfeita;5;2026-04-04 17:54:28;5.23.1;Caixa
2385907f888c986cf9374c5574d7f67b;Pedindo senha e TRAVANDO, mesmo com acesso DIGITAL....;2;2026-04-04 17:45:50;5.23.1;Caixa
7c755306c843d6b7bcdafe48990855fb;Manoel Messas De Oliveira Araújo;5;2026-04-04 17:36:08;N/A;Caixa
456cd8be21124954731438b3a2ba81a1;tá ruim;1;2026-04-04 17:25:47;5.23.1;Caixa
f5cffc5acfe9ed801b92bca9cfba0897;não se consegue fazer cadastro de forma alguma;1;2026-04-04 16:52:10;5.23.1;Caixa
f63fbfd0bea337b8da1a76c62a3c273d;Está indo bem;5;2026-04-04 16:35:55;5.23.1;Caixa
a8307fd5d9bc8a3002413425a2ce2087;Achei que era débito automático. Só agora percebi que não havia pago.;3;2026-04-04 16:35:22;5.23.1;Caixa
bde795c8a57140c233142616dd1b200d;muito bom e fácil de mexer;5;2026-04-04 16:07:23;5.23.1;Caixa
5d82ba4c7172c884581b776a3870d920;ótima;5;2026-04-04 16:07:23;5.23.1;Caixa
bc4a637095e5d525fd34914a84118e77;adoro a caixa, pra mim e o melhor 😁;5;2026-04-04 16:03:29;5.23.1;Caixa
918ab2460ec2cb2fa7dc977d780b032b;nem reconhecimento facial consigo fazer nesse lixo;1;2026-04-04 15:57:50;5.23.1;Caixa
c5b3cc68207e7dc29fdf02afbf26f988;não consigo abrir aplicativo dá caixa econômica conta poupança tá pedindo pra fazer novo cadastro;3;2026-04-04 15:49:19;4.6.1;Caixa
8c9903d93dece381de53b1c56dd176c0;, Que Deus;5;2026-04-04 15:46:18;5.23.1;Caixa
b86bea8e42408aba2c2e64d5a4ae8c14;trava muito;4;2026-04-04 15:38:24;5.23.1;Caixa
b86a88be58d31c91f6e9d4c1141d5e1e;DEPOIS DE UM TEMPO DESINSTALADO,AO INSTALAR NOVAMENTE FICOU ÓTIMO, AGORA APRESENTOU OS MESMOS PROBLEMA, NÃO ME DEIXANDO TER ACESSO,MESMO COM OS DADOS CORRETÍSSIMO! sempre a mesma resposta, não entenderam que esse aplicativo fica inacessível,mesmo com os dados corretos,terei que sempre criar outro usuário sempre que precisar do aplicativo .OU TEM ALGUÉM ME IMPEDINDO;1;2026-04-04 15:30:27;5.23.1;Caixa
8973ad39028ea7816adf6da2ec628788;muitos erros ao tentar entrar no app;1;2026-04-04 15:18:57;5.23.1;Caixa
39d4005e4bac64a0ead165ba59ec4a25;estou satisfeito;5;2026-04-04 15:12:09;5.23.1;Caixa
d74aadf8acec5b525179504f9ae73353;A Caixa é um excelente Banco;5;2026-04-04 15:09:28;5.23.1;Caixa
193e9f04aa7a689a867f050a6966fc00;Vejo os resultados favorável e importante para o titular.;4;2026-04-04 15:05:45;5.23.2;Caixa
56ab84f7c7d9ce24099af2d3d959ac29;melhor cartão;5;2026-04-04 14:55:11;5.23.1;Caixa
9e82df481c53ed91f93d53b40c9b1315;Horrível ter que mudar usuário do nada.;1;2026-04-04 14:49:30;N/A;Caixa
69e1d6e8519d7368c542cd3047eb6dfb;ótimo 👍;4;2026-04-04 14:49:07;5.23.1;Caixa
8cb6b9aa01685af96fc656923db7733d;mais ou menos;5;2026-04-04 14:44:26;5.23.1;Caixa
8699918baf9d5492e41b81e77ca7eb07;ótimo;5;2026-04-04 14:14:42;5.23.1;Caixa
c31cf7bff9ca1e2b5e896fdbafcf2762;Disseram que menores de 18 anos não podem ter conta, fiz tudo certinho e mandei a solicitação para meu responsável, porém continuou dizendo a mesma coisa. Qual o sentido disso? Mandar o menor de idade pedir solicitação para os pais e depois não aceitarem a solicitação.;1;2026-04-04 14:09:03;N/A;Caixa
4a58cfa60faecbe659c6f0285c0e527a;horrível, não consigo ver o meu extrato!?🤷;3;2026-04-04 14:04:29;5.23.1;Caixa
e64111676459dc3a323968c457119520;Tenho um aplicativo que não tá funcionando. já entrei em contato com o suporte , e nada resolve. Vou fechar a conta.;1;2026-04-04 14:02:42;5.23.1;Caixa
654eafab6ea7fd57ceba953fc30fecca;aplicativo bem interativo;4;2026-04-04 13:50:31;5.23.1;Caixa
ecc50739c1e7df2bf5712d9140706aa7;Tudo ótimo !;5;2026-04-04 13:43:03;5.23.1;Caixa
cee41108359854c7fc2916148e440500;ótimo patrão de atendimento;5;2026-04-04 13:35:30;5.22.1;Caixa
1ad848c1b93e16db96faaee29986c47f;Esse aplicativo não está funcionando. Já desinstalei várias vezes e instalei novamente. Já instalei em outro celular e nada. Complicado.;1;2026-04-04 13:32:04;5.19.0;Caixa
35f2ca79331e491cc14f94f157ffcd41;excelente;5;2026-04-04 13:30:03;5.23.1;Caixa
e59db6a6fdcee7c325e03a68807d3761;não estou conseguindo abrir o app;1;2026-04-04 13:29:36;5.23.1;Caixa
266439e46efcc6ebb498e475de043d86;otimo;5;2026-04-04 13:20:08;5.23.1;Caixa
8b6a991e6192216023ed467bb5e49ade;A dois dias o aplicativo está simplesmente fora do ar, agora como os clientes realizam pagamento e conferência da conta se simplesmente não entra isso em pleno feriado;2;2026-04-04 13:17:33;5.23.1;Caixa
f4d2ba3e78c4961bce252cabc4aaf4b3;lixo de aplicativo;1;2026-04-04 13:13:03;4.6.1;Caixa
e4e4acba9aa768d2ea153b9830f57da9;Muito fácil e prático. Facilita muito o dia a dia da gente.;5;2026-04-04 13:09:53;5.23.1;Caixa
e9eebc6332680994c9132ad52f76a93a;se pode-se dar 0 estrela seria 0 aplicativo vive com problemas , não e possível entrar com biometria , coloca a senha , algo não saiu como esperado , cadastre um novo usuário todo mês 1 novo usuário, sem falar que ja pedi o cartao 3 vezes simplesmente somem com meu cartão e nunca entregaram a 1 ano com o mesmo problema .... péssimo precário , pior banco;1;2026-04-04 12:57:09;5.23.1;Caixa
d6b9500884a2fb654f05bd04602cf0a2;instável, mal otimizado, inconsistente, ineficiente, frustrante, confuso, poluído, pouco intuitivo, lento, travado, bugado, falho, problemático, desorganizado, mal estruturado, mal acabado, limitado, engessado, ultrapassado, decepcionante, irritante, cansativo, pouco confiável, precário, deficiente, sofrível, abaixo do esperado.;1;2026-04-04 12:35:46;5.23.1;Caixa
e6ae35c92b5feb9dc034d6db5a91f535;boa até o momento;5;2026-04-04 12:28:43;5.23.1;Caixa
e7598d9b11983c096e7d54b28c65e8d5;dificuldade de efetuar pix;2;2026-04-04 12:21:21;5.23.1;Caixa
2959e4e5198d91ec2bd4a9c0b524d39d;ótimo;5;2026-04-04 12:20:12;N/A;Caixa
ed4352dc736a4de9d19efceaa4553b44;não estou conseguindo acessar minha conta no aplicativo e não consigo acessar a conta pelo celular;1;2026-04-04 12:05:21;5.23.1;Caixa
88b00bc0baa19a1f31a12a2a2fbef0cd;me atende o nessesario no que preciso;4;2026-04-04 12:01:48;N/A;Caixa
edf4db58cd2316b381defe8d99e7a0ac;difícil manuseio do aplicativo;1;2026-04-04 11:54:37;5.23.1;Caixa
42cc20f7d5c4f866e2d69f72361ad116;seria ótimo se o aplicativo desce a chance de desbloquear senha de transação sem ter a necessidade de ir a uma agência caixa pq facilitaria muito o uso do aplicativo .;3;2026-04-04 11:45:36;5.23.1;Caixa
5c1843e04e6b0272af24f677a2e9a807;Elaine Nascimento da Silva;5;2026-04-04 11:34:20;5.23.1;Caixa
40ccbba9005dcdfc3a740f74e2234ff3;O app funciona ok, mas tudo que é desse banco fica estragado!;1;2026-04-04 11:30:00;N/A;Caixa
ca78e002b80d6a17f9ef6a14fa8ba07b;esselenti;5;2026-04-04 11:24:42;5.23.1;Caixa
c7a848dbf925aa6c37945a68b92d2d1c;App funciona perfeitamente bem sempre atendeu minhas necessidades;5;2026-04-04 11:19:33;5.23.2;Caixa
97474a2e4bc8071a5d586402a09f84bb;ótimo;5;2026-04-04 11:19:26;5.23.1;Caixa
4e6fe68f90996b3f3cb56ef45071ec1c;PIOR BANCO DO BRASIL;1;2026-04-04 10:59:40;5.23.1;Caixa
351da91ac5006696018534a09ea30cd3;excelente. rápido e prático.;5;2026-04-04 10:56:21;5.23.1;Caixa
8939c8bab9b03200c1d89c7d55acd560;GRATIFICANTE;5;2026-04-04 10:49:55;N/A;Caixa
6e9934bfc78e5b13a0dd4ae82b6e302b;carpinteiro;2;2026-04-04 10:18:42;5.22.0;Caixa
9ee5ba4cb3031c631c6a0fbda450523c;muito complicado. nada simples. poderia ser mais comum e facilitado.;1;2026-04-04 10:15:58;5.23.1;Caixa
cd2361fff02982dcab78386aa4a0c371;Como pode, na era da tecnologia, um aplicativo ser tão ruim? Vc vai pro internet banking é a mesma coisa. Trabalhador não tem tempo de ir em banco pra qualquer coisinha que deveria ser resolvido no app. Atualize, desinstale, instale de novo- não vai resolver nada! Está com problema de novo, não consigo mais acesso nem com senha nem com digital. Quando a fatura não for paga, por culpa de vcs, como vamos resolver?;1;2026-04-04 10:00:19;N/A;Caixa
1c0caf1687596a24f9e1d0eede2636af;não estou conseguindo nem abrir o app no meu celular tá ruim de mais poderia melhorar mais em questão disso né pq na hora que mas precisa ele não ajuda;1;2026-04-04 09:58:13;5.23.1;Caixa
b379c32ac46ce139787e5ec7d226bf10;É um banco ,de bastante facilidade, produtivo e de alto confiança,;5;2026-04-04 09:57:25;5.22.0;Caixa
591f043fe8521a5fe8bde37a1a780b6d;ótima atendimento conta poupança;5;2026-04-04 09:55:13;N/A;Caixa
93cc03749bff9bfc1d1114f4701a549a;Mesmo sem estar com o aplicativo aberto, informa que não pode acessar!;1;2026-04-04 09:53:30;5.17.1;Caixa
c74622d64e3fa8351956ddc9b4f75819;muito eficiente bom demais;5;2026-04-04 09:42:29;5.23.1;Caixa
07211cd173cc5bc9be67b5b526fa1e2b;muito bom 👍🏿;5;2026-04-04 09:36:28;5.23.1;Caixa
d0d54e1dfcdf3d055d2557b810200000;interativo;5;2026-04-04 09:35:38;N/A;Caixa
4867a8ec39f0845d53d9521d78dbee01;"O pior app de banco que existe! todas as vezes que preciso entrar preciso fazer um novo cadastro, o pior é que somos ""obrigados"" a ter vínculo nessa instituição😤";1;2026-04-04 09:35:00;5.23.1;Caixa
cece4632a00ecae7cbd81758f773d6fb;beneficio;5;2026-04-04 09:33:45;N/A;Caixa
02998d94f73a202472c6cb08934a61e2;"Esse aplicativo da caixa é muito ruim. Vive ""bugado"". Fui utilizar para fazer pagamentos, pix etc, me pediu pra refazer o perfil e senha. Após, tive que ir no cx eletrônico. Até aí tudo bem, segurança. Mas Após realizar tudo isso, funcionou por uns dias e agora de novo tá ""bugado"". Não consigo entrar e nem fazer nada. Trava após fazer login com a digital e manda refazer novamente perfil.";1;2026-04-04 09:08:12;5.23.1;Caixa
0a25bd7eaac5c8c90acb79b8e67c692d;gratificante continuar como cliente, é cinco 🌟 com certeza;5;2026-04-04 09:04:13;5.23.2;Caixa
df1496083ea1f5a6d76a94e8eedfb3f3;04/4/26 É muito instável além de dar muitas falhas a todo momento perde o leitor de biometria tem q reprogramar tudo de novo q também funciona precariamente,enviam um código de verificação enorme para Whatsapp q não da para colar nem da tempo para copiar E colocar no apps p/ desbloquear,isso acontece quando vou querer saber o saldo e agora não consigo acessar nada ! anos q É assim,a um tempo atrás estava funcionando corretamente e bloqueiou por não estar atualizando, após atualizar 👎Nota.0‼️;1;2026-04-04 09:04:09;5.23.1;Caixa
03abcb1c638e64a46adb5fe0587a760c;É uma vergonha e um descaso total com os clientes, desde o dia 1° sem conseguir acessar o aplicativo. Dá erro de login com a biometria e senha, pedindo criar um novo usuário. Preciso usar pix e não consigo! Enquanto isso tô com 2 dias de atraso em 3 contas porque um banco como a CEF não tem uma equipe qualificada o bastante pra resolver esses problemas e bugs técnicos, que sempre comprometem o sistema. Espero uma compensação pelas multas que estão sendo geradas por erro de VOCÊS!;1;2026-04-04 09:02:45;5.23.1;Caixa
70a43e15ea1810470816521334a777e1;Muito boa;5;2026-04-04 08:43:28;5.23.1;Caixa
5120c23d66feceaa6ce89cdd205595ed;é fácil e rápido muito bom, trabalhar com a caixa;5;2026-04-04 08:28:04;5.23.1;Caixa
9c180450eaa01707fcca97282bdca6ee;App ja esta uns 4 dias sem funcionar até agora não houve atualização nada, parecem que sempre fazem para complicar os clientes, quando se precisa transferir dinheiro eles nao funcionam e qualquer problema mandam resolver numa agência o que gera muito transtorno e muita fila...;1;2026-04-04 08:24:50;5.23.1;Caixa
594212d8b8612aea4bd446c83288f1a2;Foi muito rápido o meu acesso. Obrigada;4;2026-04-04 08:19:02;5.23.1;Caixa
7c62d3544a245384968b647bd88f97cd;a caixa é ótima;5;2026-04-04 08:17:06;5.23.1;Caixa
d497f50bb6a16a37e7f6d43271639884;travando o acesso por biometria 48 HS sem acesso;1;2026-04-04 08:12:55;5.23.1;Caixa
8386512324383b9d2e279095d952d277;o melhor, super recomendo.;5;2026-04-04 07:49:54;5.23.1;Caixa
0bb6d07f5d6a638a9c975e194154b6fe;rápido e de fácil manejo;5;2026-04-04 07:49:20;5.23.1;Caixa
e8f449375fd53bc2a08cbde5b353ac8d;A Caixa Econômica para mim é uma opção valiosa;5;2026-04-04 07:25:54;5.23.1;Caixa
91ed23584d110b367fa255a1b118732c;muito obrigado pela atenção;5;2026-04-04 07:25:26;5.23.1;Caixa
e96e0dee4f4b543fbc8b0fba6c80dd9f;perfect;5;2026-04-04 07:19:49;5.10.3;Caixa
634555034b4263efb62df89462fc6cf8;ótimo;5;2026-04-04 07:07:04;N/A;Caixa
b874712df6c4072446a70cc773062800;Segurança. Atualizei meus dados de telefone no app há anos, mas descobri que os atendentes de chat mantem os numeros antigos e usam esses numeros para enviar Sms. Estranho que compras vem pro meu numero atual. Parece que não há comunicação entre bases de dados. O app está com dados corretos e funciona bem. Somente o pessoal de cartões estão desatualizados.;1;2026-04-04 06:43:05;5.23.1;Caixa
e0f2f66f465e17616de6f5172438b271;ótima;5;2026-04-04 06:32:05;5.23.1;Caixa
828246291a598909a81a10a492f6383b;Bom 👍;5;2026-04-04 04:55:50;5.23.1;Caixa
c1dddf714f1b9f72671c5a155e4cf294;excelente;5;2026-04-04 04:55:30;5.23.1;Caixa
e8979a43556dedcee8e74817bda234c0;otimo;5;2026-04-04 04:52:50;5.23.1;Caixa
e979914055229622a3b61195bab1f1b7;banco nunca soluciona meu problema, sempre o solicitado está indisponível no momento.;1;2026-04-04 04:07:00;5.23.1;Caixa
8c51814cacfc5bcd106abd76f655f6ce;É bom, porem pode melhorar. Deveria ter mais opções de investimentos como: tesouro direto, cdb, lci, lca, etc e o cliente ter a possibilidade de pessoalmente através do seu aplicativo caixa, poder resgatar seus investimentos inclusive a previdência privada.;4;2026-04-04 02:45:59;5.23.1;Caixa
d3ff599cbdc574f14f2506c79d878946;Desde o dia 01/04/2026 não consigo logar na minha conta, por falha no app. estou com meu salário preso e contas vencendo;2;2026-04-04 01:48:10;5.23.1;Caixa
69a9b76c2c9b619e8df91300d3bcd864;A Caixa é um banco confiável;5;2026-04-04 01:34:51;5.23.1;Caixa
f09d0e1e9c3ef9022161495478e3f032;ótimo;5;2026-04-04 01:16:42;5.23.1;Caixa
dff1f1739e72c5cde9e14800ce3da050;nota Dez muinto bom mesmo parabéns pra quem criou esse aplicativo consegui colocar agora sou feliz;5;2026-04-04 01:11:44;5.23.1;Caixa
a199c8101ac131696f8b2d0fea54b460;lenta;4;2026-04-04 00:17:41;N/A;Caixa
1ba065a2dbe4174fe06bad652bc58485;desgraça de aplicativo não pega já tem 3 dias bando de desgraça;1;2026-04-04 00:05:28;N/A;Caixa
6626729315f9c76488c2115479f80bb0;o app é muito bom o melhor banco..;5;2026-04-04 00:04:47;5.23.2;Caixa
22025c1597b9e4ada7b9f569f2abb6aa;estou sem Internet Banks desde 31/03, reconhecimento facial não funciona, agora é excesso de tentativas bloqueado. Não consegui liberar nem na agência nem no terminal. tô as cegas;5;2026-04-03 23:43:36;5.23.1;Caixa
5df6fa2970450867d6d62c28aae2e669;ótimo;5;2026-04-03 23:22:09;5.23.1;Caixa
e09c217dfa5e11ae7821589f66ed7c3f;quero fazer Pix e receber;5;2026-04-03 23:10:03;5.23.1;Caixa
d346c804cbf593c42a360bb4a9f30971;muito boa;5;2026-04-03 22:57:46;5.23.1;Caixa
5f0bfbb5efcec79d043725966192ef97;Bom 👍;5;2026-04-03 22:42:03;5.23.1;Caixa
528f8578b609acb395acf97cc6c9b607;Tive que fazer a atualização, (obrigatório), cadastrar novo usuário, (obrigatório), vocês enviam código para whatsapp, e o espaço para colar o código não permite digitar o código recebido. Meu celular de app bancário, não tem whatsapp, tem exclusivamente app bancário. Já enviei email para o suporte, aguardando resposta. versão 5.2.3.1 P, atualizei, hoje.;1;2026-04-03 22:02:05;5.23.1;Caixa
f22ad46471666d1a5f6c91c239195021;ótimo;5;2026-04-03 21:41:48;5.23.2;Caixa
5bb79bb021efb6a581a0bac94ee52a85;péssima recepção como banco;1;2026-04-03 21:40:49;5.23.1;Caixa
cf1563de0cae0b4f72ea234077995bcc;ótimo;5;2026-04-03 21:40:28;5.23.1;Caixa
9cf1dc4321baf64b9d4ae8f9a331a2ac;eu mostro meu rosto e ela ainda não abre;1;2026-04-03 21:39:44;5.23.1;Caixa
aa1a4980599cb43b087b8b092bab1a87;Se poder, fujam da caixa. Ja perdi o numero de veces que tive que repetir o cadastro ,perde biometria, esquece usuario o senha. Ja levo 7 anos... so aguardo terminar de pagar o empréstimo para fugir. Atendimento antiusuario. Tenho Itaú e santander e sao mil vezes melhor. App feito para ingles ver. Nem cadastrar debito automático do cartão deles consigo. Pésimo. Hoje preciso do app e não consigo usar. Deixa vc no pior momento. Ja falei fujam.;1;2026-04-03 21:31:17;5.23.1;Caixa
e2fb65b72e328d238f7242a8653eebf3;muito boa;5;2026-04-03 21:17:16;5.23.1;Caixa
554141040a1c02f0e46f84a50d64d1ca;simples e prático;5;2026-04-03 21:17:05;5.23.1;Caixa
e4324ac7dd3c6283491b27467ffac93c;aplicativo não sincroniza com WhatsApp mesmo com Internet estável. E não consigo usar a biometria pois está dando erro. Já atualizei mas ainda dá problema.;1;2026-04-03 21:13:57;N/A;Caixa
bf096749a96dbf85a7418b61661f1fe6;muito bom;5;2026-04-03 21:13:35;5.23.2;Caixa
04dc05a6be821584ec5922a33c46088b;Horrível! Bugado o tempo inteiro!;1;2026-04-03 21:09:29;N/A;Caixa
f77a5ad829c6897eaf9f793e600bfbb9;péssimo, vive dando pane. o app parou de identificar minha digital e pediu senha todas as vezes que digitava a senha retornava a mensagem (ocorreu algo estranho) após algumas vezes bloqueou minha senha. o app pede para eu cadastrar nova conta mas não manda código via watts app, assim estou impedido de usar a internet banking e o app da caixa.;1;2026-04-03 21:04:04;5.23.1;Caixa
cf9df7d8f57bfcacca394c48c16bf2d9;hoje apresentou problemas! De novo ! ele dizer verificação da impressão digital não está disponível!;1;2026-04-03 20:58:33;5.23.1;Caixa
23075037a8953ea8ebb147021390d3a7;"Gostaria que fosse mais fácil conferir os resultados da Mega-Sena no aplicativo, poderiam estar de uma cor antes de entrar para conferir e depois ficarem como ""lidos""";5;2026-04-03 20:52:55;5.23.1;Caixa
f5ab4ef03e707b0fd49b61401774d89a;ddleina dias 1513Thais;5;2026-04-03 20:28:37;5.23.1;Caixa
1d142ae28249d4ed648a4915bda639f8;aplicativo fácil;5;2026-04-03 20:13:10;5.23.1;Caixa
f3a15d56e34584a101604d8ed32c6079;não consigo acessar porque aparece o código 6906;1;2026-04-03 20:09:51;5.23.1;Caixa
206b3d372bc846bf0c9c60e41970c809;App buga muito, não reconhece senha biométrica, não aceita senha cadastrada , tive que ir no banco atualizar para poder acessar.;2;2026-04-03 20:07:07;5.23.1;Caixa
cdcf8f5f168f7ece3421dfedb79d55ee;ótima excelente.;5;2026-04-03 19:53:24;5.23.1;Caixa
4dfb27b12cab770c466d012a6efe92d3;otimo;5;2026-04-03 19:50:06;5.23.1;Caixa
69df61ec4e0dadd6a9d2244466367383;Ótimo, prático e simples para usar é um super aplicativo;5;2026-04-03 19:47:41;5.23.1;Caixa
4cac19bd2d29364651df6d4f93599d4e;muito bom 👍;5;2026-04-03 19:47:27;5.23.1;Caixa
cc71cc38824fbe40a532cdeb8aaae1cc;gostei muito ser cliente da caixa federal;5;2026-04-03 19:38:20;5.23.1;Caixa
49480a6c8763d8320beaabc4997ff5b7;ótimo 😊😀😊😀😊😀😀;5;2026-04-03 19:34:59;5.23.1;Caixa
04a15f3835db8d0c349220960b92b0c9;Ótimo;5;2026-04-03 19:31:55;5.23.1;Caixa
e2d5c4168126204759fd74d1025f5839;tá travando;4;2026-04-03 19:21:18;N/A;Caixa
c0d5be8d0762924c3d694f2acd679367;ta difícil fazia um bom tempo que meu aplicativo não bloqueava começou tudo d novo e pra achar a senha é uma briga não consigo☺️..;3;2026-04-03 19:17:27;5.23.1;Caixa
81d466e66460c675a5a4e4de2ce85f54;É sempre uma luta para conseguir entrar no aplicativo;1;2026-04-03 19:07:58;N/A;Caixa
f3d5804c6f511cef5866146c67dafa71;Eu nunca usei o cartão pra compra então eu não sei o limite dele tem como eu saber;5;2026-04-03 19:07:21;5.23.1;Caixa
6aa34ebb4d089f5205003fe168f9c72f;muito bom;5;2026-04-03 18:59:57;5.23.1;Caixa
c85dc225c3e6c4dbeafdc90053de31a2;É muito bom o aplicativo, a gente resolve muitos problemas financeiros.;5;2026-04-03 18:57:35;5.23.1;Caixa
ee12ff3c5c9cb959662ec6d165f34cbd;Ótimo;5;2026-04-03 18:45:45;5.23.1;Caixa
397d80bbf5ad946331da5f549ab4ac09;ótimo;5;2026-04-03 18:26:03;5.23.1;Caixa
06e58463373c8511bd0b54fc1fd499d9;bom 👍;5;2026-04-03 18:18:38;5.23.1;Caixa
5b07629e575c07dbb27872f6912d1e37;muito legal e muita sabedoria nota dez;5;2026-04-03 18:14:38;5.23.1;Caixa
28cc104f4d5258caebdf6d5e6f281fe0;ñ consigo entrar no meu aplicativo des de quando meu cll foi roubado agora q tenho outro meu usuário ta dando bloqueado;1;2026-04-03 18:08:19;5.23.1;Caixa
9b265f731c09839bd2b508b325699348;Eita gente fdp que não vale o sal que come é essa gente mamadora de dinheiro público concursado. sou cliente da caixa a uns 12 anos, meu salário toda vida movimentado na caixa, até me ofereceram cartão de crédito a uns 10 anos atrás. Resolvi pedir 1 cartão agora, depois de fazer todo o processo, nenhuma informação é dada, se vc vai receber o cartão ou não, se foi aprovado ou não, se tem que ir numa agência pessoalmente, se quiser fazer todo o processo novamente o app aceita. Alguém n trabalha;1;2026-04-03 18:05:29;5.23.1;Caixa
9278346d3c1bfc02db38feecaee7fd24;excelente atendimento;5;2026-04-03 18:01:36;5.23.1;Caixa
e57852b4e6399e61ffcfb323a84956bb;app com erro de modo desenvolvedor sendo que nem ativado o modo está. não consigo entrar na minha conta;1;2026-04-03 17:55:04;5.19.0;Caixa
39e353900d5b3bb88b7135c0d0753b1b;muito ótimo;5;2026-04-03 17:46:29;5.23.1;Caixa
0a9836e9c2e5f7736101ba2bc835c05a;Operacionalidade sofrível devido o número excessivo de ícones/links para concluir qualquer operação.;1;2026-04-03 17:42:29;5.23.1;Caixa
0bc7fd88f701ce440e067a0358388ad9;falha muito.;3;2026-04-03 17:40:09;5.23.1;Caixa
b228f011a5c8e19453856d4376f129e9;pagar limite liberado na hora muito bom;3;2026-04-03 17:32:01;5.23.1;Caixa
05ba6a96dbddfeae8d193892eb8c364f;Ótimo app;5;2026-04-03 17:20:37;N/A;Caixa
3fde92db31770aff668d82377e4c3e85;UMA BOSTAAAAA;1;2026-04-03 17:14:55;5.23.1;Caixa
ba92b8da9351c3330218b66c3b8d7208;meu preferido;5;2026-04-03 17:12:47;5.19.0;Caixa
2408db717ed26166a6d11e5a7c5f2f8c;otima;5;2026-04-03 17:07:04;5.23.1;Caixa
8cfaa64308373f8e41840d37e0eb40c7;RUIM DEMAIS DREXXXX MOEDA ÚNICA TIRAR PRIVIDADE E LIBERDADE TED MELHOR SEMPRE DOQUE PIXXX OU DREXXXX MOEDA ÚNICA EU NÃO ⛔ QUERO DREXXXX MOEDA ÚNICA COMUNISTA NÃO ⛔⛔⛔⛔ QUERO COMPARTILHAR MEUS DADOS PESSOAL COM OUTROS BANCOS NÃO CONCORDO COM ISSO ISSO TIRAR PRIVACIDADE DO USUÁRIO DREXXXX MOEDA ÚNICA SISTEMA DA NOVA ORDEM MUNDIAL CONTROLE DE TODOS NÓS MOEDA DINHEIRO DIGITAL MOEDA GPS TIRA PRIVACIDADE 🔏 DADOS BANCÁRIOS USUÁRIO BRASILEIRO;1;2026-04-03 17:00:48;5.23.1;Caixa
80b485540d1336711db8b12709029540;gostei muito do aplicativo da Caixa;5;2026-04-03 16:58:58;5.23.1;Caixa
403486552396507c6081018158a16251;a minha experiência sobre oa caixa e que tudo é mas seguro;5;2026-04-03 16:57:18;5.23.1;Caixa
e563dd1020c8648316a92f7c0204bddb;muito bom;5;2026-04-03 16:56:21;5.23.1;Caixa
5dbae5746d9379aba2f2e53ee5c4b78b;quero meu cartao;4;2026-04-03 16:52:55;5.23.1;Caixa
200ab3515d23fdd9a21406256564be50;ótimo app;5;2026-04-03 16:46:13;5.23.1;Caixa
a4221d94f4fa1a40f6e275659709e6fa;muito rápido;5;2026-04-03 16:46:12;5.23.1;Caixa
34c63a6cb69cd29f74a51504483015eb;o AP até e bom mas tô tentando gerar cartão virtual só dá erro;1;2026-04-03 16:46:07;5.23.1;Caixa
6a07b8a3c6f1444578ed7d23aa397888;a caixa é muito boa;5;2026-04-03 16:41:08;5.23.1;Caixa
11199ec29b462b49e424842a92ad35b3;ótimo trabalho, e atendimento ótimo, obrigado.;5;2026-04-03 16:33:38;5.23.1;Caixa
a9ab02e69199a3f181a49035cd989a1c;OK muito obrigado;3;2026-04-03 16:33:06;N/A;Caixa
616cac7b91ac4d900ccc760aa76659b4;otima;5;2026-04-03 16:29:24;5.23.1;Caixa
d9726014ca0508b2bec93e26e1519f2f;muito boa grande utilidade para aqueles que ultilisa;5;2026-04-03 16:14:51;5.23.1;Caixa
e8a53c8a7ec8f89f9ea69796307f55a7;ótimo;5;2026-04-03 16:13:40;5.23.1;Caixa
b7a2b7568b3a0bbe80691f6739a57715;tudo excelente;5;2026-04-03 16:02:37;5.23.1;Caixa
dda59f760bc7e634aecee527c695ad2d;Eu acho ótimo o atendimento presencial;5;2026-04-03 15:25:45;5.23.1;Caixa
4ebdbcbae04517a0d97a6ded20e64765;muito dificil de acesso;5;2026-04-03 15:17:47;5.23.1;Caixa
082ca0aed2566179c981c785e0973495;eu quero mudar o meu email no app FGTS eu esqueci a senha do app FGTS;5;2026-04-03 15:15:12;5.23.1;Caixa
a94e95252c0ba595273e5b127ea46e8e;melhor banco que ha;5;2026-04-03 15:05:13;5.23.1;Caixa
d3c68c8b0d70ba1c0ce9241a7a8dffd2;não estou conseguindo ter acesso a minha conta do aplicativo.;1;2026-04-03 15:01:25;5.23.1;Caixa
8b126cbdc604e26e3afed78a7b2c45eb;eu acho excelente este aplicativo da caixa;5;2026-04-03 14:54:44;5.23.1;Caixa
f1af0eb488a0d4f00cd877dc9f45e5a4;o melhor banco Caixa econômica;5;2026-04-03 14:46:49;5.23.1;Caixa
a0015c2647d3eec63652a190e95dfdf3;o aplicativo não reconhece a biometria, e quando coloco a senha de acesso, manda eu criar um novo usuário;1;2026-04-03 14:25:25;5.23.1;Caixa
fe6bee173ec29db371388b656b1cb4dd;Site lento para apresentar os saldos. Não existe uma tela única para visualizar o valor consolidado dos investimentos.;2;2026-04-03 14:22:46;5.23.1;Caixa
6522d559e5fc54576bb9045457d02bb3;não a;5;2026-04-03 14:21:25;5.23.1;Caixa
a9afc24fb58c60ab99f1dcef0777e88f;quero fazer um piz;5;2026-04-03 14:17:48;5.23.1;Caixa
8c192ded51cad4c6c806f1355a65edf3;até agora muito bom!;5;2026-04-03 14:14:14;N/A;Caixa
69ff768b36265e6d596f02d0e34ef3c2;muito bom;5;2026-04-03 14:08:20;5.23.1;Caixa
dbbdaf35ac60f1637b7661bea9489e1e;muito bom e rápido;5;2026-04-03 14:05:03;5.23.1;Caixa
4c79fa1de20947fbc7c19bcb96871072;não quero mais muito complicado;2;2026-04-03 13:59:55;N/A;Caixa
12367225aa7f32d8dff59c2d5cdf12c1;muita praticidade em pagamentos e informações.;5;2026-04-03 13:59:17;5.23.1;Caixa
8be3e182ef8ba47d42f566bbd0510838;ruim roomy;1;2026-04-03 13:57:42;5.23.1;Caixa
577ad13cf63cec68f2867917eeb40174;nota 10.;5;2026-04-03 13:50:49;5.23.1;Caixa
abf0c7c30bb8132ddaae37a59cec2d20;muito boa;5;2026-04-03 13:49:47;5.23.1;Caixa
a242288a072b18aadc20f1319a3a95ae;ótimo!!muito satisfeita;5;2026-04-03 13:46:07;5.23.1;Caixa
378390b1da0a8ed22fda7a6d2ed544e8;top muito bom;5;2026-04-03 13:42:57;5.23.1;Caixa
e8812a3ea70525de70d55da203a54f44;bom de utilizar porem muito lento;4;2026-04-03 13:42:26;5.23.1;Caixa
93fdc93554f7e502d5c6360c21a5757e;péssimo fica bugando pede pra atualizar não gostei;4;2026-04-03 13:34:24;5.23.1;Caixa
2a62e2e72c2ae47a25b4165cd4f6e7f6;desrespeito com os clientes transtorno falta de suporte espondo os dados dos usuários;1;2026-04-03 13:30:02;5.23.1;Caixa
9a33480d4732a73b04a43db3f9b3f07b;Fácil de operar e rápido.;5;2026-04-03 13:19:59;5.23.1;Caixa
2941425be6614dac20854f2e21bc09f1;muito bom;5;2026-04-03 13:18:57;5.23.1;Caixa
0b06572b88db9c318c82837485fa6a11;Tudo está muito Arcaico nesse banco digital Caixa há 100% ainda o que melhroar. Se atualizar e modernizar como os outros bancos concorrentes.;1;2026-04-03 13:12:41;5.23.1;Caixa
f3ecc8220842e184cd46a6eac9aa111b;Aplicativo quase sempre fora do ar;2;2026-04-03 13:06:14;5.23.1;Caixa
ca8ad35912470194bb955721d0775f95;ótima;5;2026-04-03 13:02:33;5.23.1;Caixa
c1c385ae6e449d6eaddfe1a9cc150c65;ruim, muito instável;3;2026-04-03 13:00:12;5.23.1;Caixa
3614b9b3360b94b7f0d14a63b68f08eb;péssimo;1;2026-04-03 12:44:21;5.23.1;Caixa
27e21b7e7b93b096ddbb57189d21e00b;Ruim péssimo, as faturas pagas demora a serem dado baixa no app, a de marco esta paga, no aplicativo ta aberta, quando ela é paga, aparece pego sem opção de baixar fatura novamente. tenho comprovante de pagamento referente ao mês, a de abril vai fechar e a de março não consta como paga. acaba me confundindo, e ja não é a primeira vez que acontece.;1;2026-04-03 12:40:30;5.23.1;Caixa
0d2980099bcad7095156f1522b49d83f;Pior app que existe. Não entendo pq precisa ter acesso as minhas ligações, contatos e telefone, o que isso interfere no uso do app? Já fiz o cadastro do meu dispositivo, mas app insiste em dizer que não tenho cadastro e que preciso fazer um novo, mas app não funciona. Serviço pelo app, telefone, agência e caixa eletrônico sempre péssimos, nunca vão melhorar. Sempre tive problemas com essa conta já precisei ir na minha agência umas 10 vezes, sai de lá com o gerente dizendo que está ok, nunca está;1;2026-04-03 12:36:58;N/A;Caixa
ba72c5942dd22c6874d8c0ae50803b25;O app está horrível, sempre que vou entrar da erro na digital e com a senha não entra. tenho que refazer todo o cadastro novamente. Isso são todas as vezes que vou entrar no app. Em momento de urgência é sempre um caos, melhorem isso por favor.;1;2026-04-03 12:36:16;5.23.1;Caixa
bbd7ee8cc363e99bc7442750557b7575;Eu nem tenho palavras para descrever o quanto esse app é terrível, ruim, horroroso... Sempre trava, já perdi as contas de quantas vezes precisei desinstalar e instalar novamente, vou ver a possibilidade de trocar as minhas contas da Caixa para outro banco, já que tudo desse banco é mal feito;1;2026-04-03 12:36:13;5.23.1;Caixa
1a043f72c6a188649fc28248c23f7748;APLICATIVO LIXO!! SEMPRE QUE NECESSÁRIO IR A UM CAIXA ELETRÔNICO OU AGÊNCIA PARA USAR O APP???!!!!! DESNECESSÁRIO!!!;1;2026-04-03 12:33:24;5.23.1;Caixa
0a6de803b8ad39ee1d963738181cbd9b;ótimo banco;5;2026-04-03 12:29:35;5.23.1;Caixa
cd8271b4b9aa4576d497b6e8fd2945da;precisava de desbloqueia o aplicativo no meu celular.e hj que e tudo feito por celular. eu vou ter que ir em uma caixa pra desbloquear o meu aplicativo. só vcs mesmo.😡😡😡😡;1;2026-04-03 12:24:59;N/A;Caixa
033db4ae468ba025fcc95adb0507f5a7;aplicativo fecha sozinho!;1;2026-04-03 12:24:25;N/A;Caixa
573b62b0bab6b539f1a6a3ded32e498c;Não deixa vim nenhum golpe nos meus aplicativos de ganhos, e nem demora nas transferências.;5;2026-04-03 12:15:19;5.23.1;Caixa
71118c24f96bb5b8d9290b2ccb5a53f5;aplicativo totalmente bom;5;2026-04-03 12:14:22;5.23.1;Caixa
253275a0ab053306b0720495fcb1877b;não presta 😡😡😡;1;2026-04-03 12:13:58;5.23.1;Caixa
e3ea13b514651e6a39aefa7ff5b93e4f;não consigo o comprovante de pagamento;1;2026-04-03 12:07:19;5.23.1;Caixa
7e38ea5a15bcf1788f6dc88ac2247f02;bom 👍;3;2026-04-03 11:58:09;5.23.1;Caixa
27ec184a06d8d270747e2e29bff1fb90;Tranquilo de usar;5;2026-04-03 11:55:18;N/A;Caixa
598d81921549597936aaaeb0f9a3da2d;muito bom mesmo;5;2026-04-03 11:54:36;5.22.1;Caixa
a673b53f6bdde75c84952b4ce590bc73;péssimo;5;2026-04-03 11:53:24;5.23.1;Caixa
7e030012f10ad5b5ccbc95fbbecf0cd0;simples fácil e rápido.muito bom.;5;2026-04-03 11:49:04;5.23.1;Caixa
c001952dce94a7de8d8f3f221ca50e19;pior banco do mundo bloqueram minha senha de transferência não conseguem resolver online tenho que ir em uma agência morro na roça a uns 100 km da cidade bando de ladrão vol pasar meu feriado sem dinheiro porque não conseguem desbloquear uma simples senha vol procurar meus direitos pois o dinheiro era pra pasar o feriado e bloquearam isso e danos morais;1;2026-04-03 11:48:04;5.23.1;Caixa
54d80affaf14a0e0e95dc51ca64528ff;minha conta caixa tem;5;2026-04-03 11:42:35;5.23.1;Caixa
ac6f94256dec6cc18972db8fe0364426;All. Ótimo;5;2026-04-03 11:35:28;5.23.1;Caixa
b7352eb9bc159276a170c6569955f423;muito bom;5;2026-04-03 11:33:58;5.23.1;Caixa
906c9c5d10a13c571967373b6e2248f6;ruim;2;2026-04-03 11:33:54;N/A;Caixa
94b248e7d8947faa5a14996fd4b4ad18;otimo;5;2026-04-03 11:31:26;N/A;Caixa
4c71ff99f8f44b6a20653e4c7ad2eed7;muito bom só trabalho com a caixa;5;2026-04-03 11:24:05;5.23.1;Caixa
96743297495fd8a5a6d997243c8b1401;muito ruim, pede para atualizar e não permiti fazer os processos;1;2026-04-03 11:21:27;5.23.1;Caixa
9a798e6cf8acb96b6d44fdf96d8e87d0;excelente operadora e todos os funcionários são bem educado e tratam bem todos os clientes.;5;2026-04-03 11:20:38;5.23.1;Caixa
c48001bbe4eb218f4aa43d0acaa158fa;as vezes fora do ar e dificuldade para acessar os cartões de crédito;4;2026-04-03 11:19:47;5.23.1;Caixa
dcaa952cb31cdb64abed2ae306ea376b;como pode um app de banco ser tão ruim?!?;1;2026-04-03 11:10:11;5.23.1;Caixa
7221dd988c61b5675d383c8e0195a85e;De verdade, os desenvolvedores do banco dificultaram demais a interação do usuário com o aplicativo. A navegação do banco é péssima e horrível de intuitiva, você sempre precisa entrar em vários lugares para conseguir o que quer. Fora as vezes que quando você aperta acidentalmente o botão de voltar do celular, ou até mesmo o voltar do aplicativo, ele volta para a tela inicial. Isso é uma palhaçada mesmo! E, quando você precisar de suporte no geral, ficará esperando, pois não um que atenda bem.;1;2026-04-03 11:06:22;5.23.1;Caixa
559f2daa29bf78db8068b320113d3ceb;muito bom;5;2026-04-03 11:03:00;5.23.1;Caixa
5166d02e63634bbcae85e80b85edc6be;ótima;5;2026-04-03 10:45:39;N/A;Caixa
3a027ff07c38c3ffbf7fa6115ef9cb79;Não está carregando as faturas de cartão de crédito;1;2026-04-03 10:41:26;N/A;Caixa
fe7f929b66f25c21bbf8d675293276f3;otimo gostei;5;2026-04-03 10:40:24;5.23.1;Caixa
1f6d60a940485e32c5faf1982818adf2;não funciona, sequer abre, interferência nos outros App's;1;2026-04-03 10:37:35;N/A;Caixa
9a63596e17c590dd06fa9078be080d4b;A caixa é o melhor Banco na minha opinião, super fácil é rápido de lidar com ele.Muito bom mesmo esse Banco.;5;2026-04-03 10:30:32;N/A;Caixa
9b73270537362b916fff84270a092650;muito boa;5;2026-04-03 10:23:59;5.23.1;Caixa
930fe9e55868974bf57bfb930b4fe4b7;muito satisfeito agilidade;5;2026-04-03 10:18:37;5.23.1;Caixa
6c6ebb7353b4129d48fdc46fba900246;muitu.bom;5;2026-04-03 10:11:48;5.23.1;Caixa
222e49d4ed476bee6aced92be5030d6f;muito boa 😃;5;2026-04-03 10:09:21;5.23.1;Caixa
2d3943c8fcedded324d7f3129619b191;ótimo banco;5;2026-04-03 09:52:37;5.23.1;Caixa
84c2052b04b3ff500f0a6598eab64fb0;otimo;5;2026-04-03 09:40:30;N/A;Caixa
0f16180ef9e3a09ef832ba3ef00f5084;excelente o serviço realizado l.;5;2026-04-03 09:34:48;5.23.1;Caixa
4160e6ce7dfc6ce3769ba42439d6274e;meu aplicativo faz mais de dois dias que não abre não sei mais o que fazer;5;2026-04-03 09:24:32;4.6.1;Caixa
29365921c328923147c118c8696f2930;o aplicativo não tem o pagamento de fatura com desconto automático na conta.;1;2026-04-03 09:12:41;5.23.1;Caixa
7fc8d726c02629848d25f635c9fcb090;MUDEI DE APARELHO, E FIQUEI SEM ACESSO A MINHA CONTA;1;2026-04-03 08:50:46;N/A;Caixa
938e62b7e3b44b167729f9343c89bf9e;muito bom;5;2026-04-03 08:47:40;5.23.1;Caixa
276118b854000a9ff20fd1ab937c526b;O aplicativo não permite realizar solicitação de novo login, está bloqueado há mais de 24 horas e sempre gera a mesma mensagem. Tente de novo em 1 minuto, mas, ao tentar, não desbloqueia.;1;2026-04-03 08:43:12;5.6.0;Caixa
b84a2a57d8fb258d96ffa46ebe0f3984;feriado e o app não abre entrou em recesso também cada dia pior aplicativo da caixa;1;2026-04-03 08:24:05;5.23.1;Caixa
3684f042e5ad8e6bb7e21b1e020e10d6;Ótimo atendimento caixa;5;2026-04-03 08:08:42;5.23.1;Caixa
a088d152b53a2e241caf127cadee9294;muito boa;5;2026-04-03 08:05:16;5.23.1;Caixa
ce071781de5b7a0533ec7f8d1e7bd4be;gosto,muito;5;2026-04-03 07:56:07;5.23.1;Caixa
f91283d98dae2f89cfbab5575fd876f0;O pior aplicativo de banco que existe, toda vez que tento entrar ele não reconhece a minha senha, faço o cadastro novamente e continua não reconhecendo a senha Impossível de usar!;1;2026-04-03 07:50:03;5.23.1;Caixa
7c7c9487c46392f63458ca3d6a75e625;excelente.;5;2026-04-03 07:46:47;5.23.1;Caixa
3122a4d065ba27e8fc9622ecdfe2fc8d;dados recentes de dispositivos semelhantes indican que talvez app pare de funcionar no seu dispositivos;2;2026-04-03 07:46:39;5.17.0;Caixa
5cff71b3190c0ec8cf7a0d001e64b53b;maravilhosa;5;2026-04-03 07:35:54;5.23.1;Caixa
b27471847f5029d43514289614993b64;Tem funcionado bem.;5;2026-04-03 07:33:52;5.23.1;Caixa
9c5766a43c2d99108ca58bc5e7c533df;excelente;5;2026-04-03 07:31:28;5.23.1;Caixa
8e4b1853a497d07d64e3fe2b1af6ac52;Excelente;5;2026-04-03 07:18:22;5.23.1;Caixa
188c34ca89211843758fa55d0d09b689;erro ao acessar conta, ficando impossível pagar dívidas em pleno feriado;1;2026-04-03 07:06:33;N/A;Caixa
7c5f61d74f6273def7b4f69c32944c88;para fazer pix;4;2026-04-03 07:02:05;5.23.2;Caixa
ce03765a57b343c9ec94580e0a7304e7;falta oportunidade de cheque especial e cartão de crédito;4;2026-04-03 07:00:48;5.23.1;Caixa
b2f37f5e72d1fa556f78f4ce51226ae7;O pior aplicativo de Banco que já vi. toda hora pedi pra trocar usuário e senha.;1;2026-04-03 06:57:59;5.23.1;Caixa
1db0cc17a95581dc38dba98eaf4f7c8a;minha vida mudou depois que eu comecei a ter minha conta na caixa econômica ♥️♥️👍;5;2026-04-03 06:54:37;5.23.1;Caixa
1daaaa77325f52a6c5b5c4551a512cc1;o app vira e mexe não aceita acessar com a digital;2;2026-04-03 06:49:31;4.3.1;Caixa
06bfd733ed433c0892d374419c07802c;sou cliente da Caixa a mais de 40 anos e nunca passei tanta raiva com a caixa como agora, está é a segunda vez que acontece em menos de um mês, e agora já tem 3 dias que não consigo utilizar o aplicativo da caixa, isso é uma verdadeira falta de respeito para com o cliente, será quando vai solucionar este problema. É um absurdo. Uma falta de respeito.;1;2026-04-03 06:36:32;5.23.1;Caixa
d44cdc450703a860ded910c49950477c;Desde ontem não consigo acessar minha conta pelo aplicativo. É muito comum isso acontecer. Não recomendo;1;2026-04-03 06:14:18;5.23.1;Caixa
276b8ff45a6b20310f4cd00ec8f543b7;O app vive falhando no acesso por biometria, mesmo com senha n faz o login, é so ficar uns dias sem acessar a conta q prexisa reconfigurar tudo;1;2026-04-03 06:13:10;5.23.1;Caixa
a40313e9fc0b1a949e6891dd5d9cd409;que bom ter essa caixa econômica federal em miracema do tocantins;5;2026-04-03 05:35:43;5.23.1;Caixa
53c9a3ddbec11eb9e6f820391da40fdd;É uma experiência muito boa;5;2026-04-03 05:22:14;N/A;Caixa
d49f80b76edc88e8a63b533ca2b75c76;muito bom;5;2026-04-03 04:43:50;5.23.1;Caixa
fa807355e85e78e5f8f303149b4a09ff;não irei recordar, acabei de abrir uma conta não faz 2 meses e já bloqueou meu acesso! agora feriado, não recebi meu cartão, vou passar final de semana com dinheiro bloqueado. Pensando no lado bom não irei gastar, kkkk mas é muita falta de respeito com o povo!;2;2026-04-03 04:31:20;5.23.1;Caixa
c2d01408ba370d363355ffad1eab4d87;Trava demais. Fica fora do ar;1;2026-04-03 02:58:44;5.23.1;Caixa
de000abb95186082cf84958e3573cb74;excelente;5;2026-04-03 01:28:32;N/A;Caixa
090246b06b39dccfcf9e8e190e3da779;fácil de operações;5;2026-04-03 01:05:40;5.23.1;Caixa
5e1db21c874ca6e4c6506ec16e1d6aed;e muito ruim pra entrar no app buga muito!;1;2026-04-03 01:00:21;5.23.1;Caixa
d673af6dfa9ad17728b59a5dc969ea8f;muito prática;5;2026-04-03 00:37:36;5.23.1;Caixa
ed0718eb50607ab7120b6effca0239d9;muito os pograma da caixa;5;2026-04-03 00:31:41;5.23.1;Caixa
016274c0ef7ba3a5cfaf0aa4124f1d27;como tem um banco que fica 2 dias sem conseguir entrar. Incrível o descaso com o cliente!;1;2026-04-03 00:27:20;N/A;Caixa
60252445ddd2287741765df56117cf6f;tava tentando abrir a caixa e não tava aparecendo meus dados de usuário;2;2026-04-03 00:22:21;5.23.1;Caixa
f49005f793c4b2622001fd857f7e99bc;gostei .muito;5;2026-04-02 23:45:09;5.23.1;Caixa
4c148baa9805e1c2fc9286ba150fe81c;ótima;5;2026-04-02 23:40:06;5.23.1;Caixa
e1671d6f4943ed18d2d2c1da433468c4;ótimo 👍;5;2026-04-02 23:30:03;5.23.1;Caixa
417fc35c829142b8004fe4ed176622e1;gostei muito;5;2026-04-02 23:27:15;5.22.1;Caixa
01d1b67bd70e5cac4a546dfc5bf97c5a;bom demais;5;2026-04-02 23:09:23;5.23.1;Caixa
c9fa38a7d1d059a37a997d692b272f08;ótima;5;2026-04-02 23:06:47;5.23.1;Caixa
b16e79fdfb414d4363b777730facc737;bom maravilhoso banco;5;2026-04-02 23:00:23;5.23.1;Caixa
53b8773da3a872d9fd7b3daf4e9ba529;APP HORRÍVEL, DESINSTALEI O APP E BAIXEI NOVAMENTE,E PEDIU PARA IR NA CAIXA PARA ENTRAR NA MINHA CONTA,SEM NECESSIDADE,SABENDO QUE EU POSSO MUITO BEM LOGAR PELO CLL MAIS ESSE APP N PERMITE,Q APP HORRÍVEL 😡😡😡🤬🤬;1;2026-04-02 22:55:32;5.23.1;Caixa
38dbb01e800b12660dd3126232ad02f8;ponho a senha correta e nao abre so abre depois 2 tentativas;3;2026-04-02 22:45:52;5.23.1;Caixa
a21b046b66a11980f6719d9c11f3a4a5;bom muito;5;2026-04-02 22:44:50;5.23.1;Caixa
ac5a5462a697895a7eea330520e58af5;essas senhas horrorosas chatas;1;2026-04-02 22:37:56;5.23.1;Caixa
d633bd4fd334168bb91a45e451e9be7b;ótimo;5;2026-04-02 22:16:05;5.23.1;Caixa
e5a12496b3865d056eed96368a626a05;não estou entendendo;2;2026-04-02 22:04:33;5.23.1;Caixa
a239e0c39d36a497e4940e86ca927e16;muito bom;5;2026-04-02 22:03:32;5.23.1;Caixa
e5c3715f3803dea51c64f058f5f734f5;muito bom;5;2026-04-02 21:57:17;N/A;Caixa
cd128cf6fa1e85d67b433c6deccf4ec5;sou bem atendido;5;2026-04-02 21:48:12;N/A;Caixa
93d313c7f1a87164a388aa0b42e1c25f;Teria tudo para ser um bom app, mas é muito chato, sempre dá erro no login, tem que recadastrar tudo novamente é muito burocracia para nada!!!!!!;1;2026-04-02 21:41:07;5.23.1;Caixa
9e6065af46778020b2f076938645391e;pior app de banco que já existiu, não tem suporte, todo login é bugado. Sempre pede pra fazer cadastro e nunca dá certo;1;2026-04-02 21:37:48;5.23.1;Caixa
cd63ba9ba7c92544f48d77a6d451ee4d;muito bom;5;2026-04-02 21:24:58;5.23.1;Caixa
41eaa52f290c6f1887a1bfd454a366c8;não intendo muito do assunto mais estar indo nos conformes;5;2026-04-02 21:08:24;5.23.1;Caixa
17d12ded5adb3487280756c1fe971ff1;app horrível, banco pior. N fazem nada direito;1;2026-04-02 21:01:59;5.23.1;Caixa
c740f983265e12f3dbb0132c3611dde8;não consigo acessar minha conta aparece erro A -AUT- SEM, estão um milhão de anos atrasados em relação a nu bank, já segui as orientações do suporte e continua o mesmo erro.;1;2026-04-02 20:31:34;5.23.1;Caixa
6785b61ede829f7fb9b05c0539adbaf2;quero confirmar a portabilidade pra mercado pago;5;2026-04-02 20:30:10;5.22.1;Caixa
3aed9328df8bb9adf180b713fcc28c75;É que do nada para de funcionar e se vou fazer pix, o aplicativo impõe valores e horários pra pagar.;4;2026-04-02 20:29:22;5.23.1;Caixa
5b992d0745d24e9071bd24174246e2da;tá tudo bem brigado;5;2026-04-02 20:28:15;5.23.1;Caixa
9ee3d84f281bca9871c7c6285d1751b9;esse aplicativo da caixa e um lixo;1;2026-04-02 20:28:13;5.23.1;Caixa
c85cd91c13131f8e8fbc17b98a06fd57;muito bom o atendimento;4;2026-04-02 20:23:55;5.23.1;Caixa
96bc32942c736967321757b352c5ac3a;Ao acessar a conta, não aceita usuário, nem senha. Manda criar novo, pede reconhecimento facial, único procedimento disponibilizado, mesmo com várias tentativas, é negado.;1;2026-04-02 20:18:29;5.23.1;Caixa
ef06fa393f15f9481a0fa495d388016a;muito bom 😊;5;2026-04-02 20:17:18;5.23.1;Caixa
5e27800e1b07a690414a4f031ce529c6;Bom, mas ainda falta ser mais intuitivo!;4;2026-04-02 20:06:49;5.23.1;Caixa
3a3dfb6e017a16320b72ca9bf49a9a81;App muito bom estou apaixonada;5;2026-04-02 20:00:15;5.23.1;Caixa
8f17e04a309a507f9935d9b927c01278;mais um aplicativo ridículo e horrível de usar, simplesmente criei um cadastro, salvei a senha e mesmo assim não entra. INÚTIL!! e simplesmente nojento e porco o serviço da caixa.;1;2026-04-02 19:59:39;5.23.1;Caixa
d37cbc6701dbc5c26b3bc71d1c4a9720;não consigo entrar no aplicativo;3;2026-04-02 19:52:51;5.23.1;Caixa
13ccc758978ba8bfbc7ea11e381be223;muito bom 👍🏼;5;2026-04-02 19:50:35;5.23.1;Caixa
57b82dca5e54bb0e373dab742a441a10;fiz atualização do aplicativo várias vezes durante o dia, e quando vou assesar a conta não consigo, resumindo ficou horrível. essa nova versão .;1;2026-04-02 19:49:20;N/A;Caixa
d3b582c369556139983c3b0f9f83eea2;nao consigo mais ter acesso ao app , to irritado ja , tem dinheiro na conta e nao consigo entra de jeito nenhum, oque eu faço ????;1;2026-04-02 19:34:37;5.23.1;Caixa
3a80e33ebce2d53e7aab3bc3a6497a08;péssimo da problema toda vez que você precisa;1;2026-04-02 19:28:03;5.23.1;Caixa
c3d0ac3472e78e39476c04cf93a42ffb;muito boa;5;2026-04-02 19:22:39;5.23.1;Caixa
99e55896229d0b7e669f418c015cf068;acho que cada vez que atualizam complica mais os clientes como eu com 76 anos toda mudança e complicada a mudança da senha agora com letras e números só nos complicam temos que decorar novamente vocês se esquecem da terceira idade e fomos nos que trabalhamos muito para que a nova geração usufruicem dessa tecnologia. Fomos esquecidos e marginalizados.;1;2026-04-02 19:22:39;5.23.1;Caixa
3c832b4a2366dbd1f6be199106c66349;bom prático e rápido;5;2026-04-02 19:20:06;5.23.1;Caixa
8833e9d5ac71c14408a26d1532be73c8;aplicativo fácil de usar, encontra tudo de maneira rápida, eu gosto!;5;2026-04-02 19:13:53;5.23.1;Caixa
548bb95af2ad7d38d024ed82b5060455;eu 70 reas na minha conta não gastei dumiu;1;2026-04-02 19:05:51;5.23.1;Caixa
61133b8a0765e04e6dcd08ae47080fa9;nota 10 excelente banco;5;2026-04-02 19:05:05;5.23.1;Caixa
8cb48e558c7507517219ad423ce8b3c0;Esse app é horrível, já vai fazer um ano que estou usando E infelizmente só decepção Sempre preciso ir na caixa econômica. para desbloquear o Pix Quando vou fazer um pix do você não pode fazer esse serviço senha BLOQUEADA. Como você bloqueia uma sem DIGITAR Não abre nem para gente ver o saldo só decepção Como se erra uma senha sem Ter DIGITADO Me explica Por favor;1;2026-04-02 19:03:40;5.23.1;Caixa
b94396f174b01360d5119383a600d8fa;gosto do aplicativo porque é fácil dr operar.;5;2026-04-02 19:03:24;5.23.1;Caixa
acc33c9cd0d9c31425c9a97a6859f750;muito bom mesmo estou satisfeita;5;2026-04-02 19:02:54;5.23.1;Caixa
c512aefdec183ce791fdad8b3dd6f0b6;app para de funcionar e pede novo acesso com muita frequência, atrapalhando o uso e gerando transtornos, sem contar que precisa fazer o processo de cadastro várias vezes até funcionar de fato.;1;2026-04-02 19:02:19;5.23.1;Caixa
ffa25a5b7527b2e472f172a2a59583bf;minha experienci ótima muito boa;5;2026-04-02 18:57:48;5.23.1;Caixa
15cd395a5361b9f16f334c45dcf8b7ed;tudo de bom a caixa econômica federal é o melhor banco;5;2026-04-02 18:57:16;5.23.1;Caixa
c2a76c9e1261b7b9ae645d5175f93dcc;satisfação;5;2026-04-02 18:56:56;5.23.1;Caixa
fb98ed3313b6d6b3fa609eb660c281f3;péssimo aplicativo. ficou o dia todo sem funcionar. esta atualizada. mesmo assim, ficou sem funcionar. retornando somente agora a noite. ainda tive que gerar novo usuário...;1;2026-04-02 18:55:08;5.23.1;Caixa
4fda85cd296aeaef894b9d6d6b06bc57;horrível, não consigo logar, só aparece erro inesperado.;1;2026-04-02 18:52:42;5.23.1;Caixa
9138f05e1bb8dbdbbc5664899f9a5279;as vezes demora a processar;3;2026-04-02 18:48:49;5.23.1;Caixa
40fdebb5b8b7f1ada23e3ccfd7f74a90;ótimo;5;2026-04-02 18:42:05;5.23.1;Caixa
5e20ea84df92424f4b85fdb12e22c7cc;ruim de mais só fica fora pedindo pra cadastrar novo usuário;1;2026-04-02 18:41:36;5.23.1;Caixa
27b1d0123a8d3b813d515d02482a01f6;excelente;5;2026-04-02 18:35:51;5.23.1;Caixa
f0eebb7cfacbbc7d14eadfa50fed9f42;aplicativo está travando muito, horrível. aplicativo continua dando problemas, é horrível isso , sempre trava, vergonhoso 02/04/26;1;2026-04-02 18:26:00;5.23.1;Caixa
3a1eaf66510dbcf7049b74eba99923d4;aplicativo LIXO, parece que foi criado por crianças, todo cheio de bugs.;1;2026-04-02 18:19:14;N/A;Caixa
9ee6bd5b4172149511b890157eb68c22;A Caixa sempre foi e será o meu Banco de preferência.;5;2026-04-02 18:17:35;5.23.1;Caixa
e19af4eaa3bcc11b968c52b139996b46;Esse App é uma farsa , toda hora precisa cadastrar usuário e senha 🔑;2;2026-04-02 18:17:31;5.23.1;Caixa
8fb1d2001e830f48de5e5c1fe601d54b;não funciona a entrada no aplicativo;1;2026-04-02 18:06:05;5.23.1;Caixa
d07855c75fa28513ada3a27e066a6b2c;otimo;5;2026-04-02 17:58:44;5.23.1;Caixa
f31aedf288fea07520fc4e9f4288751f;horrível;1;2026-04-02 17:54:32;4.9.0;Caixa
0d13e8313266a3fd5d48980b0d988a16;não estou conseguindo acessar a conta pelo cartão e pelo pix pode por gentileza mim ajudar?por favor;5;2026-04-02 17:53:39;5.23.1;Caixa
ddbd3409fb8eb6b40738eb5aae6f3f25;ruim de mais 5 dias não consigo entrar na conta;1;2026-04-02 17:45:45;5.23.1;Caixa
a9efec53e9d2b9644452e3b22606a6fa;não consigo nem abrir;1;2026-04-02 17:44:27;5.23.1;Caixa
4489487d290f285e77ad91d5675a5cf8;esse último dias o aplicativo tá de péssima qualidade😔;1;2026-04-02 17:44:13;5.23.1;Caixa
1b4275ddd62f2eab4774e98c35e82a6e;caixa tá tendo estabilidade no sistema dificuldade de fazer login ``tente mais tarde não foi possível fazer login``;4;2026-04-02 17:40:40;5.23.1;Caixa
c7b852c846237671a78009934d61ac3f;ótimo aplicativo;5;2026-04-02 17:38:56;5.23.1;Caixa
aed147736fbe1563e73c010723f7405a;roubaram meu celular e agora tento cadastrar esse app no celular novo, nunca dá certo, vou na agência faço todo procedimento e bloqueia o novo usuário de novo. rapaz pense num app ruim como é que pode?;1;2026-04-02 17:27:33;5.23.1;Caixa
7ee1cd24cd9c7abf2431b791e755106e;toda vez e um problema diferente pra entrar, se fosse um bandido, já tinha dado certo;1;2026-04-02 17:20:40;5.13.1;Caixa
323be65431ef771fc0e8ab7b2c0767b2;não dá pra fazer nada sem q vc tenha q ir no caixa eletrônico, achei q o objetivo de um aplicativo era vc não precisa sair de casa. tudo é burocrático demais... péssimo;1;2026-04-02 17:14:36;5.23.1;Caixa
ec966f4a011230a9f99fc85f480bd3fa;achei complicado;5;2026-04-02 16:57:17;5.23.1;Caixa
fbb063b2b203bf2e04c9be906a325f79;muito bom;5;2026-04-02 16:42:03;5.23.1;Caixa
4790b37fdbf8d61eda44fe3bd2030508;muito bom;5;2026-04-02 16:39:12;5.23.1;Caixa
396a905c891e7de00f24af13d44e8c22;Não consigo entrar mas na minha conta, fica pedindo pra cadastrar outro usuário. Eu nem troquei de dispositivo 😤;2;2026-04-02 16:36:13;5.23.1;Caixa
563f784f8fdf41acc3ea1903a036aaec;O pior App que já usei de um banco. Todo mês precisa ir na agência refazer a senha, por que do nada não reconhece mais. A digital então, nem se fala. Um banco que financia 200.000 e ganha 700.000 como pagamento deveria no mínimo ter um app que preste.;1;2026-04-02 16:26:47;5.23.1;Caixa
ca2adb2ef733eb3309c46d1a3cd9486a;ótimo;5;2026-04-02 16:24:53;5.23.1;Caixa
ae523409fcbcd0d87c35d4a8f0bbb233;não abre , pede pra criar novo usuário, e depois se cadastrar da erro , já cadastrei e sem sucesso;1;2026-04-02 16:18:50;5.23.1;Caixa
5485ad6aacbe74de57ee2d02bf62697f;Não consigo fazer login, esse X-ID que surgiu está dizendo que o dispositivo não é seguro. Eu não tenho root, não uso modo desenvolvedor, não tenho apps suspeitos(já formatei), não uso VPN. E agora? pago minhas contas como ?;1;2026-04-02 16:18:26;N/A;Caixa
37e4da781a331de026c68ecf7a96efe8;ótima;5;2026-04-02 16:18:09;5.23.1;Caixa
aafb1d8f32db6b25554af878d735d62f;Estou enfrentando muita dificuldade com o aplicativo, que apresenta constantes instabilidades e erros. Não consigo acessar minha conta e, ao tentar contato, ninguém atende ou responde. Isso demonstra uma grande falta de respeito com o cliente. Estou bastante insatisfeito com o serviço.” já instalei e desinstalei não da acesso;3;2026-04-02 16:17:25;5.23.1;Caixa
cfae98526735ba9e1c68b3c469176a0d;Que aplicativo ruim é esse, vive saindo e pra voltar é um trabalho danado, de todos app de banco esse é o pior, sem dúvidas. nunca vi aplicativo tão ruim em toda minha vida.;2;2026-04-02 16:16:19;5.23.1;Caixa
5202d0a3ea772555900af3b64c9e5577;ruim;3;2026-04-02 16:11:11;5.23.1;Caixa
827d467f22d6c3092191c7d6f9f56545;otimo;5;2026-04-02 16:03:06;5.23.1;Caixa
0240086006dbe3728c2204ab4a541013;melhor banco consigo controlar minhas finanças parabéns;5;2026-04-02 16:01:54;5.23.1;Caixa
9e21e1469e0f1e24d5472c66936e6b0f;eu já tenho uma conta poupança que eu uzo estou querendo saber se tem condições de fazer qualquer coisa que eu possa trabalhar com sucesso.l;5;2026-04-02 16:00:55;5.23.1;Caixa
6a0b2f56a36bd452b903010cb2aaaea1;saque;5;2026-04-02 15:56:07;5.23.1;Caixa
cbde1943fc2d6dade96ed67bc3ca353e;muito ruim, é o pior aplicativo dos bancos;1;2026-04-02 15:53:22;5.23.1;Caixa
163fcf1891c977ef3e9be689a87b5ead;Este é o app que me dá mais trabalho. sempre preciso cadastrar novo usuário para logar. E sempre pega a gente na hora que mais precisa acessar o banco. Não evoluem com as tecnologias. Sempre deixando a desejar.;1;2026-04-02 15:49:55;5.23.1;Caixa
67d45286aba5cae567af11edfd58a844;"Vive pedindo para trocar usuário e senha. Desde ontem não abre; já desinstalei e instalei várias vezes, mas não abre.";1;2026-04-02 15:46:34;4.6.1;Caixa
6b689503bcf02791370d71362e2b3498;esse aplicativo e ridículo quando assunto e falar com atendente;1;2026-04-02 15:45:12;5.23.1;Caixa
461504f5f1c7056c906ce3ac9b418825;Pior aplicativo de banco disparado. Não reconhece biometria. Manda recadastrar conta. Depois manda procurar agência. Se tenho que ir até agência pra que serve esse aplicativo.;1;2026-04-02 15:42:40;5.23.1;Caixa
d142e80e93f5caa952ca517efe98745e;muito bom;5;2026-04-02 15:41:13;5.23.1;Caixa
5c67b2a62fb1b93cf5010ab8b14447a5;depois de 2 anos de tentativas com esse APP, voltei novamente e não consigo acessar minha conta, escrevo usuário e senha e nunca consigo concluir atualização do cadastro!;1;2026-04-02 15:39:57;5.23.1;Caixa
e9f0fe121133ce980d2e1434e2ceb02d;banco simplesmente horrível, quem foi o gênio q inventou essa bomba ?;1;2026-04-02 15:35:36;N/A;Caixa
2b828430b73d471b5d08d868879aca43;Desde o dia 1 de abril de 2026 , que não consigo acessar a minha conta, fazer Pix , transferência ou ver saldos.;1;2026-04-02 15:35:23;5.23.1;Caixa
15e481d9fd632229366099767b58803f;as vezes fora do ar e o menu com poucas opções e sem praticidade;1;2026-04-02 15:32:26;5.23.1;Caixa
590ad91980f53563891a8d699cd60666;estou tendo problemas em abrir o site e também de saber porque isso está acontecendo.;1;2026-04-02 15:32:13;5.23.1;Caixa
1dbc201f8f40b5b5682f9dd0f55232a6;Só vive, fora do sistema, hoje mesmo até essa hora ainda não voltou. 02/04/2026 Desde manhã cedo.;1;2026-04-02 15:27:22;5.23.1;Caixa
248fa0e941d7024f752fbbcd107154e8;não consigo abrir meu aplicativo da Caixa fica difícil dessa forma tô com dinheiro preso e não consigo entrar;2;2026-04-02 15:27:03;5.22.0;Caixa
0ff813e9c2c86c83e1e7dea1399b1ff9;"não importa a qualidade do celular, esse aplicativo trava, mostra ""sistema indisponível"", ""saldo indisponível"", dentre outros erros. O dinheiro chega lá, mas só sai quando deixam. Em suas respostas os desenvolvedores colocam frases genéricas, que não ajudam em nada, apenas tentam culpar o cliente. Minha colocação não é sobre falta de atualização, já que sem atualizar o aplicativo nem abre. Também não é sobre não saber usar, ou ter que ir a uma página obscura caçar uma resposta.";1;2026-04-02 15:24:02;5.23.1;Caixa
58fc52a2066688340396e19dd877134a;maravilha;5;2026-04-02 15:21:30;5.23.1;Caixa
ea83b3c645f9c5a41ba3ab648b6cfed1;eu quero fazer o meu cadastro do caixa tem;5;2026-04-02 15:20:14;5.23.1;Caixa
dfa098bf88f8fb74cc8f5c6e568f786b;excepcional esse aplicativo super indico;5;2026-04-02 15:18:11;5.23.1;Caixa
60afb48eefa120cea5eca0ce0b2f36a9;app muito ruim, a cada atualização fica mais burocrático de ter acesso as nossas informações. se vc saiu do app uma vez e quer voltar. tem que iniciar do inicio todo cadastro novamente e demora pra liberar. a impressão que deixa, é que nao quer que acessamos nosso dinheiro. Muito ruim de trabalho;1;2026-04-02 15:17:41;5.23.1;Caixa
7cd066667b97115d2d3b7d570bf63874;Poderia ser mais rápido, tem momentos que fica muito tempo girando.;4;2026-04-02 15:14:48;5.23.1;Caixa
54c0fd8013979ade1ab01e4934757e02;App trava o tempo todo e sempre pede para trocar seu usuário. Já instalei o app umas 3 ou 4 vezes ele sempre trava e não consigo mais usá-lo, não mantém o perfil do cliente ativo e nunca fica salvo a senha e a biometria. 🤮 Estou considerando trocar de banco.;1;2026-04-02 15:13:31;5.23.1;Caixa
01b7d799cf35a6de310c59d0e7d9fd63;O pior app que já usei, nunca funciona. A caixa é o banco mais ruim que tem, horrível os aplicativos também.;1;2026-04-02 15:13:06;5.23.1;Caixa
5f6c1ebb17c5212bb3c1eaa247c3d873;muito bom mesmo;5;2026-04-02 15:12:21;5.23.1;Caixa
972373dfdaa0032b81988d1e469343c7;Ótimo aplicativo.;5;2026-04-02 15:12:09;5.23.1;Caixa
bcc3460470b74ac401a4475894da1c22;faturas do cartão demora muito pra carregar;4;2026-04-02 15:11:19;5.23.1;Caixa
e0cfc848152d3d08452638310f15483a;02/04 Mais uma vez o app não funciona. vocês estão de parabéns. E olha que nem teve atualização de versão recente. A solução é migrar de banco, pois agora virou rotina, e ficar indo ao banco n dá. Vocês da área de TI sabem o que está acontecendo. Acessem o aplicativo de vocês que vão saber. O bom é que se,precisar resolver algo urgente, esquece. 19/03 com problemas de novo? Esse app vive dando problema. Se eu tiver uma emergência, pode esquecer. Um absurdo, hoje não consegui acessar.;1;2026-04-02 15:10:35;5.23.1;Caixa
1bb11b20066bea17cf0cc172dd2a801b;o app permite pagamento duplo erroneamente. tb aceita agendamento duplo do mesmo pagamento. o atendimento é mais demorado que não agência. além de ser lento e confuso. peguem o programa do BB e adaptem aqui. este app é muito ruim.;2;2026-04-02 15:10:07;5.23.1;Caixa
123139f8445bdc35ef1b68cc6fbabf1b;Pior app de banco que existe! Tem leitura de digital (biometria)que não serve pra nada, porque sempre está pedindo: senha, usuário, CPF... Coloca a senha certa e diz que está errado, Se vai mudar de senha, diz que é a atual. Fora que trava quando vai fazer Pix fazendo a gente passar vergonha. Mesmo o aplicativo atualizado, ainda continua dando os mesmos problemas. Era pra ser prático, moderno e é Horrível!;1;2026-04-02 15:02:13;5.23.1;Caixa
dc8e41a5e07a823c3d5bc31aa260996f;nao entra mais;1;2026-04-02 15:00:53;5.23.1;Caixa
cb586507ff5eaf5662b1876ec8aa3d99;boa não teu conseguindo acessar minha conta já coloquei meus dados fiz biometria facial e até agora não liberaram o acesso oxe Desna de de manhã até agora tão analisando os dados isto e um absurdo;2;2026-04-02 14:50:18;5.13.1;Caixa
32e35aea6d03c74686c4069b44a398c9;cada dia pior, tira o acesso ao app por biometria sem nem uma razão e ao tentar redefinir a senha deixa em aguardo sem previsão de acesso, não confiem em deixar dinheiro na conta, pois pode atrapalhar as suas atividades para pagamento.;1;2026-04-02 14:48:43;4.9.0;Caixa
43492b4d29f75c8630a176c83450237d;nao consigo acessar minha conta, fica aparecendo dispositivo inseguro, mesmo concedendo todas as permissões necessárias. Já instalei, reistalei, limpei cache, fiz de tudo mas não consigo entrar na minha conta.;1;2026-04-02 14:47:44;5.23.1;Caixa
71b61bb9c6438d7ddc7b2a0be0d88b2b;muito bom;5;2026-04-02 14:47:06;5.23.1;Caixa
2d7b4a70fd92da80f89b33aef342b073;ótimo;5;2026-04-02 14:41:32;5.23.1;Caixa
60b789bcea8ef374af7fe5c951ec5065;sempre nota 10000;5;2026-04-02 14:39:54;5.23.1;Caixa
cbdb19d41b6a45da0bc0db505f228609;are pix muito estavel;1;2026-04-02 14:38:48;5.23.1;Caixa
f6ca2f360ae134914d8d8d68329a6d03;péssima. estou sem acesso a minha conta;1;2026-04-02 14:38:23;N/A;Caixa
f3824863bdc836fb741910e59252a333;toda hora cai a minha digital,da erro,já foi a terceira vez que cadastrei usuário e senha;3;2026-04-02 14:33:41;5.23.1;Caixa
8731f2c5f16d14b918f6a59ed5cb4cd6;ótimo app parabéns;5;2026-04-02 14:31:06;5.23.1;Caixa
26726df39e49a0106be465f6a8840fa9;simplesmente não consigo mais entrar;2;2026-04-02 14:30:04;N/A;Caixa
007c537812ec716a8ded1e047ffbab01;Quase todas as vezes que preciso usar não consigo acessar por biometria, a senha nunca dá certo, agora estou desde as 11:40h( são 14:26) p validar um novo login.;1;2026-04-02 14:26:32;5.23.1;Caixa
e9824643467c4dcd7fc41b8d3959159a;Que aplicativo ruim, toda vez pede atualizações ai la vai eu trocar de senha e usuário, do nada voce coloca digital e ele perde o acesso tambem, e voce precisa criar um novo usuario;1;2026-04-02 14:26:27;N/A;Caixa
e6786130c0c4863d7335b2b85c3cfd9f;login rosto e complicado fica difícil de fazer.;4;2026-04-02 14:25:00;5.23.1;Caixa
d754e2902f2efaba8d1ba8b67e15d677;Ótimo app.;5;2026-04-02 14:20:55;5.23.1;Caixa
00c876202b99b4381d74cbf8336829ca;Após atualizar o App, o mesmo pediu para recadastrar, mas sempre que concluo o recadastramento, ao tentar logar, solicita de forma cíclica para recadastrar novamente. Me ajudem a voltar a utilizar o app continuo sem acesso, logo não consigo fazer login para acessar o site indicado aqui!;1;2026-04-02 14:20:18;N/A;Caixa
f99dfaa07ec55bc6d9899e966add834f;horrível essa App pode deixar vc na mão em qualquer momento, por instabilidade;1;2026-04-02 14:16:58;5.23.1;Caixa
a4fee402b8faebc61a9a5d047c0ddd8a;Infelizmente é ruim como qualquer serviço do governo. O app bloqueia senha, dificulta muito o acesso, ruim de usar, difícil de acessar, manter o app conectado é impossível. sempre que preciso acessar tenho que trocar a senha por que o app não reconhece a senha anterior e diz que está errada. A gente só usa por que não tem jeito.;1;2026-04-02 14:16:19;5.23.1;Caixa
598ec1f66a2e5ed2feb720769023950f;Horrível, vergonhoso, um app que não abre, péssimo, deixa a desejar com o cliente na hora que mais se precisa! Haja paciência!;1;2026-04-02 14:14:33;5.23.1;Caixa
a1a74fd1bdee5fb8887f3700420d446e;Pior aplicativo banco . Todo mes vc tem que fazer um novo cadastro de usuário. bizarro.;1;2026-04-02 14:08:14;5.23.1;Caixa
b1785738203ef57a5e4987e0a41b38fc;péssimo aplicativo na minha opinião, não é a primeira nem a segunda vez que eu peço a acesso a conta. faço um novo cadastro é tudo volta ao normal é passa um tempo depois acontece a mesma coisa. Estou com um dinheiro preso na conta é não consigo acessar a minha conta para fazer um Pix já desinstalei é instalei de novo é está do mesmo jeito. vou dar um jeito de ir tirar o dinheiro é esquecer dessa conta da caixa horrível a minha experiência com a caixa econômica.;1;2026-04-02 14:06:38;4.6.1;Caixa
3bb211789afd8936b7b3b7c7d9873a61;App só vive dando problema, não consigo acessar a conta. Desinstalei e reinstalei e não funciona de jeito nenhum.;2;2026-04-02 14:05:46;5.23.1;Caixa
659387ddd0edfee5246f4cdce165c38c;péssimo, nunca entra, sempre fica pedindo para criar um novo usuário, horrível;1;2026-04-02 14:00:25;5.23.1;Caixa
0e92149a9aa6689df9c50ff80209eeee;ótimo att;5;2026-04-02 13:51:13;5.23.1;Caixa
ccd5891b1f4a84ce7a95d043ac2ce537;gosto de trabalhar com a caixa muito ótimo.;5;2026-04-02 13:49:09;N/A;Caixa
85fbca9efb4d7c63a9168f2053586836;Estou excluindo esse app e minha conta, não uso isso nunca mais. Sempre lento, pede senha toda hora, verificações. Todo mês o app da erro e eu tenho que refazer o cadastro e fazer outra senha. Horrível, me faz passar constrangimento ao precisar pagar alguma coisa em um comércio e eu não poder acessar.;1;2026-04-02 13:44:16;5.23.1;Caixa
6aa5e22564efc2001d85682831c0a139;satisfação E MUITO BOM;5;2026-04-02 13:39:52;5.23.1;Caixa
d8e6a70685b2669a5a69489533d0a93b;muito bom;5;2026-04-02 13:36:54;5.23.1;Caixa
be9b17f185d59e7ed5b76f411c62004b;horrível;1;2026-04-02 13:34:37;5.23.1;Caixa
2c96c0df2d3bb261845a6652c55dd245;esse aplicativo da caixa a cada vez q atualiza ele piora.;3;2026-04-02 13:33:36;N/A;Caixa
d2017bb18b195709dbb0eb6188f1cb23;ótimo atendimento;5;2026-04-02 13:32:09;5.23.1;Caixa
2dbff3bbed7398525f7180f772057bac;vcs complicam muito pra os usuários;2;2026-04-02 13:22:16;5.23.1;Caixa
dc71064e1955c8f6f58fa37a6d282cd8;Lento. trava. buga. E começa de novo. isso com celular e internet boa. Como informado trava e buga. Sim atualizado. Pede login novamente. cadastrar novamente. As vezes aceita biometria e as vezes nao.;1;2026-04-02 13:20:59;5.23.1;Caixa
62bb029ff7f5cc4d90a9061c20e3a4df;o app ultimamente está caindo durante o uso muito instável;2;2026-04-02 13:19:18;5.23.1;Caixa
64afd52ebfb72c3fbc7711391453e6f6;TODA vez que atualiza não aceita mais a biometria e não aceita a senha. tenho que fazer sempre um usuário novo.;1;2026-04-02 13:15:56;5.23.1;Caixa
d71df41cf90d8be2fd50a10c366019e8;destes de o mês passado não está dando certo eu entra no aplicativo;1;2026-04-02 13:11:28;5.23.1;Caixa
0213c89b1964a1aa7d105997d21c6678;não consigo ver aplicação no momento.;2;2026-04-02 13:09:27;5.23.1;Caixa
517e1fae47852ee34640999c3fbe21f8;provaria o aplicativo;1;2026-04-02 13:05:37;5.23.1;Caixa
0077ddee28faa541ead22c5b9f661b01;toda vez fica dando erro no login, e quando cadastra dinovo tem que comparecer na agência para desbloquear o aparelho, uma palhaçada isso, frustrante;2;2026-04-02 13:03:30;5.23.1;Caixa
b5bb5c916aa5814e9f508034e0385c82;🥰🥰🥰👏🏻👏🏻;5;2026-04-02 13:01:19;5.23.1;Caixa
184d61cf72ad6b2f04d0278405d5a8ea;aplicativo difícil de usar;2;2026-04-02 12:58:28;5.23.1;Caixa
27838bda690e43a1cd3caf7e16a0ef5e;"Pior a cada dia sempre com ""bug"" toda hora quer que faça novo cadastro vive com erros não acessa. horrível não resolve sempre igual faça novo cadastro erro (B-SHN-44) está escrito o erro constante a dias acima pede pra cadastrar o usuário aprova e gera o mesmo erro (B-SHN-44)";1;2026-04-02 12:58:21;N/A;Caixa
d41a149e9bc74fd97f468f2a2efa51a9;horrível! bloqueia me acesso do nada e quando faço um novo cadastro, não me deixa entrar no aplicativo;1;2026-04-02 12:57:55;5.21.1;Caixa
438c3743ff7047bfd31d935fd21e7a5b;vive dando erro pra logar, não é prático pra usar e tem inconsistências dentro dele. se não tivesse conta em outro banco já teria passado muito perrengue por causa desse app. em resposta ao comentário da caixa, faço isso de desinstalar pelo menos uma vez por mês. tem 2 dias que não consigo acessar o aplicativo, mesmo já tendo reinstalado. quanto a entender o que está acontecendo, bem, meu comentário é bem claro.;1;2026-04-02 12:53:58;5.23.1;Caixa
14d503b077283d7ab424cf1d0f559a40;muito bom esse aplicativo;4;2026-04-02 12:52:24;5.23.1;Caixa
fbfa25041e0196046100340b04e6aa71;ótimo;5;2026-04-02 12:49:40;5.23.1;Caixa
8ba7dc81eecc1fe7a78a0b37946196cb;ótimo 👍;5;2026-04-02 12:46:54;5.23.1;Caixa
7f03d55d35d449e1cc5724da3df5a266;péssimo aplicativo! É difícil de criar a conta, o aplicativo é de difícil de entrar na conta já criada. Muita burocracia, deveriam facilitar mais para os usuários.;1;2026-04-02 12:42:17;5.23.1;Caixa
390c706efb206daaffcc53d6cf865d45;precisa melhorar maís!!;1;2026-04-02 12:41:29;N/A;Caixa
702a103c65dce719dd40d848061d2183;Não estou conseguindo fazer Pix, mesmo com o app atualizado. A aba do pix fica carregando e não abre.;1;2026-04-02 12:39:30;5.23.1;Caixa
0a96e97f58922b1166d199809d57b226;ótimo;5;2026-04-02 12:31:59;5.23.1;Caixa
4c15432762b9e5a9eca59ec046cb8a57;ótima;5;2026-04-02 12:31:43;5.23.1;Caixa
d63ce09e16e9b92d1e86bac397944f67;aplicativo está deixando a desejar, simplesmente bloqueou não tem o que fazer,fui até a agência e não podem fazer nada, milhares de pessoas estavam lá pelo mesmo motivo que eu, não tem nem como entrar,espero que resolvam logo pois dependendo dele pra pagamentos.;2;2026-04-02 12:31:17;5.23.1;Caixa
7d6298b1263c941d4d66820268c15622;Quando fica fora do ar seria interessante mandar uma mensagem. Ficamos sem saber se pode ser alguma tentativa de fraude e isso nos deixa apreensivos.;4;2026-04-02 12:29:04;5.23.1;Caixa
3fd2e2c1f9b676032acab595f9791b7a;muito bugado app, nao abre saldo, da erro pra acessar a conta. e todos os bancos que uso, da caixa e o pior de todos. tudo que vc quer fazer tem que ter muito mais cliques para conseguir uma informação simples.;1;2026-04-02 12:27:24;5.23.1;Caixa
3b658d6a3939e5fa5b80079e29a87a2a;O que esta acontecendo com o aplicativo da caixa ja tem uns dias que estou problema,era para ajudar não complicar quero fazer um pagamento de uma conta que vence hj e diz que o aplicativo não está disponível,que ódio..;2;2026-04-02 12:25:02;5.23.1;Caixa
15e9db749dac3117c878c5ebc2c02c7a;pra variar, a caixa econômica em nome da segurança barra o acesso do usuário a sua conta. sem qualquer aviso de necessidade de atualização, simplesmente bloqueia o acesso por biometria, pela senha. impõe um recadastramento por reconhecimento facial, que demora para ser validado, e enquanto isso não posso usar o app... que lixo!!;1;2026-04-02 12:23:44;5.23.1;Caixa
70f636f6a5e215b47c4f630b1b9e3280;muito bom;4;2026-04-02 12:22:13;5.23.1;Caixa
222d87eb667d74b02e3eb49525c4beb9;pior aplicativo de banco trava tem q ficar fazendo novo usuário sempre;1;2026-04-02 12:21:31;5.23.1;Caixa
1f48544f34c9e0624e0744809c35ae89;Um lixo de atendimento tenho conta poupança há anos nesse banco e agora estou tentando fazer a portabilidade do meu salário para a Caixa e abri uma conta corrente... meu cartão não chegou até agora. Os atendimentos tanto presenciais quanto por telefone são péssimos desligam na sua cara sem resolver o problema. Atendentes sem educação. Olha é triste viu... Um banco necessário à população tão caótico assim.;1;2026-04-02 12:20:17;5.23.1;Caixa
bc0392e8b67098ed5462c8b6fb454fd4;Sitema Indisponível;1;2026-04-02 12:18:03;5.23.1;Caixa
438f2446331f1aaeb6d57c681c22d685;O aplicativo perde o acesso com muita frequência e toda vez que isso acontece é preciso ir ao banco, muito desgastante esse problema;1;2026-04-02 12:17:49;5.23.1;Caixa
41607eecbed5e5d92bb8ed724976d6ec;excelente;5;2026-04-02 12:14:04;5.23.1;Caixa
b811c64b2df94c59e1f86f981b0e265f;lixo;1;2026-04-02 12:12:55;5.23.1;Caixa
f6c103b6827c8d430ec9b012df34da2f;ótima;5;2026-04-02 12:10:45;5.23.1;Caixa
579da634f11f83110b94571b9e3576b1;muito fácil e prático;5;2026-04-02 12:10:39;5.23.1;Caixa
3a832a793126c094d661494fd3665252;Sinceramente viu a pessoa não consegue cadastrar 2 contas nesse aplicativo pelo amor de Deus melhorem isso a pessoa precisa usar essa lástima e só tem aborrecimento essa peste desse a aplicativo so faz raiva que a pessoa precisa fazer um pagamento febi do rato🤦🤦🤦🤦🤦🤦;1;2026-04-02 12:10:02;5.23.1;Caixa
86b4bdc2bce0877e0204436338e8490c;deveria fazer uma atualização está dando erro;1;2026-04-02 12:07:27;N/A;Caixa
f44accd81eeaa5e38371b68a04242c17;não está efetuando login nem cadastrando novo usuário;1;2026-04-02 12:05:56;5.23.1;Caixa
c346d06c5819a6922c0e54e18653dd82;Do nada eu não consigo entrar mais no app, a dois dias tento entrar, refazer senha e nada, volta do início.;1;2026-04-02 12:04:36;5.23.1;Caixa
7f4b8c1ecbe4424e01579346a50e1fe2;ótimo;5;2026-04-02 12:03:02;5.23.1;Caixa
38ede4b01e2f4da0aaeaa1d7dd46265e;ta tendo um erro no app caixa agente entra e fica um círculo laranja gurando e não sai disso atenção desenvolvedores do app veja isso aí;2;2026-04-02 12:01:46;5.23.1;Caixa
9c75254317daa68208ab414837a65bfb;muito boa.;5;2026-04-02 11:58:57;N/A;Caixa
563709c8333633c092a4e0b9722b8a71;muito bom;4;2026-04-02 11:58:05;5.23.1;Caixa
d1d47289080ea6f5aac89cef864af62f;Nem as funçoes básicas (saldo e extrato) funcionam corretamente. Precisa melhorar muito.;1;2026-04-02 11:55:49;5.23.1;Caixa
a7a8166e6d5fc29461a27ad5ce367a2d;Que foi isso essa última atualização?? nao consigo fazer login pede o cadastro novo, a gente faz e dá erro, horrivel liberaram pra uso parece que nem testaram... Depois nao querem ficar mal falados do sistema da caixa!;1;2026-04-02 11:54:03;5.23.1;Caixa
46b7bbfd39883717e9e159b88272e96b;excelente;5;2026-04-02 11:53:56;5.23.1;Caixa
5014a95f7472d8f714ef7606400bd770;o app fica dando erro quando na biometria;4;2026-04-02 11:51:43;5.23.1;Caixa
4b7609260fb04ab152ca3ce5f9337c01;toda vez,em menos de seis meses vou acessar o app e dá erro ,sempre na hora que preciso ,mas na hora de tirar dinheiro da minha conta é rápido né caixa ,basta usar o cartão de débito,e pronto desconto rápido, tô cansado dessa palhaçada!!! melhorem isso;2;2026-04-02 11:49:23;5.23.1;Caixa
c27896e94b423cd17cbae8e19a8d0b67;até que foi ótimo só que demora um pouco muito;5;2026-04-02 11:47:35;5.23.1;Caixa
709050ebdc8efda12f9a3e04510cf513;Infelizmente tem acontecido de não conseguir acessar minha conta, não permite fazer login, pede para atualizar o cadastro, está horrível esse app.;1;2026-04-02 11:47:16;5.23.1;Caixa
d1ffa6e9dc8d05933263de5e343418c3;e muito bom,;5;2026-04-02 11:45:56;5.23.1;Caixa
0cdd67a45c6f7511f3d54b6408d9e5f5;O aplicativo não está abrindo não esta aceitando a digital desde o dia 01/04/2026;1;2026-04-02 11:45:04;5.23.1;Caixa
bb4e2f1fa678080167b53ec63bb256a9;ruim demais;1;2026-04-02 11:43:09;5.23.1;Caixa
87b77b158ca87494915fb88d43ad3e8f;cada atualização o app só piora , em pleno século 21 a caixa vive nos anos 60;1;2026-04-02 11:42:03;5.23.1;Caixa
97bfff77cfb5ed1b81de3e95bae23ad2;na caixa mi da mais ceguransa;5;2026-04-02 11:37:45;5.23.1;Caixa
88d3fde03b487e064e482a9936cef8f3;péssimo banco por que sempre dar problema. não consigo entrar no dia que mais precisa outros bancos não dá esse tipo de problema.;2;2026-04-02 11:35:01;5.23.1;Caixa
aa98383220be5a514920b59e4f8f71b3;muito ruim não posso fazer nada não consigo entrar;1;2026-04-02 11:30:42;5.23.1;Caixa
5da3cde2eb139269f86feaf815321d3c;Não é ruim e horrível feio de se ver e usar, trava de mais biometria não funciona mais, e cobrado valor depois do dia e descontado dinheiro 2 3 até 4 dias depois da compra ,dinheiro que era pra cair na sua conta não aparece ,trava o carregamento toda hora sem falar que o app só serve pra ver saldo e até nisso e falha. depois de anos sendo ruim eles conseguiram piorar e muito o app desejo tudo de ruim a quem desenvolveu essee mantém a manutenção desse app;1;2026-04-02 11:30:10;5.23.1;Caixa
f20faa2769b124b0667564c5cf591792;App com sistema de segurança arcaico que impede o próprio correntista de acessar sua conta.;1;2026-04-02 11:29:35;5.23.1;Caixa
a4cb8a9d23bdc754a2bf5e9ec0df009c;bom.;5;2026-04-02 11:29:14;N/A;Caixa
8315c5d09824639bb82785302adc8707;Não consigo acessar minha conta;1;2026-04-02 11:25:58;5.23.1;Caixa
f5820dee9bcf10a32abc2d2e6b954d15;ótima;5;2026-04-02 11:24:50;5.23.1;Caixa
37f49d34c2e1e6bcb9bdd0c9e97a0888;muito bom e prático;5;2026-04-02 11:20:36;5.23.1;Caixa
903b0f4af2fb6ab30a843d1516c584e4;App só vem piorando, cada dia que passa...;1;2026-04-02 11:14:19;5.23.1;Caixa
ed6d2c7953eda81ca1e22ff3ad8b8c9f;bug app;1;2026-04-02 11:10:29;5.17.0;Caixa
86cf19874124967917ed4f59ffb707f2;precisa de mais pessoas no atendimento nas mesas, e caixas eletrônicos para depósitos na hora. Igual no banco do brasil, depósito na hora;3;2026-04-02 11:09:49;5.23.1;Caixa
5b2ea98c345f51d1576d638fd9563a5d;A cinta sai sozinha e é um século pra conseguir entrar de novo, não dá pra deixar dinheiro na conta pois quando a gente precisa não consegue acessar;1;2026-04-02 11:09:37;5.23.1;Caixa
3b7e23a30ed7c8327d189976063a68d7;não gostei, tenho que fazer pagamento e o aplicativo não abre , tive que abrir outra conta;3;2026-04-02 11:07:27;5.23.1;Caixa
9cd55ee1921370d93cb77994fbafbe57;vcs querem entender? pois bem, vc entra e o aplicativo te pede duas vezes a mesma coisa, hj não consigo por biometria, lá vai senha, sem cobrar que tive que redefinir usuário e senha novamente. mais?? posso escrever;1;2026-04-02 11:04:32;5.23.1;Caixa
bd58abf1c61336df47478987a6f5590d;criei novo usuário e senha novamente esta pedindo aguardar faz 2 horas em análises até agora nada;3;2026-04-02 10:59:55;5.23.1;Caixa
64ee224063a059b8d81326ade90652a6;os números do saldo da conta fico maio Queria que voltasse aser como era antes ficava melhor;5;2026-04-02 10:58:05;5.23.1;Caixa
2931a88728b441ab3d3ee9f6de757db2;apelido para atualizar estou precisando urgentemente;5;2026-04-02 10:53:13;N/A;Caixa
67dfc5d8b2c152db5b30b5c159cb3972;O extrato antigo era melhor quando era as cores azul o d agora é um pouco difícil d entender;2;2026-04-02 10:47:39;5.23.1;Caixa
955d7a2eb34a148bf638f9c985a420d8;hoje 02/03/ 21 Pior app do planeta terra não tem lógico um app tão ruim so funciona a hora que ele quer toda hora da usuário bloqueado a hora que vc mais precisa ele não funciona hoje dia 02/04/26 continua muito ruim não entra pede para cadastrar no usuário faz o cadastro e nada como pode um app tão ruim 🥵😡;1;2026-04-02 10:44:20;5.23.1;Caixa
c7463febf2c54ab8f49d7c4330cfc4a1;02/04/2026. Já editei por diversas vezes as minhas avaliações ao longo de alguns anos, infelizmente sempre negativa, esse app se supera em dificultar o acesso, mais uma vez passando para informar que o login é um lixo, sempre deixa de reconhecer a biometria e pra fazer um novo cadastro é um problema.;1;2026-04-02 10:44:19;5.6.0;Caixa
4f6eadc8d68e698700685687bbd00eac;a caixa é 10 gosto muito dela quando precisamos ela está sempre pronta para ajudar;5;2026-04-02 10:35:58;5.23.1;Caixa
cbd59f0291918c01ef577781541eba7a;estou gostando muito gostaria que fosse mais rápido;5;2026-04-02 10:34:02;5.23.1;Caixa
ef78076e5d60167ca1b8226ca0f4b1aa;ótimo 😌;5;2026-04-02 10:29:46;5.23.1;Caixa
8c1a24b587dc4bd849f7ae58ade31a23;ótimo valeu;5;2026-04-02 10:29:15;5.23.1;Caixa
b2012606de91c7350955a09f55f6996b;app não está fazendo o login desde ontem ... até agora estou sem fazer meus compromissos... o que está acontecendo?;1;2026-04-02 10:29:15;5.23.1;Caixa
785a683029d99d38678b77ec3f6732be;toda hora tá pedindo atualização;4;2026-04-02 10:26:55;5.23.1;Caixa
f1f19250ff4b89f76e14d6dc8dabf090;aplicativo muito bom melhor do que o gov;5;2026-04-02 10:24:46;5.23.1;Caixa
3ec313f0a17177f93b8a3e71d789cfb3;esse app não funciona estou com dinheiro parado e não consigo movimentar no PIX;2;2026-04-02 10:22:56;5.23.1;Caixa
9c7ea709bf5746d6428583e7b05db33a;muito ruim;1;2026-04-02 10:20:26;5.23.1;Caixa
ee2729861c5926caa02bec1670887215;Pior app que existe, muito lixo.;1;2026-04-02 10:18:29;5.23.1;Caixa
575040eca993022f0e15333af2ed2b95;Não poderia ser pior, não consigo sequer criar uma conta, sem falha na biometria fácil, ou cair em serviço indisponível...;1;2026-04-02 10:17:00;N/A;Caixa
25cf8df17c2ad6820229e92c5aac5896;ruim não qbre;1;2026-04-02 10:16:47;5.23.1;Caixa
9b2bd770bb286767b771565cdd2886fc;não consigo acessar o meu APP tá péssimo hj;1;2026-04-02 10:16:11;5.23.1;Caixa
9585c81847143f5fb30650987408aefb;Sem condições! Uma luta pra conseguir entrar no aplicativo! A msg diz que a Internet pode estar lenta, NÃO ESTÁ! O aplicativo é péssimo, bug atrás de bug, te deixa na mão quando você mais precisa. Aí vc vem aqui reclamar, eles respondem perguntando se o app está atualizado, sim, ESTÁ! Ele só é ruim mesmo, muito ruim!;1;2026-04-02 10:11:20;5.23.1;Caixa
fbd1c7607acfaebfc3477f8dd9903201;vcs estão bem;5;2026-04-02 10:10:40;5.23.1;Caixa
7a660c93e5af7ff657452de1d1ee5609;é melhor caixa do Brasil;5;2026-04-02 10:03:28;5.23.1;Caixa
6842d0ace07e0ba90234a42cc187c4d7;O app apresenta falhas de login, entro com a biometria, da erro, coloco minha senha e diz pra cadastrar um novo usuário, cadastro mas o código não chega no whatsapp, meu chip tem crédito, mas fica essa frescura e enquanto isso fico com meu dinheiro preso. Isso é um absurdo!;1;2026-04-02 09:56:57;5.23.1;Caixa
7a2e2c3fdfba44bee3c6dd30a76af593;péssimo!!!!;1;2026-04-02 09:52:18;5.23.1;Caixa
ff1d3839bc1ce303186afc6e78c41fa0;Como Pode um Banco deste Tamanho, Ter um Aplicativo LIXO Desse.;1;2026-04-02 09:48:02;5.23.1;Caixa
f3118cd320d38f6959fc60307672828b;vive perdendo o login;1;2026-04-02 09:40:42;5.23.1;Caixa
5f6ec235bbb0330c3e49508231c8a0bd;aplicativo lixo;1;2026-04-02 09:39:58;5.23.1;Caixa
f93c238c1d29c5ca9c2e15e60f5ecc34;era o melhor banco, agora todo mês tem atualização e sai o cadastro, tenho q tá fazendo tudo d novo, preciso pagar contas urgente e fica atrapalhando.;2;2026-04-02 09:35:52;5.23.1;Caixa
297ab3ec70ce37cda647299ab6c00205;ABRI UMA CONTA ,MAS NÃO ANOTEI OS DADOS DELA, PQ ENTRAVA COM.BIOMETRIA. PERDI O ACESSO. E NÃO CONSIGO ENTRAR NA CONTA,PQ NÃO RECEBO O CÓDIGO DE REDEFINIÇÃO DE USUÁRIO E NEM DE SENHA. AFF. A CONTA É NOVA. E TO COM GRANA LA Q PRECISO SACAR. MAS NÃO TENHO O DADOS DA CONTA.;1;2026-04-02 09:35:01;5.23.1;Caixa
6732935644da2281c7ba2fd4c03d0ee3;App não funciona para entrar na conta , com digital e lembrar usuário ativado desde 1/04/2026. como resolver CAIXA ECONÔMICA;1;2026-04-02 09:33:23;5.23.1;Caixa
f473672caecb73f21a1cd128550c04dc;Ah tô precisando atualizar o getmente;5;2026-04-02 09:31:21;5.23.1;Caixa
4f6d81f6eb13a7ca72619502bdfaad69;muito bom esta atendendo minhas necessidades;5;2026-04-02 09:28:15;5.23.1;Caixa
ad6a86b8ee1e316bbaf7a05f21501237;péssimo não abre quando a gente precisa,Pix e pagar conta demora pra abrir e ainda a gente passa vergonha no comércio pq não abre quando precisa.;2;2026-04-02 09:21:46;5.23.1;Caixa
2916158101787b1f0ad7a2815b6a179d;tem que melhorar muito ainda...;2;2026-04-02 09:19:07;5.23.1;Caixa
0bb3676aef62aa0365077a51ac9ec88a;aplicativo muito bom e eficiente;5;2026-04-02 09:16:57;5.23.1;Caixa
6e3350b1847bb42fa12446e3ecea70eb;"Nesse exato momento, hoje. Não, tá funcionando, o login com biometria, em seguida exige login com senha. Quando adiciono a senha, dá erro, não consigo acessar o App Caixa. O código não está chegando, até WhatsApp. """"Atenção jurídico da Caixa Econômica Federal, as bizarrices criminosas da plataforma Whatsapp ⁉️ Péssimo, terei de cadastrar, usuário e senha novamente App Caixa? """"APP CAIXA VERSÃO 5.23.1 P";1;2026-04-02 09:13:59;5.23.1;Caixa
54ddacda43f0c12fd88f68dc7bcd183c;esse aplicativo precisa de reparos pois toda vez desaparece minha conta;1;2026-04-02 09:12:31;N/A;Caixa
d4421642824eb11d841b3d3d1768bc00;melhorou muito desde a última atualização...;4;2026-04-02 09:09:11;5.23.1;Caixa
530ae1d6d8950eabe2bf746fa9cae3d6;aplicativo péssimo, ruim pra manusear, e vc faz cadastro de biometria, o app de vez em sempre recusa.;2;2026-04-02 09:08:44;5.23.1;Caixa
86a2785f2726874618410d3a0c9086a8;muito bom;5;2026-04-02 09:08:34;5.23.1;Caixa
70b8ed7137fb70346068c10637f0f338;SE NÃO ENTENDEU AI FICA DIFÍCIL ,EM MUNDO VIVE 🫣CAIXA ECONÔMICA FEDERAL , TO CADASTRADO NO DDA NA CONTA CORRENTE , NOTIFICAÇÕES DDA EM COF NÃO ESTÃO ENVIANDO NOTIFICAÇÃO DDA ..JA FIZ DE TUDO PARA RECEBER NOTIFICAÇÕES DDA ..OU VOCES AINDA TEM QUE ADAPTAR OS ENVIOS NOTIFICAÇÃO DDA Para EU RECEBER NOTIFICAÇÕES NO PUSH OU SMS DDA;2;2026-04-02 09:06:58;5.23.1;Caixa
5fffa430b200eb3f442fb735860b59d6;ótima;5;2026-04-02 09:05:43;5.23.1;Caixa
99d2d1a9b41c38b38528e91b5554357e;Muito bom 😎😎💪💪!!!!;5;2026-04-02 09:05:26;5.23.1;Caixa
2ad80412596078d5c52b2217591e0e42;O app dá erro para acesso com a biometria com frequência. quando a gente precisa fazer uma transferência o app está indisponível no momento.;1;2026-04-02 09:02:23;5.23.1;Caixa
09904f4ec159e6b5616ba62cec857413;facil de usar;5;2026-04-02 09:01:17;5.23.1;Caixa
0e3ec121ea585f21b3ec1d957910b572;eu n consigo fazer o cadastro de jeito nenhum horrível esta aff;1;2026-04-02 08:58:33;5.23.1;Caixa
2e4a7a1ea1a5866c31fe94d9f06811ef;app horrível;1;2026-04-02 08:58:04;N/A;Caixa
7f0b60bb934d4f08f545cdf3859384ad;otima;5;2026-04-02 08:52:03;5.23.1;Caixa
459abb6362ab35e483c70f9030e92134;toda vez fica pedindo para criar um novo usuário. e agora com esse reconhecimento de rosto não está dando certo entrar na minha própria conta. sinceramente, cada dia pior. eu não consigo entrar na minha conta. pedi para fazer um novo usuário e depois pedi para cadastrar um rosto e depois não aceita.;2;2026-04-02 08:47:34;N/A;Caixa
30e1484d01dab8d0dab71926af6085d7;muito bom mesmo;5;2026-04-02 08:42:14;N/A;Caixa
6481872a5880b9af43c69bf87ea5c3ca;muito bom;5;2026-04-02 08:41:52;5.23.1;Caixa
6f3059fd2b7207ff80b92322f76f7418;não se consegue visualizar as transferências agendadas aparece muitas inconsistência nos relatórios difícil faser mudança nos agendamentos ou até mesmo saber se eles existem assim não se pode ter sertesa se foram cancelados ou não;3;2026-04-02 08:39:02;5.23.1;Caixa
7e8a3fb439618a5e52e64d4625be2f52;é comum o app deixar de funcionar, não reconhece a biometria e nem a senha, deixa o usuário sem nenhum tipo de acesso. não consigo acessar pela biometria, ao tentar com login e senha pé de novo cadastro, e ao tentar o cadastro informa que um código de validação será enviada por WhatsApp, porém esse código nunca chega.;2;2026-04-02 08:34:28;5.23.1;Caixa
980dace45689cf914edb07c9ee927ebc;gosto muito;5;2026-04-02 08:33:18;5.22.0;Caixa
0cc183a81a6bec57078b8c4d0e571226;Desde de ontem que não consigo entrar no aplicativo, fala erro na senha.;2;2026-04-02 08:28:32;5.23.1;Caixa
2d7be1dff1b6e814def1de4876447e61;nada funciona, vive dando erro, atualizaram jo 2/03/26, não recebo a msg com código de verificação, sigo em esqueci a senha , válida e não recebo código no Wats. Não tenho a opção de cadastrar novo usuário, pois volta a maldita tela.Atendimento no watts não tem a opção que ajuda a resolver.;3;2026-04-02 08:24:44;5.23.1;Caixa
3dea33428b1ae02b0ac0b085d0b6e930;O aplicativo é bom, completo e fácil de usar.;5;2026-04-02 08:20:22;5.23.1;Caixa
225d975bdebd878a968f2ca07f4e6da0;excelente;5;2026-04-02 08:18:44;5.23.1;Caixa
97749d6c0d477c78383278075388d964;muito ruim péssimo, estou um dia sem conseguir usar o aplicativo.;1;2026-04-02 08:16:22;5.23.1;Caixa
9dff7927d8b974621c39909f64f6e991;Muito satisfeito com o Aplicativo!;5;2026-04-02 08:15:55;5.23.1;Caixa
2b09621f6c11ca7ddb0130c38545d10b;ótimo;5;2026-04-02 08:12:45;5.23.1;Caixa
918e6e8c333533b856c0799540003b9a;ótimo;5;2026-04-02 08:06:43;5.23.1;Caixa
b52d0547a351e3ca302cb657407bad19;estou com um problema com código 6901 e não consigo acessar minha conta poderia me ajudar;1;2026-04-02 08:02:40;5.23.1;Caixa
8767c32d8feb217875eaaa8afe32e79f;"O mais lento e mais ""antigo"" no sistema. É lerdo. Demais. atualizou, mas ainda precisa melhorar muito. tenho outros, só esse, pede senha mesmo colocando digital, a gente põe digital e depois de algumas vezes, pede senha. além de atrasar pra abrir, atrasar durante o uso, ainda pede senha, mesmo colocando digital. o mais lento de todos é esse.";3;2026-04-02 08:00:15;N/A;Caixa
ea8d477a97d789b0e6bba3d94b57066d;esse app é uma bomba demora muito carregando, vc tem q ficar saindo e entrando no app para abrir e o problema não é a Internet;1;2026-04-02 07:52:27;N/A;Caixa
498d581cc9607bdb067f93f4c15d213a;muito bom mas como faço para descobrir a senha do cartão?;5;2026-04-02 07:51:30;5.22.0;Caixa
cace58fa09814bdc08e55a75e5c0ebd4;desde cedo não consigo entrar da falha e pede senha quando ponho senha pese cadastrar outro o problema que se redefinir tem ir toda vez na caixa eletrônico desbloquear e até agora nada de conseguir entrar e não tem atualização as aparecendo pra mim;1;2026-04-02 07:48:20;5.23.1;Caixa
0fb0c7410673def785a9ac458275622f;ótimo agradeço;5;2026-04-02 07:40:28;5.23.1;Caixa
8b931dbe20e48b31e38cd366a15767b1;só está travando. pior aplicativo . Não tem como acessar minha conta.;1;2026-04-02 07:34:27;5.23.1;Caixa
cfa2200acfaaa017391fda52fe90966e;acho o app bastante funcional;5;2026-04-02 07:21:35;5.23.1;Caixa
817951625cb8e40f6b9038d31a024413;já foi melhor hoje nao quer mais fazer login mesmo com a senha certa não consigo nem criar outro usuário pq ele da erro o aplicativo não loga não faz nada ele da erro de internet mesmo o celular estando conectado ele bloqueia os loguins sozinho e vc não consegue fazer nada o aplicativo está na última versão já exclui baixei novamente e nada resolvido;2;2026-04-02 07:17:51;5.23.1;Caixa
7a70078545d6be13b52c6388e5974814;aparece a seguinte mensagem Algo não saiu como o esperado! VERIFIQUE O USUÁRIO INFORMADO OU CADASTRE UM NOVO USUÁRIO. (B-USU-02)Cadastrar outro menos usuário às vezes você não consigo entrar no aplicativo o meu celular é o moto g75 android 16,não consigo mesmo tentando cadastrar outro usuário ele pede para tirar uma foto do rosto quando eu tirar foto do rosto dá erro ih já foi na caixa e não consegui resolver o aplicativo está atualizado;1;2026-04-02 07:15:10;5.23.1;Caixa
1ed386da7bbbcfb73a6a346099ffb873;Os Gerentes e funcionários Sempre atentos quando precisamos. só tenho a agradecer.;5;2026-04-02 07:10:22;5.23.1;Caixa
3d71419f59ba00d738077dc1592905d9;Depois de uma atualização, o app está deixando muito a desejar, já me deixou na mão várias vezes qnd precisei pagar um Uber, uma conta de restaurante, no supermercado.. não reconhecendo minha biometria, fico sem conseguir acessar e sem poder efetuar meus pagamentos, um absurdo isso! Por favor consertem isso!!!;2;2026-04-02 06:57:02;5.23.1;Caixa
57df7607fb8d13791326f4c928bbea84;Horrível, vive falhando pra logar, mandando fazer um novo usuário... a parte responsável por esse app deveria ser trocada, ou fazem isso de propósito pra alguma coisa? Não é possível tanto bug o tempo inteiro! Infelizmente somos presos à caixa econômica por algumas questões trabalhistas, senão , já não usaria esse banco há tempos!;1;2026-04-02 06:43:50;5.23.1;Caixa
4a2f06013066900b30cbb5d0429644dd;muita praticidade , muito bom!;5;2026-04-02 06:42:42;5.23.1;Caixa
7296b2125a3b7b65f1de9bd310bbfd34;Muito eficiente;5;2026-04-02 06:11:51;5.23.1;Caixa
d74e9b166177736730a3bf0c7636e831;péssimo;1;2026-04-02 06:10:49;5.23.1;Caixa
7cbeea7cbff7b760ea1b3b5f0d96a27b;pra mim é ótimo;5;2026-04-02 05:47:31;5.23.1;Caixa
29f47153d71eeffaf9559c5683f88de7;o as plicativo da caixa é complicado de mexer,esqueci a senha de transição desbroquei e quando fui entrar broqueou a senha de acesso pelo celular ,e é muita borocracia pra desbroquear tinha q ser igual o itau facial.;3;2026-04-02 05:39:52;5.23.1;Caixa
17c55650cd4cd406bada692128c70718;Preciso cadastrar usuário novamente , fala que enviaram código para o whatsapp e não enviam . Estou há dois dias tentando resolver e nada . Suporte por telefone diz que é instabilidade do sistema e fica por isso mesmo;1;2026-04-02 04:35:16;5.23.1;Caixa
b4f1eeb78dd084afe7a6dbd7e8f43af6;impossível atualizar os dados nesse aplicativo, cada vez pior isso daqui;1;2026-04-02 02:50:15;5.23.1;Caixa
dc650ac9747226304525a80a43d15338;me lhor banco;5;2026-04-02 02:37:17;5.13.1;Caixa
c8c1de6de42c651546aac007387d212f;show;5;2026-04-02 01:44:27;5.23.1;Caixa
532d0a28134f47d3ef10b64f254c1575;não estou conseguindo entrar na minha conta. so da erro e o código quando chegar no WhatsApp não copia para esta atualizado app da caixa.;1;2026-04-02 01:42:25;5.23.1;Caixa
cd369aeea2f40937a133dad2f522e2fc;Aplicativo com problemas,sem poder acessar ,isso é recorrente infelizmente. Precisa melhorar, único a dar problema na hora que precisamos, terceiro dia com problemas,sem poder acessar. Espero que melhore. 01/04/26 novamente aplicativo com problema,sem poder usar ,sem acesso ao sistema. quando irão facilitar o acesso para que possamos usar;3;2026-04-02 01:22:25;5.23.1;Caixa
bd91a79ea5a8a0ce7de01e3789f33b1b;apresentando problema...;1;2026-04-02 01:17:05;5.23.1;Caixa
4e1937e96be4cdacaec235c66a02205d;fácil de acessar;5;2026-04-02 01:11:50;5.23.1;Caixa
7793d7d0383a577756919ec757ca0c0f;Aplicativo bom;5;2026-04-02 00:44:15;5.23.1;Caixa
72c9d1465732de8009efdac0dd7f15ae;muito bom;1;2026-04-02 00:24:45;5.23.1;Caixa
e65699bff405fe09f871653009ff409e;tou tentando entra no app, nao tou conseguindo;2;2026-04-02 00:12:01;5.23.1;Caixa
e685b418ae271bb52ad8cb114a2c1f9b;deixei faz um mês lá na conta o dinheiro para prestação que é por débito,fui ver agora e não debitou e está me cobrando a prestação.;3;2026-04-01 23:47:24;5.23.1;Caixa
e8e545f0f166d086bca2e3f3b2ec193b;péssimo! É instável. você cadastra o usuário, e a maioria das vezes não te permite entrar no app, tem que mudar a senha e recadastrar. vive travando e fora de serviço. Um stresse total.;1;2026-04-01 23:45:07;5.23.1;Caixa
f8ab70b845258a5f1472bfd1ccfe1945;não consigo acessar minha conta,o app simplesmente não reconhece minha digital coloquei a senha disse ser inválida, cliquei pra fazer nova senha e não recebo o código por whatsapp,já desinstalei,atualizei e não consigo acesso..meu Pix é cadastrado na caixa tenho dinheiro lá e não consigo usar pq nem cartão eu recebi ainda;1;2026-04-01 23:31:24;5.23.1;Caixa
ad6eb2b73d08f34756d06e3101c2a7de;Muito satisfeita !!!;5;2026-04-01 23:14:03;5.22.1;Caixa
3b3546047a8a5a8c2f4a4e9a2a5f5ea1;otima;5;2026-04-01 23:12:19;5.23.1;Caixa
0969854fcb8999e608c3ff2d8c44db80;ótimo;5;2026-04-01 23:10:09;5.23.1;Caixa
ac63874cd4d984a1ef4e3849bd6f526b;a sincronização perto direto, toda vez tem que criar novos usuário. tá um saco.;1;2026-04-01 23:09:17;5.23.1;Caixa
2db639bd4fded5c70c588e46dc919604;horrível.;1;2026-04-01 23:05:01;5.23.1;Caixa
818a90ffb0122efb4edc88c6d2a58e84;Para mim está difícil não consigo fazer tudo.;4;2026-04-01 22:48:35;5.23.1;Caixa
76d057eb1c2d3e8314985ea9a8655b92;já tentei várias vezes e não consegui abrir o aplicativo caixa;3;2026-04-01 22:44:50;5.23.1;Caixa
043efaecf93d6d02125c846044a57511;ótimo;5;2026-04-01 22:43:05;5.23.1;Caixa
1dcb8dcab251554c1c14adabb60a51b5;saque aniversário;3;2026-04-01 22:42:22;5.23.1;Caixa
f6e226fa813e080a6194fed47c75728d;mais uma vez esse aplicativo decepciona, sempre tive o acesso boa biometria agora não consigo acessar é nem cadastrar novo usuário, o app diz que vai mandar um código pelo whatsapp é esse código nunca é enviado ao fico sem conseguir acesso, péssimo.;1;2026-04-01 22:39:59;5.23.1;Caixa
b76cb768d02e3d9c49cabc25bfbdd010;onde já se viu , só poder pagar a própria fatura , na sua própria conta, apenas em horário comercial??? É um aplicativo, a função é facilitar. Daí vc vai pagar a própria fatura e não consegue por esse detalhe de horário.;1;2026-04-01 22:38:42;5.23.1;Caixa
b1dca13066bb630e8d3f163a0c721e55;Cheio de falhas e com recorrência de instabilidade. Segunda vez que busco realizar o uso para algo importante e me deixa na mão sem acesso, sem possibilidade de pagar contas. Creio que melhorará quando começarmos a processar por danos morais. Um vergonha!;1;2026-04-01 22:38:28;5.23.1;Caixa
33b8755f1604f388cf4e2085a35feae4;não sei o que está dando mas não consigo entrar nem na minha e nem da minha mãe , vai pagar as contas como? aparece mensagem de erro;2;2026-04-01 22:35:05;5.23.1;Caixa
67750ef99d5d050d16e59bbc30a07cf5;Tento entrar pela biometria e não dá, tento pela senha, pior ainda. Agora está pedindo para cadastrar um novo usuário. Sempre os mesmos problemas.;1;2026-04-01 22:34:10;N/A;Caixa
4e68b33f5af534ad1cca86b6d3605005;Péssimo;1;2026-04-01 22:23:51;5.21.1;Caixa
4aaaf2e24045cea79306932bf05fb03e;"serviço muito bom, em relação ao atendimento pessoal ; quanto ao aplicativo ,deixa um pouco a desejar em relação a senha sempre dando problemas .";4;2026-04-01 22:21:07;5.23.1;Caixa
9072d03eae12e9deba8eee3aa24bb558;não entraaaaaaaaaaaaaaaaaa 👿👿👿👿👿;1;2026-04-01 22:18:09;N/A;Caixa
5641917db4ac83b1cb7b480f288f9213;aplicativo vagabundo igual os serviços da caixa;1;2026-04-01 22:18:01;5.13.1;Caixa
93c5370db0e082f81522d463d6df68eb;Sistema fora do ar e pedindo para recadastrar;2;2026-04-01 22:16:47;5.23.1;Caixa
6043d95e9a6cbceac0d7ab7b85ce72c9;Avaliação nota 10;5;2026-04-01 22:06:36;5.23.1;Caixa
4c678585e1c34f3edb76422c8e602a0f;razoável;3;2026-04-01 21:57:42;N/A;Caixa
f70325b48f8cb73a2d2a843983a1b727;1° de Abril dia da mentira e não é mentira o tanto k esse aplicativo fez raiva hoje . não abre de jeito nenhum. só aparece erro .. brincadeira não poder fazer um Pix, caixa resolva isso logo;1;2026-04-01 21:56:42;5.23.1;Caixa
5321d94ddc25d0df597893bf534bd6ef;😒😒15/09/2925 - Não reconhece usuário tem que ficar fazendo novo usuário. Chato isso na hora que você tá com pressa e precisa usar, tem que ficar perdendo tempo cadastrando tudo de novo. 😡 Problema recorrente, quando você menos espera, tem que cadastrar novamente. 😏Sempre que precisa não funciona, não loga, trava. 🤬01/10/2025 na hora que vc precisa, está com pressa -> cadastrar novo usuário 😡03/2026 cadastrar novo usuário... 😡01/04/2026 cadastrar novo usuário;1;2026-04-01 21:51:48;5.23.1;Caixa
d32bcd6eef8d12b0c87d70328ff89d16;otima;5;2026-04-01 21:45:06;5.23.1;Caixa
22d5fc6d1fc4b91a73e41dff2106f8f2;O dia todo sem conseguir fazer um pix, que banco lixo! aplicativo lixo!;1;2026-04-01 21:42:05;5.23.1;Caixa
e222a8d881ccb4c069094bc475ae4f04;muito bom;5;2026-04-01 21:38:10;5.23.1;Caixa
b24ffdba80e87a091a3533ba1932e1d5;Sensacional. Fácil, prático e funciona muito bem. Consigo resolver pelo app e cx.eletrônico sem precisar enfrentar filas e senhas de espera.;5;2026-04-01 21:34:50;N/A;Caixa
ca02e01d3a2d6e754a6c6f6fa53e8793;Péssimo app... Volta e meia dá problema de acesso... Está um dia inteiro sem funcionar e sem previsão de normalizar... Simplesmente lamentável...;1;2026-04-01 21:31:29;5.23.1;Caixa
0a93e463018a08907b1e13feffcc4358;Sempre tenho que ficar renovando o cadastro porque a biometria não funciona;4;2026-04-01 21:26:44;5.23.1;Caixa
014f8a1e1cd8dea288cf99d2f4a0a30a;queria abrir uma poupança e conseguir abrir a corrente como fuciona e descontado alguma coisa do saldo;1;2026-04-01 21:10:23;5.23.1;Caixa
c8394150a751a4d841b21da2fe83134e;abrir minha conta da caixa naõ estou conseguindo abrir o aplucativo;5;2026-04-01 21:07:52;N/A;Caixa
efba1a6f646e898e514588f4a6d83367;Excelente!;5;2026-04-01 21:06:08;5.23.1;Caixa
dd5abca1457cb5c2d0f39611269023e8;muito bom recomendo;5;2026-04-01 21:00:43;5.23.1;Caixa
176dcfdb917b98efd6da420b820798ff;O Aplicativo da Caixa voltou a funcionar depois que eu limpei o cache do aplicativo;4;2026-04-01 20:57:34;5.23.1;Caixa
c608290da6dfdd2db9a6d98a85442336;péssimo sempre com problema pra acessar, se precisar resolver algo urgente irá se complicar pois não funciona.;1;2026-04-01 20:57:22;N/A;Caixa
97a2a27036dd0390fe38bbc612196ff3;muitos erros na hora de fazer login.;1;2026-04-01 20:55:50;5.23.1;Caixa
9a4f35fb3aa6b514e0e35ad306b49bc7;é muito bom aplicativo só que depois só não estou conseguindo mais abrir a conta;4;2026-04-01 20:54:55;N/A;Caixa
801e7b4fe9475305d14e69d59bcad657;retiro tudo que eu falei vou mudar de banco porque tá difícil o aplicativo não funciona falha você desinstala vai instalar de novo não consegue cadastrar usuário está difícil.;1;2026-04-01 20:49:43;5.23.1;Caixa
0e5a9b6d638023dacbfb63869cc0c946;faltam um pouco mais de explicações;4;2026-04-01 20:46:21;5.23.1;Caixa
986e06f54e1dd6888f648ba914420b9f;o Pix dá erro todo dia um do mês;1;2026-04-01 20:46:09;5.23.1;Caixa
278268c1c18518acb1434ff577e9bfda;muito bom;5;2026-04-01 20:40:56;5.23.1;Caixa
ec51af06ac4cbc70dba171fb7cb61aa8;é o pior banco que já ví todas as vezes que que a gente compra um celular tem que ficar cadastrando;1;2026-04-01 20:36:25;N/A;Caixa
9c23bd0fb849140b2aacfe70129981c3;Péssimo aplicativo. Passei a utilizar qdo adquiri minha casa própria que foi financiamento da Caixa então nada mais certo que ficar tudo por esta agência. Me arrependo muito. Aplicativo trava demais, fica horas pra fazer uma transação. Precisa melhorar muito. Uns dos piores que já utilizei. A gente fica presa ao aplicativo para resolver nossas pendências.;1;2026-04-01 20:31:31;5.23.1;Caixa
1a177ca0130197645517eac117bd9676;pior aplicativo que já usei na minha vida;1;2026-04-01 20:28:08;5.23.1;Caixa
5f9d526d8618377465dc85394fb71f42;dois dias que não funciona, Problemas diários;1;2026-04-01 20:24:14;5.23.1;Caixa
c488bd261ca18a04310692c63d126d5d;o aplicativo não funciona.;1;2026-04-01 20:21:40;5.23.1;Caixa
d47ab4f1272deb2759cc82deeaa1b1a3;Pior aplicativo, sempre fora do ar, sempre senha inválida, sempre usuário inválido. Nunca vi algo tão ruim;1;2026-04-01 20:18:15;5.23.1;Caixa
b11c2e5cd0c2bbcd16ab7c33fb0dfea1;ótimo;5;2026-04-01 20:17:16;5.17.1;Caixa
4f9f48502583f98fd2529e78c680491f;gostei muito;5;2026-04-01 20:11:18;5.23.1;Caixa
bb7342157efac092227eee399084ddca;eu achei maravilhoso;5;2026-04-01 19:58:05;5.23.1;Caixa
8fb600ace28d9540b16495765de40372;péssimo, toda vez tem que renovar a senha para entregar nesse lixo de app;1;2026-04-01 19:54:33;5.23.1;Caixa
8ede3a4343631caa89122d5b932297e4;muito bom mesmo o aplicativo caixa;5;2026-04-01 19:53:40;5.23.1;Caixa
d86e1536fc8f60a67ee854be66ff86e5;Estou gostando muito de usar esse aplicativo.;5;2026-04-01 19:48:35;5.23.1;Caixa
1a5ac19006c5890518aa227ce497ef36;vira e mexe o aplicativo buga e não deixa a gente acessa com a biometria ou msm a senha sempre tem q fazer outro nome de usuário e nova senha Por ser o aplicativo de banco não era pra acontecer isso 😐;3;2026-04-01 19:41:08;5.23.1;Caixa
c94f3ed0adb426f4b64a790ee9354a1a;Falhas técnicas;1;2026-04-01 19:38:22;5.23.1;Caixa
55a6e846662825c563b213141c8f962c;muito profissionalismo e responsabilidade obrigado.;5;2026-04-01 19:36:43;5.23.1;Caixa
bfa8c43d8481b6b11326d4c495f9e161;Que app ruim!!! Vira e mexe, não consigo entrar e tenho que fazer um cadastro novo. Isso quando dá pra fazer outro cadastro.;1;2026-04-01 19:31:56;N/A;Caixa
3e0d2ec74d861068553765d8176fe702;não estou conseguindo acessar minha conta desde se ontem, oque aconteceu? estão pedindo para min cadastrar um novo usuário.. como se tivesse trocado meu login e Senha, desde de cedo não consigo acessar minha conta;2;2026-04-01 19:28:20;5.23.1;Caixa
d5a8eee3d0729d62a10af3dfa1428e40;ótima;5;2026-04-01 19:26:51;5.23.1;Caixa
6483605bdb5926fcb454d3e66ff38617;ótimos;5;2026-04-01 19:22:25;5.23.1;Caixa
a46ae0c5b5ee6570363e17e06fdab729;alguem sabe me dizer se o banco da caixa tá fora de ar ainda;3;2026-04-01 19:22:20;5.23.1;Caixa
507d1a2944338aeeda34885f45f9560d;excelente;5;2026-04-01 19:18:13;4.9.0;Caixa
00b1c670f57c83b876e3b69cbaa53b8a;funcionando perfeitamente;5;2026-04-01 19:17:08;5.23.1;Caixa
f19005da8936c4efdeac4242aa3f14b9;Aplicativo está horrível;1;2026-04-01 19:10:36;5.23.1;Caixa
c3580a4ad26ac1bebcfee596e59f1422;muito eficiente o aplicativo ja tem bastante tempo q uso. e numca min deixou na mão so tenho a agradecer;5;2026-04-01 19:10:04;5.23.1;Caixa
7b72084d5eaac9a4df0b4cbc23717271;Todo mês é uma história diferente pra mudar usuário e senha, e o uso vai só piorando. Sempre deixando o usuário na mão;1;2026-04-01 19:08:38;N/A;Caixa
c96e9222a1364170c70abe06e26e7c65;péssima 😕. muito ruim mesmo. nunca vir uma empresa tão enrolado com os seus aplicativos. não sei pra que pedem pra usa, porque quando vamos usar não funciona e uma bagunça. e uma pouca vergonha por uma empresa tão grande e antiga ser tão enrolado e bagunçada assim. péssima mesmo.;1;2026-04-01 18:57:08;5.23.1;Caixa
a44992957941991c29f225d5d8be9c08;Muito bom;5;2026-04-01 18:54:43;5.23.1;Caixa
de79f8da0995dc11678182770b02ccb5;Dos bancos que trabalho é de longe o pior aplicativo. demora para o envio de confirmações no WhatsApp dos códigos de segurança.;1;2026-04-01 18:51:33;5.23.1;Caixa
44d5e51dd70300f7019d3effb5af5bd8;Não existe aplicativo (entre todos da play e app store) pior do que este.;1;2026-04-01 18:49:58;5.23.1;Caixa
6945a3da2855bde91da6668fc219245f;Esse app é péssimo! Sempre que vai fazer o login, pede que faça um novo cadastro! Em vez de ajudar o usuário complica mais ainda. E se a pessoa for realizar um pagamento e depender desse app passa vergonha.;1;2026-04-01 18:49:18;5.23.1;Caixa
3d8dcd0a8efb1c0fe3c77687741aeda2;ótimo;5;2026-04-01 18:48:05;5.23.1;Caixa
5f428dc278672aaa2b636286a2b273e8;excelente;5;2026-04-01 18:46:13;5.23.1;Caixa
2d545ed22d746aae3c3c22a67ec9ed29;ótimo;5;2026-04-01 18:46:13;5.23.1;Caixa
e8b9a58432a35f70a02496ad73b1c87c;péssima tentando entrar na minha conta e só dificuldade;3;2026-04-01 18:45:22;5.23.1;Caixa
761008ac3789c9827b3631954196dc73;muito ruim quando pede para atualizar cadastro e não dá opção;1;2026-04-01 18:44:04;5.21.1;Caixa
582ec840b613c283585ea613216f510b;O aplicativo da caixa cada vez pior código de verificação que não chega pedi para copiar o ZAP da caixa não permite por motivo de segurança o banco ruim.pede pra copiar código de verificação tu não consegue copiar esse código e nem inserir manualmente, e um código grande não sei pra que é tanta segurança que atrapalha até a gente que é cliente, agora eu tenho que me dirigir a uma agência porque o pessoal de TI fazem coisas complicada de mais.;1;2026-04-01 18:42:32;5.23.1;Caixa
3c17b889e306add986b99310e711803c;não estou conseguindo acessar minha conta tá complicado.;2;2026-04-01 18:42:07;5.23.1;Caixa
cc454797d413e6c2a4e465be699ad2e4;nota 100000;5;2026-04-01 18:42:07;5.23.1;Caixa
e623041bb23fdfb4fb26846d9b5ee969;O aplicativo é muito confuso e não intuitivo;1;2026-04-01 18:41:35;5.23.1;Caixa
f16f6302e15869e5ad4a407f6b442953;O app pede para digitar código do whatsapp, no entanto o whatsapp não deixa copiar como código, e o campo que era para digitar o código, mesmo manualmente,não permite digitar. Conclusão, estou sem acesso a minha conta, me causando diversos transtornos.;1;2026-04-01 18:40:23;5.23.1;Caixa
1b1b858f6faa165b706f194715d55505;o app está péssimo, não está funcionando cópia o código;1;2026-04-01 18:39:17;5.23.1;Caixa
86bd47e2599d622106f048a8fbd7f438;acessibilidade;5;2026-04-01 18:36:27;5.23.1;Caixa
bc6233952620b1f9747e020d15f7bf53;não estou conseguindo o app;2;2026-04-01 18:36:01;5.23.1;Caixa
1a41d3fb0d77b303c557e78692d7350e;pecimo;5;2026-04-01 18:35:46;4.6.1;Caixa
81aae5f9a032f4f7bed307106aae6e1b;Não encontrei nesse pagamento o número exato de parcelas ja pagas.;1;2026-04-01 18:34:58;5.23.1;Caixa
1cebc55467667f5620780e1228e8edf0;Melhorou nos últimos anos, porém praticamente toda vez que preciso entrar o app pede a biometria 2 vezes;3;2026-04-01 18:32:38;5.23.1;Caixa
7f1361d51efbdd02f24651b34a0e2f03;complicado demais, lento e direto pede atualização de senha, no momento estou aqui lutando pra atualizar meu aplicativo;1;2026-04-01 18:30:08;5.23.1;Caixa
eb094c9c2f8ad3706eb6c434ba8ee156;muito bom;5;2026-04-01 18:25:51;5.23.1;Caixa
e160fbcffc65a73866113b477dd3ed88;ótimo app;5;2026-04-01 18:25:18;5.23.1;Caixa
48288f47c040432efcaaf786a9d1257b;A cada atualização o app só piora, já tive erro no login 2 vezes e precisei ir em uma agencia. O app precisa de uma atualização mais moderna, já passou da hora de ter um login por reconhecimento fácil. O Internet banking então nem se fala, acesso e parece que voltei pra 2010;1;2026-04-01 18:23:10;5.23.1;Caixa
e36514a9ddc251f08daed8e1c3fc5949;intumente anda horrível;1;2026-04-01 18:21:59;4.8.0;Caixa
064d562cd2c537477a29618935fbd689;APLICATIVO UMA.M. NÃO FUNCIONA NÃO ASEITA MINHA BIOMETRIA NEM SENHA UMA MMMM;1;2026-04-01 18:20:34;5.23.1;Caixa
92434882d3d7c400e63128060245920f;Depois da última atualização ficou difícil acessar o saldo, ficou muito lento;3;2026-04-01 18:19:26;5.23.1;Caixa
4f932966980aa0515d7311ef9320dae9;muito confuso;1;2026-04-01 18:17:40;5.23.1;Caixa
9c5294c8dd9cc013fb12d0db250d185c;Estou o dia todo sem acesso ao app da caixa. Depositei pela manhã e estou até agora sem poder fazer nenhuma transação pois o app dá erro, não envia códigos pelo WhatsApp. Liguei para a central e me disseram para cadastrar novo usuário só que para isso preciso receber um código via WhatsApp que nunca chega. Já desinstalei e reinstalei o app e nada. por isso retirei as 5 estrelas que dei.;1;2026-04-01 18:17:20;5.23.1;Caixa
4c5ef0fef55fa0d64b500b0ac9a0e08c;aplicativo horrível. quem inventou colar código tá com problemas e causando problemas. meu dinheiro tá preso pq o ZAP não permite copiar. Nem os telefones atendem para reclamar. vão pagar os juros de nosso dinheiro ficar preso e não ser possível resolver nada?????;1;2026-04-01 18:16:57;5.23.1;Caixa
4f938d464149e4713e702c906e3001a9;não funciona;1;2026-04-01 18:12:53;5.23.1;Caixa
d247306117615b9569d6bf594713db02;Não estou concluindo validação;5;2026-04-01 18:12:42;5.23.1;Caixa
a78c793d9822c4686d49f987f75b7806;ou eu nada não quer abrir o app;1;2026-04-01 18:12:35;5.23.1;Caixa
8ede51d9b97f4949315b199e4fd5e423;satisfatório;5;2026-04-01 18:10:35;5.23.1;Caixa
f23e7fe2743eba6488ad62f15b83de47;perfeito;5;2026-04-01 18:08:46;5.23.1;Caixa
260d0e15505bc9391d462bfbdbf35141;app bug;5;2026-04-01 18:07:35;N/A;Caixa
6b52017aa827a8ec71060557e60105c4;muito ruim 👎 👎 👎 👎;1;2026-04-01 18:06:25;5.23.1;Caixa
85513ec652ad5c8a60176b96eee753f2;show;5;2026-04-01 18:05:56;5.23.1;Caixa
aea03fcea21b88e68deaf0d66fe54bbf;nunca vi um app tão horrível de usar igual a esse. eles me mandam um código no WhatsApp mas bloqueiam a gente de copiar e no aplicativo bloqueiam de digitar. vcs querem que eu preencha com o poder da minha mente????? eu ainda não virei o professor Xavier;1;2026-04-01 18:04:43;5.23.1;Caixa
011b67bf1710dc0b4c6d11f91a13c41a;ja tem dias que estou tentando fazer atualização cadastral e nadaa.;3;2026-04-01 18:02:44;5.23.1;Caixa
5f86b102f6e7a5566f04112e987f1cda;receber meu bolsa família;5;2026-04-01 18:02:18;5.23.1;Caixa
b6eef0f24bdec7408792e30ddc77e3c8;hoje esta complicado, sem conseguir fazer login!!;1;2026-04-01 18:00:31;4.1.2;Caixa
092cb26a28c8836000eb0885bc79a819;estou tendo uma experiência péssima com esse app , sempre bloqueando meu acesso e eu tenho que perder tempo na agência, assim que conseguir acessar retiro tudo que é meu dela e encerro a conta .;1;2026-04-01 17:58:52;5.23.1;Caixa
11a44ce6563a71abc95d84158586216c;Apos atualizar não consigo mais acessar, aparece mensagem erro 6901 e pede pra desativar segurança root caixa.gov.br já desetivei depuração usb, limpei dados e cache, e desativei opções do desenvolvedor, reiniciei porem o erro continua.;2;2026-04-01 17:58:14;5.23.1;Caixa
d3e6542bc163c14232b4aa525217a16f;não consigo cadastrar uma nova senha;4;2026-04-01 17:54:33;5.23.1;Caixa
f2e3e9eea352f13a46b7bac641ee4c41;app está horrível ,desde de manhã que estou querendo entrar e nada . vou cancelar minha conta e não indico a ninguém;1;2026-04-01 17:53:46;5.23.1;Caixa
b5b94551efc9ef4dd4da7aec06a6c4d6;do nada fui desconectada da conta, e pra redefinição de senha preciso de um código , mas não chega de jeito nenhum, já desinstalei o aplicativo e instalei novamente ,mas nada do código chegar.obs. já conferi o número está correto.;1;2026-04-01 17:50:27;5.23.1;Caixa
0b05ae833f098e306d1f518464c8afda;muito bom grata;5;2026-04-01 17:49:18;5.23.1;Caixa
e29c4b7fbc925e51c5236bc0537dffbb;App ultimamente está péssimo não consigo entrar na minha conta, mesmo colocando todos os dados certos, sempre dando erro... o app precisa de melhorias, pois tá deixando a desejar e muito;1;2026-04-01 17:43:15;5.23.1;Caixa
74add84c0f6617de2a0214a587a905d4;Pior app de banco que existe, não funciona, todas as vezes tenho que criar um novo usuário e nunca da certo, sempre tenho que voltar no banco, um absurdo!;1;2026-04-01 17:42:48;5.23.1;Caixa
bf873b286e7c1c0898d2ecae33635314;App não funciona em dados móveis;2;2026-04-01 17:42:16;N/A;Caixa
206a4583bd5c71f3c5453a9228a2783e;Péssimo, transferi meu pagamento para a Caixa Econômica pensando que seria bom, mas a experiência em utilizar o app está péssima, vou mudar meu pagamento para outro banco amanhã mesmo!;1;2026-04-01 17:41:42;5.23.1;Caixa
c7004aa5f404016a95c6d1664f035630;esta péssima;3;2026-04-01 17:41:13;5.23.1;Caixa
acb820067896201b2a39a208273cdeed;precisa melhorar muito, não se consegue fazer quase nada por aqui.;3;2026-04-01 17:39:28;5.23.1;Caixa
5f632a73b03e21fca0c0ef84e70f2592;app não funciona. Não consigo logar. fica voltando na mesma página e pedindo um código que nem tem como copiar e colar;1;2026-04-01 17:38:54;4.1.2;Caixa
7bdd14c782ebe6b259007fc30ca69a53;o aplicativo não funciona, se vocês precisarem receber dinheiro nesse app, façam portabilidade para outro banco;1;2026-04-01 17:37:21;N/A;Caixa
f281a9f64a32f0ea3ddea41b1dfe56d5;muito bom;5;2026-04-01 17:34:14;3.15.0;Caixa
aec92baf1ceb10eb12ea0ba580edf1aa;pior app vivr com erro de biometria fora a lerdesa;1;2026-04-01 17:33:38;5.23.1;Caixa
a65acc43ba8d8d8b0c1c03d8fb3adbb4;trava demas inclusive estou com o aplicativo bloqueado;1;2026-04-01 17:31:20;N/A;Caixa
213c2996f6f4571fccc7a2bdbd1cd672;Trava muito. Sempre pede a senha, mesmo estando com a digital cadastrada;2;2026-04-01 17:30:17;5.23.1;Caixa
8c9df5ad480c5c6faac9733bd612f587;O app vive fora do ar....toda hora tem que recadastrar usuário, uma canseira...para um banco como a caixa tem muito a melhorar, estou o dia inteiro tentando acessar minha conta e não consigo.;2;2026-04-01 17:29:42;5.23.1;Caixa
877672d7adb40dd767b24fbde8110cf9;o aplicativo da Caixa casa vez aparece com um problema diferente. Agora, não consigo mais acessar minha conta;3;2026-04-01 17:29:34;5.23.1;Caixa
b417b5694c5f801d6154809e2bbde12a;está péssima esse apricativo;1;2026-04-01 17:25:34;5.23.1;Caixa
655345d9326dec2a02019e05991c0adf;hoje o aplicativo está ruim! de acessar!;5;2026-04-01 17:22:45;N/A;Caixa
c50050f9504bbcf046062687665ac77c;ta muito ruim todo dia fora do ar;1;2026-04-01 17:22:45;5.23.1;Caixa
ef3fe894234c740f86b0387472d0947b;muito bom;4;2026-04-01 17:22:36;5.22.0;Caixa
b52376a4cb9e7ae25c73127ddd3b4170;Péssimo aplicativo. Péssimo banco, pensei que não tinha como piorar, e piorou.;1;2026-04-01 17:17:18;5.23.1;Caixa
8badd7278346b14634617539f2e2431a;estou tentando redefinir minha senha , mas nao da certo , pois os números e letras do código nao da pra copiar e nem tem como digitar eles no espaço devido . decepcionad;2;2026-04-01 17:12:54;5.23.1;Caixa
50ba1fcb81e2bfceda36a27a2462a74a;É incrivel como sempre tenho problemas pra entrar no aplicativo da caixa.;1;2026-04-01 17:12:35;5.23.1;Caixa
43bb2a38b0154883ae90c20165a54241;horrível não consigo receber o código;3;2026-04-01 17:11:47;N/A;Caixa
20d7f08911f53c652a4ad047fb535863;otima experiencia sempre cliente caixa.;5;2026-04-01 17:08:56;5.23.1;Caixa
da4c590d2385d9765576ec3f626ae6f4;foi bom;5;2026-04-01 17:06:09;5.23.1;Caixa
43af9a2911a8e667709ff9d60067748e;ótimo;5;2026-04-01 17:04:37;5.23.1;Caixa
f63b4aaf1db452831cccd380af1014c9;fácil acesso e agilidade nas operações..!;5;2026-04-01 16:59:20;5.23.1;Caixa
59da77ef5e6606a5317fd13133665e16;péssimo o aplicativo. várias vezes sai do login e eu nao consigo acessar novamente. diz que vai enviar um código no WhatsApp mas nunca chega.;1;2026-04-01 16:57:22;5.23.1;Caixa
fe97f5013695b61f52f37fa813cd7fff;Péssimo. Seguidamente para de funcionar do nada, sendo necessário recadastramento de usuário. Apresenta erros ao consultar saldo. Aplicativo extremamente lento para abrir. Muitas vezes, deixa o cliente na mão na hora de realizar um pagamento. O app está sempre atualizado, mas funciona muito mal.;1;2026-04-01 16:53:03;5.23.1;Caixa
fb4926ce0f11acca1fc6d473f7e87c27;horrível estou tentando entrar no aplicativo porém o aplicativo esta com instabilidade eu acho engraçado é que pra trocar a senha direciona para o watsap para poder gerar o código de acesso esse código nunca chega liguei na caixa falaram que tem que esperar a atualização meu aluguel vence hoje será que meu aluguelvai esperar ate o aplicativo da caixa decidir voltar a funcionar nao neh meu dinheiro todo na conta ai os usuários ficam na mao como sempre um descanso total com os usuários péssimo;1;2026-04-01 16:50:24;5.23.1;Caixa
b8c08057d27a7f39f70e8f6f1437d74a;não me dá opção para recuperar senha,na verdade não consigo copiar o código quando e ciado aqui;1;2026-04-01 16:50:18;5.23.1;Caixa
5a0c7476a9cb919a5d60b91942d09745;bom trabalho 🙂;5;2026-04-01 16:46:52;5.23.1;Caixa
9d89f70039ff73944d22cf3c3fecf073;muito bom;5;2026-04-01 16:46:02;5.23.1;Caixa
b99e733d888129d2aebf06ea64237d78;Aplicativo vive caindo ou não permite o acesso e pede novo cadastro, contudo não consegue enviar a senha. Só resolve na agência.;4;2026-04-01 16:46:02;5.23.1;Caixa
b7689fe0c18906c5acafe6891ac07ba8;o aplicativo é muito funcional sobre questão de transferência pix. cliente de muitos anos e eu entro no app e não entra;5;2026-04-01 16:46:02;5.23.1;Caixa
045a200e5cd01c6d292094d9bceeb69e;ótima;5;2026-04-01 16:45:44;5.23.1;Caixa
61331f92be72e70734d6c24e28655865;Aplicativo terrível, não recomendo;1;2026-04-01 16:45:01;5.23.1;Caixa
7c9c58f537d10e5a3b42780a324dc914;Passou por melhorias nos últimos anos, mas ainda tem muito que melhorar em coisas básicas. Extrato por mês por exemplo, poderia ser exibido em abas. Algumas seleções de data você tem que voltar mês por mês... não tem como voltar por ano e não tem como escrever a data. Usabilidade ainda tem muitas limitações. E outro problema são as instabilidades de serviços específicos, como o Pix.;3;2026-04-01 16:44:29;N/A;Caixa
23cb1c873df1b577fc85267d5d7be104;Rapaz eu cadastrei uma nova conta mas meu dinheiro saldo sumiram. como pode acontecer isso? Quero meu saldo de volta , meu dinheiro;5;2026-04-01 16:42:26;5.23.1;Caixa
4aa170fe22eae3171307577050ba4d24;aplicativo muito problemático, a biometria para de funcionar no início do mês e não recebi o código de segurança;1;2026-04-01 16:42:05;5.23.1;Caixa
8e9f000e2a54c732d58893607959f5e8;ótimo;5;2026-04-01 16:40:33;5.23.1;Caixa
a55ef15fdf5472b4bf63c6d5139d88ee;otimo;5;2026-04-01 16:39:01;N/A;Caixa
ff3c56ef22c18e5a79f24a48ed5e04c2;otimo;5;2026-04-01 16:34:48;N/A;Caixa
e5666a70d23f642d7b08a0b3fe6cb57c;o aplicativo tá muito ruim o código Chega mas você não consegue validar para poder ter acesso o aplicativo tá um terror a pessoa quer ter acesso a conta pelo aplicativo mas não consegue atualização do código o código Chega mas não funciona;1;2026-04-01 16:33:18;5.23.1;Caixa
52ac322997bf4ae76f46e6e3569a8043;Meu Deus pra que facial, tanta burocracia cara, se pelo menos funcionasse, faço a facial e dá erro, agora eu tenho financiamento pra pagar e não consigo entra no aplicativo, simplesmente horrível esse aplicativo da caixa;1;2026-04-01 16:32:36;5.23.1;Caixa
78f302c0b3dc603ef7864a3d59e9582d;péssimo aplicativo, vários erros para iniciar e na hora que vai enviar o código de verificação para o WhatsApp a mensagem chega 2 horas depois.;1;2026-04-01 16:27:26;4.9.0;Caixa
9edb12c27dd810e68d21571c31d80702;Aplicativo travando diariamente!!! Horrivel!!!;2;2026-04-01 16:26:28;3.14.0;Caixa
000ec3cd3169d8f4b97cdc9d57c8fdd0;horrível esse app;1;2026-04-01 16:23:31;N/A;Caixa
eae5558a0ee2a23d65d48940984f8500;Não consigo entrar com biometria;4;2026-04-01 16:23:03;5.23.1;Caixa
da56fdc96bce1dbd40be49f7ba478f20;excelente;5;2026-04-01 16:22:04;5.23.1;Caixa
092cdfb8ec88ff67e93b6bce13d065bf;horrivel;1;2026-04-01 16:16:13;N/A;Caixa
ed705afccd193d7253b493a6eeaadc17;estou com problema na biometria e não estou conseguindo acessar minha conta.;1;2026-04-01 16:13:35;5.23.1;Caixa
5c4704abd48b81e550055dbc2c1c899e;A atualização mais recente perdeu os dados biométricos e, o recadastramento não funciona! Atualização desnecessária e constrangedora. Inútil ter um App que não permite acessar a conta, quando necessário. O código não é enviado através do Whatsapp.;1;2026-04-01 16:08:27;5.23.1;Caixa
f94e75fcf4332261b1f38ffc21bc589c;não consigo cópia o código pelo whatsapp pra abri o aplicativo .;3;2026-04-01 16:06:30;5.23.1;Caixa
f2d40850272ee8beaa1645df0a383620;Boa um pouco demorada;5;2026-04-01 16:04:34;5.23.1;Caixa
0efb92efea85f64e82ec08828a5a0f37;péssima;1;2026-04-01 15:57:31;5.23.1;Caixa
f549cb979be28e42e176256473629755;Tenho conta caixa, uso o app caixa, mas ultimamente vem dando dor de cabeça comigo uso a biometria pra acessar e vez quando, é desativado e tem que fazer um novo cadastro, com informações nome usuário e senha, e mesmo assim não dá certo. chateado com esse app Nesse momento não consigo acessar minha conta;1;2026-04-01 15:57:14;4.9.0;Caixa
e66063ff0d10cc0e8d5abb321d2f1ddf;tá péssimo. já é a terceira vez que estou no caixa do mercado, e ele nao reconhece biometria e nem a senha. não faz cadastro novamente, mensagem demora a chegar no WhatsApp e quando chega nao da pra copiar e colar no cadastro. vou cancelar minha conta na caixa por conta desse aplicativo;5;2026-04-01 15:56:05;5.23.1;Caixa
96ef2696d33a8cc1ec69d3876f7130da;o app que só vive bugando ultimamente . Ponho a digital não pega, ou da erro e mesmo com a senha correta fica aparecendo que deu erro.;2;2026-04-01 15:54:59;5.23.1;Caixa
6859c817f05ecbaf153223440058ebf4;De um dia para o outro não consigo mais logar no app. Já tentei limpar cache, reinstalar, usar 4G, outra rede wi-fi, porém sempre exibe o erro A-AUT-SEM.;1;2026-04-01 15:47:11;5.23.1;Caixa
8409fd4d2469db669e8ca7618d93c823;péssimo;1;2026-04-01 15:46:51;N/A;Caixa
39c016ef7c89aaa2389c53b17ae35450;poxa eu preciso tanto desse aplicativo e só me dar dor de cabeça, infelizmente;1;2026-04-01 15:43:17;5.23.1;Caixa
b934a4802b56ccf0f185a29b7deb35e6;horrível, se eu podesse não ter esse AP n teria, lento d+;1;2026-04-01 15:42:53;5.23.1;Caixa
76cc4f4ad0fea56642f3482d15c535b9;muito boa;5;2026-04-01 15:41:42;N/A;Caixa
9bbf77710c7f00dac06182e3f176aa25;PIOR APLICATIVO DE BANCOS EO BRASIL, UMA DIFICULDADE PRA ATUALIZAR O COMANDO DO MESMO;1;2026-04-01 15:38:30;5.23.1;Caixa
5d4ff942dfb70ed3ca3efc1c43df5fff;BLOQUEOU O ACESSO A CONTA , INFORMA QUE ENVIOU CÓDIGO DE VALIDAÇÃO CÓPIA E COLA PARA WHATSAPP , NÃO ENVIOU NADA, RESULTADO ACESSO A CONTA BLOQUEADA DO NADA .;1;2026-04-01 15:37:57;5.23.1;Caixa
d122b2faf70b9eda7afdbb9a4c8c46c5;piorou muito o aplicativo sempre fora do ar, lento , travando, muito ruim.;2;2026-04-01 15:32:51;5.23.1;Caixa
53b63d1b5f96fa9a5607e1618e8e840e;terrível;1;2026-04-01 15:32:51;5.23.1;Caixa
cf313b7e58c2a48e36813ec058bfaf21;muito bom obrigado;5;2026-04-01 15:29:34;5.23.1;Caixa
00127703ecd95fcccf7319847c75fe0a;ótimo;5;2026-04-01 15:28:40;3.8.4;Caixa
ecd3b605bfa416b04d7678bcebd2b654;O app da caixa é horrível!;1;2026-04-01 15:26:16;5.23.1;Caixa
2b91224675eb758d97fc9c50bd44ead8;consegui resolver o bug agradeço ao suporte da caixa;5;2026-04-01 15:22:26;5.23.1;Caixa
e79b878682ce3c56a1fa7e184d91a834;ótimo e rápido;5;2026-04-01 15:18:55;5.23.1;Caixa
851f6a431f230d4c2a54a8fa5341d59a;O gerente de contas Marcelo, que me atende é uma ótima pessoa, mas o aplicativo é o 0800 são péssimos....tecle 1 pra isso 2...etc depois cai ligação e vc gasta horas para resolver um problema...;2;2026-04-01 15:18:01;5.23.1;Caixa
828917635774461f5d44d8bf6b7220bb;rápida e eficiente nos serviços;5;2026-04-01 15:12:18;5.22.1;Caixa
10e563e60b9ef5da24d3ddce873dfd96;tá horrível faz 4 dias hj não consigo acessar meu app caixa para nada tá indo de mau a pior esses app caixa;1;2026-04-01 15:11:52;5.23.1;Caixa
ea39fd1e8f91315049f518bfd0fdad4b;Do nada acordo hj e nao consigo entrar no aplicativo, manda eu cadastrar novo usuário, mais nao envia o cod no WhatsApp, assim fica difícil, quero fazer pagamento e nao posso fazer nada. Pfvr resolvam isso, esta me prejudicando.;1;2026-04-01 15:10:39;5.23.1;Caixa
15042bf4435a8ebab48e4137131e330e;o app nao envia o código para ativar o usuário e impede acesso a conta;1;2026-04-01 15:10:13;4.2.0;Caixa
264ceffc97877c4c347d7b707995685b;o banco mais idiota que eu já vi o banco simplesmente bloqueou minha conta me obrigando a ir ate a caixa eletrônico da cidade gente não façam besteira de abaixar esse tipo de conta porque vc vai ficar no prego com certeza;1;2026-04-01 15:10:05;N/A;Caixa
57bdb2433c2560b71b54529cebac0065;péssimo péssimo vive fora do ar vivi dando erro . hoje mesmo não consigo entrar fazer nada;1;2026-04-01 15:09:15;5.23.1;Caixa
1f6bf60843ed631362f5599e620f7fcf;Aplicativo ruim, sempre falha qndo mais precisamos dele. Fala que a senha esta errada, mesmo estando certa.;1;2026-04-01 15:04:24;5.23.1;Caixa
43d45edc4719f93dddb757cb864320f0;pior aplicativo tá sempre deixando agente na mão fica indisponível por muito tempo até dias;1;2026-04-01 15:03:19;5.23.1;Caixa
7ea46e66a4a38e88295dbf65e240bdce;Nao consigo entrar na conta, não consigo copiar e colar o código enviado pelo whatsapp. também não consigo trocar usuário. Não consigo nada, dificultaram tudo;1;2026-04-01 15:01:05;5.23.1;Caixa
772690dec64640d96a73a39b0521331f;o pior aplicativo só se iguala ao do Gov... Vergonha um aplicativo desse nível... Não dá pra confiar no banco...;1;2026-04-01 14:59:58;5.23.1;Caixa
ee0f60d8d02c8cab6bc4c67bf9991359;pior banco e aplicativo do mundo,o aplicativo dá problema e da erro no usuário,vc tem q cadastrar novamente e envia um código para o whatsapp,mas um código que vc não tem copiar para finalizar o cadastro. E tbm não tem como só escrever o código porque o aplicativo dá caixa não deixa, só se colar. é muita frustração que esse app e o banco gera.;1;2026-04-01 14:58:20;5.23.1;Caixa
7282ce1b3268880e27b5da68af542df4;péssimo;1;2026-04-01 14:58:18;5.23.1;Caixa
07c5ab887943cc26d4c6e8cfc151049d;aplicativo muito ruim,desde de cedo não consigo ter acesso. e ao cadastrar usuário a senha demora vir e quando vem não aceita escrita no app.;1;2026-04-01 14:56:22;5.23.1;Caixa
f210047243a3191aed14a78876e4a2b0;não estou conseguindo acessar minha conta, não quero abrir uma conta nova;1;2026-04-01 14:56:01;5.23.1;Caixa
1a62c278b669022f55c02bcaf02fe979;precisando urgente do app e não consigo acessar há um tempão, aparece erro S-002-GEN, santa paciência.;1;2026-04-01 14:55:26;5.23.1;Caixa
b735cd25a0da7c29797760e557bb8bb9;muito ruim toda hora tenho que mudar a senha não consigo copiar o código tenho que escrever errado no WhatsApp e depois copiar pois ele vem com outras informações que no consigo simplesmente copiar.Mas ompior é toda hora ter que mudar a senha horrivel;1;2026-04-01 14:54:27;5.23.1;Caixa
7c50d66367980c0bc660ec89e32ec7fa;péssimo não consigo mais entrar nem na minha conta. essa caixa tá uma palhaçada;1;2026-04-01 14:54:10;5.23.1;Caixa
9020ccac8cbbac7cfb688f4bcfdfe6e1;Impossível acessar esse aplicativo;1;2026-04-01 14:52:49;5.23.1;Caixa
d66449b102f8ffdceab23f03082eb03a;não estou conseguindo acessar o aplicativo, vire e mexe ele fica assimesse lixo;1;2026-04-01 14:49:47;5.23.1;Caixa
5fa44d09039166fb28643e54db081e69;não consigo logar no app, aparece erro 034;1;2026-04-01 14:48:56;5.23.1;Caixa
32b3f29b18118b81b52be9027a08c0c5;não tem como copiar o código no WhatsApp e colar no app para redefinir a senha;1;2026-04-01 14:47:19;5.23.1;Caixa
8389aea5926f411e94226f7b9fa7ef41;ultimamente tive 0 condições de tá acessando a conta desconectou automaticamente e não conseguir entra mais minha digital pegou de primeira mais mais o aplicativo estava mandando eu Cria outra conta de usuário não entendi por que isso criei mais mesmo assim não tive acesso por que o codigo não estava chegando no meu whatsapp bugado que só por isso vou dá 3 estrelas por conta da segurança e da qualidade do uso do aplicativo mais de resto vai fica faltando até lá mudo de ideia se caso melhora;3;2026-04-01 14:43:51;N/A;Caixa
a696088e889636607664b32a5dab5458;aplicativo ótimo, mas o sistema falha muito.;3;2026-04-01 14:43:43;5.23.1;Caixa
468782fe06c1f98e98933d4c013d50fd;hj 01/04/26 não tô conseguindo entrar no app diz que o usuário e senha estão errados e não recebo o código pelo whatsapp para entrar na conta, e agora faço o que?;1;2026-04-01 14:43:29;N/A;Caixa
2fcaa4f1c0fce07b5f4317a13435d7a2;Excelente! 👏;4;2026-04-01 14:43:02;5.23.1;Caixa
2a80d59873521e06d1e02e83e92e9f41;muito bom;5;2026-04-01 14:40:39;5.23.1;Caixa
b241f53c9da5455bd349bc62a40e190d;é muito boa;5;2026-04-01 14:38:33;5.23.1;Caixa
272063de67bf1bd4e59f72722ceac1f1;não abrindo para ter acesso a conta;3;2026-04-01 14:37:51;5.23.1;Caixa
2d68ff079ad86a506a8b9050f5c27e35;o aplicativo já foi melhor , mais agora não funciona como deveria;1;2026-04-01 14:33:39;5.23.1;Caixa
16179668fd7c88bbe0895069b303c2d4;Simplesmente horrivel. Nao consigo me cadastrar como novo usuário, na qual automaticamente o app nao reconhece o WhatsApp de meu tel;1;2026-04-01 14:31:37;5.23.1;Caixa
6f2e09574d9a8769325e3227d79837a6;muito bom;5;2026-04-01 14:31:18;5.23.1;Caixa
7574090b1859eec86f828bdc9ad9626d;ótimo;5;2026-04-01 14:30:35;5.23.1;Caixa
9398d49090349598186e96ffb87fab22;Funciona e tem muita utilidade e praticidade, tem o problema de sempre dar alguma complicada na biometria e acesso, principalmente em conexões novas, mas caso lembre usuário e senha consegue acessar.;4;2026-04-01 14:29:06;5.23.1;Caixa
d4df61c48daf0d19589b276a0f1618a1;vou tirar as quatro estrelas este lixo de aplicativo do nada tira sua biometria e vc tem que recadastrar senha de novo na que gente precisa urgente fica na mão não vou dá zero estrela porque não tem;1;2026-04-01 14:24:01;N/A;Caixa
cf4c13a0beb784df2ba2754a3263955c;App ficando péssimo, período curto para ficar trocando usuário. Nesse momento precisando com urgência e não estou conseguindo acessar, pois o código de validação não COPIA E COLA e não dá opção de digitar. que ódiooooo;1;2026-04-01 14:23:55;5.23.1;Caixa
faf054c2ef7538baa451bb75366e6053;bom mesmo;5;2026-04-01 14:23:34;5.23.1;Caixa
dec8d2ee2809a380f98e084a97c24ccd;perfeito muito obrigado;5;2026-04-01 14:22:31;5.23.1;Caixa
9e3058fdede587656a7a605b26689d4d;horrível como tudo desse banco, tiraram meu usuário, trocaram minha senha, sem eu pedir, triste, fazem chacota da nossa cara, um banco péssimo, pífio.;1;2026-04-01 14:22:07;5.23.1;Caixa
5e17682939a95e787e1543573400d86d;o pior aplicativo do planeta Terra, vc depositA um valor o app já bloqueia sua conta vc tem que registrar tudo de novo lixoo de app;1;2026-04-01 14:21:12;N/A;Caixa
c99dfefcae52ad7e1a3095effb46ee2e;não faz login, senha e usuário certo;1;2026-04-01 14:20:20;5.23.1;Caixa
4dac4550201e00b4c00c50e971b39de0;ótimo;5;2026-04-01 14:18:38;5.23.1;Caixa
20cc2c7378690a5e4b4ec6fd7e4930f9;muito bom;5;2026-04-01 14:18:23;5.23.1;Caixa
aa57882cfdc6e95342a40347c890ba45;o app é muito ruim, vcs devem mudar esse aplicativo muito complicado;1;2026-04-01 14:16:14;5.23.1;Caixa
2cb975f918afbc624c2a04bbedee4aec;muito complicado fazer novo usuário;5;2026-04-01 14:13:54;5.23.1;Caixa
be73911b5abf37c44f30886c3fe332d4;Boa tarde! Como faço prá desativar o modo desenvolvedor??;1;2026-04-01 14:12:45;5.23.1;Caixa
9c979b516cfeefd9ebf833b045a73ceb;Sou cliente a 22 anonao pretendo mudar;5;2026-04-01 14:11:19;5.23.1;Caixa
faaeaf13bb19cae6355f86df914c726c;não estou conseguindo entrar no aplicativo , meu aplicativo está atualizado só q caiu um dinheiro agora e quando fui abrir o aplicativo para fazer uns pagamentos simplesmente não consigo abrir o aplicativo , é a nova versão, eu desinstalei e instalei de novo , agora estão pedindo um código q vem via whatsapp e nao sei como colocar, está horrível eu preciso abrir esse aplicativo . quero saber como faço pra colar código;1;2026-04-01 14:11:02;N/A;Caixa
2f43f35a8daea36876eb9de0c18740df;excelente;5;2026-04-01 14:10:59;5.23.1;Caixa
4c20b0947d3c841250838970a1559e23;O que está acontecendo que não consigo acessar a caixa tenho que pagar a parcela do carro hoje e não estou conseguindo sequer logar na minha conta. Façam o favor de arrumar isso o quanto antes estão prejudicando as pessoas que têm conta pagar suas contas em dia.;1;2026-04-01 14:10:48;5.23.1;Caixa
71c4d5ab9de210542818121036f269b7;Muito bom top;4;2026-04-01 14:10:29;5.23.1;Caixa
651860e2ba1b96e03bc21d73542a1e19;eu não consigo mais fazer o cadastro;2;2026-04-01 14:10:01;5.23.1;Caixa
1ae622f540bd9e869fca93e6dbe1e1b4;Gosto muito destes app. Bem interativo, de fácil acesso!;5;2026-04-01 14:05:39;5.23.1;Caixa
d9dd585604550ab0da491c546bef4c85;péssimo não consigo pagar nada pois está caducando;1;2026-04-01 14:04:47;5.23.1;Caixa
ed6cdee6c35852e118cc9f84af4dee14;hj eu não tô conseguindo fazer login ta dando erro ao entrar;2;2026-04-01 14:02:59;N/A;Caixa
25ee881471da49deaaa4fdc396dc6b3f;Boa demais!;5;2026-04-01 13:58:59;5.22.1;Caixa
d671d141d01c2e006e695b6ae65a57c3;desgastante obridaga;5;2026-04-01 13:54:38;5.23.1;Caixa
181881f67118eb360016d107b5ec92b2;aplicativo muito ruim banco muito ruim pois direto dá problema no aplicativo direto tem que recadastrar senha dá muito trabalho esse aplicativo péssimo péssimo péssimo e além de ser ter que recadastrar a senha dá o maior trabalho ainda te manda aguardar para saber se vai aprovar muito ruim mesmo dá muita dor de cabeça se puder evitar evite viu vá para outro banco;2;2026-04-01 13:54:36;5.23.1;Caixa
a44c5854e64838fe73efee54d73632f0;app péssimo dos péssimo,toda semana da bug e pede nova senha,e nunca atualizar a nova senha, ninguém tem tempo para falar indo no banco,vou processar esse banco;1;2026-04-01 13:54:35;N/A;Caixa
5f1dec6f81877d88370a242c769aea4f;preciso de ajuda, meu app da cx bugou e não consigo mais usar ele;5;2026-04-01 13:54:31;5.23.1;Caixa
8b0d222c4897b0eaafdd527acc898f9f;ótimo;5;2026-04-01 13:53:52;5.23.1;Caixa
2e64d974035492e7bca7b15c6055ab6f;Nada funciona nesse app, eles não mandam verificação no whatsapp como dizem, então nem sequer consigo fazer o cadastro para começar usar o app... Incrível como tudo que é do governo é péssimo!;1;2026-04-01 13:53:46;5.23.1;Caixa
a04e03b50245a38e9197c6f4955cb7b5;É uma vergonha esse aplicativo, tudo burocrático igual a CAIXA por inteiro.;1;2026-04-01 13:51:44;5.23.1;Caixa
aeab20f8883211d8f05ea54bc7cbebec;não consigo cadastrar meu usuário;5;2026-04-01 13:51:28;5.23.1;Caixa
2d62b14b41939f3ac666769ac3d4cb33;aplicativo excelente;5;2026-04-01 13:51:14;5.23.1;Caixa
935f64ec60c7bb4f7178a0a7c2c247c7;horrível td hr desconecta, ai tem q recadastrar, e o código n chega no WhatsApp por nada, e não existem nenhuma outra opção, podendo receber por sms, mas n, so tem WhatsApp;1;2026-04-01 13:48:14;5.23.1;Caixa
d6c7e0005824395f181752682ac530c0;porq mudo essa desgraça. meu não quer entrar. já tentei de todo jeito;1;2026-04-01 13:47:01;5.23.1;Caixa
a7dbb824bc17eb7a0d1759b8cf74c265;que lixo de aplicativo;1;2026-04-01 13:46:00;5.23.1;Caixa
e19f57ae06a4e0cccabdd9ee05cfb00c;não envia o código para o WhatsApp é péssima;1;2026-04-01 13:42:27;4.1.2;Caixa
10ea577d25a1bff8367a0859df83fe15;Pelo amor de Deus, pior aplicativo de banco que existe! Agora não consigo sequer acessar minha conta! O aplicativo está pedindo para cadastrar outro usuário, acredito que seja por segurança pelo tempo que já estou com o mesmo, mas mandam um código pro whatsapp e o aplicativo não aceita digitar esse código, só aceita copiar do whatsapp e colar, sendo que o próprio whatsapp não aceita copiar esse código. Resumindo, não tenho acesso a minha própria conta, não consigo pagar nada!;1;2026-04-01 13:39:13;5.23.1;Caixa
517fd75d4ffeafb1d36f0993418ab128;vou encerrar minha conta da caixa pois app deles tem tanta segurança que nem o usuário consegue usar;1;2026-04-01 13:38:07;5.23.1;Caixa
eec215247b4b21a9f5b7ecf43e0c1356;Atualização muito ruim para quem usa os aplicativos do banco num celular exclusivo para isso. Agora é obrigatório ter whatsapp para acessar o app. Não é possível digitar o código de acesso enviado ao WhatsApp no app que está em outro celular, pois o aplicativo só permite que cole o código.;1;2026-04-01 13:37:44;5.23.1;Caixa
320eca6866c364401f2681be7b6c3f8f;Não é prático, e tem muita instabilidade;1;2026-04-01 13:37:23;5.23.1;Caixa
ffc74bd3a9f1f375bd6618935fe254c2;ruim;5;2026-04-01 13:37:20;N/A;Caixa
b49a9aece0491e8eed4c5243b9013104;Pessoal, se tiver oportunidade procure outro aplicativo de banco, porque o caixa não está servindo mais. fica dando erro direto, você tem que tá mundando sua senha frequentemente e mesmo colocando certo vai dá erro, se for fazer algum pagamento ou precisar ele vai te deixar na mão. desisto da caixa.;1;2026-04-01 13:35:33;5.23.1;Caixa
dfb155ecb5539ae56f5a37fd1e1f96f5;app da caixa não está funcionando hoje, é complicado pq precisamos de pagar as contas e o app não entra ...;1;2026-04-01 13:34:32;5.23.1;Caixa
d912e727b847fb5aa62e70434739871c;tive um problema com o meu usuário para acessar o aplicativo. instalei o aplicativo novamente mas não tô conseguindo criar um novo usuário porque o aplicativo está pedindo uma versão mais recente. mas não dá pra atualizar nada.;5;2026-04-01 13:29:37;5.23.1;Caixa
678887237d1c420e6c118f7524656987;Da muita error ao tentar entrar na conta;1;2026-04-01 13:26:03;5.23.1;Caixa
951f4bd533fc33fdd12bac31da992b25;precisa melhorar;1;2026-04-01 13:25:59;5.23.1;Caixa
f61a90252b801a33f8f7d38009a8d43b;satisfação;5;2026-04-01 13:25:53;5.22.1;Caixa
8c35c490ac2869b5b5f07b45e06e81b6;Aplicativo com instabilidade recorrente nao consigo entrar na minha conta nem por biometria e nem por senha ja desinstalei, instalei denovo, limpei cache, ja desliguei o cllr liguei denovo, desliguei o wifi a net liguei ambos e nada de pegar ... rum;1;2026-04-01 13:25:52;5.23.1;Caixa
f919fb6768677476fee2822c226483e5;ta horrível arrumem esse app sempre que vai pedir suporte a senha vem com um código pelo WhatsApp e nunca esse código chega horrível;1;2026-04-01 13:25:00;5.23.1;Caixa
4f763e58f74eaf5c7b639fc1a0f71991;Tem dias que tá funcionando bem e tem dias que não está funcionando.;3;2026-04-01 13:25:00;N/A;Caixa
6c8af3eb7e6622036ca2fc5b46f68f7a;Não esta entrando de jeito nenhum, só fica dando erro A-AUT-SEM. Não da nem para entrar na tela principal. edit : é a ultima versao do app, já disse o que occorreu, é só ler a review . edit : voltou! obrigado;5;2026-04-01 13:23:35;5.23.1;Caixa
9ed3c051e819527f05e375d738b37380;nao tenho como falar com nenhum atendente e gerente, absurdo só maquina;1;2026-04-01 13:21:25;5.23.1;Caixa
e69ba176976bdab86a03bc4aa7dfece2;No dia 01/04/26, não consigo entrar na minha conta do aplicativo, mesmo tentando redefinir a conta ou trocar a senha. A mensagem para o WhatsApp nunca chega. Outros aplicativos de banco estão funcionando bem, só a Caixa está com esses problemas. É triste, porque muita gente depende desse aplicativo.;1;2026-04-01 13:21:11;5.23.1;Caixa
dc1adb81a0967a52a55511ec2bce6393;Aplicativo horrível,estou tentando acessar com a minha biometria e está pedindo senha,sempre acontece isso.;1;2026-04-01 13:18:52;5.23.1;Caixa
c0f4efa51fc7fe0f854be3f87578bf1b;sinceramente, já perde a conta de quantas vezes tentei fazer a confirmação de biometria fácil e aparece o erro de servidor indisponível, como pode uma instituição tão grande e rica ter app tão ruim assim, isso é descaso com o consumidor;3;2026-04-01 13:18:33;N/A;Caixa
8d96fbad9e62273e3ec3d8647bc3da52;rápido e eficiência;5;2026-04-01 13:17:55;N/A;Caixa
4e5ce8945b665bd2bd2d7f0fb72dc0e6;péssimo;1;2026-04-01 13:17:28;N/A;Caixa
091ceded870ab42bdcb5afdffd2faeec;nada funciona;1;2026-04-01 13:15:43;5.23.1;Caixa
4d34490efb17e86dde69046d10af56c1;vive travando;3;2026-04-01 13:15:38;5.23.1;Caixa
7a51b71df609f178a8f6449f6962675a;ótimo;5;2026-04-01 13:13:05;5.23.1;Caixa
b2dcf9d541ba3ee4f58b42c4951bcf80;ótimo banco e atendimento também;5;2026-04-01 13:12:15;5.22.0;Caixa
fc7f72fd9533cda5a3f8452f99340fcb;benção;5;2026-04-01 13:12:02;5.23.1;Caixa
04914592e776d24d0f4c9a3e10374531;preciso de resolver um problema tem uma empresa agendando pix na minha conta.sendo que nunca fiz pix agendado;4;2026-04-01 13:09:31;5.23.1;Caixa
839d5138ae873167eee29ecdc47e48c9;Não consigo entrar no app de jeito nenhum, desde as 9 da manhã!! lixo de app;1;2026-04-01 13:08:25;5.23.1;Caixa
37032ded1f5e5f05bcbc3b161fce742c;Problemas acessar o app. está dando erro.;1;2026-04-01 13:08:17;5.23.1;Caixa
b9a365ef888e25a1c484c720de48cfd1;tá ruim esse aplicativo não consigo entrar na minha conta poupança;1;2026-04-01 13:08:15;5.23.1;Caixa
2acbefce259ffd7440081c7de597632d;é realmente, ficou muito melhor , porque tava difícil lidar com esse app antigo. más, pode melhorar mais.;5;2026-04-01 13:06:42;5.23.1;Caixa
081fdfcecc9f7cf436d316836bfdbf64;muito bem;5;2026-04-01 13:05:31;5.23.1;Caixa
3f921055d96c89833f66c17eb91f15f2;não consigo acessar;1;2026-04-01 13:04:15;5.23.1;Caixa
22438495b7396df688bf75cf90f31c18;não consegui entrar na minha conta;5;2026-04-01 13:00:02;4.3.1;Caixa
3e3a5aee7c427dfdd50744bd6a4d9ed4;teve alguma mudança boas tá muito ruim;1;2026-04-01 12:58:06;5.23.1;Caixa
dd444f94c8c10ac8d3a6d703bd286b16;Qua Aplicativo horroroso, nunca vi cobrar absurdo de imposto e ter um software tão podre assim;1;2026-04-01 12:57:12;5.23.1;Caixa
db2fb9c21a13ab66eaa0acf1fe8f9db1;péssimo app, nunca conseguimos resolver nada nele, até pra entregar e horrível, tem um ano que tento entrar no app e até hoje nada;1;2026-04-01 12:56:38;5.23.1;Caixa
92b3228196ab31363a3b19f6ddfd593d;Aplicativo horrível;1;2026-04-01 12:54:15;5.23.1;Caixa
347d61e644e1bda8cc3425fb1e671466;muito bom;5;2026-04-01 12:53:52;5.23.1;Caixa
b325288b08e41428f50bf8ae9868b453;Muito ruim em tudo;1;2026-04-01 12:51:55;5.23.1;Caixa
02ed9e2b48cd612150728544247ef6fd;cada mês piora;1;2026-04-01 12:50:03;5.23.1;Caixa
4fca9f9526c3d79e0e370aef959bffcf;escolher opções para cadastrar o APP deixa cliente inseguro!;2;2026-04-01 12:49:57;5.23.1;Caixa
8d09b23dc9811d8f6dfb0376979eefab;Péssimo! Não consigo acessar e é impossível acessar o código enviado via WhatsApp.;1;2026-04-01 12:49:15;N/A;Caixa
eec42f062d22daf13b0c386f64bb1dcd;Estou muito decepcionada com a operação da.caixa tudo faz pelo celular so o Banco da caixa e mesmo complicado Eu estou sem Banco no celular porque voces não ajudam o Banco do Bradesco mandam cartao na minha casa e so falar com a Bia vocês não é complicado sou de idade não consigo andar e o Banco não me ajuda?;5;2026-04-01 12:48:25;5.22.0;Caixa
207beb7dba1090308322a1d1dd35e04d;lentidão para receber um SMS via whatsapp;1;2026-04-01 12:48:11;5.23.1;Caixa
bdb9a2724d98d279908a7a510bf13d38;muito ruim;1;2026-04-01 12:46:32;N/A;Caixa
57071812b6fd627ef1edc80f1482a2e5;um lixo de aplicativo da erro quase todos os dias tanto dinheiro que a caixa tem e nao resolve este problema vergonha;1;2026-04-01 12:45:26;5.23.1;Caixa
97c375c641ff4b2b4347491a86c5497c;travou e não abre o app;1;2026-04-01 12:44:00;5.23.1;Caixa
fb1543a15c701bbacb3e5f12146c11fc;muito lento;1;2026-04-01 12:43:50;5.23.1;Caixa
b29cd45c5e6c37ea55df5bec4b9f814e;péssimo .;1;2026-04-01 12:42:17;5.23.1;Caixa
b428feb6a2c8b94f4aa1c92b18ad180d;aplicativo horrível, sempre fora do ar, a caixa devia criar vergonha na cara e investir no aplicativo eficiente que não fique deixando o cliente na mão, muitas vezes precisamos pagar uma conta e o aplicativo está fora do ar não funciona e isso não é raramente é quase sempre.;1;2026-04-01 12:42:01;5.23.1;Caixa
3c2c23ffcda19485680eeca8542f4688;Desculpa, deixa a desejar bastante;3;2026-04-01 12:41:32;5.23.1;Caixa
c680303a7b674ea98ebc315697a4a0bd;o aplicativo não está funcionando e nem estou conseguindo entrar 😞;1;2026-04-01 12:40:17;N/A;Caixa
5129ea65b5f3bd750bd0bbc5e8664d7f;Prático;5;2026-04-01 12:39:01;5.23.1;Caixa
496b8e109002effab58579940adb6b7f;Ruim;1;2026-04-01 12:38:52;5.23.1;Caixa
c47af97fa772c138517b509f1eb5e456;péssima;5;2026-04-01 12:35:14;5.23.1;Caixa
a39c2ae02503f1029724fba4e4853e62;Transtorno total sempre ao acessar a conta através do aplicativo a biometria da problema, não aceita a senha solicitando novo cadastro dando SEMPRE UM TRANSTORNO para acessar a conta;1;2026-04-01 12:32:52;5.23.1;Caixa
bd7dc4fa7ff7a9413c4cc11c55341b95;Não está permitindo desbloquear novos dispositivos por outro aparelho já cadastrado, tá pedindo pra ir no caixa eletrônico, aplicativo tá atualizado nos dois dispositivos, não há mais opções de ativar em outro como antigamente;1;2026-04-01 12:32:08;N/A;Caixa
c1f31b4c3408764a98b0537b7a0a5c1e;Deveria ser mais intuitivo e vive dando erro.;3;2026-04-01 12:31:40;5.23.1;Caixa
b1cc31e679251f4f47cfa6ed611e23a6;começou tudo de novo... toda hora tem que ficar cadastrando novo usuário pq do nada ele nao abre mais com a biometria, desinstalar e instalar novamente toda semana praticamente. App nao tem estabilidade nenhuma;1;2026-04-01 12:30:49;5.23.1;Caixa
7a013de1112e719994ee0ee516dc86e5;muito bom .....meu Robinho vale ouro;4;2026-04-01 12:28:10;5.22.1;Caixa
adc5b5c95b1c8051c82728863cf8a6ee;aplicativo não está mandando o código de validação, está horrível!!! verifiquem isso por favor;3;2026-04-01 12:27:16;5.23.1;Caixa
accc6e13b07cea44d7559bee04d34e57;o aplicativo vive dando problema , agora apareceu pra mim um erro A-AUT-SEM . precisando usar a conta ... obs: PROBLEMA RESOLVIDO.... E Só desinstalar e instalar novamente. obg equipe que me respondeu rapidamente!;4;2026-04-01 12:27:16;5.23.1;Caixa
802459c71d7eb98ab968b77766fcb34d;ultimamente o app está tendo muita falha ao acessar. recentemente tive vários problemas ao ir efetuar pagamento pelo app, e não consegui acessar minha conta, a gente acaba passando vergonha por situações como essa.;1;2026-04-01 12:25:50;5.23.1;Caixa
7710dfcb882a13ed9231bf9ff0e407f4;muito bom obrigada;5;2026-04-01 12:25:49;N/A;Caixa
a714d72165fa12398a83982c568602bd;Péssimo tecnologicamente! Serviços digitais frequentemente apresentam erros!;1;2026-04-01 12:24:17;N/A;Caixa
e4b5ac0b76ad683785246fbc6e7246f6;estou tentado entrar na minha conta mais nao esta dando certo;5;2026-04-01 12:23:14;5.23.1;Caixa
fe84bae8c6e26a51b5dc4135ad1bb5e2;Bom aplicativo;5;2026-04-01 12:22:49;5.23.1;Caixa
43b7c442c260a252bafbf1e76a0023e1;um aplicativo até é bom porém é horrível para criar senha todas as senhas que você coloca nunca validada nunca é validada mas eu tenho que criar uma senha qualquer Quando tu vai entrar no aplicativo com a tua biometria não funciona quando tu coloca esqueci a senha pede o código além de fazer o reconhecimento facial que facilitaria muito a situação aí o código nunca chega no Zap quando chega é um código que já foi reenviado não funciona da sempre código errado e a gente não consegue acessar o app;3;2026-04-01 12:19:36;5.23.1;Caixa
b63574a7187806784c105a94ffb3633b;pra ser horrível ele tem que melhorar muito, pra tudo é uma burocracia, o aplicativo simplesmente decide não funcionar e sempre que acontece não importa o que ele te faz criar um usuário novo, ao menos agora não tem mais que desbloquear em caixa eletrônico contudo sempre faz criar usuário novo e te faz esperar a suposta validação deles. edit: sim caixa, ele está atualizado, o problema é só app mesmo, e o único app de banco que é reconhecido pelos erros do app;1;2026-04-01 12:17:02;N/A;Caixa
4c4cb2a61d36aab8a878cb8e08a7a61b;alguém que não esteja conseguindo entrar na conta?;3;2026-04-01 12:16:50;5.23.1;Caixa
d3614e05428e669039a62d9b6d71cb76;O App está exigindo permissão de gerenciar ligações telefônicas, não faz sentido obrigar essa permissão, poderes demais para um App de Banco. Outras IFs não exigem isso. Vão perder clientes.;1;2026-04-01 12:12:47;5.23.1;Caixa
7a9abdde713944aa0a0b56e27e1892a3;muito bom e confiança total;5;2026-04-01 12:11:45;5.23.1;Caixa
8262290e29b82a0741b5a414bda274e7;Não consigo entrar no app;3;2026-04-01 12:10:47;5.23.1;Caixa
70b7deeff38d0ce6689d6a1926e53be9;ótima;5;2026-04-01 12:10:45;5.23.1;Caixa
a74d6801ad1269c6cd43c5948b18d47a;Horrivel;1;2026-04-01 12:10:10;5.23.1;Caixa
30dc1722365b07af3794d5bc0f425239;Simplesmente o código de ativação não está indo. mesmo com as informações corretas. O app precisa melhorar e muito.;2;2026-04-01 12:07:41;5.23.1;Caixa
91e56f7a6148d961d78200f8f64dc66b;essa última atualização deixou o app sem funcionar corretamente. esta sem reconhecer minha digital e não está abrindo.;4;2026-04-01 12:06:04;4.5.0;Caixa
7e236e34dd65583c066538a1d91c5bb1;não consigo acessar minha conta;2;2026-04-01 12:05:44;5.23.1;Caixa
6b23b568481b978bf3db1c3bf2c1224c;O aplicativo trava muito;2;2026-04-01 12:05:33;5.23.1;Caixa
cc1dbe8ac17c61cf7181965f65ada7e9;excelente;5;2026-04-01 12:03:47;5.23.1;Caixa
3fcab1f2fd66068b044e36d73aa95db5;Pior aplicativo que tem , manda um código pelo whatsapp além de demorar a chegar não tem como copiar o código , tem como escanear que linda ideia como vou esquentar um QR code do meu próprio celular , isso tudo não consigo cadastrar um novo usuário. E outra direto fora do ar .;1;2026-04-01 12:02:59;5.23.1;Caixa
99dce2a0b92169f960abef4c8a285650;ótimo atendimento;5;2026-04-01 12:00:42;5.23.1;Caixa
c0ee17c4015520977a7004e1cd4db9d2;meu aplicativo não está funcionando pra Nada. nem entra! já desinstalei e instalei e não funcionou! dnv ele não está pegando;1;2026-04-01 11:59:23;5.23.1;Caixa
5a604f1fa53c4f896d9a5a69b572c48a;horrível;1;2026-04-01 11:59:15;5.23.1;Caixa
c91d1422ed947a4966cfa3d0ac3d35e3;Hoje 01/04/2026 não estou conseguindo acessar o aplicativo, nem com a biometria, nem com senha, aparece a mensagem: Desculpe!! Neste momento não é possível atender a sua solicitação. Por favor, tente novamente mais tarde. A-AUT-SEM.;1;2026-04-01 11:56:15;5.23.1;Caixa
e42251db95b9c944c57f38abf6bcd8b5;muito bom;5;2026-04-01 11:55:28;5.22.0;Caixa
2f20ddc30b3c673bd97b1e70936f4c4c;aplicativo quase impossível de abrir, sempre da erro, não abre na biometria, aí pede a senha e continua dando erro e pede pra entrar mais tarde, acho isso um absurdo, não posso ver minha conta;1;2026-04-01 11:55:21;N/A;Caixa
704f23788da0e5f70b10a7946dd94b2e;continua demorado pra realizar as funções, e do nada a biometria não funciona e senha fica carregando e não abre , ai tem que desinstalar e fazer todo o cadastro novamente;1;2026-04-01 11:51:46;5.23.1;Caixa
567f76accf6f3c8a6f4a055548251cf2;cliente satisfeito;5;2026-04-01 11:50:50;N/A;Caixa
08fa7d941fa7ce9497707dabea707ee2;enquanto a caixa não leva um processo eles nao vão consertar esse bug fica dando app ,to cansado de passar constrangimento quando vou pagar uma compra ,fica dando A AUT REX , COISA CHATA .;3;2026-04-01 11:49:23;5.23.1;Caixa
3c333abb7c0ee37725b07bf06a2b8207;Quando quero acessar as faturas do cartão de crédito só fica carregando e não abre. Além disso o app não acessa e ocorre erros constantes. A-AUT-SEM já atualizei, limpei cache, reiniciei e não resolve. Aí vamos pagar a conta e passamos vergonha com esse app horroroso.;1;2026-04-01 11:47:36;5.23.1;Caixa
ed85c853c7da714f6d03aff6c36d7429;Dia 01 de abril não tá querendo abrir de jeito nenhum toda vez tem que na agência arrumar se precisar de ir na agência pra que aplicativo digital 🤷?;1;2026-04-01 11:46:33;5.23.1;Caixa
90927e7f5a0b0a40dbe0134b01c35673;Esse aplicativo está horrível, várias vezes com o mesmo erro ao entrar, fica horas assim, resolvem e depois volta o mesmo erro.;1;2026-04-01 11:45:49;5.23.1;Caixa
1f4fee46cba5051f71b41cbabe384737;Horrível. A cada atualização de vocês o app fica pior, vcs vão acabar perdendo clientes.;1;2026-04-01 11:44:05;5.23.1;Caixa
44bfeaf632fe21efba2c9ec7ecaca624;Esse aplicativo é um lixo! Sempre quando eu mais preciso ele me deixa na mão;1;2026-04-01 11:43:40;5.23.1;Caixa
b4d587b21095c51b7426f727519fd177;COMO TODOS APLICATIVOS DO GOVERNO NAO FUNCIONA , MANDAM UM CODIGO PELO WHATSAPP QUE NAO DA P COPIAR E COLAR , E EXIGEM COPIAR E COLAR , NADA DESSE GOVERNO FUNCIONA , NEN UM SIMPLES APP , A SENHA NAO FUNCIONA , E RECUPERAR A SENHA NAO FUNCIONA;1;2026-04-01 11:42:47;5.23.1;Caixa
c73a9b35dc781ac7175767dabb24da3b;não consegui acessar meu Ap hoje;2;2026-04-01 11:42:44;5.23.1;Caixa
b854753e87e4f284ac99ce30f74a3178;ótimos;5;2026-04-01 11:42:32;5.23.1;Caixa
1296fe71915de605711ceb4405333807;que aplicativo horrível, lento pra caramba, burocrático, horrível!;1;2026-04-01 11:42:24;5.23.1;Caixa
a6e79c5f62510c678cdda05886d2eb2d;péssima, tô com dinheiro agarrado na conta não consigo usar cartão nem fazer pix o pq eu não sei sempre usei essa conta e agora tá fazendo graça... tá dizendo pra tentar mais tarde e dando código A-AUT-SEM;1;2026-04-01 11:42:03;5.23.1;Caixa
058666941e154cde48017e8d0a2daaf2;infelizmente o código para chegar no whatsapp para fazer o cadastro não chega, coloco o número no qual e o meu whatsapp e não chega, essa última atualização só Jesus;4;2026-04-01 11:41:21;5.23.1;Caixa
aeea2fd1a518b0f475213f0af0f2ead4;Esse aplicativo é horrível, vive sumindo os meus usuários cadastrados, tenho que realizar novos cadastros e ir em uma agência fazer o desbloqueio, dígito a senha e da erro, já bloqueou nem sei quantas vezes, não por digitar errado mas por ficar carregando e dando erro, pois não informa o motivo dos erros, só depois de algumas tentativas diz que foi bloqueado, tenho ir em horário de expediente fazer novas senha na agência, pior aplicativo que existe. mais uma atualização, mais um problem novo;1;2026-04-01 11:39:47;5.23.1;Caixa
e7fa4c39cae96969e474dbdfcc6d48fa;Estou sem acesso a minha conta há horas por erros desse aplicativo, horrível.;1;2026-04-01 11:39:46;5.23.1;Caixa
8cab54a7955070c0917c52bbac086d01;o pior aplicativo da história;1;2026-04-01 11:37:37;5.23.1;Caixa
18c3449b0ccbed34b74f907de0dfa044;Pense numa esculhambação esse app menino toda hora um bug diferente, a gente vai acessar fica dando erro, não completa o acesso ...um saco, em 2026 continua o mesmo lixo... 300 atualizações por mês e na hora que a gente mais precisa acessar o aplicativo não permite o acesso;1;2026-04-01 11:36:58;5.23.1;Caixa
02f162fa68db2ef24e0d1e5ecb52d8bc;Não gostei porque, não tem a opção de solicitar cartão pelo próprio aplicativo. Assim como outros bancos que tem essa opção de solicitar cartão pelo aplicativo como Santander e outros brancos;1;2026-04-01 11:36:08;N/A;Caixa
49a6b7ae611101f5e4513036ba78ddb9;não consigo entrar no app sempre da erro;1;2026-04-01 11:35:21;5.23.1;Caixa
a4368fbe9e90296f521b3c9807dc3151;Fica indisponível com muita frequência. Que aplicativo lixo!!;1;2026-04-01 11:35:19;5.23.1;Caixa
9660cb0889eb0c4716ef69dc2a4993c8;não permite acesso muitas vezes.;2;2026-04-01 11:32:48;5.23.1;Caixa
6fb49ae830b92f69204e4a8482edb451;HORRÍVEL, NÃO CONSIGO ACESSAR MINHA CONTA, MUITA DIFICULDADE;1;2026-04-01 11:32:29;5.23.1;Caixa
5170eb7e0e754069c59a47d0477d48e0;tá com o pouco de falha agora mas com certeza vai normalizar;5;2026-04-01 11:32:20;5.23.1;Caixa
61fe583c2c4dd946a0f0676cef2e5552;Quando a gente precisa do pix ele não funciona. Reconhece a digital, a senha, TUDO, e não abre.;1;2026-04-01 11:32:19;5.23.1;Caixa
355664539416b598bfa3ddad2d8613b1;app com muita instabilidade no loguin, toda hora pede para cadastrar usuário!??;3;2026-04-01 11:32:15;5.23.1;Caixa
eeb43ead6ac89e1c6b75ef7ba479d645;Aplicativo não abre, como sempre serviço de péssima qualidade da Caixa, todo começo de mês é esse inferno;1;2026-04-01 11:31:37;5.23.1;Caixa
50069b45d3e4967642c598efa5b49754;"estou tentando entrar em minha conta e não tô conseguindo, aparece a mensagem "" não é possível atender a sua solicitação tente mais tarde""";5;2026-04-01 11:31:03;5.23.1;Caixa
d79f6440d75c124740008c5d1b4326c8;PÉSSIMO APLICATIVO,TODA VEZ QUE ENTRO A BIOMETRIA NÃO FUNCIONA AI PEDE O NOVO USUÁRIO E FICA NESSA LENGA LENGA;1;2026-04-01 11:30:41;5.23.1;Caixa
74fa58402d8a3cd486d4c990c72261a1;app muito ruim, não precisa vcs entenderem é só ver tanto que o app fica fora do ar durante o mês;1;2026-04-01 11:30:41;5.23.1;Caixa
f163849b7054b806b73ca9fb91a8c31d;Horrível, quando mais se precisa, éh onde ele menos te favorece! PÉSSIMO!!! O FGTS, diz que não encontrou , muito ruim mesmo!!!;2;2026-04-01 11:30:05;N/A;Caixa
4e3977aa6e116d2789a266bc041de501;estou chegando agora;4;2026-04-01 11:25:58;5.23.1;Caixa
12c8a290a07cc9dca8031cf0f4086f09;mínima;4;2026-04-01 11:25:32;5.23.1;Caixa
db9080b54bf435567fe8a221ea1a0a4b;péssimo, uma aplicativo que nem o dono da conta não consegue acessar, das 24h diárias, pelo menos 20 ela tá fora do ar;1;2026-04-01 11:25:06;5.23.1;Caixa
742f7cf83332e4fefaef909dacee2a38;Meu app dá erro direto mesmo tendo internet boa.;3;2026-04-01 11:24:37;5.23.1;Caixa
3992a925fdf411a831e9f871854f706b;wo ajuda aí né hoje dia de pagamento agiliza aí fora do ar dínovo;5;2026-04-01 11:24:09;5.23.1;Caixa
10b7d89d25387742b342e7ecddfb2a71;O app não está abrindo. Fica só uma mensagem para tentar depois..m;1;2026-04-01 11:23:27;5.23.1;Caixa
97344152efb1bc86ebd84cff4bf611da;aplicativo vive dando erro no momento nao ta aceitando biometria dai vamos colocar a senha tambem nao aceita...isso e um stress diario;1;2026-04-01 11:23:22;5.23.1;Caixa
c17b0458a06da304dcbd7c13a68d4ce7;nunca consigo entra na minha conta preciso sempre ir até a agência isso se torna um transtorno.;1;2026-04-01 11:22:07;5.23.1;Caixa
d015d426f5ca3dd17b17a4c2d9f93c89;péssimo;1;2026-04-01 11:22:00;5.23.1;Caixa
0f9c6efff347e70518f1f611e661aa42;Esse app é horrível, do nada dá erro e vc não consegue acessar, ai tem que redefinir usuário, quase todo mês tenho que fazer isso.;1;2026-04-01 11:21:43;5.23.1;Caixa
9cc9d8e3d3809c3c2333e4c820b47bbc;minha conta no app não abre. fica mandando tentar mais tarde mas se a gt precisa naquele momento como esperar pra mais tarde? redefini a senha e nem assim abre.;2;2026-04-01 11:21:20;5.23.1;Caixa
57f469a1822ed59698abd4b0255d37da;App muito instável. Muitas vezes não abre, principalmente quando mais preciso, pra fazer pix.;2;2026-04-01 11:20:31;5.23.1;Caixa
7c66359fe2710d2965d9c6c1ce79a556;app nao esta funcionando;1;2026-04-01 11:20:11;N/A;Caixa
8d3db8e4c0cb451afeef535f70842f4c;horrivel;1;2026-04-01 11:19:48;5.23.1;Caixa
78a2a4274a463e6e6390ab864f58b1f0;já falei que o APP da caixa económica é um lixo?nada funcionando nem digital e nem a senha,lixo,lixo, totalmente!;1;2026-04-01 11:19:44;N/A;Caixa
6c03af649f637bdf8ec283d7c81761ab;lixo de aplicativos não funciona e deixa a desejar;1;2026-04-01 11:19:34;5.23.1;Caixa
ab520d0bf0b140e23d700e4aa458a15a;péssimo! só abre se tiver no Wi-Fi. e a maioria das vezes dá a mensagem de erro ao acessar. em outros bancos não tem esse problema de ser por dados ou wifi. o da caixa é bem ruim!;1;2026-04-01 11:19:11;5.23.1;Caixa
3c89ff82fe1b6e20295850b9dc10c6bc;aplicativo muito ruim toda hora da problema em alguma coisa e QQ problema tem que ir na agência ruim demais;1;2026-04-01 11:19:02;N/A;Caixa
e1c55d9fb7d7a10339dbe8debab3bc54;Muita instabilidade hoje para acessar. Não consigo acessar com biometria e nem com senha.;1;2026-04-01 11:18:58;5.23.1;Caixa
afa029825e97128c3d74a8dc54ca82bf;muito erro,muitas vezes tento entrar e da erro, o APP já me abandonou muitas vezes quando precisava fazer pix;1;2026-04-01 11:18:39;5.23.1;Caixa
8cb2a5725adb9f339fc67a6b3b4ba7c0;instabilidade frequente não é intuitivo após verificar uma opção de serviço retorna para o início;3;2026-04-01 11:18:10;5.23.1;Caixa
e219caa0f9ed794b427970c0bb93b6ab;péssimo aplicativo. trava o tempo todo e sempre dá erro e não abre as opções que preciso.;1;2026-04-01 11:17:44;5.23.1;Caixa
e6bd08fa27270a76b7a4a98a84f9b578;não consigo acessar na hora que eu preciso;1;2026-04-01 11:17:16;5.23.1;Caixa
2a354a4aa47b3a0b12dc20fe0a61be44;Trava a todo momento sem qualquer explicação e invariavelmente solicita nova inserção de dados e cadastramento de novo login. uma verdadeira m..;1;2026-04-01 11:16:55;5.23.1;Caixa
11dd2909330fad31016707460ef95cb3;péssimo atendimento muito ruim aplicativo da caixa resolve nada;1;2026-04-01 11:16:51;N/A;Caixa
5c192a557fe66527081979a667dcc3d3;Péssimo aplicativo, muito instável, só funciona a hora que quer, terrível;1;2026-04-01 11:15:58;N/A;Caixa
bd0bb899f4d9edce97ed6505da44bff1;estou tendo problemas para entrar, sempre dá erro;2;2026-04-01 11:15:19;5.23.1;Caixa
8ad47724a480e803d942fcbd0c771f89;legal;5;2026-04-01 11:15:12;5.23.1;Caixa
5f2ff887b83d9364bde9b8485eb75886;senha certa, login certo e nao entra mais... nenhum canal de atendimento que nao seja por ligação. bem complicado;1;2026-04-01 11:14:53;3.14.0;Caixa
f95219c34f9ded3c0201bd42d29d92e8;não estou conseguindo acessar o aplicativo ta difícil não estou conseguindo acessar o aplicativo ta difícil;2;2026-04-01 11:14:12;5.23.1;Caixa
fe4994041c0addbc156215b13e299aa7;Não existe pior...nunca melhora...toda hora não reconhece a biometria e pede senha...ja tenho mais de 300 senhas;1;2026-04-01 11:14:06;5.23.1;Caixa
adb60dff9bc33e1eaefc5b7b7e479067;app caiu, não tá entrando no banco.;1;2026-04-01 11:13:06;N/A;Caixa
4996f799cb9292c029ad660d6faadb56;Caixa econômica horrível aplicativo seguro dinheiro da gente estou tentando pagar uma conta não consigo;1;2026-04-01 11:13:05;5.23.1;Caixa
55cb2c41f87edd7a23d4fb17f081a8fb;operação hoje não tá abrindo nada;5;2026-04-01 11:12:18;5.23.1;Caixa
8b065892cd75b7cb681bc6a2fc3401c0;Não estou conseguindo vê o saldo da minha conta desde das 14:30 sempre dá erro quero saber o que tá acontecendo. não estou conseguindo acessar o app nem por biometria nem com senha. não consigo acessar o app nem por biometria nem por senha não abre nada;2;2026-04-01 11:12:07;5.23.1;Caixa
dee2e6c2ad10a74880fbf6037eb8aa7d;O app simplesmente não faz o login, nem por biometria, nem com senha. já reiniciei, desinstalei e instalei o app, mas não adiantou;1;2026-04-01 11:11:53;5.23.1;Caixa
252673d538acfc6341042801d2acff1a;o app não abre de jeito nenhum 😕;1;2026-04-01 11:11:34;5.13.1;Caixa
d739a55bd3baaea85cab62fd9dabbed2;aplicativo da Caixa é muito bom cada vez melhor atualizado;5;2026-04-01 11:11:32;N/A;Caixa
329c6644a5c24f950472c2772791b3d4;Banco horrível. tô tentando acessar minha conta mas o APP se encontra com instabilidade. e como eu faço pra tirar meu dinheiro? absurdo isso. banco fraco. sem suporte, sem estabilidade.;1;2026-04-01 11:10:51;5.23.1;Caixa
581e76200731ac0c1d8c89fdbd121004;o aplicativo está péssimo 😕 está dando erro para acessar,e só aparece (tente mais tarde ). o app me deixou na mão...;1;2026-04-01 11:10:43;5.23.1;Caixa
044f7b1156650b3c140c6609a4e70a42;aplicativo muito ruim, fica mais com instabilidade do que estável, vou excluir minha conta e mudar de banco.;1;2026-04-01 11:10:00;5.23.1;Caixa
1a348fd3ec1fcaa95c80fc7f26225986;Infelizmente a Experiência não tem sido muito boa, tem sido bem irritante, tento entrar e fala que estou sem internet, sendo que estou usando o app com internet, e outra hora fala que não pode atender minha solicitação, tente mais tarde, aí fico refém do app pra pagar as contas 😡😡😡😡😡😡😡;3;2026-04-01 11:09:58;5.23.1;Caixa
0234d13f951afb3f33582842726400bd;O app tá dando problema pra abrir, e não estou conseguindo fazer pagamentos;1;2026-04-01 11:09:57;5.23.1;Caixa
7668b2907c069eac035546f74d0dd0e9;"Meses com erro para acessar com a biometria. Teve um momento em que precisei liberar novamente em um caixa eletrônico, sendo que já utilizava há meses no mesmo dispositivo. Agora não consigo acessar com ou sem biometria, pois apresenta erro ""A-AUT-SEM"" por isso estou usando cada vez menos, pois quando mais preciso, me deixa na mão.";1;2026-04-01 11:07:01;5.23.1;Caixa
9685ecd8a6f739143bb21e995ecc81c7;É o pior app de todos os bancos. Passam atualizações e nada melhora. Tenho frequentemente problemas pra entrar no app enquanto nunca tive com bancos digitais. É vergonhoso que um banco do tamanho e com a importância da Caixa ofereça um serviço tão ofensivamente ruim. Preciso pagar uma consulta médica e não consigo porque simplesmente o app não funciona.;1;2026-04-01 11:05:40;5.23.1;Caixa
af50c0b46cdf0d2979326214e242fcb1;toda vez me deixa na mão na hora do Pix que vergonha;1;2026-04-01 11:03:32;5.21.1;Caixa
e6021b50e5595ff401ba699c40de783e;O aplicativo simplesmente nao abre,deixando cliente na mao passando vergonha, que banco horrível;1;2026-04-01 11:01:19;5.23.1;Caixa
90b09798f264dc1e2483660ccc4be799;porq esse aplicativo trava tanto? todos os dias trava pra acessar muito complicado mds;1;2026-04-01 11:01:07;5.23.1;Caixa
c182acfd154aa63e6499b073e5907581;Péssimo.;1;2026-04-01 11:00:59;5.23.1;Caixa
f45db4852c3d7a5868166e694de4bdb1;Não consigo abrir o aplicativo,preciso fazer pagamento;3;2026-04-01 11:00:52;5.23.1;Caixa
9a27ffc0810df735fab3fca63d4cfade;O app não está abrindo, já fiz limpeza de cache, a atualização está em dia, internet funcionando normalmente e simplesmente o app não está funcionando!;1;2026-04-01 11:00:21;5.23.1;Caixa
91aa0b6c8f6445ec94fe8ae88ba10f6b;muito boa a conta!;5;2026-04-01 10:57:46;N/A;Caixa
6cf3bd8f061e96b98a53ab44eeb85507;trabalho com Pix e preciso receber as notificações e simplesmente parou de enviar. Vou mudar de banco pra receber minhas vendas infelizmente 😞;2;2026-04-01 10:57:37;4.6.1;Caixa
30a0a0e86e414cf72efbdd663cacbdca;caixa cada vez tá ficando horrível você entra para entrar para logar no aplicativo da tente mais tarde. difícil todo dia assim;3;2026-04-01 10:57:34;N/A;Caixa
ed7bebf72b6b6554490b29bbc419b5e4;aplicativo não tá respondendo;1;2026-04-01 10:56:52;5.23.1;Caixa
b6658e041e27cdca3a3d8c8b3e1ecca5;Não estou conseguindo usar o aplicativo. Aparece a mensagem: Desculpe! Neste momento não é possível atender a sua solicitação. Por favor, tente novamente mais tarde. A-AUT-SEM;1;2026-04-01 10:56:48;5.23.1;Caixa
3da13269c40bd72155a187876711612e;Por que vive dando erro após colocar a biometria? Já usamos essa bendita função, para não termos que colocar a senha. E quando dá erro, você tem que colocar a senha que sequer lembra. E tem que fazer todo o trabalho de cadastro novamente. Esse aplicativo já foi melhor. Agora é só ladeira baixo. Muito ridículo vários erros recorrentes.;1;2026-04-01 10:54:45;5.23.1;Caixa
eebe14fbcff2f57b09a4142a501796e3;aplicativo muito ruim;1;2026-04-01 10:54:29;5.23.1;Caixa
6885a2cbe630a44ce219847703f2f689;Caixa, quem faz os seus aplicativos deve ser trocado imediatamente tudo é péssimo não consigo fazer uma coisa simples que é acessar o aplicativo, tudo dá erro e nada funciona. É impressionante. segue o exemplo de apps de outros bancos, até bancos menores tem apps que são funcionais;1;2026-04-01 10:54:00;N/A;Caixa
a1114df773cc28e00c9c5db7fdfaa2a6;péssimo, lixo de aplicativo, só serve pra receber PIS e pagar moradia, qualquer problema precisa ir numa agência física, nada resolve pelo app, horrível, lixo , lixo.;1;2026-04-01 10:53:33;5.23.1;Caixa
fd2e60ccd428123ff637354a427c566e;o app está cada vez pior!!;1;2026-04-01 10:51:46;N/A;Caixa
4a822affa8deaf3715e3981291e42ea1;O app da caixa está dando erro A-AUT-SEM ao tentar acessar;1;2026-04-01 10:50:13;5.23.1;Caixa
3625973f0e6c74260ad18404cb6e736b;esse aplicativo,desconeta da conta com muita frequência,as vezes agente tá num lugar que não tem acesso de onde vc anotou os dados,esquece do nome de usuário, senha toda vez tem que ficar cadastrando tudo dnovo ,as vezes agente precisa só consultar o saldo ,a conta tá desconectada mesmo com a digital habilitada, põe dificuldade pra entrar.🤨 é bem irritante.;3;2026-04-01 10:49:17;5.23.1;Caixa
0337dc7907309a05a9b14d5a8a6497db;Preciso urgente pagar uma conta que vence hoje e o App nao abre, nao reconhece meu usuário, pede pra fazer outro. Desinstalei, instalei, faço a facial e diz que da erro, agora tenho que esperar VINTE E QUATRO HORAS pra acessar de novo!! E já aviso, NÃO POSSO IR AO BANCO POR MOTIVO DE SAÚDE. E nao me venha com resposta automática não. Governo sendo governo. Quem vai arcar com o prejuízo do atraso?????;2;2026-04-01 10:48:20;5.23.1;Caixa
8a3a01babcd3186f7ebe299b9586e6e2;Esse aplicativo é muito ruim, aliás ruim é um elogio, não tenho um adjetivo pra descrever o quão ruim a esse aplicativo. Além de não ter uma função de bloqueio dos cartões, aplicativo vive dando problema na hora do login, tendo que fazer cadastro novamente na hora que mais precisa para o uso.;1;2026-04-01 10:45:25;5.23.1;Caixa
f1d62db01949ae585493d84249aa8070;um lixo... a gente entra cedo... aí depois vai entrar... não temos acesso a conta mais...;1;2026-04-01 10:45:05;5.23.1;Caixa
ad288014447b4145d53bde3bcb05b995;péssimo App, dá erro de login recorrente, não consigo nem acessar minha conta;1;2026-04-01 10:44:06;5.23.1;Caixa
ce57f6bf11cce0bedccae782cddb7493;Toda hora tem que se recadastrar, absurdo.;1;2026-04-01 10:43:43;5.23.1;Caixa
731cf4006ea3e3ef16e492ae9bd234cf;ótimo;5;2026-04-01 10:40:36;5.23.1;Caixa
68d57f260e27e5998f7ca14164b39fcc;Bom 👍;5;2026-04-01 10:39:42;5.23.1;Caixa
6a8a4a206498a45f6efd3ff4d6e2e0e9;o aplicativo tá percimo agora só vive com problema 😵‍💫 ao abrir fala que houve algum problema, fala que é a internet, mas não é internet é o aplicativo;2;2026-04-01 10:36:03;5.23.1;Caixa
cbad6eb175480e18593e93b6c04a5275;Simplesmente orrivel não nem com a digital e nem com senha meu aplicativo não funciona perd o acesso vou deixar a minha conta da caixa zerada porque eu não confio isso pra mim não é questão de segurança não é ruindade do Apple mesmo;1;2026-04-01 10:35:31;5.23.1;Caixa
a1e6697e6703e23bf25bcbe464fdf00d;se vc precisar pagar via app. Boa sorte. pq nao abre qd vc precisa. erro atras de erro...;1;2026-04-01 10:34:14;5.23.1;Caixa
e69e3d5a78ef026b9a4af4be905fdfc9;Falhas ao tentar acessar conta pelo aplicativo.;1;2026-04-01 10:33:57;5.23.1;Caixa
f573f8f0f67ad3bc040dbe56c2c43ec6;após a última atualização não estou conseguindo acessar o app;1;2026-04-01 10:31:12;5.23.1;Caixa
42d4a90ea5b2a2c01e2380b5a04788d9;Pq que nesse exato momento não tá entrando no app?????;1;2026-04-01 10:29:47;5.23.1;Caixa
4a2f93296733a6bd6f53b7e86a75d2ab;a caixa econômica federal é ótimo para trabalhar com ela devido a nossa segurança.;5;2026-04-01 10:28:44;N/A;Caixa
b1dcfc4b1065c12553db9961849fafe1;O extrato depois que atualizaram ficou horrível para ver valores e gastos no delhamento , o antigo era bem melhor para ver.;4;2026-04-01 10:27:12;5.23.1;Caixa
1e97e2a756832f0e8df1a842fc0371fb;O aplicativo está dando erro para o acesso, e ao tentar recuperar a senha aparece que não pode atender no momento.;1;2026-04-01 10:19:52;5.23.1;Caixa
f7b31db448b009bdf49ae8deb7e88fb2;muito boa sou cliente a muitos anos. e continuo;5;2026-04-01 10:07:20;5.23.1;Caixa
a1b745cef28e159d7f842bc4dc930140;preciso confirmar a senha não consigo;5;2026-04-01 10:05:23;5.23.1;Caixa
d1b4a8af7a0b9cc2a430451af6e3235f;Para mudar meu limite de pix, está enviando código para um celular que não tenho mais, há mais de 5 anos. Já atualizei meus dados, mas o número antigo não sai.;2;2026-04-01 10:04:19;5.23.1;Caixa
8bbdc6f3f1c376f490cc3517f8f0f48f;Pedimos,estou há dias tendo problemas e não consigo resolver nada toda vez que tento acessar a conta me manda cadastrar usuário cadastro coloco a senha e não vai;1;2026-04-01 10:03:41;5.23.1;Caixa
c0a80dd2ae33c01d9ce9968a262dff3c;eu mudei de celular e agora tenho que ir no caixa eletrônico pra poder acessar minha conta;1;2026-04-01 09:50:11;5.23.1;Caixa
f8f92dc1fa7dbb7b16702507d9bf0f2c;muito bom;5;2026-04-01 09:47:50;5.23.1;Caixa
9a56470090f9a9668e990ddbbedec4c4;dificuldade na hora de desbloquear senha tem que pegar uma fila enorme mas na hora de abrir a conta não tem dificuldade nenhuma;1;2026-04-01 09:42:43;5.23.1;Caixa
0473553717de6da875fdb67c25b7a7bf;razoável;5;2026-04-01 09:27:26;5.23.1;Caixa
869dd69ef2f7b5f90e3e17b2dc2cf70e;Exelente;5;2026-04-01 09:14:35;5.23.1;Caixa
8a2720ca16eff9d705866a285e6d6add;digital minha;5;2026-04-01 09:11:36;5.23.1;Caixa
527198bbb242cf20553a8a9c00427253;excelente!;5;2026-04-01 09:03:10;5.23.1;Caixa
583091b85c06510c8244ff6f828aff80;prático;5;2026-04-01 09:02:47;5.23.1;Caixa
3a9055ae0d3985d29bbfad35c0cf7e8b;empresa seria;5;2026-04-01 08:55:59;5.23.1;Caixa
02786126381d2247ecf98d6e0e265758;Ótimo;5;2026-04-01 08:55:08;5.23.1;Caixa
7dff67f3bf4b340e7ff895f33b0fb4c2;Solicita uma montanha de permissão pra utilizar, quando vc acha que vai usar, só que não, vai ter que ir no Caixa eletrônico para poder liberar o acesso pqp lamentável;1;2026-04-01 08:49:36;5.23.1;Caixa
a0bb7e6f027304435b97c0789f421502;muito boa;5;2026-04-01 08:34:28;5.23.1;Caixa
aea4a791f15293e5e8ef28d7e79556dd;queria saber meu usuário;3;2026-04-01 08:31:41;5.23.1;Caixa
ad25f59d06111e34806f7d5e4c30a928;não estou conseguindo cadastrar usuário mais, arrumem isso por favor...tá osso...;2;2026-04-01 08:31:09;5.23.1;Caixa
0cacef375f0b8ab226442089124d0f83;conhecendo projeto;3;2026-04-01 08:30:19;5.23.1;Caixa
00bd35c210d4d49bde7178bd40d1ba39;com a biometria ficou bem melhor para usar o aplicativo.;5;2026-04-01 08:00:20;5.23.1;Caixa
20c1a836e39a126d52aac8c876245894;pra e ótimo o atendimento;5;2026-04-01 07:58:52;5.23.1;Caixa
0059e0608aa2126d408c0f66569e672f;estou tentando entrar na minha conta e não concigo porque?;5;2026-04-01 07:52:07;5.23.1;Caixa
a144a2a169d41e0ca065545e678207eb;Caixa é muito bom;5;2026-04-01 07:49:18;5.23.1;Caixa
dc5c1c3b8eb2e4d996c5bb200de1c177;fácil muito dificil;4;2026-04-01 07:44:06;5.23.1;Caixa
549b1c0c767991f5ed93c25a1b53752a;muito boa;5;2026-04-01 06:55:11;N/A;Caixa
4688cddc2bf67deb26d256b0e83c8d43;não dei nota máxima porque o aplicativo é muito lento;4;2026-04-01 06:53:13;5.23.1;Caixa
e1d9159e9818672960baf57a3ec44d9e;gostaria de saber se vai tira às minhas dúvidas sobre tudo que eu estou precisando muito saber ok.;5;2026-04-01 06:50:58;5.23.1;Caixa
c21caf363a3fc475fe7cfe909e503441;banco excelente;5;2026-04-01 06:19:03;5.23.1;Caixa
efd0797d4ada4b2af397332354ac419f;Gosto muito;5;2026-04-01 06:11:55;5.23.1;Caixa
9415f3f986cd5a6926cbaf2cefa85c97;ótimo;5;2026-04-01 06:03:40;5.23.1;Caixa
c497dd34f0e11c1e99aae0de69790889;Quando vão voltar com a opção de cadastrar um dispositivo novo a partir de um outro? Um absurdo, pois todos os outros bancos já usam reconhecimento facil para poder validar o acesso, apenas na caixa que te obriga a ficar indo de agência em agência pra fazer as coisas. Nem parecem que evoluem com o tempo;1;2026-04-01 05:05:30;N/A;Caixa
c6e8b24abf96c8903883b77836cc35ed;App caixa evoluiu muinto bom;5;2026-04-01 04:46:06;5.23.1;Caixa
89189c6b56c8f6701f8b5affab2b8541;muito bom ser cliente da caixa econômica;5;2026-04-01 02:33:42;5.23.1;Caixa
56b0631421e1889d69feb9c2c6480463;agora esta ótimo;5;2026-04-01 01:56:07;5.23.1;Caixa
ca1432758fb2c11747c90edf10a82242;Wellington Paulista de São;5;2026-04-01 01:39:47;5.23.1;Caixa
f7e0f304f4e987c22c1d637444722c00;eu já estou aqui no meu app de boa ultilizou e não tem como vc me mudar de ideia 💡;5;2026-04-01 01:34:25;N/A;Caixa
029f429c013a20ab920ea73b0287fa84;juros alto. para fazer parcelamento em compras.;3;2026-04-01 00:49:57;5.23.1;Caixa
09056ea9d914c1f2cb70b777a88c9e2f;o que houve com o app da caixa?? do nada o app atualizou e sumiu minha conta meu celular foi desativado da minha conta, e minha conta poupança virou conta digital e ainda tenho q ir ao caixa eletronico para registrar!! socorro quero meus dados de volta!!!;2;2026-04-01 00:36:20;5.23.1;Caixa
8b20040edb04804df8dfe920f6bce5ff;Funcionários Tadeu, Nicole,os seguranças foram todos muito solicito e gentis.;5;2026-04-01 00:33:43;5.23.1;Caixa
aff36a393131b1a3156edd9fde47bfc1;não consigo entrar no app. diz que tenho que desativar o root mas meu aparelho nunca foi modificado;1;2026-04-01 00:22:00;5.23.1;Caixa
35f615e2edf209bc81951d985c672b32;estudante;5;2026-04-01 00:05:05;N/A;Caixa
3a522354944a76c86997e855c5ddd98d;esse app é muito importante;5;2026-04-01 00:02:12;N/A;Caixa
4a5de07febdf9bc25f6c80b9e6a72108;Ótima;5;2026-03-31 23:58:58;5.23.1;Caixa
32a8080a8ca3fc08099353d1d06d050d;Está RUSSOO fiz a senha e este ap p não valida sua própria senha.);1;2026-03-31 23:40:23;N/A;Caixa
93d3bdd15be58bb796e45d3a2deffedf;Excelente 👏😄;5;2026-03-31 23:31:19;5.23.1;Caixa
7451349e1d2c1493c04b607aa8aea42b;tem que melhorar só o login que fica saindo sozinho o resto tá ótimo;4;2026-03-31 23:22:31;5.23.1;Caixa
8b45f0a6f6ae9e1d443f9bd8767aa7dd;soldador;5;2026-03-31 23:01:19;5.23.1;Caixa
e3971c66c6baf33712f69471247e5625;excelente;5;2026-03-31 22:58:28;5.23.1;Caixa
11f2ca65a79f82a0a5c2529dc04fd072;Muita Boa Obrigado;4;2026-03-31 22:41:51;5.23.1;Caixa
db45aacda9f6f3d170dc1d1edf068a51;horrível. troquei de celular e agora nao consigo liberar o acesso do celular novo. lixo;1;2026-03-31 22:35:06;5.23.1;Caixa
5bcc292fc41c4b63b645028a5d071df0;péssimo. aplicativo horrível.;1;2026-03-31 22:34:56;5.23.1;Caixa
d5eb5a27ba2d00581635580a84cb3b60;atualização um pouco demorada;5;2026-03-31 22:33:29;N/A;Caixa
42415e71a962c707b06331df73003235;App simples e fácil. Sem dificuldade pra acessar muito bom.;5;2026-03-31 22:30:37;5.23.1;Caixa
c36984c6421fb1ded581fdf9744f4e6a;que bom estar com vocês que bom 👍;5;2026-03-31 22:24:12;5.23.1;Caixa
c211300030bb09f30c51373b8a690f3c;ótima;5;2026-03-31 22:06:20;5.23.1;Caixa
0491a6b997d1dcbe317fbe43ad83b273;atualização;5;2026-03-31 22:05:00;N/A;Caixa
064fbd5b1cb4047b96997b4512dc5ebc;preciso do aplicativo da caixa;5;2026-03-31 21:30:47;5.23.1;Caixa
3fe2767e56adb049e42300458b57af4a;manutenção mecânico;5;2026-03-31 21:26:22;5.23.1;Caixa
d30fbb0a8cae8482886a15c3aaf8e498;vale gas;5;2026-03-31 21:24:02;4.1.2;Caixa
0dcc06c0837a59e31e43b43204608ccb;excelente aplicativo o melhor;5;2026-03-31 21:23:39;5.23.1;Caixa
cda07494fab3f998f8eb613b857380cf;ótimo;5;2026-03-31 21:23:38;5.23.1;Caixa
201524ac3e2ddcf50848f6fa304d7459;muito bom.;5;2026-03-31 21:21:20;5.23.1;Caixa
5c4ad488a7d507e2591d5a7bbfe64e3a;ótimo;5;2026-03-31 21:17:59;5.22.0;Caixa
00df2117f213b49a109c98b246dcce4b;rápido é prático;5;2026-03-31 21:16:26;5.23.1;Caixa
69ad69e7aeb790ef46ab07168f6f6617;ótimo;5;2026-03-31 21:08:19;5.23.1;Caixa
b8801fdd46bd3339c5bb722f574a328b;instalar caixa;5;2026-03-31 21:02:00;5.23.1;Caixa
e11116b7ace37197fc26e652722ac516;não tenho experiência..ok.masl logo aprenderei.. ... vamos k .vamos... Brasil.....;4;2026-03-31 21:01:03;N/A;Caixa
1e5afd16faa01236cc33dcf19d2b6a1f;estudante;5;2026-03-31 20:58:42;5.23.1;Caixa
2cb54995594d82b30b808f5a1622d3d6;Como tudo que é do governo, a Caixa não seria diferente e está atrasada demais.;3;2026-03-31 20:55:49;5.23.1;Caixa
fa4d2a7c31de90c378c15c12e566c32c;ta dificil acessar a o app ultimamente;5;2026-03-31 20:46:44;5.23.1;Caixa
c3f6fe3215f425c25edf63ec0657c5e1;Final de semana ele vai descansar, não funciona por nada, seu dinheiro fica preso dentro do app. E continua dando erro, único banco que perde minha digital e usuário, do nada não entra mais e fico sem acesso ao meu salário, aí tem toda uma burocracia e seguir. Lido com 3 outros bancos diretamente e nenhum apresenta erro igual o da caixa, horrível!!! só uso por conta da conta salário.;1;2026-03-31 20:46:34;5.23.1;Caixa
0316a69e29b82e4c0f0021576e55bfed;muito mal otimizado o app, até pra entrar demora 5 minutos;2;2026-03-31 20:40:19;5.23.1;Caixa
572aad79ff4a65b366d2de601dcc8a86;Deus a cima de tudo;1;2026-03-31 20:19:31;5.23.1;Caixa
c41f074cb9366ffbea65a7e1677fb94f;Aplicativo complicado de se mexer, pra quem precisa tirar o extrato da conta e extrato Pix tem que voltar toda hora na tela inicial, para baixar um comprovante Pix seja de envio ou recebido e uma canseira, deveriam melhorar isso aí.;3;2026-03-31 20:10:41;5.23.1;Caixa
2a03dcddd4692b74343a457cbc2f7867;ótimo muito bom,;5;2026-03-31 20:08:59;5.23.1;Caixa
83efe3e77194ac11a5f27c4ab14c5984;Excelente;5;2026-03-31 20:07:57;5.23.1;Caixa
5f74a484690dd36ff407e818026778a6;ótimo;5;2026-03-31 20:03:43;5.23.1;Caixa
8a6840d3ead75dd10b0c3dc6ceaf0f45;Não consigo entrar mais. Nem acessar minha conta.;1;2026-03-31 20:00:14;5.23.1;Caixa
5612d2822cf56f382aa0dbcf84c0417d;excelente;4;2026-03-31 19:59:56;5.23.1;Caixa
6a98da750b74057082fd00f98a63f798;e muito bom;5;2026-03-31 19:33:28;5.22.0;Caixa
6155e4a9991033d56d44d95c717a4067;muito tô boa;5;2026-03-31 19:28:36;5.23.1;Caixa
737f7e28e5758ecd2bfe2915b3a0f382;muito lento trava muito;1;2026-03-31 19:25:00;5.23.1;Caixa
8bc3520df9d9bd31f89b104ed062191d;ESSE APP PODERIA SER IGUAL A DOS OUTROS BANCOS E PARAR DE SEMPRE DESLOGA(logout), SE TRATANDO DE UM APP QUE MUITOS IDOSOS USAM.;1;2026-03-31 19:24:36;5.23.1;Caixa
1bbaf1de2bdb7dc3f90a1eb8d6a15be4;sou crente caixa tem;5;2026-03-31 19:24:08;5.23.1;Caixa
bc8990b1f88aa5b35b0d3f52d68d96dc;aplicativo bom;5;2026-03-31 19:21:03;5.23.1;Caixa
dd9f21b8c97ed8ceca15641165a3cc03;é possível saber se tenho dinheiro a receber na caixa econômica federal;5;2026-03-31 19:19:27;5.23.1;Caixa
5f339b86f055ded7787fcf4bf4ea1e6a;ótima;5;2026-03-31 19:18:10;5.23.1;Caixa
329313823660ff6a046b2f0248b8b2b0;execelente !!;5;2026-03-31 19:16:23;5.23.1;Caixa
e4870f607dba31130a696a2a4d773edf;UM INSTRUMENTO ESSENCIAL e.muito importante para mim...;5;2026-03-31 19:15:07;5.23.1;Caixa
93c943c5e62e322319b1e393bdb506ec;ótimo trabalho;5;2026-03-31 19:13:41;5.23.1;Caixa
30e752eafd0bfc8bed2a76ead066b67a;aplicativo muito ruim demora demais a configuração não e boa;1;2026-03-31 19:13:33;5.23.1;Caixa
49fc5478686e18b490d4efe0b98d7ba5;ótimo parabéns;5;2026-03-31 19:11:35;5.23.1;Caixa
a239719bc80efe5e33567c5e4579d4b6;fácil e rápido;5;2026-03-31 19:11:11;5.23.1;Caixa
ca7e3177cec4b6e331491e766aaea4ea;eu gostei di der conta na caixa e seguro;5;2026-03-31 19:02:42;5.23.1;Caixa
79746187f2bab1e11a16f6f0da706d04;muito bom;5;2026-03-31 18:57:16;5.23.1;Caixa
aed9bc20c583bfcbbd6ac110e23326ca;Eu vou passar pra vc meus amigos encaixa perfeitamente;5;2026-03-31 18:56:57;5.23.1;Caixa
3df12e63e0fc7b33fa100551b82f2d39;meu cadastro está atulizado;5;2026-03-31 18:56:48;5.23.1;Caixa
8612c07ff797f76f4a836855f25aa15b;Segurança cibernético💎;5;2026-03-31 18:56:06;5.23.1;Caixa
d2c5afac69b2a6bc642c7b6bd9faac59;aplicativo não abre;2;2026-03-31 18:48:31;N/A;Caixa
b39aed9f05b2fa73b7aae638391de82d;eu Kátia Oliveira Costa e estou esperando meu aplicativo ser liberado mas amo o banco Caixa dá muita oportunidade de empreendedorismo e qualidade de vida aos cidadão brasileiro;5;2026-03-31 18:41:48;5.23.1;Caixa
fec58d3bdf3e6e1bfb2e38f5e123f185;muito bom;5;2026-03-31 18:37:24;5.23.1;Caixa
8a4960e0617a7707159a5a0b60c406cc;Excelente!;5;2026-03-31 18:36:24;5.23.1;Caixa
89f12cc1126d907ac4ec5fff45fe3f1f;ótimo 👍;5;2026-03-31 18:29:30;N/A;Caixa
643e9f798ca2d99897186cf0d7676d2b;peço socorro olha meu pagamento tudoo pix resolvo pelo aplicativo mais,não sei o que houve não faz pix não recebe não paga me ajudem por favor.;5;2026-03-31 18:27:51;5.23.1;Caixa
997b093d91a804432d6ce91a38e277ca;otima;5;2026-03-31 18:21:28;5.23.1;Caixa
413a90bd4cbf315868f734eee62d8b61;E muito bom;5;2026-03-31 18:18:46;5.23.1;Caixa
7e1a00a42f42206ffc26a2c8f6507537;o pior de todos;1;2026-03-31 18:11:46;N/A;Caixa
6b929b4d41814c396ebf6ff27efcb8d1;facl demais;5;2026-03-31 18:05:50;5.23.1;Caixa
800a880c64e4a82163a70c91e51714c7;Excelente app;5;2026-03-31 18:03:58;5.23.1;Caixa
3eb4803830dd9eb67ae6e456304f454f;muito bom;5;2026-03-31 18:03:52;5.23.1;Caixa
b1b07f8868f3747f8823423c029bb70a;Resolvo tudo pelo Aplicativo, é a melhor;5;2026-03-31 17:51:55;5.23.1;Caixa
5d1c2cfba79d1c0c63ca1af45cc9e570;O App está muito lento. E não é minha Internet;1;2026-03-31 17:46:39;5.23.1;Caixa
bf71c3078917ad1c09718e1459470762;fenomenal;5;2026-03-31 17:42:15;5.23.1;Caixa
b28670b628360023f3fcb419c8dce18f;muito boa;5;2026-03-31 17:39:13;5.23.1;Caixa
918c2b8e0eafd0a358286854900409c4;100000 na milha cot a;1;2026-03-31 17:36:24;5.23.1;Caixa
3ab12daff3d3c49ad159ae881e819760;Desinstalei. Pediu para eu fazer reconhecimento facial, eu fiz, mas não constou. Fiz duas tentativas, mas não consegui. Já foi bem melhor.;1;2026-03-31 17:33:20;4.9.0;Caixa
65c6d1133d7a5eeb02a43b2e985314b7;muito bom;5;2026-03-31 17:15:39;5.23.1;Caixa
616dcaf7daee8732e9a3bb2f4d74c3ae;muito bom e rápido vale a pena ,o melhor banco melhor conta;5;2026-03-31 17:11:52;N/A;Caixa
192efb0b3b28420a82ef7dfddbd159e9;toda vez que eu tenho que abrir meu aplicativo da caixa tenho que atualizar e agora me obrigaram abrir uma conta digital, eu só quero acessar minha conta poupança . tento ver minha conta poupança e o sistema diz que tem algo de errado. toda vez tenho que abrir uma nova conta isso tá uma palhaçada.;1;2026-03-31 17:10:22;5.23.1;Caixa
19859d20ce073f2dc8eebcdaffbb5d6b;é muito bom;5;2026-03-31 17:03:15;5.23.1;Caixa
67c657835cbc4297559a9e7d41244475;Muito bom, é fácil mesmo. Parabéns...;5;2026-03-31 17:02:22;5.23.1;Caixa
f1499fb823a94a6e33dd48978fdcc254;Boa tarde tinha sumido você 0;4;2026-03-31 17:01:27;N/A;Caixa
6acb2268e1ac7a912f2facb4cfe562ba;ótimo;5;2026-03-31 16:58:36;5.23.1;Caixa
afeb51f1e28094e1b2d8efd8777a6712;bom trabalho;5;2026-03-31 16:58:29;5.23.1;Caixa
9347ef0bb8cea2a62e4df4b2201487ec;otima;5;2026-03-31 16:48:57;N/A;Caixa
6066f79030e238000141495754f856a2;caixa econômica federal muito bom usar aplicativos legal 🙏;1;2026-03-31 16:39:12;5.21.1;Caixa
adc610116fa19871880fd4e22163a7ab;ótimo;5;2026-03-31 16:33:51;5.23.1;Caixa
45b9d18c90aa7ba216002d49ad472420;Estou com o erro 6901, reiniciei e até formatei o celular mas não adiantou, não fiz root nem nada do tipo só foi atualizar o app que deu esse problema, por favor arrumem um jeito de resolver esse problema com uma atualização.;1;2026-03-31 16:23:26;5.23.1;Caixa
66cc2bf2618828b19422de4bd76bb566;muito bom;5;2026-03-31 16:18:39;5.23.1;Caixa
caf6431cd8ed3274e47c4c759f273ff6;dando erro, já limpei o cache pra entrar, já criei três usuários e não deixa entrar no aplicativo pra eu poder sacar o valor;2;2026-03-31 16:15:37;5.23.1;Caixa
f2d2afed5316c3a837db37c02fd1d658;ótimo;5;2026-03-31 16:14:11;5.23.1;Caixa
35286d80e47f825a5a7f3e03a1e1b552;Tá deixando a desejar;4;2026-03-31 16:12:57;5.23.1;Caixa
cdb410ca021f98d839a2df6b35827b63;muito prático;5;2026-03-31 16:11:14;5.23.1;Caixa
a2bf46c635a06da2510f9ef4cd4f893d;muito ruim;1;2026-03-31 16:00:43;N/A;Caixa
5cfc58e1e0e3e5512675c0567fa18410;nao estou conseguindo entrar no aplicativo;5;2026-03-31 15:55:50;5.23.1;Caixa
d172d28b5a22625c1ebd4b8111b3791f;muito fácil,e tudo no mesmo lugar;5;2026-03-31 15:53:40;5.23.1;Caixa
94b9765f525ff767994bdfc6e1d15cc1;não consigo recadastrar meu usuário,fica aparecendo erro como se eu tivesse feito várias tentativas, ja liguei no suporte e os atendentes falam q enviaram minha solicitação para a equipe especializada e no final do dia eu conseguiria fazer ,porém continua do mesmo jeito, nem na agência física resolvem.Ja desinstalei e instalei várias vezes e nada.Não funciona.;1;2026-03-31 15:34:08;5.23.1;Caixa
7a0d001c4f463528ff8dd7351e732e83;foi ótima;5;2026-03-31 15:29:52;5.23.1;Caixa
8ddb1a59c371855421125904591b182f;Só dá pobrema, eu coloco as senhas tudo certo e ainda consta que tá errado, eu não aguento mais perder o meu tempo para resolver essas coisinhas.;2;2026-03-31 15:27:07;5.23.1;Caixa
aaeb12d72e9458c4357e34718720b4b7;Excelente;5;2026-03-31 15:26:56;5.23.1;Caixa
f0ac7f17d9fbd6fe9bc2db2182025d6c;limite de 5 . mil para compras;5;2026-03-31 15:24:26;5.23.1;Caixa
6a1d497d8e8240d4423e11445d76652a;uso cotidianamente.;4;2026-03-31 15:10:29;5.23.1;Caixa
429fcb9d6f94eaa84be17b93ebb54e01;tem dias q não avisa sobre as notificações;2;2026-03-31 15:07:53;5.23.1;Caixa
113b58a385efd8b3ee350037797e3482;simplesmente não funciona, faz horas que estou tentando e nada;1;2026-03-31 15:00:52;N/A;Caixa
b7896ffb70c1aa0a6c77b6d3aa79875f;sou católico apostólico romano praticamente e gosto de cantar nas missas e sou religioso.;5;2026-03-31 14:59:27;5.23.1;Caixa
eedba04ce69812500c28073ec913e41b;ótima;5;2026-03-31 14:58:54;5.23.1;Caixa
6b8e3bac2a01ee451042a8668d5cb893;ótimo;5;2026-03-31 14:58:23;5.22.0;Caixa
939cd7c99a306a42ba30bf874fa325ad;bom, mas o design é ruim e antigo..;3;2026-03-31 14:49:28;5.23.1;Caixa
41bb977e6654150bd4925efceb0bb11b;Atendimento nota 10 com perfeição ok !;5;2026-03-31 14:47:15;5.23.1;Caixa
70ad0b607dcda9705dd496a88a69209f;pior banco do Brasil;1;2026-03-31 14:46:59;5.13.1;Caixa
cec1fe05f40ce47c1854c4485b06ea1e;muito boa;5;2026-03-31 14:38:36;N/A;Caixa
bda12c11a876c047b68e99c9c5c58dc3;otimo;5;2026-03-31 14:38:23;5.23.1;Caixa
9fd8d1e5228573d3b96a1a30cf9cb8a3;muito bom esse aplicativo;5;2026-03-31 14:36:42;N/A;Caixa
119f431d8dc94d19e8770788e6968b39;ótimo;5;2026-03-31 14:33:57;5.23.1;Caixa
53cfce56749117f89f76f12057e3e726;Deveria mostrar o perfil de gastos, ter a possibilidade de criar caixas ou cofrinhos pra podermos utilizar um opção mais prática de separar dinheiro e acesso aos cartões de crédito deveria ser simples, por exemplo, os valores gastos no cartão não deveriam demorar tanto pra entrar na fatura.;4;2026-03-31 14:21:56;5.23.1;Caixa
86d9c9745bfae95f645ef0ef4fae36bb;Pior aplicativo de banco q já usei. Não consigo fazer login, tento atualizar ou redefinir nome de usuário e senha e fico num looping infinito, fora a demora pra enviar código e confirmação.;1;2026-03-31 13:59:00;5.23.1;Caixa
511a16179b529b265e2e7e775b5c6798;sensacional;5;2026-03-31 13:47:46;5.23.1;Caixa
20ac497dd4698813a604c0814e9df436;otimo;5;2026-03-31 13:43:34;5.23.1;Caixa
055768763791e047bdac119efade6896;Ótima;5;2026-03-31 13:39:30;5.23.1;Caixa
7af32c087f31a9f1480b40be205e292a;A única funcionalidade do app e te mandar pro banco para poder usar o app.;2;2026-03-31 13:31:26;3.15.1;Caixa
0522c65eef291e01c3c731f196f8b701;normal;5;2026-03-31 13:27:27;5.23.1;Caixa
b110b5fba70a087215e58296d0d78664;"Não consigo atualizar o telefone no cadastro, tirar o fixo e colocar um número de celular. No final aparece a seguinte msg ""R102 - Já existe uma renda cadastrada para essa ocupação. Não será possível alteração""";3;2026-03-31 13:23:11;5.23.1;Caixa
8097289b252a8cfa1d64c7d7ec59d1e9;horrível, impossível cadastrar um usuário pra logar, fica preso aguardando autorização infinitamente;1;2026-03-31 13:21:25;5.23.1;Caixa
000bcfd3b35fdfa021436964d94a70b2;péssimo atendimento do app trava muito só n dou 0 pq n pode o app n presta tomara que vão todos tomar no cuuu arrombados;1;2026-03-31 13:12:03;5.23.1;Caixa
096ad3abe975a55ac5f643f8e013f686;péssimo aplicativo, sempre dá problema nunca vi um aplicativo de banco tão ruim cada dia que passa está pior, as atualizações só pioram, tem mais de 2 semanas que não consigo acesso pelo aplicativo;1;2026-03-31 13:06:49;5.23.1;Caixa
c7c5a893c20203c5b454efd63d618061;não consigo cadrastar minha fácial;1;2026-03-31 12:52:08;5.23.1;Caixa
4848b3971732c51f344e703aa8e0c9f2;excelente;5;2026-03-31 12:51:13;5.23.1;Caixa
3e6f865ff235b6cbd1bd61353df5d1f8;falta informações, app não abre, pouca clareza e objetividade;3;2026-03-31 12:46:21;5.23.1;Caixa
74aa474743e34b4d22d8efffd8637b40;otimo;5;2026-03-31 12:40:58;5.23.1;Caixa
1a380f2c5b849ea608d5773c1721fc72;ótima;5;2026-03-31 12:32:18;5.23.1;Caixa
59bab7df8e5a59f765512181de2c1950;amo ter conta na caixa econômica federal;5;2026-03-31 12:32:13;5.23.1;Caixa
09cfb8bf6bdfd04d936ed8f50244a8c3;ficou muito ruim não gostei;1;2026-03-31 12:29:15;5.23.1;Caixa
436b0c5896065d13a3400d6307dba4aa;Bom trabalho;5;2026-03-31 12:24:19;N/A;Caixa
4cf18683fe9110688cf059bdf2c71772;muito ruim;1;2026-03-31 12:23:05;5.23.1;Caixa
f4ffdc166a6471765cfe2beaff61eea5;lixo lixo lixo lixo não pode mudar de Cell que eh uma burocracia... da usuário errado senha errado... eu com TD pagamento p resolver as coisas essa palhaçada;1;2026-03-31 12:18:16;5.23.1;Caixa
e8b6454de7142133ca05c6f5d913d534;muito bom esse aplicativo sem contar que o banco é nota 10;5;2026-03-31 12:12:20;5.23.1;Caixa
88bf3222b0f1db06655b3bdd2dd14986;o aplicativo ruim da desgraça, pra abrir conta e um inferno, toda vez da problema.;1;2026-03-31 12:11:04;5.23.1;Caixa
498d0700b4772beb4a33efb5522270cc;ótima;5;2026-03-31 12:05:25;5.23.1;Caixa
07192f4385a87d6fba37ce1b785cb4b0;Estava ótimo agora voltou no início muito ruim fiz depósito não consigo acessar manda cadastra usuários depois fica parado espera receber notificação wappsap;2;2026-03-31 11:58:56;5.23.1;Caixa
6be43e1c8d51bafa1a3ff44998cb2b9f;muito ruim ti aem consegui entrar toda vez que vai entrar da problema só outros bancos não faz isso;2;2026-03-31 11:43:29;5.22.1;Caixa
1446382dc295de5a4cd4ad112bf233c1;não estou conseguindo abrir meu aplicativo na data de hoje 31/03 gostaria de uma ajuda.;3;2026-03-31 11:38:02;5.23.1;Caixa
9f104dc991d4f833acef17b449c59a4d;maravilhoso aplicativo;5;2026-03-31 11:37:26;5.23.1;Caixa
99da5546353b642f99f6aa80c22d2145;O pior aplicativo bancário q eu já usei sempre q preciso usar tem q recadastrar usuário pois o aplicativo não reconhece nota zero;1;2026-03-31 11:34:30;N/A;Caixa
07bcf3494916abc01ac36ab434da1efb;muito bom;5;2026-03-31 11:33:22;5.23.1;Caixa
d6d7566a0f9174f4857a2e3c871a4e4d;Eu não sei o que vem a acontecendo ultimamente mas já tô bem irritado . E a segunda vez que tudo para de funcionar. Não consigo entrar na conta com senha , ou com a biometria . Isso já virou palhaçada. Sinceramente vou jogar todo dinheiro na conta da Nubank se isso continuar porque tá chato toda hora refazer cadastro e ir no banco pra liberar pra fazer pix. Sinceramente tô mudando de aplicativo! cansei disso !....;1;2026-03-31 11:30:07;N/A;Caixa
36c602e10bd6c947d35993605dae6806;presencial;5;2026-03-31 11:25:16;5.23.1;Caixa
37e124a7d2294dada2726cd4be4f7201;Ultimamente não reconhece mais minha digital, a senha e o usuário não confere. Daí toda vez que vou entrar tenho que fazer um novo usuário e nova senha. Editando: esse é o meu único aplicativo de banco que tem tantas dificuldades. Agora diz que meu dispositivo não tem permissão pra abrir e tenho que ligar na central pra desbloquear. Sempre que preciso dele, não consigo acessar, cada hora um problema diferente. Edição 2: o problema persiste.;1;2026-03-31 11:21:43;5.23.1;Caixa
d82f33c033bbde8ee23d1189173d5cbd;por imquanto tá funcionando bem o pix obrigado..;4;2026-03-31 11:20:09;5.23.1;Caixa
35a6ecfbb01574a53449e988395cdd7f;top de mais;5;2026-03-31 11:16:55;5.23.1;Caixa
f1c008e274c6a3103a5890981903c186;muito obrigado bom de mas;5;2026-03-31 11:14:23;5.23.1;Caixa
cce1ee1f0406e70ac9e31bc15d534015;mas comodidade;5;2026-03-31 11:14:03;N/A;Caixa
2335097207ba6a726990700d36e38607;app ruim. toda vez que vai para facial da errado, nunca dá certo.;1;2026-03-31 11:03:24;5.23.1;Caixa
448fa8eedf47c306e0ba1eca93d0a410;Quero saber se tenho dinheiro;1;2026-03-31 11:00:41;N/A;Caixa
849bde50d81e8df2e6daa87259df4f71;dificil conseguir atendimento;1;2026-03-31 11:00:40;5.23.1;Caixa
8a5e741713187cec612e8ae8b96e7427;foi maravilhoso demais;5;2026-03-31 10:42:47;5.23.1;Caixa
a6f3b048f6dae3ac30c0593717218a20;App caixa não está dando opção de entrar na conta seja com senha ou biometria, corrijam isso 😡;1;2026-03-31 10:42:19;5.23.1;Caixa
bbab35f61e33f128074bd91bc8dbe5d1;show de bola;5;2026-03-31 10:40:15;N/A;Caixa
25378788a05a1f42ae221586229aaaba;não consegui encontrar. confuso.;2;2026-03-31 10:34:05;5.23.1;Caixa
3d3e880db65a5258be76b65e3d318bc5;mto bom gostei;5;2026-03-31 10:15:54;5.23.1;Caixa
acbd8ddfe622f195ae9e90de9dd9d133;app está com dificuldade pra entrar😮‍💨;3;2026-03-31 10:03:45;5.23.1;Caixa
7e73c70647a18b8f96576288c67d6a60;App está ótimo;5;2026-03-31 10:03:28;5.23.1;Caixa
03eea6375f0d9acf9ebeab9e8cdff2e5;muito bom esse aplicativo;5;2026-03-31 09:59:52;5.23.1;Caixa
a7c619a0e5a45198e7d49ae269093faf;nota 100. Muito bom.;5;2026-03-31 09:58:19;4.3.1;Caixa
0e2b0b337ab68c7ae7c4a286a156930a;pagar contas , rápido com segurança;5;2026-03-31 09:55:17;5.23.1;Caixa
90009d3d8102fdd9715bfe7369e74fd3;tá demorando um pouco , já que tudo é virtual era pra ser mais rápido .;4;2026-03-31 09:54:14;5.23.1;Caixa
c389aa155bc4d295062e7af0bea80cd4;a caixa é muito injusto mesmo, me bloqueio pendente. já tentei várias modelos celulares pra desbloquear sempre da erro. resumindo tenho que ir obrigação ir na boca da caixa infelizmente, fiz cadastramento meu cartão nunca chega faz mais de mês meu cartão chegou eu não sei como foi parar. coloquei tudo certinho meu endereço!!!!! não recomendo pq qualquer coisinha a caixa bloquea sem motivo então eu desistir só dar de cabeça mesmo essa frescura 👎👎👎;1;2026-03-31 09:53:29;5.22.0;Caixa
2cb90e4d286d42bdde2a52781f481674;muito bom;5;2026-03-31 09:51:38;5.23.1;Caixa
28b2799184b3a347ae143111ad3eb706;0tima;5;2026-03-31 09:46:14;5.23.1;Caixa
3fa02fe05d933379189804b0c4850519;qual o problema desse apricativo agora q consegui tirar a selfie não consigo confirmar o email já limpei o cache e nada;1;2026-03-31 09:44:12;5.23.1;Caixa
19ce3822131a75c78a31c81d884ffd08;ótima;5;2026-03-31 09:36:36;N/A;Caixa
ce80c4718489870a8e02c4ea29fb3497;ótimo aplicativo o melhor que está tendo;5;2026-03-31 09:27:15;5.23.1;Caixa
7681c4f4f0d1861fa8684d8273345f6a;Em outros APP, você habilita o Celular usando FOTOS de RG, reconhecimento Facial, Na caixa terei que ir em uma Agência.;1;2026-03-31 09:25:35;5.23.1;Caixa
15b8f5ff0dd29b2101d94b4f1c3cd06a;horrível vc perde o acesso do dia pra noite e pra cadastrar novo usuário não vai aplicativo tá horrível podre 😒;1;2026-03-31 09:21:43;5.23.1;Caixa
591b740fe03d234c44ea54871e64650e;valeu muito boa a experiência? 😃;5;2026-03-31 09:20:10;5.23.1;Caixa
fb8bac097572faf37f17c58b53da613e;não abre e nega abrir como erro;1;2026-03-31 09:16:15;5.23.1;Caixa
87b5b2c2dc5985749e69e76530dd1f83;muito ótimo;5;2026-03-31 09:14:31;5.23.1;Caixa
614834e3eeb02427d8ac286ff20c33d2;ótimo gostei eu tenho conta no caixa tem mas não consigo entrar me ajuda;5;2026-03-31 09:07:46;5.23.1;Caixa
339630314d89a175781058d88b763e0a;Parece que melhorou;3;2026-03-31 08:50:59;5.23.1;Caixa
a4293ea978d85780f1f28347f0befdf1;muito confuso...;1;2026-03-31 08:49:22;5.23.1;Caixa
581ea8a4bff96e2579cf1376b6c99f52;não localizei a opção de seguro desemprego;1;2026-03-31 08:46:53;N/A;Caixa
a52855667e5d4ea3045cef2d30be9ecb;Facilidade com o banco;5;2026-03-31 08:31:24;5.22.1;Caixa
23ee24e54b18dbe14a07df2917be95cb;satisfatória;5;2026-03-31 08:29:12;5.23.1;Caixa
2a3c07115e669dca7c18b6c72850639f;lixo Demais!!!!!!!! bugou e ta dizendo dispositivo sem cadastro, muito ruim, quem fez esse aplicativo é um Burro.;1;2026-03-31 08:10:56;5.23.1;Caixa
55269808003fed95608826e241ab5ee6;o problema é que comprei um aparelho novo e não consigo acessar o app da caixa , pede para ir ao caixa eletrônico escancarado o QR code, mas como ? estou em viagem fora do Brasil, já tentei reiniciar aparelho,desinstalei o app e reinstalei de novo, faleicom suporte e nada;1;2026-03-31 08:02:18;5.23.1;Caixa
a34aa2944612c3c5e71df1dbb41b4cab;Muito bom;5;2026-03-31 07:51:17;5.23.1;Caixa
7e9bad496b64857a959c9862fccacd23;é um aplicativo muito bom;5;2026-03-31 07:48:49;5.23.1;Caixa
a6f312ffc3ae63b6f0632956f01d9f37;ótima;5;2026-03-31 07:21:34;5.23.1;Caixa
8b225a41c4e124f65b855c90a6a75955;serviço lixo como sempre, conta que perde acesso e a pessoa tem que ficar fazendo novo usuário para logar, tendo o benefício preso na conta com conta pra pagar. horrível, aliás tudo que é vinculado ao governo é esse lixo.;1;2026-03-31 07:09:35;5.23.1;Caixa
d93f613469734f938f520b5cc454b6bd;gosto do aplicativo da caixa, facilita nossa vida rápido.;4;2026-03-31 07:00:38;5.23.1;Caixa
1e6aa31dc6ba7e0669e5e0e22116d524;muito bom;5;2026-03-31 06:29:23;5.23.1;Caixa
f4190eef0491793239a0893bbb1d936a;muito bom 👍;5;2026-03-31 06:02:31;5.23.1;Caixa
26d8d03e375e45625a6818624ee51550;Aplicativo péssimo,não consigo usar para fazer nada estou tendo problema para criar uma senha ,mesmo tendo gerado a senha de transação no caixa eletrônico quando vai no app só dá inválida.;1;2026-03-31 05:50:08;5.23.1;Caixa
ee007571b9a52cf9aa29763ca7ae0524;nao me dão crédito ou um empréstimo mesmo sendo funcionário público;3;2026-03-31 04:29:38;5.23.1;Caixa
31266b0841d7b07541911d2ed35e739c;Tem que investir em tecnologia, horrível!!;1;2026-03-31 04:17:57;5.6.0;Caixa
97f77b57db5f3378f79acc108479f774;é mãe desde criança. e a filha louíssienne também. benção vou comprar um irmão igualzinho você. te amo. loiro de olhos azuis;5;2026-03-31 02:27:52;N/A;Caixa
2cee33a538a453e16775f95eb15859ac;péssimo App. fica pedindo toda hora usuário e senha .tem q ficar cadastrando toda hora .enche a paciência aff.;2;2026-03-31 01:51:16;5.23.1;Caixa
95ff60ee33321a63f0321a91f5a389dc;otima;5;2026-03-31 01:36:01;5.23.1;Caixa
86d1c5a9525dad371f08360b5698ebb2;muito legal 👍mais ultimamente ,está muito chato %do vou abrir o AP vem uma faixa branca de comercial falando que tem novidades pra atualizar,já atualizei milhares de vez ,qdo abro o AP tá lá essa propaganda está me atrapalhando muito estou tendo dificuldade para usar o AP;5;2026-03-31 01:34:37;5.22.1;Caixa
2084feb9f6510e8f8710f54dada70b1f;aplicativo péssimo, não dá pra olhar nada na loteria!;1;2026-03-31 00:39:24;5.23.1;Caixa
fe4cce4453c4594063ec816ab89a32c1;muito Bom.;5;2026-03-30 23:29:48;5.23.1;Caixa
79ce1d865efeca3e4d55434adcdf7073;"APP com dados incorretos mesmo após ter ido na Ag. Freire Alemão/Rio do A ambas em Campo Grande/RJ, passiveis de FRAUDE, as informações são divergentes nos APP Caixa Beneficios Sociais, Caixa FGTS, Caixa Trabalhador, Caixa e Caixa, como é uma unica pessoa com um unico registro ter tantas informações divergentes, não dá pra confiar, tem que denunciar. "" URGENTE'.";1;2026-03-30 23:23:36;5.23.1;Caixa
05317a89d84a52c41adde7359ac37179;não estou conseguindo acessar o aplicativo do caixa econômica federal porque não estou conseguindo falar com vc aí responde aí por favor me manda mensagem no whatsapp;5;2026-03-30 23:23:22;5.23.1;Caixa
012daf0c3a1801b9b5273cc5cae81046;muito bom ter a caixa econômica como parceira, gosto muito;5;2026-03-30 23:08:24;5.22.1;Caixa
967560a5731a960b0e6007766d8bcc36;aplicativo da Caixa Econômica está de Parabéns muito Excelente Atendimento ao público de rodas idades valeu.;5;2026-03-30 22:47:00;5.23.1;Caixa
d3f1fb18d2e4c87d8fb8a5d29c7e8fcf;Está dando mui bug e tenho dificuldades quando mudei de rede de conexão;5;2026-03-30 22:01:31;5.23.1;Caixa
a9a904934404e114986b9e6a68eec5f9;muito bom;5;2026-03-30 21:56:31;N/A;Caixa
3ae4ea30f63fafe6a919d28fc3d6e46d;to triste não to conseguindo abrir meu aplicativo caixa economica;5;2026-03-30 21:45:14;5.23.1;Caixa
adbdd254ec414f47ec8cb116fce9c3ee;um app que sem aborrece, sempre que preciso tem que ter todo trabalho de ficar inserindo meus dados.;1;2026-03-30 21:37:16;N/A;Caixa
d1ac8a8129e4b91218afdfb9fadbf88e;Tô usando primeira vez vai dar tudo certo 🙏fé;5;2026-03-30 21:27:34;5.23.1;Caixa
830191d01e0c41006b1f87041812fcba;muito boa;5;2026-03-30 21:23:30;5.23.1;Caixa
6e2aebc624bd267d4cb0ffbe8ef028d0;O aplicativo está sem funcionar;3;2026-03-30 21:19:56;5.23.1;Caixa
9104e3f4109e0480bc3800b271b2bd5e;foi muito fácil!;5;2026-03-30 21:17:20;5.23.1;Caixa
2587549d2fddfa94a4401f1b0d634a72;muito bom 👍;5;2026-03-30 21:16:54;5.23.1;Caixa
164f78e7417f1370436b34a9a8fefd9b;não consigo abrir uma conta. app muito ruim;1;2026-03-30 21:11:24;5.23.1;Caixa
d0d001ff57db72c7b34da94c012dfc43;Estou dando 3 estrelas apenas por um motivo: O processo para alterar a senha do cartão de débito é muito cansativo (tem que ir até uma agência). Sendo que poderiam muito bem fazer um processo de reconhecimento de identidade para conseguir alterar a senha pelo próprio app. Nem todo mundo tem tempo para ir até lá, resolvam isso!!! Fora esse detalhe é um excelente banco.;3;2026-03-30 21:10:42;5.23.1;Caixa
3649ff4ed54d89602bc50016634877ce;travando muito;3;2026-03-30 21:05:58;5.23.1;Caixa
b081211abaf85dce7a67148f006369a6;muito bom;5;2026-03-30 21:02:21;5.23.1;Caixa
8ce46cf9ed4fc538f706b7f958e082e7;por conta de facilidade e td q preciso tem;5;2026-03-30 20:51:00;5.23.1;Caixa
2d77f5c16142f7aedcd33c6b0b0a12a0;Adailton Pereira da Silva;2;2026-03-30 20:47:08;5.23.1;Caixa
8336d3fde368e210984e1a275ba5947b;muito bom 😊;4;2026-03-30 20:42:22;5.23.1;Caixa
5e7fbeb70b8ccdcb5c64d2979520488b;Pior aplicativo de todos, dando uma Estela por que não tem 0 , como sempre atrasando o lado do cidadão, na hora de tirar o FGTS, o INSS, é rápido, agora serviços de qualidade, nada .. nada , lamentável;1;2026-03-30 20:42:20;5.23.1;Caixa
e33320ad276fef593c6f9f41d13e8ff2;ótimo;5;2026-03-30 20:26:46;5.23.1;Caixa
8034e9f942ec1c2a5fe9b937bdd7d491;excelente;5;2026-03-30 20:22:38;5.23.1;Caixa
cc337bba4b84248f61dc23c83c9f0a02;ótima;5;2026-03-30 20:22:01;5.23.1;Caixa
c97d6c6ee77b4202266b754f2186fa8e;excelente;5;2026-03-30 20:13:47;5.23.1;Caixa
f90338e8b44aea0b8efb806a2398aff1;excelente 👏👏👏;5;2026-03-30 19:54:59;5.23.1;Caixa
a6702e9b85aa3facc2104f0dbc817d0e;está demorando muito para fazer as transações e pra abrir as páginas;2;2026-03-30 19:40:03;5.23.1;Caixa
1ba2b856b7172f561d30e325a63d184b;caixa....maravilhosa...!!!;5;2026-03-30 19:28:25;5.23.1;Caixa
e3a2f842a1561cdb047220b5799ce0b6;Por favor melhorem o sistema de pagamento de fatura, com opções mais intuitivas para checar as parcelas e fazer o pagamento antecipado. Acabei atrasando o pagamento porque as informações não são claras e o app não notifica o vencimento. Esse app tem o pior layout em comparação a outros bancos (que geralmente tem funcionalidades mais padronizadas, como nubank, mercado paga picpay etc);2;2026-03-30 19:22:15;N/A;Caixa
67b5e7eef7e33453cdf368eab6fd8774;tudo de bom;5;2026-03-30 19:21:13;5.23.1;Caixa
98e922ef2d2c123ba97d0f06e4eb92ae;ótimo parabéns.;5;2026-03-30 19:17:47;5.23.1;Caixa
44394c669ff29912cda5ea0310f13ba1;ótimo;5;2026-03-30 19:06:25;3.8.4;Caixa
bf5051524a714c083f95723a329f16bc;vou colocar uma estrela só pq não tô conseguindo atualizar o aplicativo!;1;2026-03-30 19:03:29;5.23.1;Caixa
a99b96b4b32680de88adfab7a8fe5a73;Fácil entendimento;5;2026-03-30 19:02:55;5.23.1;Caixa
cc30054512b03b5cf5b541726795369a;não dá pra receber código para entrar na conta, afinal vem no whats, não dá pra copiar, vc tem q digitar e copiar oq digitou para colar e não é identificado;1;2026-03-30 18:57:43;N/A;Caixa
6509079076fd19475acd41935c5cd770;Serve só pra ocupar espaço na memória, estão forçando a instalação de um app.... A câmera de reconhecimento é um lixo. e o pior é o bot automático respondendo, é um lixo. recuperação de senha é uma piada de tanta falta de segurança.. péssimo app. pra ver suas informações pessoais você precisa de uma senha de transação, quem foi o imbecil que pensou nisso?;1;2026-03-30 18:53:06;5.23.1;Caixa
c2a2a9fa244fbfe0589acf93ae8f1f20;seguro para guardar o dinheiro;5;2026-03-30 18:52:45;5.23.1;Caixa
3838babb62d985c1ff530b5eda29362e;muito bom 😊;5;2026-03-30 18:51:11;5.23.1;Caixa
1cc3f426a9f7ab3150b2e4ab4ed21f53;1-Bom. Só tenho a reclamar que paguei 2 boletos iguais com nomes diferentes para organizaçao do governo e quando precisei dos comprovantes o sistema da caixa só emitia 1 deles. 2- Agora em 2026 não desbloqueia no meu smartphone g75 talvez pq a esposa usa um de mesmo modelo. Mas funcionou por mais de 1 ano nos 2. Até que me forçou a desinstalar do meu dizendo que era duplicado.Cód TZ -101.;2;2026-03-30 18:48:24;5.23.1;Caixa
3e98bfba3dd2f20bf938d1e0c9503bd7;facilidade e segurança pra nosso dinheiro. banco confiável;5;2026-03-30 18:37:32;5.23.1;Caixa
e004bb383719c9a61ebbd574a3e739a0;minto bom;5;2026-03-30 18:31:16;5.23.1;Caixa
a38b9a2cc0648401f2a3e5e2bf02e9d2;ruim;1;2026-03-30 18:26:47;5.23.1;Caixa
3efc6915c6935d3eea855b1bc3c103e5;bom ótimo;5;2026-03-30 18:21:47;5.23.1;Caixa
125de5934b39de6508a3b78f4e2e7779;Péssimo, lento, tudo bloqueia e precisa ir na agência;1;2026-03-30 18:17:32;5.23.1;Caixa
8f13b9a43b3b5bf45dcd511c028c00df;não consigo mais entrar no aplicativo;2;2026-03-30 18:10:23;5.6.0;Caixa
bac96f2f9df4fd890483a8a6b53c5c43;muito bom;5;2026-03-30 18:10:14;5.23.1;Caixa
cdfd21603fa626d620886c82646c60fc;aplicativo confuso....poderia ser mais claro nas informações;3;2026-03-30 18:09:51;5.23.1;Caixa
c28c12505a7a6d109721c4b18c93f6eb;estou com problema sério no app;2;2026-03-30 18:06:07;5.23.1;Caixa
e11505ae4ff1addab952d375d5ea73e8;caixa e uma caixinha de surpresa que todos mundos ten;5;2026-03-30 18:03:40;5.22.1;Caixa
3f1c200c95c4d73aafa0d9238b621988;Mas pelo jeito tem que melhorar muito;4;2026-03-30 18:00:46;5.23.1;Caixa
0a368448ee037904c3ee0297739226ed;ótimo;5;2026-03-30 17:43:57;N/A;Caixa
0b38f7a9d15c01ccd5805e8d2215fe64;muito bom mesmo;5;2026-03-30 17:27:48;5.23.1;Caixa
2b524ccb4c8ba245f818aa8f13290231;ótimo;5;2026-03-30 17:23:41;5.23.1;Caixa
00e50a392a71e13c1f7345fa50699a7f;valmir euclides;5;2026-03-30 16:59:46;5.23.1;Caixa
1a7da75be74111db6fb9bca71fc336fc;Toda vez que preciso acessar, não consigo fazer login e tenho que cadastrar um novo usuário e senha. E mesmo assim, não funciona. Péssimo!;1;2026-03-30 16:58:16;5.23.1;Caixa
f618f96940462e443cc37a6f5795eb65;muito bom;5;2026-03-30 16:56:42;5.23.1;Caixa
151b96bd5cbaa75e8e90aea7bbe99f2e;aplicativo sempre sai fora tem que ficar cadastrado no caixa;1;2026-03-30 16:54:46;5.23.1;Caixa
eb3ccc00e59ccf295f38e3ab2788a2ee;ótima bem produtiva;5;2026-03-30 16:43:52;5.23.1;Caixa
57ef56217e6dfe02bbbae8b705b1e320;achei- muito boa;5;2026-03-30 16:30:52;5.23.1;Caixa
dcf69bd655057f5fda0f234b6128a3e4;muito bom;5;2026-03-30 16:29:46;5.23.1;Caixa
cf7d94e98689486f4a361118f0095f5b;cartão de crédito não tem mudança a gente usa paga em dias mais o limite sempre é o mesmo;1;2026-03-30 16:28:49;5.23.1;Caixa
452c4079a72c950d9212332b7ef0ef52;top 👍;5;2026-03-30 16:23:48;5.23.1;Caixa
3c100f8dca0f9b0442bd22f390f34548;Boa dilheiro;5;2026-03-30 16:22:44;N/A;Caixa
b3d86473eca20b7f945811a69e1d016c;muito bom;5;2026-03-30 16:08:46;5.23.1;Caixa
211a6d63616a4164ab42c2a28fe7522c;interrupções constanyes;3;2026-03-30 16:04:05;5.23.1;Caixa
6a91bc7a562eee0452325cc58398c1a2;super seguro e confiável;5;2026-03-30 15:51:35;5.21.1;Caixa
7e2146e0c041a6b601557b3042c8304e;motorista de aplicativo;5;2026-03-30 15:50:57;5.23.1;Caixa
3ef4a217eeb6ffbbade5869a068c5eb8;ajudante de motorista;5;2026-03-30 15:50:34;5.23.1;Caixa
3a7513ca892b5166d0bcc2b875775ee1;App não abre. Tento biometria facial e dá erro. Mandam ir na agência .;3;2026-03-30 15:46:50;5.23.1;Caixa
5019f638230090b4095486eecd158d78;Boa.;4;2026-03-30 15:46:03;5.23.1;Caixa
744d8243e3336b9eaaae3d25faf9c2b2;o aplicativo não está funcionando e está como conta corrente, não era q eu queria e estou tentando pegar um empréstimo no Serasa e aparece uma outra conta poupança;2;2026-03-30 15:44:34;N/A;Caixa
aa15ad41e95a2ac7f786ea71b7f59aa5;blusa família quero informações. se tem algum valor na minha conta;4;2026-03-30 15:33:03;5.23.1;Caixa
d8abc6bf6ac76615e45c3c03c6ec9dfb;Ótimo de mais;4;2026-03-30 15:31:33;4.9.0;Caixa
c5fbe7d9dd91e49b18afe4f4499873d8;muito bom só não rastrear cartão;5;2026-03-30 15:25:11;5.23.1;Caixa
e94c5596d1dcfdaee01a3c1d66db2861;ótima;5;2026-03-30 15:17:50;5.23.1;Caixa
043a6af058c1bc74293b6e511c41de5d;O aplicativo está apresentando problemas, para consulta FGTS. Já desinstalei e instalei novamente e o problema persiste. Quando realizo a consulta aparece o primeiro saldo e quando vou clicar para consulta da empresa atual onde trabalho aparece o erro 00116. E isso já tem mais de 2 meses.;2;2026-03-30 15:16:53;5.23.1;Caixa
010fd8d412b279852cf25cc6e826535b;Não consigo acessar o app, está com esse código B-TZ-BLK-LGN;1;2026-03-30 15:13:18;5.23.1;Caixa
c4fc57e45becf7380ef4a97488b14c71;Excelente...;5;2026-03-30 14:52:04;5.23.1;Caixa
908223db955c98b3943d251729f88f32;não estou conseguindo abrir conta empresarial;1;2026-03-30 14:51:59;5.23.1;Caixa
617d42f7fe6a0e9161355bbe2bfdccb9;depois que atualizei não consigo acessar a conta.. Só fica pedindo para cadastrar celular!! e não tenho interesse em cadastrar celular;1;2026-03-30 14:51:24;N/A;Caixa
abf4f3db7d36729fe32586e6e48691a5;muito burocrático! poderia ser mais prático;2;2026-03-30 14:45:43;5.23.1;Caixa
0bed49f3eff47eaf64470c5323d4635c;"o banco mais burocrático que já usei, infelizmente preciso por causa do trabalho, mas pra gerar a tal da ""senha de transação"" foi horrível. Me disseram que eu poderia fazer em um caixa eletrônico mas não foi possível. tive que esperar mais de 1h pro atendimento, usando meu horário de almoço pra resolver isso, já que ao sair do trabalho, as agências já estão fechadas. Deveriam facilitar esse acesso, ou pelo menos, garantir que as alternativas que eles mesmos oferecem funcionem.";2;2026-03-30 14:43:09;5.23.1;Caixa
38f8b9cf9f2d84b71dfe8a8e2d2993dc;ótimo excelente muito bom gostei 👍 comodidade;5;2026-03-30 14:35:40;5.23.1;Caixa
a0a83f9f3b1ea1c14fe31b90d6efa46e;muito complicado;4;2026-03-30 14:33:20;5.23.1;Caixa
17ec14028d1e1291e3fbe6f4f2d79bad;N consigo validar;1;2026-03-30 14:21:41;5.23.1;Caixa
071e0d99c1f46e24e2556d102fba877a;péssimo atendimento e lento no atendimento muito burocrático para os clientes usar;1;2026-03-30 14:21:04;5.23.1;Caixa
6182599942e9f19440e36be50a2622c7;excelente;5;2026-03-30 14:19:03;N/A;Caixa
ee380e34f99df8bee4c476529d87bce8;ótimo;5;2026-03-30 14:18:34;5.23.1;Caixa
7751905e6f36433c62de1f8cec0337b6;péssimo sistema, péssimo serviço de atendimento ao cliente, serviço e sistema sempre indisponível!!!!!!!;1;2026-03-30 14:15:09;5.23.1;Caixa
987a50a9ec0177c9481173091b24f8ee;Banco fedorento os Caixas Eletrônicos nunca funcionam direito a cada 10 caixas fora do ar 1 funciona travando pensa num banco relaxado velho sem manutenção pra se usar ainda bem que faço somente saque porque o meu banco oficial é o SANTANDER diferente dos caixas da caixa de ovo economia economizam até na manutenção que não existem no Santander funciona tudo ,eu nunca gostei da CAIXA pensa num banco pobre de manutenção.;1;2026-03-30 14:14:01;N/A;Caixa
f12d531f80e924b840edfb6580f52341;criei a conta e só dá erro no email pra confirma 🥺;1;2026-03-30 14:12:55;N/A;Caixa
c27fb743c630567a984bc97e8a05a305;na minha visão precisa melhorar o atendimento do nos aplicativos zap pra fazer uma atualização demora muito afá;1;2026-03-30 14:04:43;5.23.1;Caixa
9a1719da84669c38396daa7fffc004a9;Cada dia fica pior, aplicativo todo bugado e agora nem mais o saldo mostra. Querem fazer tão bonito e acabam com o aplicativo, façam o simples que é bem melhor, não inventem.;2;2026-03-30 13:58:12;5.23.1;Caixa
038b0c44568b81b9a01138f9da2c4dad;sou cliente da Caixa há muitos anos e gosto muito nunca sair da Caixa sempre estou com a minha conta ativa;5;2026-03-30 13:57:16;5.23.1;Caixa
16c046efc4f98806f5842b27954c1f93;Me manda um cartão com defeito, depois me cobrou segunda via. O banco nunca quer perder nada.;4;2026-03-30 13:56:40;5.23.1;Caixa
0b597f462be98ff184a919170e7273f3;Ótimo não preciso ir na agência. Faço tudo pelo app.;1;2026-03-30 13:56:13;5.23.1;Caixa
063870fe0104223c289dc47a5c78c5f1;Favor como resolver o erro de cadastro em novo celular (B-TZ-BLK-LGN) e tambem o pq não aparece a opção de autorizar em dispositivo anterior?;1;2026-03-30 13:54:14;5.23.1;Caixa
4c46373d5b89862061f8227d15ff34c2;muito mais fácil com aplicativo;5;2026-03-30 13:52:27;5.23.1;Caixa
023433342c80ad82a6dc3a19a2a04736;entendi fui bm recebida e atentendida , quando estive na cx;5;2026-03-30 13:51:17;5.23.1;Caixa
069155108918cefe828c1c96f2a288b8;não consigo acessar minha conta, só pede para ficar refazendo cadastro de acesso e não entra!!!;1;2026-03-30 13:44:30;5.17.0;Caixa
015c460d0aa08eecd034b87bf7ce5699;ótimo;5;2026-03-30 13:42:52;N/A;Caixa
a66d280a598be0c15904b1da2b32a147;está péssimo, fica pedindo novo cadastro toda vez que acesso.;1;2026-03-30 13:42:30;5.23.1;Caixa
f95c8ca5807ca1bfb398d51774c1564f;eu tenho gostado. nada o que reclamar por enquanto;5;2026-03-30 13:40:52;5.23.1;Caixa
e4436045b61993364f3825764d65c7af;muito bom atendimento;5;2026-03-30 13:23:59;5.23.1;Caixa
44e15b9c2b280af88724556ef3e6d0b1;mto bom fácil d manuzeiar;4;2026-03-30 13:23:56;N/A;Caixa
6ff721d576dd443324c33005dbfc48d6;Horrível. Instalo o aplicativo e fala que tem instalar uma nova versão, mas não existe uma nova versão. Não consigo cadastrar minha conta.;1;2026-03-30 13:19:29;5.23.1;Caixa
bb51873a1d067667a6a6173e99bd3a52;muito rápido e Bom gostei;5;2026-03-30 13:14:40;5.23.1;Caixa
57d941aa06d2c56935569a7c6a1af340;muito bom 🤩;5;2026-03-30 13:13:31;5.23.1;Caixa
06421d8ea3e8cd903803389a1ec3bde7;app ao acessar fica com tela branco nas funções mesmo desinstalando, limpando dados e cache, isso difículta o uso, um app que era pra ser uma facilidade se torna um problema;1;2026-03-30 13:11:43;5.23.1;Caixa
4ba23d6e3e76020b09cd612bac8e86d7;esta péssimo eu tenho que paga as contas e não com sigo o app não quer abri, aeta travando e mim desligando;1;2026-03-30 13:09:47;5.23.1;Caixa
357674fa764a65b763d46fe08b6fc288;muito ruim,trava tudo;1;2026-03-30 13:06:07;5.23.1;Caixa
59c397bf545478e4b9b7c1a6e8be46cd;muito lento, e não oferece extratos depois de um ano;1;2026-03-30 12:59:22;5.23.1;Caixa
9efd2f37064d0f696a43a046dfe2eab7;Boa tarde. Ampliação da caixa de digitação, para troca de senhas de Internet Bank. Grato.;5;2026-03-30 12:56:36;5.23.1;Caixa
acb5d053a3803657ac2425af61a803e4;excelente 👍;5;2026-03-30 12:55:52;5.23.1;Caixa
f08a3aadfa652e6a736ad5fb23e9ca1d;muito ruim.;1;2026-03-30 12:43:39;5.23.1;Caixa
24e1bf52e06939faf850fcf3e38737fc;Facilidade no uso .;5;2026-03-30 12:41:40;5.23.1;Caixa
ee49f4d5d2bd77d606aef2a97ca90f03;Mano, que aplicativo horroroso. Eu acabei de fazer um usuário e o aplicativo não entra. Fala que o usuário e a senha estão errados. Por que tudo que vem do Governo é complicado?;1;2026-03-30 12:38:03;5.23.1;Caixa
b0f0230f97d07630e643cab83192f287;sempre com mesma resposta, se nao tem resposta pro cliente por que fez esse programa;1;2026-03-30 12:34:21;5.23.1;Caixa
7b7dd68864ae34f68f0554306eb48c6d;Hoje,o app caixa está outro nível! parabéns!! Abri uma conta digital caixa ,muito fácil!;5;2026-03-30 12:34:04;5.23.1;Caixa
1efa3d56d9bc8d1f49fcb5c70f7bcc4f;excelente;5;2026-03-30 12:33:45;5.23.1;Caixa
782f4c6ea63b68cdcb62f94eba78fb9c;nota 10;5;2026-03-30 12:26:36;5.23.1;Caixa
48cf4a12ed5b2b46b9db2051116311e7;sempre com problema;1;2026-03-30 12:21:36;5.23.1;Caixa
d51bae628d59149113cf9e0d4d3999de;muito bom;5;2026-03-30 12:20:23;5.23.1;Caixa
c0ce7cfe5084462778c16f3d10eece0a;não consigo trocar senha de transação;1;2026-03-30 12:17:04;N/A;Caixa
d9b763f3101c39c7966c305f7fa71e0a;gosto;4;2026-03-30 12:06:25;5.22.1;Caixa
78c395e96c96b8bcdfb1bbe9af5a10a5;muito prático, parabéns;5;2026-03-30 11:59:20;3.15.1;Caixa
757ed6f6e58ffafe5d3e788394efed9e;péssimo;1;2026-03-30 11:55:26;5.23.1;Caixa
a80eea0137239d2c6a70ce020460b44c;ótima;5;2026-03-30 11:53:43;5.23.1;Caixa
10f4c9bce28bdc9cda14d64d6f45c2c3;pra mim está bom o aplicativo. A agência da gare demora um pouco o atendimento nas plataformas ou balcões.;5;2026-03-30 11:47:04;5.23.1;Caixa
88478f6ec3cdd1bf58cb44d4b5b469b9;top,;2;2026-03-30 11:45:00;N/A;Caixa
80687164ffc71b4d4f79574b8e297a2b;preciso atualizar meus dados , e minha validação da biometria facial não vai de qualquer jeito, já desinstalei o aplicativo já tentei pelo site e nada;2;2026-03-30 11:41:12;N/A;Caixa
247359dbab7239ed889f46f083be4774;Toda vez minha conta fica saindo, tenho q ficar toda vez cadastrando...;1;2026-03-30 11:37:45;N/A;Caixa
f03dd50807b057e205b7a51fe8300108;muito bom;5;2026-03-30 11:36:03;5.23.1;Caixa
aaee8f928894c1cbed0786a339171226;ótimo;5;2026-03-30 11:32:59;5.23.1;Caixa
4806aa0001ef1690a83aeecd63a39b28;app muito bom;5;2026-03-30 11:23:14;N/A;Caixa
db556205e2faa1de73d5b79fabc211ea;Estou tentando atualizar os dados cadastrais no aplicativo, mas no final, depois da senha aparece uma mensagem que o número de telefone tem menos de 8 dígitos ,e não é verdade pois está correto, e tem outro problema lá tem número de telefone que desconheço, o que é meu é só o primeiro número ,por favor, arrume isso,obrigada.;3;2026-03-30 11:19:00;5.23.1;Caixa
59b522c83d43569dc25ec0abc7f693d8;Difícil viu. vc troca de aparelho tem ir num banco da caixa. Itaú não tem isso. resolve tudo pelo celular. a caixa é essa dificuldade. Eles acham que as pessoas tem tempo de sair do trabalho e fica indo em agência da caixa pra resolver cadastro de aplicativo. pq não facilitam igual outros bancos fazem. com reconhecimento facial e senhas. Simplifica né ! estão atrasados demais.;2;2026-03-30 11:15:34;5.23.1;Caixa
30490cb161bbe02390602f9766110c78;ver saudo da conta.;5;2026-03-30 11:09:37;5.23.1;Caixa
3256a5f2c6d754468e9ecc3cfb598efe;Eu confio melhor banco da Caixa;5;2026-03-30 10:57:25;5.23.1;Caixa
d3e9ba740624f970edfbeae83c9d9e98;muito bom;5;2026-03-30 10:57:01;5.21.1;Caixa
35d65360ee700ca8a2a7631b3704f288;muito bom;5;2026-03-30 10:54:38;N/A;Caixa
bac27d9570b878616a875074f7b1569a;Eu perdi o meu cartão da conta polpanca eu gostaria que bloqueia ele e depois eu quero saber se eu posso fazer outro;2;2026-03-30 10:54:08;5.23.1;Caixa
425943a5e5a07fdeebf1d199f3e16fdc;Ótimo;5;2026-03-30 10:52:28;5.23.1;Caixa
ee901c1e92bc50dd9c605c2ba074dabd;Excelente;5;2026-03-30 10:49:39;5.23.1;Caixa
c56e1d50a132a3e5c5b3846224009088;Excelente;5;2026-03-30 10:47:10;5.23.1;Caixa
e3836424c26719454433a5c2ca8e41b8;não loga! coloca biometria ou senha não loga. mostra o extrato faltando pedaço. você tem que ir em extrato por período porque o do próprio mês mostra faltando eventos. olha...dose viu..;3;2026-03-30 10:46:31;5.23.1;Caixa
c6ba69b7dcf64946d3ff0208d97dd036;há tempos venho usando a caixa econômica federal;5;2026-03-30 10:42:11;5.23.1;Caixa
e581490beeed9944da539aef39221698;Ruim diante dos outros bancos, nao atualiza o número de telefone, tentei várias vezes. extrato, complexo, quando volta para continuar, volta para inicio e não para o ultimo.;1;2026-03-30 10:40:54;5.23.1;Caixa
aebe8fa113eabbe89959f9a16e57cec7;quero fazer uma aplicação e não consigo pelo app;3;2026-03-30 10:34:55;5.23.1;Caixa
b0d306c6bbdb5fc7b93cec1b616e4182;Normalmente daria 5 pois uso muito o app e nunca me deu problema, mas de algumas semanas para cá ele não permite a realização do login. Já fiz todas as ações recomendadas (desinstalar, reiniciar o dispositivo etc) e até agora nada. O erro é chamado A-AUT-SEM, e não permite o login, não consegui usar o app e precisei me dirigir ao banco FISICAMENENTE. Já ví várias outras pessoas reclamando, e até agora nada de reparos. Até que o erro seja solucionado, minha avaliação será de uma estrela.;1;2026-03-30 10:34:46;5.23.1;Caixa
6b3277d8a55d77015f00b4f7b089bb6e;ruim;1;2026-03-30 10:33:51;5.23.1;Caixa
1e1f54ceea3922766faaffbca11147f9;namoral, que aplicativo M. tomem vergonha na cara e criem um aplicativo descente.;1;2026-03-30 10:33:26;5.23.1;Caixa
6bf21be9ce84b7f77f20dc3cdfefcc2a;App estável com a conta cadastrada, já refiz umas 4 vezes um novo usuário, e sempre diz q o cell não é seguro ai tenho que fazer em outro cell para poder logar no meu, ta horrível;3;2026-03-30 10:28:22;5.23.1;Caixa
d35afaabddbfe695569d48e68086e3fb;por aqui é muito bom pra mim fazer um pedido de recarga;5;2026-03-30 10:24:58;N/A;Caixa
ce2d14b71675af4f76694202b1158ab5;minha experiência é positiva. 👍;5;2026-03-30 10:23:08;5.23.1;Caixa
08cc254dcafdee43aff0e931a15df5e0;Vocês precisam melhorar urgentemente o UX desse app. Muito ruim a usabilidade. No extrato deveria aparecer o extrado do mês inteiro e não pra eu fazer um filtro. Deveria indicar melhor o que é debito e credito, o que é campo de digitação deveria estar melhor sinalizado.;1;2026-03-30 10:22:54;5.23.1;Caixa
814491dd2b621415c35de7bf1dafe408;Muito ruim o acesso, sempre tenho que recuperar o acesso, não reconhece a digital nem a senha e para piorar não tem agência próximo para realizar a liberação. Um péssimo serviço;1;2026-03-30 10:19:30;5.23.1;Caixa
c9d87a455f3ae165a77e95cc6154e863;aplicativo dando erro;2;2026-03-30 10:01:00;5.23.1;Caixa
69ac27c8f29a3208943fad21b3b3bc13;O atendimento na Caixa econômica é muito bom.;4;2026-03-30 09:58:58;5.23.1;Caixa
08b6b7c3810ff987e7ef47ea080dc009;E muito bom ser criente da caixa;5;2026-03-30 09:54:43;5.23.1;Caixa
88cf15f5be01e1581ec85b76b128cdb7;muito bom;5;2026-03-30 09:26:55;5.23.1;Caixa
6f9c6036df1045c38b3b38b2cb33a32f;que aplicativo humilhante nem se quer reconhecer uma selfie ,pra piora vai pra seis mezes que tento abrir uma conta nesse aplicativo,não reconhece selfie absurdo pensa num banco horrível só sabe humilhar, muita humilhação 10 vezes tentei com selfie só dá erro tente mais tarde tô me sentindo uma palhaça, diferente de outros bancos ia abrir conta pra receber meu salário mais infelizmente acho que já é um sinal me sentindo trouxa;1;2026-03-30 09:25:26;5.23.1;Caixa
1d9519152d5528a1b73057a139165bdd;tempo perdido não consigo nem criar uma chave Pix como se fosse a coisa mais importante do mundo;1;2026-03-30 09:19:31;5.23.1;Caixa
c8b19584af7f89800e6c4c76357a3b02;So experiencia ruim com este banco... Deus me livre. cadastrei o cartao no Google pay. Fui fazer uma compra de 150 reais e o banco recusou... Nunca mais!!! uso meu Nubank e nao tenho estresse!!!! liguei pro banco e mandou eu comparecer numa agência!!! tem nocao? em pleno 2026 ter que ir em agência? eu irei pra encerrar qq vinculo;1;2026-03-30 09:12:08;5.23.1;Caixa
4ca003389e78adf94e9e56ec1f50a275;ótimo;5;2026-03-30 08:47:56;5.23.1;Caixa
fb71d3c52ab26dc5089eb479a45e96d4;muito boa.porem.o App fica muito.fora do ar;3;2026-03-30 08:31:54;5.23.1;Caixa
ce140163a87d18db18119f3255a80335;excelente 👏;5;2026-03-30 08:30:14;5.23.1;Caixa
f7aa886efb3db821712d9d304c2630c3;ótimo;5;2026-03-30 08:19:46;5.23.1;Caixa
40aeda4a72aa86ccb355daa88adf346d;Péssimo app, vive dando problema, vive com problema de autenticação e o engraçado é que sempre é entre o final e início de cada mês, não reconhece biometria aí tem que entrar com o nome e senha de usuário e nunca reconhece e sempre tem que cadastrar novo usuário, já devo ter vários usuários porque esse aplicativo sempre faz isso. É um problema recorrente, por que não arrumam essa bomba?;1;2026-03-30 08:19:45;5.23.1;Caixa
945538fcf53895c5a80c25ecb3056aa6;quero baixar o aplicativo caixa tem;5;2026-03-30 08:03:50;N/A;Caixa
100424ca211cae757e562d0d5ecd6fa5;ótimo;5;2026-03-30 07:54:03;5.23.1;Caixa
01f35f79f3b531cb965daaedbeb609b0;muito bom;5;2026-03-30 07:28:00;N/A;Caixa
d02e9054c9ae54c7c1c39bde62aed31c;O ótima ótimo;5;2026-03-30 07:12:42;5.23.1;Caixa
5ea279463e057de800a0fd019d5bbf20;uma ótima instituição bancária;5;2026-03-30 06:56:55;5.23.1;Caixa
4b67831e872af9052e9f79ed5f4229d5;maravilhosa;5;2026-03-30 06:13:11;5.23.1;Caixa
55b6c1db4eb223d248a93d242bde264c;meu aplicativo esta horrível, n esta mostrando os comprovantes e n estar fazendo reembolso estou muito triste cm isso tudo pos esta mim prejudicando;1;2026-03-30 04:22:11;5.23.1;Caixa
c9f25a8e6ddc3995cb5205729b2f70b6;banco muito eficiente;5;2026-03-30 03:15:52;5.23.1;Caixa
9039f6006d78a562d23fcff695a3de4a;Do nada eu não consigo acessar minha conta e fica pedindo para eu fazer novo cadastro. 🙄;1;2026-03-30 03:07:09;N/A;Caixa
fe2d592adff891efc49de13ea08ce0ba;Sempre perde a sessão, ao tentar acessar com a biometria da erro sem explicação e você precisa se cadastrar novamente. Tenho o app desde início de 2025 e sempre foi assim, está atualizado e sempre dá alguma coisa. Deveriam rever a experiência de usuário desse app e fazer uma nova versão, pois esses problemas faz com que o usuário repense em manter a conta, pois hoje em dia ninguém mais gosta de ir no banco físico, o aplicativo, quando bem feito, facilita muito.;1;2026-03-30 02:27:54;N/A;Caixa
05c4021fe0c6c00e86ac988c93deddf6;quando irao acabar com isso de desbloquear o aplicativo na agencia? ja passij d ahora de usar desbloqueio de dispositivo sem ter q ir em agência.;1;2026-03-30 01:35:05;5.23.1;Caixa
9d39ed3f39ec9ca572a6522594100fd9;atualizar cadastro;5;2026-03-29 23:32:14;5.23.1;Caixa
519ab2a6300e955679cecb49ce002f84;ótimo;5;2026-03-29 23:32:13;5.23.1;Caixa
8a78aaa225773151c84f2cdca234a3f6;muito lento;4;2026-03-29 23:30:23;5.23.1;Caixa
4301943a78be928ed7a99cbb7a6d7eba;e bom dms!;5;2026-03-29 23:14:53;5.23.1;Caixa
4b280b2deeed6a79873b0b6ae92b17e2;tudinho serto;5;2026-03-29 22:48:24;N/A;Caixa
44e9852900daf07936e52f258b18df23;Evoluiu muito. Ficou melhor.;4;2026-03-29 22:42:25;4.9.0;Caixa
9b1e9738415bce8fbbeda6f0976ceeae;nota 1000;5;2026-03-29 22:39:29;5.23.1;Caixa
23e95f443632a74bb8574b19e49ac318;boa Qualidade .;5;2026-03-29 22:12:15;5.23.1;Caixa
1bab49fc14439be7f1f681f448f3e37a;Tive problema de início por causa do cartão,mas consegui resolver;5;2026-03-29 22:06:10;5.23.1;Caixa
2f120967cf92ec48c0adfddd6d644950;espero que eu consiga fazer a transferência;5;2026-03-29 21:46:27;N/A;Caixa
58207b54b43936ad9cd90daae2e1b204;muito satisfatória e de total importância para nós que somos clientes.;5;2026-03-29 21:13:41;5.23.1;Caixa
67dcf030412ba3d5e1917a697d2cdfcf;Toda vez que o app atualiza, eu preciso criar um usuário novo. Como isso é possível?? É de gerar muita desconfiança. Pra completar, se eu não estiver com o cartão em mãos, ou não souber o numero da conta eu não consigo cadastrar um usuário novo. Como se todos andassem com cartão a todo momento. É o app de banco que uso por obrigação mesmo.;2;2026-03-29 21:01:17;5.23.1;Caixa
6869abde72acb2119911e9539eb4e0da;muito boa;5;2026-03-29 21:00:30;N/A;Caixa
8abc734e281a3b0391111bf46de61f05;ótimo;5;2026-03-29 20:52:20;5.23.1;Caixa
ad0e05ee2679a7f96928b4e082e49c70;não estou conseguindo abrir mim Pix da caixa econômica federal;5;2026-03-29 20:41:21;5.23.1;Caixa
28bb306421f7e33eb34fe8bc052af9d3;Ótima, não tenho o que reclamar.;5;2026-03-29 20:17:20;5.23.1;Caixa
3cfcc341ee6711dba1a4b6f89f9d35d7;muito bom então todos parabéns;5;2026-03-29 20:16:21;5.23.1;Caixa
7b7271c094f86069737cc80c1c01b3f3;exclusivamente.perfeito;5;2026-03-29 20:11:58;5.23.1;Caixa
fc981442e4d7bb81376abfdfcfc3dd03;Ótimo;5;2026-03-29 19:58:49;5.22.1;Caixa
635c6a39e92dff2e15f851939b0e5a23;pior aplicativo que existe nunca consigo entrar no aplicativo já passei vários constrangimentos por conta que o aplicativo não abre resolvam isso;1;2026-03-29 19:56:36;5.23.1;Caixa
a4422f036b0f8a4c89341991e805fd92;muito bom;5;2026-03-29 19:47:26;5.23.1;Caixa
678f36d6a2b60530f943263b64f0b897;pessima;1;2026-03-29 19:38:38;N/A;Caixa
9110add043484a725ad969ee8c46fffb;amo esse aplicativo;5;2026-03-29 19:38:37;5.23.1;Caixa
9f881978e59d1dfed41f1989a7ecd0fd;Boa Noite eu ja tenho conta ai no caixa econômica federal e também no caixa Tem;5;2026-03-29 19:24:39;N/A;Caixa
2bab6f1ac293efdbd6c8c470a718b338;tem que melhorar muito mais Linda 🌹❤️;5;2026-03-29 18:48:41;N/A;Caixa
935f658b793aeef0d92febf6b830c5d6;pessimo foi bom agora.um.horror!!!;1;2026-03-29 18:48:19;5.23.1;Caixa
8fb5f53c965efcd28b8e33648dfe4981;muito bom;5;2026-03-29 18:47:49;5.23.1;Caixa
06bd6f80e6f4e70be1e647c0c080d79f;muito instável;1;2026-03-29 18:37:52;5.23.1;Caixa
48e5f458b0c51a2d02a40fb2cd32922c;por favor me ajudem, não estou conseguindo abrir conta no caixa têm!!;1;2026-03-29 18:22:58;5.23.1;Caixa
11273845ca85532d820e14d324bcfc1e;é difícil mas deu certo obg;2;2026-03-29 18:20:20;5.23.1;Caixa
1af33d15a9d4d91f96b4a4468a02b5fb;é uma experiência já tentei várias vezes;5;2026-03-29 18:14:36;5.23.1;Caixa
ef62e62ad1dace0626e076c45c665450;ótimo;5;2026-03-29 18:11:25;5.23.1;Caixa
b01869938294c5085353de2f4b695ed6;Terrível! Já loguei várias vezes, editei apelido, salvei digital e todas as vezes que vou entrar preciso por login, senha, apelido e cadastrar digital para ter acesso a conta. O aplicativo está atualizado, mas desde as novas atualizações só vem regredindo e dificultando ainda mais o acesso à conta.;1;2026-03-29 18:09:24;5.23.1;Caixa
a9eb6dcef00e9c2ceaa7459de2cbae65;muito bom atendimento sempre a disposição;5;2026-03-29 18:03:50;5.23.1;Caixa
3889a70547252674926cf2c5406535e2;ótimo;5;2026-03-29 17:56:23;5.23.1;Caixa
35138cb93f3457206372faed05d4d4d1;não consigo entrar na minha conta;1;2026-03-29 17:54:43;5.23.1;Caixa
c01e82a7a030d85a231fe873da58dcc8;muito fácil;5;2026-03-29 17:46:27;5.23.1;Caixa
f1ceadec3b2fc9b128f4175e5e898248;estou gostando;5;2026-03-29 17:37:27;5.23.1;Caixa
51aa99ec88e1a6bb9c7744333ab83041;Não sei como um aplicativo de uma das maiores agências do Brasil pode ser tão atrasado. Que lástima! O BBB que segue uma linha de padrão parecida e bem mais moderno e com muitas opções. Exemplo: você pode acessar a poupança e a conta corrente sem problemas e o pix você tem a opção de pagar com o saldo que preferir. Caixa precisa evoluir e muito.;1;2026-03-29 17:30:21;5.23.1;Caixa
1ba622515c58f9b3efb901e0cddef06d;Bom o app;2;2026-03-29 17:25:58;5.23.1;Caixa
8155b9c7a706e5be070962fad7bb812c;Muito bom ser cliente Caxia!;5;2026-03-29 17:14:08;5.23.1;Caixa
9a01c5002650866d6cd493a7cc8ba01f;bom mas tem muitos bugs;4;2026-03-29 17:05:07;5.23.1;Caixa
c42d73f0c8b4219a240d1b8e1e025565;Nunca tive oque reclamar da Caixa;5;2026-03-29 17:03:29;5.23.1;Caixa
838e1040dcfc0263be7df05d778d60ad;determinação e confiança.;5;2026-03-29 16:37:10;5.23.1;Caixa
9f097dea469ed7bf07bf7ba41211954a;maravilha;5;2026-03-29 16:35:01;5.23.1;Caixa
40cc8b1ce41be8aad16e76df77a48b94;Muito bom obrigado;5;2026-03-29 16:26:51;5.23.1;Caixa
03b18afb4df85a6030ddfa887e7a1a69;ótimo;5;2026-03-29 16:25:21;5.23.1;Caixa
2589f5fa53698d0d0d819ea5666c0d55;ótimo, ficou bem acessível o app!;5;2026-03-29 16:23:13;5.22.1;Caixa
160be53f9144bc3c0acee723c08e617d;Aplicativo um LIXO! Obsoleto e NADA prático, assim como TUDO referente a instituição... Estou tentando há mais de 24 horas entrar no aplicativo que SÓ dá erro, detalhe, isso acontece SEMPRE, porém hj se superou!;1;2026-03-29 16:21:52;5.23.1;Caixa
7752d51ec42bbe658d28f149bf8b46dc;ótimo;5;2026-03-29 16:13:24;5.23.1;Caixa
41903964ab54b254874aa5c3613ce250;otimo;5;2026-03-29 16:12:56;5.23.1;Caixa
7935c85441919b0e5568187efecd965b;esse app da Caixa tá muito ruim, depois dessa última atualização.;1;2026-03-29 16:08:52;5.23.1;Caixa
1d0a8a07212382463810902fa6014b7d;muito bom;5;2026-03-29 16:07:18;5.22.1;Caixa
55bb7ebcaa5971db4d842190ea65a421;o app não entra. Não quer aparecer minha senha;1;2026-03-29 15:48:34;5.23.1;Caixa
33fc79be5c3853dacdb42db1747e1aa7;ecepsional amei;5;2026-03-29 15:36:53;5.23.1;Caixa
ab795bc7e314a75158e2cf6e20b66400;29/03/2026, tem mais de um mês, que não consigo entrar no app da caixa. já fui na agência e, nada.;1;2026-03-29 15:27:56;5.23.1;Caixa
c53b77b9b0c0be001df7004834ee9625;muito bom;5;2026-03-29 15:01:18;5.22.1;Caixa
cdb3d10142d92419fade11fd2a139b83;muito boa;5;2026-03-29 14:55:33;5.23.1;Caixa
fdd391c5876eafd63015b129d1b3c184;muito bom;5;2026-03-29 14:16:07;5.21.1;Caixa
e548de35eb83635914061fdedaf8ca3c;show;5;2026-03-29 13:59:29;5.23.1;Caixa
e6c4cef8b7778c592cd50813a47a1ece;"Quando aparece a mensagem: Valor total aplicado ""R$Null"", fica impossibilitado de resgatar, fazendo com que atrasamos nossos pagamentos!!! Não é a primeira vez! 😡";1;2026-03-29 13:58:35;5.23.1;Caixa
7ca2ead9b710c63878fd28cbf0183700;bom 😃😃😃;3;2026-03-29 13:43:24;5.23.1;Caixa
3245613bbfba4bae3b7f179d826e38d7;pé de meia consulta.;5;2026-03-29 13:37:54;N/A;Caixa
a86f2e4e3329129b1d9c79b53afa3c33;não estou conseguindo acessar minha conta. já coloquei senha usuário e a biometria correta e não consigo acessar!;1;2026-03-29 13:34:37;5.23.1;Caixa
f16f145ac874e5678435f09026cb84b2;bom de mais;5;2026-03-29 13:34:37;5.23.1;Caixa
70f5f0a975d804e44f487f96cb029050;oi gostaria muito de desbloquear a Lotería da caixa econômica federal no meu APLICATIVO gosto muito de jogar só estou conseguindo a MEGA SENA eu quero todos os jogos da Lotería ok. muito obrigada Márcia de Londrina Paraná Pr;5;2026-03-29 13:31:19;5.23.1;Caixa
36936d02396bd6d1bb311337ff963741;não consigo concluir o empréstimo pessoal quando coloco a senha de transação diz transação indisponível no momento efetue novo acesso deste semana retrasada;4;2026-03-29 13:30:44;5.23.1;Caixa
0429c290bd9856ccf978bd605622217f;muito bom mesmo;5;2026-03-29 13:08:33;5.23.1;Caixa
153d3f9c95f77e94b0c2d6b900a562c9;Instalar meu app FGTS e util pra mim;5;2026-03-29 12:57:34;5.23.1;Caixa
55ec9eae55926a11f5ed872268bdaa8f;Eita que aplicativo complicado misericórdia;5;2026-03-29 12:26:53;5.23.1;Caixa
8a465678b2d2aac780115b3ca8198ccb;muito bom 😃;5;2026-03-29 12:22:01;5.23.1;Caixa
97f4775e4747d161dad7633280ac1527;não consigo achar o aplicativo pra eu fazer pix;5;2026-03-29 12:06:56;5.23.1;Caixa
e8c558b99e685ff2ea1261edf333d534;ótimo;5;2026-03-29 11:42:22;5.23.1;Caixa
97ed1b51ad1640802d96a6345f6e50b0;bons serviços;5;2026-03-29 11:35:09;5.23.1;Caixa
58561948a55765e4f3dd75f0c17b9ff0;muinto boa;5;2026-03-29 11:33:45;5.23.1;Caixa
59da35d43c072877478eeb38d7aea85e;muito bom o app;5;2026-03-29 11:29:35;N/A;Caixa
ef0e820a61fb9f5cf1319d0b92d2a548;bom é último um trabalho pra fazer menos tempo de localização para nós etc..;5;2026-03-29 11:27:22;5.23.1;Caixa
10d36fcd7ed59695bcf59a8d92d5670a;a caixa é um banco muito bom agora precisa ver esses caixa eletrônico velho que não faz depósito imediato né o atendimento que é horrível a pessoa demora uma amassada na agência veio e nem resolve;2;2026-03-29 11:15:17;5.23.1;Caixa
2729f0a91cbe3d72406312447afd51ba;Excelente!!!;5;2026-03-29 11:09:41;N/A;Caixa
63ac51bedd4d1c8b98ca74548dae04c5;ótimo;5;2026-03-29 10:50:45;5.23.1;Caixa
16c30b0c6f3cfcb70c6cea2aaca8715e;caixa, representa a segurança, praticidade.;5;2026-03-29 10:48:47;5.23.1;Caixa
7407759e3e16aa3f71ae15da7c8d79e1;muito 👍 bom;2;2026-03-29 10:44:19;5.23.1;Caixa
badb44f1cb9a8a7a4a7cc12f913717a1;ótimo;5;2026-03-29 10:39:49;5.23.1;Caixa
55cef2eaaae0f9ca1e72589aff9c80f4;ótimo;5;2026-03-29 10:37:37;5.23.1;Caixa
efeffac943f1c229761dfc0b365bd261;esta travando muito;1;2026-03-29 10:33:44;5.23.1;Caixa
1e01cd0edd3be0d79207300fda7cc2b3;O pix da caixa está apresentando ERRO! Está dificultando a minha transação. Resolve isso!!!;1;2026-03-29 10:24:02;5.23.1;Caixa
dad0e4beaaae367fef40213d41205771;0timor;5;2026-03-29 10:18:43;5.23.1;Caixa
2694b57c8c58c4838798fa00cb40f818;está bloqueado;1;2026-03-29 10:17:27;5.23.1;Caixa
af35df589a8304911c8458ff198b65bd;a caixa manda pra o whatsapp o código? ou é mentiras? eu troquei de telefone e fica me pedindo pra eu entrar no whatsapp pra pegar o código , iai me fala aí caixa;1;2026-03-29 10:16:40;5.23.1;Caixa
f752269a6ccfebf92e841925de66a8b9;setor do cartão de crédito e impossível acessar...;2;2026-03-29 10:08:46;5.23.1;Caixa
49d573582e411e9113f9399e0e727b8f;Qualquer banco atual, você cria e atualiza suas senhas sem precisar se deslocar até agência ou caixa eletrônico.;1;2026-03-29 10:06:49;5.23.1;Caixa
ab73be3e7566dbfa664209e29c08c3c8;aplicativo ficou muito bom com anova atualização, parabéns.;5;2026-03-29 10:04:50;N/A;Caixa
f0ab7f21fabaed1c185a562bc0c9f363;muito mais fácil;5;2026-03-29 09:59:09;5.23.1;Caixa
4195654480027538fc949940bb4cb71e;ñ consigo acessar o meu aplicativo. diz q está sem internet ou com sinal fraco. claramente é um erro. por favor, consertem isso. as contas ñ tão nem aí pra isso.;1;2026-03-29 09:50:54;5.23.1;Caixa
b632b5c7d63cc995aa18f0f4fc464b2c;esse e pior que já existiu sempre min faz passar vergonha melhorem estão esperando pque?!;1;2026-03-29 09:47:59;5.23.1;Caixa
68c05b6d25f54ad1605d8e2168f48608;Problema na fatura do cartão, pois passa 2 dias para separar o mês de pagamento com o próximo mês.;4;2026-03-29 09:47:14;5.23.1;Caixa
7568e6a528e10f563e1aba89b760146c;rapidez e segurança.;5;2026-03-29 09:44:16;5.23.1;Caixa
5dc0d89c71ec6c54c6014aaed40ce245;"O app poderia corrigir automaticamente os números de uma aposta na mega sena, e notificar o usuário para que ele recebesse o prêmio. Ou então para que este jogue novamente, como uma mensagem convite. e no app ao clicar em minhas apostas, já saísse o resultado ""não foi dessa vez"", ou então vc fez 3, 4 .... números. sabe podem melhorar a experiência do usuário.";3;2026-03-29 09:35:48;5.23.1;Caixa
7b38278ea905f0fddb3c4fa026d11583;Dificulta o acesso ao informe de rendimentos 2025, não reconhecendo o meu laptop que uso mensalmente para consultar o saldo da poupança, informando que o dispositivo não está cadastrado ou não é reconhedido, exigindo absurdamente a ida na agência.;1;2026-03-29 08:50:54;5.23.1;Caixa
89f18281b476af9fc9f145185b030681;está melhorando...;3;2026-03-29 08:33:03;5.23.1;Caixa
0de09de530bd022aa063d13f6f0231e6;tem muito oq melhorar, o app de um banco grande desse e ele é tudo bugado.;3;2026-03-29 08:23:54;5.23.1;Caixa
9204e508b6aef2f2506f07fdebdba5c5;um dos mais seguro;5;2026-03-29 08:23:33;5.23.1;Caixa
5da4323ccc7b974b7d988f27b5d59ee5;a caixa é o melhor banco;5;2026-03-29 08:19:32;5.23.1;Caixa
d4f8fc0ee023b05a2d6469c7454fa76c;qual banco muito bom para brasileiro;5;2026-03-29 08:14:54;5.23.1;Caixa
cea13b323179387cf75d9756ebc81440;Perfeito !;5;2026-03-29 08:04:34;5.23.1;Caixa
37a7572f8b0464ca43ba37265f7c2f75;muito bom;5;2026-03-29 07:49:02;5.23.1;Caixa
b65d6fd82a20941e660ccbdbf9479859;aplicativo muito lento ao acessar fatura;3;2026-03-29 07:47:52;5.23.1;Caixa
c90cdabde3753cc5594cd69d985bbca5;muito bom;5;2026-03-29 07:43:24;5.22.0;Caixa
fc4f9dc144a64bb14690f9902a0386c5;ótimo aplicativo;5;2026-03-29 07:41:59;5.23.1;Caixa
a8151ac500608102fd41e70aae4b08b1;eu prefiro a versão antiga e melhor pra entender;1;2026-03-29 06:17:01;5.23.1;Caixa
6aca2451b94bc9ad1e0f12570f47e087;muito difícil redefinir uma senha nesse aplicativo lixo;1;2026-03-29 01:15:06;5.23.1;Caixa
25c2a1d6bb457c7f9ae875c8eec5e201;Não consigo ter acesso a minha conta;1;2026-03-29 00:47:36;5.23.1;Caixa
c3b7e8f8de01858d1e9790542bf1ef83;a única coisa que ele faz antes de logar e fechar sozinho concerta esse erro tá matando o aplicativo o aplicativo normalizou estava abrindo e fechando sozinho agora está demorando para abrir a câmera para você fazer a troca de usuário está fechando sozinho e agora diz que meu celular não é seguro;1;2026-03-29 00:41:26;5.23.1;Caixa
67753aaf766dd5391847121fa9c6e392;O pior banco de todos, tudo tem que ir na agência resolver. Eu trabalho não tenho tempo sobrando pra ir ficar visitando banco. Detalhe lá você fica na cadeira esperando quase 3 horas pra ter um atendimento. Às vezes são detalhes e tem que ir na droga do banco. melhorem!!;1;2026-03-28 23:40:34;5.23.1;Caixa
bc774c7829abf654823a930e72c03886;doméstica;5;2026-03-28 23:27:41;5.23.1;Caixa
5cdcac5a28f71842e5b3a2dcf992625f;Quais sempre o Pix está com instabilidade, só não e sempre pq tem vezes que vc não consegue acessar o aplicativo.;1;2026-03-28 23:20:42;5.23.1;Caixa
fcc6170c34fd1c5ca0ace78df1a6feb8;Muito bom;5;2026-03-28 21:33:40;5.23.1;Caixa
d3999ae72368b8f3f66bb4d24dcb6f3d;"aplicativo simplesmente não confirma o email "" algo não saiu como esperado"" pelo amor de Deus que aplicativo horrível";1;2026-03-28 21:22:21;5.23.1;Caixa
13b24cb54b7901c9d6c0f84dcbe9f870;pq vc não oferecem empréstimo clt pra mim sou cliente a MTs anos;1;2026-03-28 21:19:59;5.23.1;Caixa
3d369d3a802ae4df2d101627bdc65af4;resolve bem as contas do meu marido;5;2026-03-28 20:58:30;N/A;Caixa
01ed03bfa3627b85b64db222d541e9cb;muito bom mesmo , parabéns;5;2026-03-28 20:54:28;5.23.1;Caixa
8d1284292c455a4a815fa0f123e0e151;só pequeno erro mais já foi resolvido,por isso estou reavaliando obrigado pelo retorno imediato...;5;2026-03-28 20:37:17;N/A;Caixa
bbb059c2b1fb6cfb431f3a8c8959958a;Voltei para alterar a avaliação pois foram corrigidos os principais problemas que ocorria no aplicativo, agora só falta tirar a dependência de comparecer a um caixa eletrônica para desbloquear a conta e resolver sobre os boletos DDA, tirando essas duas questões, se tornou um excelente aplicativo;5;2026-03-28 20:32:02;N/A;Caixa
e3aa41e564ff825f66e53ef85123abe0;GOSTEI MUITO DA NOVA ATUALIZAÇÃO RESOLVI TUDO SEM PRECISAR IR NA AGÊNCIA ANTES PRA CADASTRAR A SENHA ELETRÔNICA TERIA QUE IR NA AGÊNCIA COM A NOVA ATUALIZAÇÃO FIZ TODO O PROCESSO SEM NENHUM PROBLEMA ADOREI;5;2026-03-28 20:29:18;5.23.1;Caixa
ebaaef29ef62cb75adc52dec83c8dac7;observando.;4;2026-03-28 20:26:23;5.23.1;Caixa
6f6e52f803ecfe9c208db16be1144f68;Desculpe, foi um mal entendido!;5;2026-03-28 20:26:11;5.23.1;Caixa
33858d1f4bb9551b5a23692266a165e0;muito bom.;5;2026-03-28 20:12:17;5.23.1;Caixa
94e0c2f18ac878cb6bf5fd5ca0cfbabe;ótimo;5;2026-03-28 20:11:02;5.23.1;Caixa
aff0fcf27e92563d48e0ea606aa108fa;aplicativo demorar abrir;4;2026-03-28 19:39:31;5.23.1;Caixa
8a554bbaf8532683668c4b0f0771160f;Estou com dificuldades de acessar o app ... tela azul ! Estou decepcionada;1;2026-03-28 19:32:14;N/A;Caixa
a661f9da68cc2fd5a1bef2858f0a6b10;ótima;5;2026-03-28 19:26:47;5.23.1;Caixa
fcf145fb2a64513a6f93c84981506fd5;otima;5;2026-03-28 19:09:25;5.23.1;Caixa
5179755526694009d936f51cdab18047;muito útil;5;2026-03-28 19:03:17;5.23.1;Caixa
d971dd36531444254c83c0ab57a6bb13;Estou achando ótima experiência;5;2026-03-28 18:52:35;5.23.1;Caixa
c9e25142306b77394bdd711f156f2f39;100% seguro ser cliente da Caixa!;5;2026-03-28 18:49:33;5.23.1;Caixa
8ba82417784cb9e83e2685bc871bb04b;muito bom, um dos melhores que tá tendo;5;2026-03-28 18:32:21;5.23.1;Caixa
e9b5c10b7854a79160d6598e58272cb6;excelente trabalho;5;2026-03-28 18:18:20;N/A;Caixa
a17693dcb499548f93a2f806c3c68b88;muito bom esse aplicativo;5;2026-03-28 18:15:47;5.23.1;Caixa
980b654a86887f83fd0533285d83de28;boa.........;3;2026-03-28 18:03:55;N/A;Caixa
a33056d38f359bccaa6a204a3242ec22;muito bom;5;2026-03-28 18:00:46;5.23.1;Caixa
a250fa315275fa36e7329eab60e4a391;eu preciso do serviço da caixa em econômico ?;5;2026-03-28 17:57:53;5.23.1;Caixa
85fe9a38d2143b885ad03e981394a916;Não estou conseguindo abrir o aplicativo no celular. Dá uma mensagem de erro e fecha sozinho, antes mesmo da opção de incluir usuário e senha;1;2026-03-28 17:50:10;N/A;Caixa
00b818e730b4d1138bd0589fd171d58d;gostaria de saber ...qual o caminho pra ver a possibilidade de aumento o limite do meu cartão de crédito. pago na data do vencimento...valor sempre total...a minha faturas são altas ... é nunca alimenta meu limite..... tenho outros cartões que já aumentaram meu limite é da caixa nada🤔;4;2026-03-28 17:43:47;5.23.1;Caixa
d49bb83befb0371fe32ac9f882a76112;básico;5;2026-03-28 17:42:59;5.23.1;Caixa
acc7e4f225b61f37eadbc77d8c9d0bde;ótimo;5;2026-03-28 17:42:11;5.23.1;Caixa
3df12c0255e5f33101375cfe121ed18c;bom.;4;2026-03-28 17:29:21;5.23.1;Caixa
91bf9c71098eb25ccc8decbed1704b7d;Péssimo, tranca não abre, quando abre demora , versão antiga era bem melhor.;2;2026-03-28 17:23:44;5.23.1;Caixa
ebf096897b87411fc3eef6cc46b191ab;Muito bom. Para minhas atividades,pessoais e profissionais;5;2026-03-28 17:17:58;5.23.1;Caixa
b59001ef21861774286f1168d60a768a;super recomendo;5;2026-03-28 17:13:26;5.23.1;Caixa
cc03910f20e33c5b259be0913c24b043;eu quero;5;2026-03-28 17:07:54;5.23.1;Caixa
c2547e00cbed203703ee66ef4026ea5f;não consigo cadastrar e fazer o Pix.;1;2026-03-28 16:43:31;5.23.1;Caixa
53e638ca3bbd29327fae687d17e284a2;muito bom;5;2026-03-28 16:23:47;4.6.1;Caixa
74828d6e5332c0001b774588860e8113;Excelente!;5;2026-03-28 16:22:52;5.23.1;Caixa
ba63cc3fde93d7c014465b387668e3d7;não consigo usar o app. Confuso e trava para inserir senha.;1;2026-03-28 16:14:07;N/A;Caixa
dc7164395b3bf3c300e3e226a584fead;muito boa;5;2026-03-28 16:11:46;5.23.1;Caixa
3fd45ec003e369f5141f0b72ac2d851c;ótimo aplicativo! muito eficaz rápido dinâmico tenho tudo na palma da mão;5;2026-03-28 15:52:33;N/A;Caixa
2e31af9133db953ca566b57abed8f193;Nota 10 app da caixa;5;2026-03-28 15:48:34;5.23.1;Caixa
0f45c00fa1029d38cbd3235e2cba349b;estável;1;2026-03-28 15:46:22;5.23.1;Caixa
9db697d0dfe364fd5c18ec0f1efb4260;app super recomendo;5;2026-03-28 15:42:19;5.23.1;Caixa
8def3c06fec4f299183a8b34c531cec2;O dda não funciona;4;2026-03-28 15:30:13;5.23.1;Caixa
54f245abd8a5a711af15a7998948885b;Muito bom;5;2026-03-28 15:17:23;5.22.0;Caixa
30d646ae485f67213d226d5a4de60c9b;ótimo;5;2026-03-28 15:08:34;5.23.1;Caixa
4cce148234220b5a54075691a3142bb5;muito bom;5;2026-03-28 15:06:35;5.23.1;Caixa
0cc7cb50de8872f73742986ed1d4affb;Hj está horrível ñ consegui abrir e precisava muito entrar no app. sinceramente desanimada com esse app da caixa;1;2026-03-28 15:05:46;5.23.1;Caixa
724b66ee0c219013a00fe6eafdf5d517;"Por qual motivo um app de banco solicita obrigatoriamente permissão de notificação? Não quero notificação do app e sou obrigado a aceitar ""por segurança"" de acordo com o mesmo. Também não precisa de permissão em rede local, telefone e localização deveria ser opcional. Ou pelo menos deveria descrever o por quê das permissões solicitadas. Fora isso, super desorganizado desde que uso, mas ainda assim menos inconveniente do que ir na agência. Exatamente isso, não tem como ser mais claro.";1;2026-03-28 14:58:35;5.23.1;Caixa
726cab25ba4d5888517212e6d51deb31;muito bom este App da caixa e ótimo;5;2026-03-28 14:45:53;5.23.1;Caixa
61d5918eaa0564e5be4f8b6b0239eae6;não estou conseguindo entrar no meu aplicativo alguém podia me ajudar??;2;2026-03-28 14:44:11;5.23.1;Caixa
0b3a3549c85b78a4c11aa28cb217220b;muito bom;5;2026-03-28 14:38:16;5.23.1;Caixa
e2101a153084648b17ae5e2d7bbee379;Muito bem atendido;5;2026-03-28 14:29:20;5.23.1;Caixa
de2928f84d4cffb043cdd0bcc9e84c27;a caixa e muito top, sempre tem o q procurar no app;5;2026-03-28 14:25:55;5.23.1;Caixa
5c1cb0b187ff022571766faf8d2a797a;ótimo;5;2026-03-28 14:20:12;N/A;Caixa
923a6ef25c5217d9b0df4cb598eb2ba4;muito obrigado;5;2026-03-28 14:11:41;5.23.1;Caixa
bd830b056a707c4df674eef2eeef1c1c;muito confuso.;1;2026-03-28 14:06:19;5.23.1;Caixa
555da18fa13536ecf422394d3e1e2704;Excelente aplicativo financeiro;5;2026-03-28 13:59:05;N/A;Caixa
6e16cca00726e44dbf60874a8e69bd9c;ótimo;5;2026-03-28 13:46:19;5.23.1;Caixa
019bb2960c009204d91e8c388e1b5e37;Gosto muito ser crente da caixas mais de 20 anos;5;2026-03-28 13:36:15;5.23.1;Caixa
005b7e1e3be1a4ae78dc1decbfe3fc3a;app nota 1000!;5;2026-03-28 13:26:57;5.23.1;Caixa
1eec39ee244751bcd80ba354046d5b73;O pior aplicativo de banco que existe, já faz dias que não faz login e apresenta mensagem de falta de internet o que não é verdade pois o serviço da operadora de celular está funcionando perfeitamente, reclamei no 0800 de atendimento ao cliente e fui atendido por pessoas totalmente despreparadas, fui na agência bancária e adivinha, o gerente era outro totalmente despreparado e desqualificado para o cargo que exerce, resumindo todos na CAIXA ECONÔMICA FEDERAL são incompetentes e irresponsáveis.;1;2026-03-28 13:22:31;5.23.1;Caixa
545ee09db07569dd04c9a5023d583504;muito bom;5;2026-03-28 13:21:33;5.23.1;Caixa
e29a8b70d7f0db2f0609af87e52f171d;não concigo compartilhar meus dados com outros bancos, através do open finance , só pode trazer os dados de outros bancos para a caixa.;1;2026-03-28 13:02:07;5.23.1;Caixa
1b7f003ddf3597debb9e08a8d23e5f26;ótimo;5;2026-03-28 12:52:49;5.23.1;Caixa
b900085e09fff3c0367be22bdde62b97;ótimo;5;2026-03-28 12:47:39;5.23.1;Caixa
92785a1cbff548063f9f6dfb9e055218;facil;5;2026-03-28 12:45:53;5.23.1;Caixa
e623cfb4244bf88be19a7cf9295bfca3;Ótimo;5;2026-03-28 12:26:32;5.23.1;Caixa
515350b6404b70e0d4a039cd51c76092;O app não esta abrindo consta um erro.;3;2026-03-28 12:10:57;5.23.1;Caixa
121557bd8812439ffcd9d7069b7ca866;Caixa econômica federal de experiência nacional brasileira;5;2026-03-28 12:07:13;5.23.1;Caixa
4fc1a284dc7dd2d94d68a53802a7b4f7;O aplicativo da CAIXA tem boa proposta, mas deixa a desejar na prática. Apresenta travamentos frequentes, erros constantes (como falha de login e erro 400) e instabilidade em momentos importantes. A navegação é confusa e lenta, dificultando operações simples como transferências e pagamentos. Além disso, muitas vezes o usuário é obrigado a ir até uma agência para resolver problemas que deveriam ser feitos pelo app. Precisa melhorar muito em desempenho, estabilidade e usabilidade.;3;2026-03-28 11:58:23;5.23.1;Caixa
4286a95a901dda19eac5640897d5fe5e;Gostaria que atualizassem pra liberar o dispositivo (aparelho) através de senha, código ou reconhecimento facial. Toda vez que trocar de celular é preciso ir na agência para liberar no caixa eletrônico!;2;2026-03-28 11:53:40;5.23.1;Caixa
e65c32e6c39f8d3c08353dbe7d2e74a3;otimo;5;2026-03-28 11:37:49;5.23.1;Caixa
b1bfc96e1801f2aa2a7d2b705b717999;bom 👍;2;2026-03-28 11:37:24;5.23.1;Caixa
6fa3f7e8f35f06cc2cde78f6d6fd1c2f;muito bom;5;2026-03-28 11:22:39;5.22.1;Caixa
5df49df4ee2b7cb540b4674bace44a99;escelente aplicativo.;5;2026-03-28 11:18:13;5.23.1;Caixa
ff42ce81eb9682f45b31b71a5750db3a;ÓTIMO SEMCIONAL;5;2026-03-28 11:10:20;5.23.1;Caixa
1ea05fc0fb40ae280437858154c07493;muito ruim, quando tento entrar aparece que tenho que cadastrar usuário mesmo já tendo ele cadastrado e não entra!;1;2026-03-28 11:05:27;5.23.1;Caixa
95c913db6d993c8ceb46ba3af0e37658;É um descaso muito grande a segunda vez que a caixa protesta meu nome sendo que eu não devo nada para ela muito mal desorganizado;1;2026-03-28 11:05:08;5.23.1;Caixa
0adb5aec5efd5777fab759f433fc2b05;Como é cansativo ter que usar esse aplicativo aff, odeio esse app, é horrível, não queria utilizar esse banco Mas pena que é o jeito, já que que algumas coisas só se resolve nessa desgraça, como FGTS e algumas coisas trabalhistas etc;1;2026-03-28 10:54:10;5.23.1;Caixa
2ca6d59b28c8482136691f4760a8be7a;horrível, todo dia quando quero entrar no aplicativo tenho que ficar cadastrando usuário e não vai.;1;2026-03-28 10:52:55;5.23.1;Caixa
9bb3a49d4379cd0d87e27a4b884fbaf9;lixo de aplicativos nunca funciona;1;2026-03-28 10:52:08;5.23.1;Caixa
103dff035500d686fc4ab26146c307c7;melhor aplicativo de banco que já usei pago fatura o valor libera na hora Pix com proteção 10 de 10;5;2026-03-28 10:45:56;5.23.1;Caixa
6e97802c90821e70e3fbd4c693f8c92f;muito bom;5;2026-03-28 10:37:09;5.23.1;Caixa
e119e277f402e261a9ace9ceeb2db185;é uma conta boa.;5;2026-03-28 10:22:39;5.23.1;Caixa
5d3cca9a2f44e3b3662441819801f0cd;muito bom;5;2026-03-28 10:22:09;5.23.1;Caixa
400f1257cb94446764bf0b0b28906af7;péssimo!;1;2026-03-28 10:15:54;5.23.1;Caixa
060210982eee3e274acb9402fa14269e;o melhor banco para se trabalhar;5;2026-03-28 10:15:05;5.23.1;Caixa
eca144d6916e037be10b72175bf86c21;A caixa e Maravilhoso;5;2026-03-28 10:14:58;5.23.1;Caixa
cd628a4ede67a670af04205c3a387fed;melhorou nessa última atualização;4;2026-03-28 10:09:48;5.23.1;Caixa
544e11f118e0f15c6219d1c22dc225c4;muito satisfeito;5;2026-03-28 09:56:51;5.22.1;Caixa
2ec5d7d503f19418cc0b211d547e66b2;Uma estrela devido a pessoa ter que se deslocar a alguma agência pra desbloquear a senha devido a pessoa as vezes esquecer, custa colocar a opção de esquecer a senha e criar uma nova sem ter que ia a alguma agência com confirma;1;2026-03-28 09:50:18;5.23.1;Caixa
c506303055b666ce3a64fcf9eb610ce6;ótimo;5;2026-03-28 09:47:00;5.23.1;Caixa
a8162c3780fd93e7a7ca4ee8ef3e8023;Obrigada muito ótimo;5;2026-03-28 09:45:58;5.23.1;Caixa
871714abc0a18c7df5d2e5f2420d96db;muito bom, estável.;5;2026-03-28 09:39:18;N/A;Caixa
aaaa0bec123982f059d43f87b18310c5;não consigo acessar o app. Demora uma vida carregando e no final aparece mensagem de erro.;1;2026-03-28 09:36:18;5.23.1;Caixa
85675b2921f5c9404ca117667521e39e;"Nunca vi um app de banco tão ruim quanto esse, estou de aparelho ZERO no momento dessa 1000° avaliação ruim(nunca melhoram esse app) e quando tento acessar a conta pra fazer a liberação do celular, aparece a mensagem ""dispositivo inseguro"" acabei de tirar o aparelho da caixa e configurar.";1;2026-03-28 09:27:43;5.23.1;Caixa
e272e403208afd8d5579d37a6a58073c;otimo uso 14 anos;5;2026-03-28 09:24:32;5.23.1;Caixa
160a06eb3dac84f54d788bd22e92b6ce;aume ntar0numerodesaques.c.rmenos.j;2;2026-03-28 09:18:48;5.23.1;Caixa
a0a0fc9ae9f406ac523a3aea9e161160;seguranca;5;2026-03-28 09:14:55;5.23.1;Caixa
8be06bc7aded22a82a7965890a07f937;pedir novo cartão 💳;1;2026-03-28 09:09:21;5.23.1;Caixa
937dc75822362a993bb230ee41d93329;otima;5;2026-03-28 08:58:27;5.23.1;Caixa
dace0ccce044beb75c10b8392e6c6d47;tenho esse cartão a 4 anos , sempre pago fatura alta de 3 ,4 mil e nunca subiu um real o limite ,não indico mais a ninguém;1;2026-03-28 08:56:55;5.23.1;Caixa
bcf5220ebd78b6c6472492981faacfac;ótimo 10;5;2026-03-28 08:37:28;5.23.1;Caixa
080ff1e3d37c26cedbd03d3318baec23;não foi muito boa .mas estou tentando concluir;5;2026-03-28 08:34:35;5.23.1;Caixa
7c7ac752370fff75c24f08d176c151a8;Pior Banco para trabalhar cm dinheiro, receber algo, nunca gostei,tenho esse aplicativo pq sou obrigada;1;2026-03-28 08:26:59;5.23.1;Caixa
ae29ec550cd0cd6e5709b05de9ac8748;Muito prático. Excelente.!;5;2026-03-28 08:23:33;5.23.1;Caixa
869d284e520b8013596209b7ead94dc9;ótima;5;2026-03-28 08:20:56;5.23.1;Caixa
b19e4f618a13cac13cb428ef2e754926;muito bom.;5;2026-03-28 08:16:52;5.23.1;Caixa
04dc176c6cf86d1b1be6e188ba704abb;aplicativo que atende meus interesse. 👍👍👍;5;2026-03-28 08:13:10;5.23.1;Caixa
62f94629dbc6fa932488287d46675366;horrível, aplicativo dando erro toda hora,lentidão e não reconhecendo meu usuário,sinceramente cada dia esta pior!!!;1;2026-03-28 08:11:52;5.23.1;Caixa
1d80cdc7c2212b8962a83ef41bab6875;Precisa melhorar bastante. Deveria ter modo pesquisa para o pix e demais gastos do cartão de crédito. Acostumada com o app da nubank e tem muita diferença. Mas é usável.;3;2026-03-28 07:51:51;5.23.1;Caixa
29c7e0261bd7f5f15ec8cfb38095d4ed;Gostei muito;5;2026-03-28 07:51:36;5.22.0;Caixa
4545f498ebaa71ea569654016dea59be;ruim de mais ..essa versão;1;2026-03-28 07:39:13;5.23.1;Caixa
dabaf3907617f5b994b50c0186801605;ótima;5;2026-03-28 07:18:52;5.23.1;Caixa
3848af28e29923b59e0b0e229723d4c7;ótima;5;2026-03-28 07:11:00;5.23.1;Caixa
e52930e2699bd53d46912cb948c79b2f;ótima;5;2026-03-28 07:04:06;5.22.0;Caixa
12a9ecd588ef9ffb2c19f4e3bf5809e4;muito bom;5;2026-03-28 06:25:10;N/A;Caixa
152d1f713c256c7d1e004a5daebc7461;👍 ótimo;5;2026-03-28 06:13:35;5.23.1;Caixa
1b88f21859bf6ed600fc42e239563dfd;ótimo;5;2026-03-28 06:11:43;5.23.1;Caixa
ab9474402877066d4c5118d08e4623be;app não abre, há dois 3 que estou tentando entrar;1;2026-03-28 05:56:20;5.23.1;Caixa
72ed571bc47e4ae02d491f99c40180a0;como.fásér.ó pics;5;2026-03-28 05:11:25;5.23.1;Caixa
c83324eaa42edc979d94cf56ec512492;orrivel o atendimento não ajudam em nada se for pra perder o dinheiro a gente perde pela falta de competência;1;2026-03-28 04:17:17;N/A;Caixa
d58302901d98151044cce2f497ba9297;parte de empréstimos pessoal toda hora pedindo para atualizar dados e nunca libera valor empréstimos pessoal;4;2026-03-28 04:13:53;5.23.1;Caixa
1444d99f65d88481c07272926c383772;otima;5;2026-03-28 03:37:19;N/A;Caixa
1e4c8ce691115cebe4bc6586769ce5ec;App ótimo;5;2026-03-28 02:09:26;5.23.1;Caixa
57287796f463fef7f043ed33c87120ab;péssimo um dos piores apps de banco, você travando desconectando minha conta sozinha, muitas vezes aparecendo que não tenho internet sendo que os outros bancos funcionando normalmente;2;2026-03-28 01:45:35;5.23.1;Caixa
864f2f80d7e1d86dad7f5eab9a9b5840;não estou conseguindo entrar no ap;3;2026-03-28 01:44:11;5.23.1;Caixa
62e527f6217eecca5e007037cac537cf;ótimo;5;2026-03-28 01:09:11;5.23.1;Caixa
ab96ef86f8a4c817e706dd7d16ddefa3;Excelente;5;2026-03-28 00:37:47;N/A;Caixa
3d3535c5afc8cf3a409eda50f232f2b6;Avaliando de novo agora o aplicativo está maravilhoso, posso entrar com minha conta sem precisar ir ao banco.;5;2026-03-27 23:50:35;5.23.1;Caixa
e66857ca5df89f681075ff26769d8324;O aplicativo conseguiu ficar horrível, antes, conseguia ver extrato de anos atrás, agora, limitou pra 2025.;1;2026-03-27 23:43:12;5.23.1;Caixa
089aff473a06539cfd12776290db12d4;adorei;5;2026-03-27 23:33:11;N/A;Caixa
7275ebfe59980bf42ed59db17169809f;sim, a muito tempo sou cliente da caixa.;5;2026-03-27 23:21:01;5.23.1;Caixa
1bf9dc953592e35d0259658949afa996;Ótimo;5;2026-03-27 23:04:33;5.22.1;Caixa
afcab1adda68f8cb0d9eda0be7a34f22;facilidade em usar o app;5;2026-03-27 22:55:41;5.23.1;Caixa
975554c5734eeb10bb722af9611d5b91;muito bom;5;2026-03-27 22:46:07;5.23.1;Caixa
1b91546a63b62d19b01c8175825d75cb;muito bom e eficiente;5;2026-03-27 22:45:44;5.23.1;Caixa
a0e4f7a55dde4eb94073593395bbad0c;ótima qualidade;5;2026-03-27 22:43:05;N/A;Caixa
a41e9faaa80e18bcb8b8042324cecb28;Boa noite . Tudo Ok .;5;2026-03-27 22:34:26;5.23.1;Caixa
704e0878dd239986d1f6336465dff94d;tudo em ordem;5;2026-03-27 22:25:50;5.23.1;Caixa
5ca307495c827f72e6d00d57ac267524;Não consigo entrar no app caixa;1;2026-03-27 22:05:37;5.23.1;Caixa
c41a49f112565f4adca45413de411964;Quero ficar milionário.;5;2026-03-27 21:58:08;5.23.1;Caixa
5bc59b3a563fa798a7da159c3fc2bcbb;boa 🙂;5;2026-03-27 21:56:50;5.23.1;Caixa
41340bfecbb282e4e4356aac54b72724;muito bom;5;2026-03-27 21:31:18;5.23.1;Caixa
1dd2f0e027c46b88ee535906e2952278;sou feliz por ser cliente da caixa;5;2026-03-27 21:25:55;5.23.1;Caixa
620340b1c408b7e22fa0f7090306c93d;fazer reforma de imóveis;5;2026-03-27 21:23:56;5.23.1;Caixa
bbfc097c1a7ea791960c6156a973cc9b;e otimo mas perdi o acesso e nao tenho mas o email nem o telefone;5;2026-03-27 21:20:20;N/A;Caixa
8b73131825467eada7fb2bb05b0cf78a;Oh Aplicativo Lixo quando eu entro no app fala pra eu desativar (Desative modo desenv.) Mas,eu nem ativei isso? quanto eu entro pra colocar a senha pra eu ver minha conta bancária o app simplesmente ele sair automático do nada? Não consegui colocar na senha e nem entrar no banco;1;2026-03-27 21:19:08;5.23.1;Caixa
38270a265b5d22ef5b5dfe8c8a5c25d2;Nao conseguir resolver o meu problema!;3;2026-03-27 21:18:41;5.23.1;Caixa
792fd6624ffad1cd8b77647898008c81;ótimo tudo certo;5;2026-03-27 21:16:06;5.17.0;Caixa
d5d2f1ffb82ab94fd4001b157b1aeceb;estou falando apenas : no caso da loteria. porque só tem opção para apostar na mega sena. estou solicitando a inclusão de todas as modalidades: lotofácil, Lotomania e as demais. e que agente possa apostar , pagar e fazer o saque pelo app caixa direto pra conta . é mais seguro. reduz as filas. não tem risco de assalto. obrigado pela atenção;4;2026-03-27 21:04:31;5.23.1;Caixa
239f0ec7959c736f5ad3594d28465edd;Esse meu cartão de crédito tem tem direito a milhas aéreas?;5;2026-03-27 20:50:52;5.23.1;Caixa
d82189e17e4b956ffe5aa708350903e5;ótimo;5;2026-03-27 20:43:55;5.23.1;Caixa
67acff152c6f7abcee4918af2d1317d1;muito ruim;1;2026-03-27 20:34:04;N/A;Caixa
17dde6bdb14cffd02841ce9ecd7b150f;"meu app está com erro. Toda vez q vou abrir o app da uma mensagem escrito: "" desative o mod root"" e um monte de números junto. mas já desative o modo desenvolvedor do meu celular, desinstalei e instalei o app de novo e nada.";2;2026-03-27 20:31:49;5.23.1;Caixa
ade959cddb2112d84562445baabc6e2c;muito bom mesmo surper fácil de preencher;5;2026-03-27 20:31:25;5.23.1;Caixa
6d387be89fe57454886dc6c546abbcba;quero uma conta poupança;3;2026-03-27 20:28:25;5.23.1;Caixa
2d50a59e5c5b84ec4c9bea7d3ff1e17a;que banco bugado do krlh é esse 🫠;1;2026-03-27 20:25:30;N/A;Caixa
8f3b36b7081a78cb50c0c7ee1a91f037;muito bom;5;2026-03-27 20:18:15;N/A;Caixa
fda0207a806f7da314000796da0fb605;top de mais;5;2026-03-27 20:01:55;5.23.1;Caixa
069c5d0dac43e8eacdbbf4caaa7e272a;top demais;5;2026-03-27 19:54:58;5.23.1;Caixa
6ca20dabfd04bd587455ee8144cdb65b;nunca usei este app, e baixei pela primeira vez e nem sê quer consigo entrar no app,que complicado, aparece um erro, agora preciso resolver este erro pra ver se consigo algum tipo de acesso.;1;2026-03-27 19:53:41;5.23.1;Caixa
31c8985d6a3cc1ccf53e80ea5e0ca18c;não consigo abrir o meu perfil investidor;1;2026-03-27 19:52:04;5.23.1;Caixa
c9c819d3f14c16e5526a487f3665c730;Ótimo. O aplicativo é simplesmente ótimo, porém faço aqui uma observação: ficaria super melhor se tivesse o recurso de Verificação em Duas etapas com um app autenticador.;5;2026-03-27 19:51:06;5.23.1;Caixa
57185dbb91b0a44b947922796e7ae01a;de excelência;5;2026-03-27 19:46:33;N/A;Caixa
84d151abd8b04e2de5500adec087c8af;É para mim ô melhor banco.;5;2026-03-27 19:46:12;5.23.1;Caixa
6ccb18b550b88042f19676191701a2e3;que bom;5;2026-03-27 19:45:46;3.15.1;Caixa
58e50c5140958b08bea5b67cb6bd3e12;Ap muito bom. Atendentes tbm.Pretendo receber meus benefícios do INSS na Caixa. segunda feira farei uma visita pra portabilidade de salário.;5;2026-03-27 19:33:50;5.23.1;Caixa
5747df0a7fe28e50126b0fdca097c0d0;app muito bom fácil de mexer;5;2026-03-27 19:21:02;N/A;Caixa
22d0a2ca53007ec5ff0b2c25e70a0e7d;muito bom!!!!;5;2026-03-27 19:12:20;5.23.1;Caixa
e371720d775c0c06939daa996df114e7;tenho minha conta a muito tempo, pois quero um empréstimo no boleto;5;2026-03-27 19:11:20;5.23.1;Caixa
90ea84b2600679e479b8d8d44a481bc1;O app diz que meu dispositivo não é confiável. e não está com root e nem opções de dev. e tem todas as permissões. espero q arrumem edit as condições de fábrica do moto e 7 foram alteradas mas eu não mexi em nada. tá o sistema Android 10 nativo. e agora ?? edit. o app está funcionando agora, um pouco lento mas funciona;4;2026-03-27 19:07:36;5.23.1;Caixa
fb88ac9fe6e4ee4c978287f5ee268121;é um ótimo banco;5;2026-03-27 19:05:55;5.23.1;Caixa
8c3031a4e6ff4c7eeffdd6aca1c3a799;muito fácil de manusear. Resolvi com rapidez o que desejavs;5;2026-03-27 19:05:44;5.23.1;Caixa
b9210a6184be9788ea70e0e97314e0c5;está sem atualização. Essa app está com falha;1;2026-03-27 19:01:55;5.23.1;Caixa
efb4f17765cdbf8a28c006edf16705d4;excelente;5;2026-03-27 18:57:30;5.23.1;Caixa
a74e8ea994a1add6d2862e0488ad6a05;sistema bem instável;5;2026-03-27 18:54:41;5.23.1;Caixa
612caf67a05a33ea4b5105418edd2ec1;estou muito satisfeito com Certeza ótimo para lidar muito Bom 👍;5;2026-03-27 18:54:19;5.23.1;Caixa
d7fb2616e5258d6714057221ee0e9fe6;ótimo tarde parabéns;5;2026-03-27 18:43:07;5.23.1;Caixa
84cd8667d55ede91aa87dcb8290f78b2;inútil esse aplicativo;1;2026-03-27 18:40:02;5.23.1;Caixa
9e7ff9fdddf18d5149611588c3f89827;estou com problemas desde do início da semana e até agora não consigo acessar!! péssimo banco;1;2026-03-27 18:05:10;5.23.1;Caixa
1549dd0c9b5987cf367b9875c39797f8;ótimo;3;2026-03-27 18:00:52;5.23.1;Caixa
53db12f14947bbee05aa1292414073d1;gosto de trabalhar com a caixa baixo prático é autêntico enfim é a caixa;4;2026-03-27 17:55:19;5.23.1;Caixa
e934e63a49889bdc6c91229d9e4f9c08;negóciem pelo chat minha dívida de empréstimo emitiram o boleto paguei no dia 18 /03 /2026 é hoje já é dia 27 é meu nome continua sujo porque?;3;2026-03-27 17:44:25;5.23.1;Caixa
7751b08a760afd2d9d2d7d14b4fa1e29;pouca isperiencia;5;2026-03-27 17:43:58;5.23.1;Caixa
c37f04e7154ff2c542042f1ae27972c1;ótima;5;2026-03-27 17:43:17;5.23.1;Caixa
c58660b3c700fb98eb908aa7fb41c804;horrível Poderia ser melhor;1;2026-03-27 17:34:30;5.23.1;Caixa
b13b714144f284cef7c630e62aa25f29;O app da caixa é excelente, nada a reclamar. Pra mim é o melhor banco.;5;2026-03-27 17:28:59;5.23.1;Caixa
b9ec01729b4729c80d47e599417a64e4;Muito boa ás explicações;5;2026-03-27 16:56:56;5.23.1;Caixa
66dbc7db095781eb5b52bac57787e95a;Muito boa!!!;5;2026-03-27 16:41:41;5.23.1;Caixa
2e3b25d7fcb3982a309351def69f7785;excelente;5;2026-03-27 16:40:39;5.23.1;Caixa
171f0d9775628fa1c08f1f3eb8c825d4;está ótimo ☺️;5;2026-03-27 16:37:16;5.23.1;Caixa
67381e2cdb1779031c6f1100425de0e5;aplicativo lixo lixo;1;2026-03-27 16:32:24;5.23.1;Caixa
3089754f2bc3f6d411f1f4a72d9e35c3;3 dias tentando entrar no app mais fala pra mim esperar um instante, esse instante já ta levando eu a 4 dias e nada de eu conseguir entrar na minha conta;2;2026-03-27 16:31:27;5.23.1;Caixa
02e31e4c580eecf324857a5b2d28ec90;Muito bom;5;2026-03-27 16:29:33;5.23.1;Caixa
df726ce13055b24638914be74f5d7419;muito bom;5;2026-03-27 16:27:23;5.23.1;Caixa
a90f5dc853e39499dcf88208e2a78735;ficou top;5;2026-03-27 16:22:07;5.23.1;Caixa
7ad34bdfaf9992db40c6cc8ee9ca6245;está ótimo 👍;5;2026-03-27 16:16:58;5.23.1;Caixa
680bda22b490766e02ecc6bb5d0a5ec9;Está melhorando mais tem que melhorar muito mais ainda ta com muita falha o app apaga sozinho quando vai abrir some bem estercado!;2;2026-03-27 10:31:51;5.23.1;Caixa
93e49f60cb798d74307d49cb9edb057e;O app fica mandando notificações inúteis, então cancelei as notificações e quando fui entrar no app ele não permitiu enquanto eu não liberasse as notificações novamente. tirar a liberdade do cliente na forma que ele utiliza seu próprio celular é palhaçada;1;2026-03-27 09:33:35;5.23.1;Caixa
6a4a91a0fa50030b43ef2e5d611008c9;Infelizmente precisei ir numa agência e fui atendido por um colaborador que resolveu meus problemas.;1;2026-03-27 00:10:25;5.23.1;Caixa
4cfa224576bd8a739b6cd1aa745c59ae;quero saber se tenho 200 reais ai nessa conta ?;5;2026-03-26 23:49:53;5.23.1;Caixa
95dc80ce1cd8c0b45cb83d3838d72f3e;mudei o telefone não estou conseguindo acessar caixa tem;5;2026-03-26 23:48:51;5.23.1;Caixa
b8464beeff819685fdb8559502e2e53f;Meu celular foi formatado. Baixei o app da Caixa novamente e ficou bloqueado. Para desbloquear, é necessário ir ao caixa rápido na opção de desbloqueio, colocar meu telefone e senha. Tudo isso foi feito. No entanto, o app no celular continua bloqueado! Estou muito chateada! O app é burocrático, nada funcional nem intuitivo!;1;2026-03-26 23:47:13;5.23.1;Caixa
4cf11c08a0ff734de4d941188a6ba293;Depois de feita a manutenção, está tudo perfeito!;5;2026-03-26 23:34:05;5.23.1;Caixa
016ab0e9cbd671e7e24ac340cf505600;o aplicativo Caixa não está funcionando tem como melhorar o aplicativo e atualizar mais uma vez tá dando falha não tô conseguindo acessar o aplicativo;2;2026-03-26 23:23:33;5.23.1;Caixa
45f8b154dc9dad8e8c367dbd7ca72978;melhor;5;2026-03-26 23:17:39;5.23.1;Caixa
03ff4d2fdbde2bb9c40f075891bba624;muito bom;5;2026-03-26 23:10:42;5.23.1;Caixa
6b4ac660c9af9f0119fb555400f71247;sempre vale a pena a cada Esperiencia;4;2026-03-26 23:05:57;5.23.1;Caixa
e4b36e7e8e409c364be3b1a6f2a30b48;ao mostrar os resultados dos jogos retiram informações de premio, ganhadores, etc que tinha ba versão anterior ao bugg. app da caixa é horrível para acessar loterias mal diagramado, faltam dados. varias páginas para conseguir os resultados.....muito ruim.;1;2026-03-26 23:00:02;5.23.1;Caixa
c3717dc9006ee3c406da82266e71c2cb;q app horrível...tenho que sair de casa pra ligar a conta ...fala sério... tem q fazer o cadastrool a nao vou dar continuidade.... arrumaram o q sempre leva a pessoa a ter q ir arrumar o Internet banking.... consegui arrumar em ksa.....parece q melhoraram o app. caixa economica;3;2026-03-26 22:14:49;5.23.1;Caixa
3f7085abadb7b901ff7efe1252bc724a;muito bom;5;2026-03-26 22:11:23;5.23.1;Caixa
d80f8f4a523578c2a85821611bb0df33;mt bom;4;2026-03-26 21:58:39;5.22.1;Caixa
8c0529a1cd9d117e73948bd9150e8b78;ótimo;5;2026-03-26 21:58:33;5.23.1;Caixa
d968591b1d7d9fe58e64c58afab58ef2;ótimo;5;2026-03-26 21:50:01;5.23.1;Caixa
052763ae2f8be5656a1760a677f269eb;ótimo;5;2026-03-26 21:40:41;5.23.1;Caixa
e239dcb8d5f4ab8f155f933a4e93e007;Bom gostei;5;2026-03-26 21:29:02;5.23.1;Caixa
8399c23dbab4f024fa838beba934f3d4;excelente;5;2026-03-26 21:23:17;5.23.1;Caixa
bc6afc237a5eaf5662f6837cab2475bf;não consegui abrir a conta, não aparece as opções.;3;2026-03-26 21:22:25;5.23.1;Caixa
7b7f45851d34faa2f83031a2e4b4cc4d;ótimo;5;2026-03-26 21:15:30;5.23.1;Caixa
71695e3d464d9965278fcadaa57fee9f;muito bom e prático;5;2026-03-26 21:13:29;5.23.1;Caixa
bb56f6037a02cd133d2c7b37cecc3939;esxelente;5;2026-03-26 20:48:39;5.22.1;Caixa
55f91b1e53bba9f1a29b3cce151870ba;melhor banco pra trabalhar;5;2026-03-26 20:47:25;5.23.1;Caixa
06dacc17f8e6a2abc601d849d2ea6bd6;excelente serviço a caixa faz comigo até hoje, muito obrigado caixa,!!!;5;2026-03-26 20:46:06;5.21.1;Caixa
13908e180b032c9f9b84297600ee4144;excepcional!!;5;2026-03-26 20:25:05;N/A;Caixa
72f66e4df3cf94a3a637f8b2fd862a17;legal;5;2026-03-26 20:16:29;5.23.1;Caixa
1443274aa78cdae91bfe921d548f3000;muito ruim;1;2026-03-26 20:12:17;N/A;Caixa
4a54325bf1d14f72178fed47a07967e5;excelente;5;2026-03-26 19:45:40;5.23.1;Caixa
289c58fce73f190dec0d1015480d6d3e;Esse aplicativo e esse banco nunca prestaram! Atualizou o aplicativo hoje e mesmo com o reconhecimento facial aprovado, não consigo logar! Infelizmente algumas coisas de trabalho só dá pra receber nesse lixo de banco.;1;2026-03-26 19:33:21;5.21.1;Caixa
e65a0b4efcda4ffaf59a15b893afbce2;gosto muito do aplicativo caixa ele é uma ótima ferramenta para os meus interesses em aplicações de tudo aquilo que eu estou procurando em relação às minhas contas e finanças blz 👌 então fica com Deus e obrigado pela atenção de todos vocês blz 👌;5;2026-03-26 19:32:55;5.23.1;Caixa
47095dcdbd3232578361b541d2ede2c9;boa noite é muitoser ruim ficar atualizado toda hora, pode ser três atualizações no ano.;4;2026-03-26 19:30:44;N/A;Caixa
b48307f1bc901aaf8caab7dc1fe0cf13;depois atualizou fica ruim pra caramba fica pra vcs troca senha mais dor de cabeça;5;2026-03-26 19:27:21;5.23.1;Caixa
2629d9264af7adaf23921fb125bb7f5a;muinto bom;5;2026-03-26 19:24:46;N/A;Caixa
99144fa8e9b30df564154212ef24f454;tudo serto;5;2026-03-26 19:20:28;5.23.1;Caixa
2e5d1064eac02261845cff2ceee30e05;faz 2 dias que não funciona o pix;1;2026-03-26 19:11:46;5.23.1;Caixa
4ddc6cd5aaae31a557792882dea92d1d;péssimo;1;2026-03-26 19:05:27;5.23.1;Caixa
75b7e796b0e002304b6c9baf77d7623c;O aplicativo deveria nos fornecer a opção, solicitar portabilidade de Empréstimo consignado;5;2026-03-26 18:49:16;5.23.1;Caixa
5eab3441c84561333939db6ff6dc1348;Eu abri uma conta corrente digital na Caixa. ao verificar o rastreio do envio do meu cartão de débito, ví informado que não tem cartão de débito para ser enviado para o meu CPF. por tanto eu gostaria que meu cartão de débito fosse enviado para o meu endereço cadastrado na conta corrente CAIXA. Por favor e gostaria também de acompanhar o rastreio pelo mesmo aplicativo. Não tem praticidade nenhuma para mim utilizar uma conta bancária sem um cartão de débito para movimenta-lá com tranquilidade.;2;2026-03-26 18:43:49;N/A;Caixa
28b237f62aef56c481efc4c0ed2ce06f;atualizar o caixa tem;5;2026-03-26 18:43:04;5.23.1;Caixa
f85e90f708b2e719d970a99d672dc6d9;ótimo;5;2026-03-26 18:39:20;5.23.1;Caixa
c9f48aadbe6e647728d5f9ba4733aa90;desgraça de aplicativo. bug atrás de bug. no último tive que criar outro usuário, mandaram colocar de 8 a 10 caracteres, criei com 9. na hora de logar, só permite digitar 8 caracteres. dois meses tentando acessar a conta.;1;2026-03-26 18:37:46;5.23.1;Caixa
1ff65243e30e986eed5564e4218e9645;Não consigo entrar no aplicativo todo mês isso.;1;2026-03-26 18:35:03;5.23.1;Caixa
03c3a7d18552b2db77c8421bc83c6da7;estou tentando entrar na minha conta não estou conseguindo eu formatei o celular agora não consigo entrar na minha conta;4;2026-03-26 18:27:47;5.23.1;Caixa
72636d9b2b2549bc8d2f424a05b2bbf5;um ótimo aplicativo;5;2026-03-26 18:23:53;5.23.1;Caixa
eb41e7b32bbde3cc38cabaa60f2fef87;Muito bom;5;2026-03-26 18:22:17;N/A;Caixa
62e71967998635444d4d0fe93ee93497;Aplicativo péssimo e obsoleto! Simplesmente parou de funcionar por quase dois dias e depois removeu a autorização do meu dispositivo. Agora sou obrigado a ir a um caixa eletrônico para autorizar o meu dispositivo que já estava autorizado. Isso é um absurdo! Pior aplicativo bancário!;1;2026-03-26 18:15:52;5.23.1;Caixa
abc1484879d2e29493417305798fc007;O pior pix de todos os bancos, não funciona nos finais de semana, aconselho ficar nos bancos digital como mercado pago, nubank, pagbank, o pix da caixa está orrivel;1;2026-03-26 18:14:22;5.23.1;Caixa
09534d5fd03341e0e4f92c4da56ef076;tá muito difícil de assar online;5;2026-03-26 18:14:01;5.23.1;Caixa
563c03a0934ccd29f10e4905f2fbd5cd;não estou conseguindo abrir uma conta pq quando vai pra biometria está falando que n está dando certo e tem q ir numa agência i e muito longe onde eu moro aí fica difícil em;1;2026-03-26 17:59:41;5.23.1;Caixa
26269bb1816e68a7beebcc28a1d7b6ee;como pode um aplicativo de banco ser tão ruim ? erro de acesso, perda de acesso, novo cadastro, erro de reconhecimento fácil, uma lástima.;1;2026-03-26 17:52:35;5.23.1;Caixa
ebd21c6a94860bcd90e004c12b1b482e;muito bom;5;2026-03-26 17:46:41;5.23.1;Caixa
81309fcd91ed74f3b4ef8fcec1bd58ca;achei difícil;3;2026-03-26 17:44:04;5.23.1;Caixa
aade43ed9d39880922fa187d75def1e7;não consigo entrar no aplicativo;1;2026-03-26 17:40:51;5.23.1;Caixa
93f7d4ca421752195c936930d76db1e8;ótimo;5;2026-03-26 17:40:43;5.23.1;Caixa
5758f8dba563b4986d46058c3741324a;melhorou muito;5;2026-03-26 17:30:48;5.23.1;Caixa
f2c88fa0d97f9e974d1d396d31a99a41;Melhor banco;5;2026-03-26 17:23:47;5.23.1;Caixa
1f0e2a3a06398c2549261486f75ce062;app apresenta muita instabilidade, não entra com a biometria, não aceita a senha e pede pra cadastrar novo usuário. no cadastro não completa o reconhecimento fácil. tá cada vez pior esse aplicativo.;5;2026-03-26 13:42:56;5.23.1;Caixa
1354ff50b365c13ed39a5fa83bd5c5ad;Não consigo mais acessar meu app,diz que as configurações de fábrica do meu celular foram alteradas e isso não aconteceu não sei o que fazer para acessar meu app denovo...;1;2026-03-26 12:46:06;5.23.1;Caixa
ab86c9b9b8ecfbfd3f88482caabc06e5;Estou gostando;4;2026-03-26 03:33:22;5.23.1;Caixa
d98e4aac63f62c9cbe758b32fe830d11;otimA b;5;2026-03-25 23:15:42;5.23.1;Caixa
5f7fcc423c194d336fdbb252180ee532;não estou conseguindo abrir o aplicativo caixa;1;2026-03-25 22:59:04;5.23.1;Caixa
edd15adc1896566c27ad9fa75693913d;muito ruim;1;2026-03-25 22:56:15;5.23.1;Caixa
afb783c08da5e02605b76ca3ba8975a5;não lembro da minha senha de transição não consigo resolver dentro desse lixo de app,deveria ter a opção esqueci senha de transição e refazer o cadastro de uma nova com os meus documentos, já tentei excluir minha conta caixa mas nada resolve a senha de transição continua😡😡😡😡;5;2026-03-25 22:49:15;5.23.1;Caixa
e4b3618a4ec2bcf73db014c03d8c6d70;4 dias tirando foto de tudo quanto e jeito e ele não carrega e dá erro ... impossível... atendimento não ajuda ... chat não resolve nada acontece.;1;2026-03-25 22:33:57;5.23.1;Caixa
68e242ed5bb89cb2deee2a9bdff7f9d1;bom para segurança;4;2026-03-25 22:15:51;N/A;Caixa
7443dddb455d609dc519e0e482f3f6eb;Desde hoje cedo meu app não abre, perde duas compras por n conseguir acessar o aplicativo e ainda n está abrindo, já reiniciei o telefone, já desinstalei o app, já olhei se havia atualização e nada;1;2026-03-25 22:11:16;5.23.1;Caixa
1f6e543dda97c56864efe9a768f43112;Péssimo muito atrasado;1;2026-03-25 22:10:57;5.22.1;Caixa
55b7c7252ae772f9000489102f825d03;quero saber mais.;5;2026-03-25 22:07:41;5.23.1;Caixa
8537949a63b30d1843d8f010ad746cf1;aplicativo muito bom e com muito recursos pra fazer transações online. gostei muito;5;2026-03-25 22:06:16;5.23.1;Caixa
35206815fe9804e4f4b4e4854c20d5f0;ótimo;5;2026-03-25 22:04:49;5.21.1;Caixa
c37270ea8e26d8f90b24d4379f68efbc;muito bom;5;2026-03-25 21:40:18;5.23.1;Caixa
02461014be4fd7eda699c63a6261f840;adequado prático importante obrigado ok!*****;5;2026-03-25 21:35:15;5.23.1;Caixa
54347c6cb8967adddb9af8d8c56b6ef7;muito ruim está dando erro não consigo acessar minha conta está que eu estou sem internet e eu tenho internet sim ...vou ate mudar de bancon;1;2026-03-25 21:24:57;5.23.1;Caixa
8f203bb979b1500981c28266e4a5a5e0;muito bom, super funcional, não trava, maravilhoso;5;2026-03-25 21:18:37;5.23.1;Caixa
68fede2b950142942188bbd110e0cce9;péssimo app. Várias tentativas pra ver um saldo. Perco paciência pra ver um extrato. Fazer Pix tem que rezar bastante antes;1;2026-03-25 21:17:39;5.23.1;Caixa
8e62a8d14b2bd3232e5ee7373fe65e5f;blza;5;2026-03-25 21:02:40;5.22.1;Caixa
a192f000343529ae54bc41936efec73e;perfeito;5;2026-03-25 20:59:24;5.23.1;Caixa
308e8467d7607054671b578fc19a1571;Muito bom;5;2026-03-25 20:57:44;5.23.1;Caixa
7128b595c0126786bc0a9f1d649e4ef6;não consigo ter acesso ao aplicativo;1;2026-03-25 20:57:36;5.23.1;Caixa
d18b4e7569f71791e96021f3228e2a84;gostei muito bom;5;2026-03-25 20:51:48;5.23.1;Caixa
7f70021a3c50a4e88f22b01881d22af3;e muito bom eu gosto da caixa;5;2026-03-25 20:48:04;5.23.1;Caixa
c0cb2ee870f3c29ff69efaa45e62e69e;"Pra quem tiver o dispositivo descadastrado e não quer perder tempo indo no caixa eletrônico! A solução que encontrei foi ir em ""esqueci minha senha"" e seguir os passos para cadastrar um novo usuário. Todo ano volto pra verificar a conta e o mesmo problema persiste, e também a biometria que sempre se desativa...";1;2026-03-25 20:38:02;5.23.1;Caixa
ddf70646dc15a51d478173ef7b5b3662;ultimamente não está nem abrindo o app um verdadeiro lixo;1;2026-03-25 20:37:10;N/A;Caixa
8d651e16ee2dc291ab1f7b3b2af90de6;Depois da atualização , para entrar no app tá horrível ,toda vez tem que colocar login , eu mas perguntas de colocar apelido , cadastrar biometria todo vez que entra no aplicativo . Infelizmente a atualização deixa a desejar .;3;2026-03-25 20:36:57;5.23.1;Caixa
3ead4cd0ae696c672be2d41145da1a5a;péssimo app.;1;2026-03-25 20:33:59;5.23.1;Caixa
dc5bb21277c8073aefdf375e44e4e865;de uns dias não abre nos dados móveis tá difícil usar;1;2026-03-25 20:21:13;5.23.1;Caixa
ee18c1ba1c84f7a01b2b580df7daa458;ótimo;5;2026-03-25 20:18:26;5.23.1;Caixa
8e6fd3ead52ea7e14881124b781d366b;Não estou conseguindo acessar minha conta há quatro dias. Estou doente e impossibilitado(a) de me deslocar até o banco para verificar meus dados pessoalmente. Após errar a senha do aplicativo algumas vezes, o sistema passou a exigir autenticação facial, porém ela não funciona corretamente e o aplicativo fica carregando indefinidamente. Já reinstalei o aplicativo e na hora de redefinir a conta o face ID carrega infinitamente 25/03/26.;1;2026-03-25 19:55:54;5.23.1;Caixa
8053cf62f9d7d41e662f3be072ed3f13;Achei complicado ter que reinstalar o App. Mas, em geral, é bom.;5;2026-03-25 19:43:53;5.23.1;Caixa
83e792b9acb99fbd9c353c6e63854fcf;ótimo;5;2026-03-25 19:15:19;5.23.1;Caixa
f6a43e1652e5b15152d1c0c5c1eb46de;MUITO BOA;5;2026-03-25 19:13:29;5.23.1;Caixa
1f56dfa9d566848ab524e503c5d0b5aa;ótimo;5;2026-03-25 19:09:32;5.23.1;Caixa
56febf5d4a7363a7427697a6e9ff807c;não consigo abrir meu aplicativo;1;2026-03-25 19:07:02;5.23.1;Caixa
168e12c0761f1ee73c0b84c8aaf109fa;consegui resolver minha demanda , obrigado!.;5;2026-03-25 19:06:52;5.23.1;Caixa
825b3e271594856f471765f8535a8413;não funciona nada impressionante;1;2026-03-25 19:06:39;5.23.1;Caixa
5901dda2657cdecee01f9e8fc2b64f01;Aplicativo horrível, abre quando quer! Vou deixar esse banco picareta, aqui vc não consegue movimentar sua conta pela Internet, isso é uma vergonha! Não consigo acessar minha conta quando preciso, fazer pagamentos, etc. Vou sair desse banco e desinstalar essa desgraça!!!;1;2026-03-25 19:04:38;5.23.1;Caixa
0a5a904789941d81c07aa4d68c6fb2df;boa 7;4;2026-03-25 18:50:02;5.23.1;Caixa
734a13e9994c5e67230ed83de83d63d6;ótimo atendimento;5;2026-03-25 18:49:55;5.22.1;Caixa
e9b187621a4aaffab93eaf4876340b0e;lixo de app;1;2026-03-25 18:45:38;5.23.1;Caixa
2385e118cf2baf90ad7fc66c30f445c4;Estão tirando dinheiro de minha conta, absurdo;1;2026-03-25 18:39:24;5.23.1;Caixa
94d03b2e890f7c4ebcbae734f8f956e6;Gosto muito de usar o aplicativo!;5;2026-03-25 18:32:56;5.23.1;Caixa
6b027417e0ffff0ce293378fc54987b3;muita boa;5;2026-03-25 18:24:26;5.23.1;Caixa
b8f6c7508deaa6d782926b3cb90a3740;"Não sei de onde esse pessoal tirou que tá ficando estável, quero ver meu saque aniversário e dá erro ""erro na comunicação com o barramento""";2;2026-03-25 18:21:29;5.23.1;Caixa
8f57f785e911fca933b729607072c1e2;meu celular atual moto g22 meu atual senha nova número novo email novo ok agradecida tamos juntos sempre tá tudo certo. já troquei desde da semana passada este celular atual moto g22 era meu tbm minha conta tá tudo tranquilo meu Pix agradecida.;5;2026-03-25 18:05:27;5.23.1;Caixa
fbdcc553277431108b0ce99c1518cd3e;otima;5;2026-03-25 18:01:11;5.23.1;Caixa
019f86f778566f0758bf3a8ffd6bd4a4;horrível.;1;2026-03-25 18:01:03;5.23.1;Caixa
b25865df80bfcc5aedbdb37ecda48d39;mto bom;5;2026-03-25 17:53:25;4.9.0;Caixa
be1e27ec8ba7c9e0b3fc923ca88da432;Não está funcionando bem e dando erros;1;2026-03-25 17:49:42;5.23.1;Caixa
791973f9f11b38578088980b9b0dde9a;está bugando. não funciona nos dados móveis mesmo o celular com crédito.;2;2026-03-25 17:46:10;5.23.1;Caixa
a8f138a1d720e8094d31cd7da14101b4;Muito bom.;5;2026-03-25 17:42:00;5.23.1;Caixa
733773550527f4a3e0753a39d5b8d092;reconhecimento fácil muito ruim;1;2026-03-25 17:40:29;5.23.1;Caixa
2f7b811d133b4323076127c5ef30bb50;bem complicado em relação aos outros bancos;2;2026-03-25 17:39:48;5.23.1;Caixa
16cc3f05dccb00a8ed60f1ceca7531be;o app não abri e acusa minha conexão como ruim;2;2026-03-25 17:33:14;5.23.1;Caixa
78ebb550fd94009635a0edd8684d01d1;lixo de app horrível;1;2026-03-25 17:27:32;5.23.1;Caixa
82e2c4acb10d71ebbe61f068e842765a;inconsistência frequentemente;1;2026-03-25 17:18:44;5.23.1;Caixa
8d2968b83a950a434fd8f068ae395a46;muito bom;5;2026-03-25 17:17:35;5.23.1;Caixa
f8894133e5a60590a0bac54ccec8f7da;muito prático esse caixa tem;5;2026-03-25 17:03:49;5.10.4;Caixa
7c11890b7077901ea71d209ac4de4c1d;Aplicativo quase inútil, conseguiram fazer mais de 3 formas de você ter que ir num caixa eletrônico, verificação por foto não funciona, pra que serve esse aplicativo se só dá pra fazer tudo indo numa agência?;1;2026-03-25 17:03:37;N/A;Caixa
87d72196015edf31e64fd9b43303a829;Um dos piores bancos que existe, sistema horrível de acessar, lento demais e todo complicado, sempre com erros ou fora do ar;1;2026-03-25 17:03:01;5.23.1;Caixa
65d7ffe67660c29369bebc085f9bf5fc;Vejo um perigo deixar dinheiro na conta, pois não consigo ter acesso a minha conta, nem com a biometria e sempre pede para redefinir a senha, pela terceira vez tenho que recadastrar em menos de um mês e já não lembro mais qual a senha atual, devido a tantas mudanças. Agora vou ter que refazer tudo novamente como primeiro acesso. Até na próxima ficar impedido novamente. já desinstalei e instalei novamente. Porém vou ter que refazer todos os passos novamente. Isso é péssimo sinal.;1;2026-03-25 17:00:05;5.23.1;Caixa
d9a5bff1dc83684b93602ee24c3cac55;muito difícil de acessar;2;2026-03-25 16:49:26;5.23.1;Caixa
b856a1e328973535dcea9a9110c9887c;"""Então não consigo entrar no aplicativo para efetuar o pagamento , fica dizendo que está sem internet."" Porém quando uso o wi-fi de casa entrar normalmente. O problema ser quando preciso sair e já outros lugares e preciso usar para efetuar pagamento. Uso a nubank com mesma internet que ser da operadora claro e funciona perfeitamente bem. Só dá cx que não.";1;2026-03-25 16:41:08;5.23.1;Caixa
c7339eee8ca2b7b7c297528a87cfed4c;ótima;5;2026-03-25 16:20:46;5.23.1;Caixa
4c2a239a521d1e0c22ab6e7bbec6be1f;Excelente;5;2026-03-25 16:20:40;5.23.1;Caixa
124a97b8c21cfc9fb42ceb5cace4a820;cobrador;5;2026-03-25 16:20:06;5.23.1;Caixa
f2caae61aeb5a294b8fa3dbe718a8d8c;é o pior app de todos os bancos... passei quase um dia inteiro tentando fazer um Pix... todas as demais funções estavam ok, na hora do Pix o app fica apenas carregando e nao conclui a operação;1;2026-03-25 16:19:28;5.23.1;Caixa
b648bddfb6d0b3a912e575c39cd30840;estar passando por dificuldade;2;2026-03-25 16:18:45;5.23.1;Caixa
97964df8651db384bf4f88090fd66496;estou tentando entrar toda vez da deu algo esperado. Está sem Net ou tá fraca. Não tem nada disso minha NET tá normal;1;2026-03-25 16:13:35;5.23.1;Caixa
78b65d5e48ab81760dd5d7637f58e761;Ótima!;5;2026-03-25 16:08:31;5.23.1;Caixa
d1ae50d66ee3fc1c659d99160a577bbd;Não consigo abrir conta digitalmente, erro na biometria facial.;1;2026-03-25 16:02:22;5.22.1;Caixa
cdb7f8d11a301401e2d29e39c1df40aa;não consigo abrir o aplicativo com muitas falhas tem que melhorar muito ainda;1;2026-03-25 16:01:45;5.23.1;Caixa
57a37b8e4f9e690bdc8e89eafd99251d;não estou conseguindo acessar app pelos dados móveis, único app do meu celular que não estou conseguindo acessar, informando um erro de vpn, dns. já tentei solucionar de várias maneiras porém não obtive êxito!!!;4;2026-03-25 15:59:28;5.23.1;Caixa
b7a2625a59042d434335dee07ccd7dc7;ótimo;3;2026-03-25 15:46:38;5.23.1;Caixa
4392cc4cd4d947824ae0b50602dd457d;muito complicado;3;2026-03-25 15:42:56;5.23.1;Caixa
9e361cb5c69a3eee9edf4e0749a02a30;ótimo;5;2026-03-25 15:35:43;5.22.1;Caixa
319403703a701d44d745f7d578fe858b;tá travando , não abre❗;1;2026-03-25 15:32:06;5.23.1;Caixa
ecdfce31f1a746c8eac4ba3a60af38a7;muito bom esse app amo;5;2026-03-25 15:31:10;5.23.1;Caixa
9366accb3a423374aaa30cc1d3e662d4;ainda não consegui entrar;5;2026-03-25 15:29:40;5.23.1;Caixa
0c7dd9dd1ba8cf6bf49efea601541ddc;as atualizações do aplicativo da caixa está cada vez mais horrível não estou conseguindo acessar o aplicativo já faz três dias infelizmente já desinstalei o aplicativo e instalei denovo continua não conseguindo entrar no aplicativo;1;2026-03-25 15:19:01;5.23.1;Caixa
1d5419dd0dc763199c6b2333ab4adef2;Bastante ágil e eficiente. Parabéns !;5;2026-03-25 15:18:06;5.23.1;Caixa
98dceab72802a987b6e873f160152fc3;o que seria celular inseguro aí não consigo entrar;5;2026-03-25 15:17:30;5.23.1;Caixa
dba17cef55bec9a0293e67fa44dae24b;Boa tarde depois que atualizei os aplicativos d caixa caixa tem e FGTS. Não consigo logar em nenhum deles alguém sabe me dizer se o sistema está fora do ar?;5;2026-03-25 15:16:30;5.23.1;Caixa
7769d8aeac6f5287605f34e53949c8f8;maravilhoso;5;2026-03-25 15:14:53;N/A;Caixa
b8f81639d40c13229b068972e51c4011;função de reconhecimento facial é horrível não funciona, os outros aplicativos funcionou de primeira o da Caixa como sempre tem que dar um problema né;1;2026-03-25 14:54:31;5.23.1;Caixa
6fcceaca7b8daf3ed325493840df1bd9;ótima;5;2026-03-25 14:44:45;5.23.1;Caixa
50e0f6effd0581afa9079ccf2e99ccdb;não é possível criar uma senha;1;2026-03-25 14:39:35;5.23.1;Caixa
a626b8e55bc62207aa66d09476643913;"O cadastrar usuário simplesmente não adianta de nada, vou tirar a foto fica 10 anos carregando ""inicializando conexao"" MUITO RUIM, APLICATIVO/SISTEMA lixo";1;2026-03-25 14:34:59;N/A;Caixa
94c3f0cdb40df9a363b16273bd8b8687;não é tão fácil.;4;2026-03-25 14:29:30;5.23.1;Caixa
36c76e5d542fd7c897af39927fcb4a0a;muito bom e rápido;5;2026-03-25 14:26:15;N/A;Caixa
b5f68e03d469bf9123c7589de0cd7de8;nota 10;5;2026-03-25 14:20:25;5.23.1;Caixa
1434d3dae97b029eb591a51c69f146f1;ótimo;5;2026-03-25 14:13:53;5.23.1;Caixa
8b015311b2609ee50d8554819da8eadd;eu meu esposo temos uma conta conjunta , agora nós estamos pagando juros não vemos o que está pagando;1;2026-03-25 14:13:06;5.23.1;Caixa
621cb4a3ac4f8e92d033e1d1f8619cf4;bem atendido obrigado por me responder;5;2026-03-25 13:53:58;5.23.1;Caixa
f2001033f4acb7462b195ce557b9985f;muito bom;5;2026-03-25 13:43:54;5.23.1;Caixa
a7a70991a5cdfc095af15bde903da283;ótimo aplicativo;5;2026-03-25 13:31:30;5.23.1;Caixa
34783dc9813580b29935ea8fa4cf73ac;tentei abrir uma conta, mas no final o leitor de biometria facial não funciona;2;2026-03-25 13:30:55;5.23.1;Caixa
adb8e13e928d9bb4b8575d8bde5f8a8f;Experiência de cadastro horrível. Não consegui finalizar a abertura da minha conta porque o reconhecimento facial nunca funciona, sempre dá que está fora do ar.;1;2026-03-25 13:20:55;5.23.1;Caixa
396631e03577cc0f37f06b324a471f7b;governo federal;2;2026-03-25 13:04:16;N/A;Caixa
cb8329407a825888ed682852a0fae99c;Boa tarde não estou conseguindo entrar no aplicativo da caixa como faço;2;2026-03-25 13:01:08;5.23.1;Caixa
6970c614635d3dd0ef8c5b6d418e69e7;estou gostando muito;1;2026-03-25 12:59:39;5.23.1;Caixa
834dc9ecb245838c92cbaed254f252fc;Estava fora a algum tempo. voltei em 2025 fui à minha agência, mudou e, não deixou nenhum papel informado novo endereço. filiais tbm, não sabia informar,falta de respeito com os clientes idosos! não recebi nenhuma comunicado e,fiquei sem conseguir movimentar a conta. Só hj uma vizinha me ajudou passado endereço da cidade nova e,disse que eu poderia confiar nessa Ag Alterosa q aparece no app .Refiz a senha no app e não funciona fala q qdo puder usar serei avisado no WhatsApp mas como assim?absur;1;2026-03-25 12:55:53;5.22.0;Caixa
8f4319244d41d9ff067b4a2bc3f61871;não tô conseguindo entrar no app caixa;1;2026-03-25 12:43:46;5.23.1;Caixa
df74302ee3a0943f4111f7d29805f882;como um app pode ser taooo M, nao da pra tirar foto sem erro, nao da pra recuperar senha, pq nao deletar esse app e fecha essa banco de uma vez?;1;2026-03-25 12:43:29;5.23.1;Caixa
b555e8bd4cc1fe6f9dd7f377279d1f1f;o app está sendo praticamente horrível de primeira impressão, não consegue ler minha facial de forma alguma além de ter que esperar muito até carregar a tela, quando aparece para por a facial simplesmente dá erro e não carrega.;1;2026-03-25 12:43:01;5.23.1;Caixa
1cc8c9824c8471e89bc16014bbd9fecc;excelente;5;2026-03-25 12:41:39;5.23.1;Caixa
5ec42238b0f43564dea9a156c50feb64;Pensa em um aplicativo inútil, é esse, dá erro até pra ver o estrato. Qualquer problema que ele mesmo cause eu tenho que ir em uma agência passar pelo purgatório de 2h com senha porque o app não tem capacidade de resolver.;1;2026-03-25 12:40:37;5.23.1;Caixa
b55d401ddf47ef1e7d7264d1c2f8f939;Dinheiro cair.;5;2026-03-25 12:36:29;5.23.1;Caixa
6191c3708c814c6eeabb5e48db07186c;o processo é confuso, precisei ir até uma agência para concluir;3;2026-03-25 12:35:09;5.23.1;Caixa
c41754f2731a9f49bd48585498524e20;muito bom mesmo;5;2026-03-25 12:30:05;5.23.1;Caixa
cf1bafb62580c2176da25a5cfb70e227;Não quer entrar;5;2026-03-25 12:29:53;5.23.1;Caixa
f311b558503cfbf932f94c495c6ca1d0;... app sempre fora do ar.;3;2026-03-25 12:28:51;5.23.1;Caixa
50318d1fc857a64c86a4069ea15a6b12;muito bom;5;2026-03-25 12:28:21;5.23.1;Caixa
4632e506913453c5a7d3c4b3e71fea36;com certeza o pior banco, não consegue fazer um reconhecimento facial, e ainda fica fechando sozinho 👎🏻👎🏻👎🏻;1;2026-03-25 12:28:00;5.23.1;Caixa
07acdd55fb14b879fe85887abee30ceb;aplicativo muito ruim, toda hora tem que atualizar;1;2026-03-25 12:20:55;5.22.1;Caixa
f8a7df249d3ac747ce776746345026b3;o melhor aplicativo muito bom parabéns;5;2026-03-25 12:17:21;5.23.1;Caixa
fadb103184a8aea70c79afb7ab2ebe84;bom demais.;5;2026-03-25 12:15:59;5.23.1;Caixa
d7aa7217fa721f42e5c273d43c7fffe1;Vive dando problema como agora. agora nao consigo acessar com dados móveis nem o app nem o site;3;2026-03-25 12:09:09;N/A;Caixa
5e37c6e0ffc4b54d2cc9e859f42af44e;otima;5;2026-03-25 12:09:04;5.23.1;Caixa
b42f1e6e168c53640c08890c79b5dfde;maravilhosa a Caixa pra é mil;5;2026-03-25 12:03:49;N/A;Caixa
b2964ec5de337882b7a8e7ee7ee850a2;muito bem atendido nota 10;5;2026-03-25 11:47:54;5.23.1;Caixa
445278d5685cc46894a73c67d4fe5497;muito bom mais bem que podia liberar um cartão de credito;5;2026-03-25 11:47:21;N/A;Caixa
65420aa4dffa2b4b802368df1ab31122;pronto so faltava essa agora nao funciona mais esse app pois toda hora fecha sozinho apresentando falha consertem isso meu celular e OUKITEL WP6 android 10 r mru Android NÃO EXISTE MAIS ATUALIZAÇÃO PRA ELE.;1;2026-03-25 11:46:56;5.23.1;Caixa
ac91b2656652d2217ae8a53bec3f129d;É o pior app de banco que já usei. nada nele funciona. toda vez que vou entrar para fazer alguma operação tenho que cadastrar um usuário novo. ele não aceita as senhas e não me deixa entrar, aí tenho que ficar vinculando toda vez esse usuário. vou trocar de banco só por causa disso, eles não resolvem nada e sem contar que na ajuda nada aparece para as questões do app.;1;2026-03-25 11:46:15;5.23.1;Caixa
b7da62cffc34b58f8185b916bcfa4ff8;excelente atendimento muito bom rápido é prático demais;5;2026-03-25 11:44:53;5.23.1;Caixa
8fc0d37c775047855dcc44155a7585fb;otima;5;2026-03-25 11:43:19;5.23.1;Caixa
89b0b45fb152ac10b8ac0fd0bb5f7ebb;aplicativo show;5;2026-03-25 11:39:07;5.23.1;Caixa
bf65fbeeef1e545d38b6a32fd8cc77b7;muito util;5;2026-03-25 11:37:42;5.23.1;Caixa
eecaafdd9cf8b8eaaaf07ca0a036a93b;quando funciona e legal ,mais pede atualização muitas vezes ,daí atrapalha agente;4;2026-03-25 11:36:54;5.23.1;Caixa
72ba45c8b65dc6f21b24340a36fd506e;muito boa;5;2026-03-25 11:20:48;5.22.1;Caixa
842332a7e9511a6afd134027cbd1b6ac;O aplicativo é muito informativo e bem fácil de se cadastrar.;5;2026-03-25 11:20:46;5.23.1;Caixa
5e404db322da4886c0e18fd35dd5e4de;ótimo... estou gostando...;4;2026-03-25 11:19:31;5.23.1;Caixa
a8c22b684be877a915e4ca74a1fc79e1;bom demais;5;2026-03-25 11:16:02;5.23.1;Caixa
1aa766f08412fcf76afce60e4e00daa6;Está confuso e não ajuda. Já troquei o celular para o A16. somente preciso do Informe de Rendimentos 2.025 para fazer I.R.;1;2026-03-25 11:07:33;5.23.1;Caixa
e63ce05194cd9606dc975d3a732d5c96;péssimo;1;2026-03-25 10:59:43;5.23.1;Caixa
1f7ab4db4e76dd338d78d58789a297cd;bomxatendimento.;5;2026-03-25 10:54:41;5.23.1;Caixa
7aa6b34ad1df26385a3025d7b69a09f8;aplicativo lendo, desatualizado, sem funções que outros aplicativos ativos já possuem, visualização de faturas péssimo, antecipação zero, aplicativo horrível;1;2026-03-25 10:38:48;5.23.1;Caixa
12f0a3cb0aa043418a138ce6c6f570c4;Bom dia ! Sempre o aplicativo pede pra redefinir senha , e fica dando instabilidade, péssimo;1;2026-03-25 10:35:04;5.23.1;Caixa
71762cf92b0b47b978b6e52af92157c6;ótima;5;2026-03-25 10:29:57;5.23.1;Caixa
ac58ea773801f8dfdf3c728237fe382c;legal demais 👏;5;2026-03-25 10:23:28;5.23.1;Caixa
8478c59f793e627d8c014b89460760e4;Só acho que os limites para operações - Pix por exemplo - são baixos.;5;2026-03-25 10:22:52;5.23.1;Caixa
8da1de0b7123ecda6ec42bd91dda9d7c;Para quem está tendo problema para inicializar conexão para captura de foto. Dica: entrem bem na madrugada, mas na madruga mesmo ( eu consegui as 4hrs da manhã) pois fiquei mais de 15 dias tentando e nada e já tinha feito de tudo.;1;2026-03-25 10:19:49;5.23.1;Caixa
8e03be187fd5e284503f5e5d37f612a5;muito bom;5;2026-03-25 10:16:54;5.23.1;Caixa
188e8d82f5293a3ec45b9600aea1054a;muito bom;5;2026-03-25 10:15:20;5.23.1;Caixa
3767fd40c2ea186a3aec05e5b1f90318;satisfeito 😌;5;2026-03-25 10:04:52;5.22.1;Caixa
0e4e8578f4e116ef5b1260f0079a7cc6;Meu telefone nem está com modo desenvolvedor ativado e esse aplicativo fica acusando por nada. Também pede pra abrir conta em uma agência, inútil.;1;2026-03-25 10:04:42;5.22.1;Caixa
a2c831b6c07d9fbb55222815b0160a0b;falta de clareza Obrigado;4;2026-03-25 10:02:43;N/A;Caixa
a2618044f02fb194fef7fe18e33e824c;O pior aplicativo de banco que conheço. Há dois dias estou tentando entrar no meu usuário e um problema de sistema despreza minha biometria e minha senha, chamando de inválidas e dizendo para criar um novo usuário. cansado deste aplicativo pouco funcional, nada intuitivo, comandos repetitivos e confusos. Já tive problemas com pagamento efetuados registrados pelo banco que recebia e daqui não descobtava, depois descontou duplamente. tenho muito medo de acontecer isso de novo.;1;2026-03-25 09:51:10;5.23.1;Caixa
bd4d973d01e53a12abb75d1e01817d3c;excelente;5;2026-03-25 09:51:07;5.23.1;Caixa
1ed8db7fdf227934b0bcde09d9fcafd7;não vale nada, não dá para tirar um comprovante do mês de fevereiro.;1;2026-03-25 09:48:01;5.23.1;Caixa
800c6982051f84888521dc0136daa884;ótimo;5;2026-03-25 09:43:31;5.23.1;Caixa
e6dc9174411013d01bcfae4687cd3af9;otimo;5;2026-03-25 09:34:44;5.23.1;Caixa
3c436f2f6efeb9efd231414ceb5c8d0c;muito bom,só devíamos desbloquear senhas no aplicativo;5;2026-03-25 09:31:56;5.23.1;Caixa
dcc674c8ed99ad89983e13489d13bf55;melhor banco;5;2026-03-25 09:29:23;5.23.1;Caixa
110abd8d449fb91d3f2861bf4cdadb9b;ótima;5;2026-03-25 09:25:13;5.23.1;Caixa
fba92eb8ff0088ff41d034f0b449564b;um bom banco;5;2026-03-25 09:09:39;5.21.1;Caixa
65302ed2d070d6cd383c3ffd36f4898b;ótimo,,foi rápido para abrir a conta;5;2026-03-25 08:55:51;5.23.1;Caixa
d3f350cca2ea553a0e08490ed05efe84;ainda vou entrar depois avalio;5;2026-03-25 08:39:34;N/A;Caixa
c721314093cc33e5691ec3f0c8d97838;o app caixa, é o app mais inútil que existe. A caixa deve ter desenvolvedores de 5 categoria pra fazer essas atualizações...;1;2026-03-25 08:28:27;5.23.1;Caixa
4420779bb79a695333ee1f53a6c100fc;Um lixo esse app! Incrível como a Caixa não consegue entregar o mínimo de um aplicativo bancário.;1;2026-03-25 08:22:18;5.23.1;Caixa
138be1f4ef5c3094b30fbd60bc286e39;olá bom dia, esse sistema de ter que ficar indo em caixa eletrônico pra poder usar o APP é horrível poderia fazer igual a seus concorrentes com fácial ou até mesmo número cadastrado. Entenda sou do Interior e aqui não tem caixa próximo e agora vou ter que esperar muito tempo pra ir na cidade dnv pra poder usar um caixa eletrônico e só Deus sabe quando. Por isso o APP da caixa é tão ruim sem falar na instabilidade. ( Mas isso todos tem);2;2026-03-25 08:13:14;5.23.1;Caixa
c01b68677edd9b2a8e520126212c0f18;não abre ou demora pra carregar;2;2026-03-25 07:53:14;5.23.1;Caixa
2ea183e408d42a4211d91d4828a8ee9f;nota 1000;5;2026-03-25 07:49:36;5.23.1;Caixa
c22bee947cd311c106a63b87b37ab25a;Pior aplicativo de banco!;1;2026-03-25 07:30:20;3.15.1;Caixa
b6d0f414ba349a69bc1195d2930db0c9;pra não deu certo 😞😞 meu aplicativo não funciona. atualizei e nada funciona meu Pix não vai tá no Pix automático colei e nada não sei o que fazer, não posso andar pra resolver meu joelho tá operado não tem como sair daqui pra ir na caixa liguei pra caixa mas não consegui resolver tenho que ir lá, mim ajuda 🆘🆘;1;2026-03-25 07:14:54;N/A;Caixa
a2bc6331cabf2204023ce417e587a526;já foi melhor, agora diz que minha Internet está instável.;3;2026-03-25 07:00:28;N/A;Caixa
b9e5be1f8318e61adb050ffc387b579c;excelente 👏🏾👏🏾;5;2026-03-25 06:46:06;5.23.1;Caixa
4e45fe5d7b34ffc576fb0ca89ad7c1c2;O app tem várias falhas a grande meu celular deixo ele em modo desenvolvedor para melhor proteção de tudo mais o app só dá acesso si Eu tirar o modo desenvolvedor já os bancos abrem sem problema só este não permite mais o que pode se esperar de algo do governo nada e seguro a melhor forma a se fazer e não abrir conta na caixa e abrir em outro banco que muito mais seguro e quando reclama aqui vem a mensagem robótica e a mesma pra tudo e começa e excluir conta na caixa e fazer em outro bancos;1;2026-03-25 06:45:20;5.23.1;Caixa
32d2dfe24eabe376932c6f33cd8421cd;muito bom o aplicativo;5;2026-03-25 06:34:16;5.23.1;Caixa
f7b88b21e8606ed9a4091e9260609ac1;problema para abri o aplicativo;2;2026-03-25 06:33:09;5.23.1;Caixa
edb325c9adced524adeaa78c9b279ba4;caixa é tudo para mim obrigada;5;2026-03-25 05:39:33;5.23.1;Caixa
a8b0a1421a937e091e45f14edb790353;Não ajuda contra golpes e vulnerável;4;2026-03-25 04:56:25;5.23.1;Caixa
7c61b1ebf0fa65aba38821f239657b11;excelente;5;2026-03-25 02:53:15;N/A;Caixa
e58e7d06cb60ed78b8243b71a67ad52d;muito bom;5;2026-03-25 00:05:02;5.23.1;Caixa
93ba520363a546231487495d5d87663d;ótimo;5;2026-03-24 23:57:39;5.23.1;Caixa
13cd0ce537c9be61c79cc10ec8158337;não consigo cancelar o meu saque aniversário e recisão, ATUALIZEM isso que nem a opção entrar quer.;1;2026-03-24 23:43:46;5.23.1;Caixa
f70e4d1f990c6454acf55542d93bf409;Aplicativo fácil de usar algumas coisas são difícil dê entender maís vimos lá!!;5;2026-03-24 23:43:05;5.23.1;Caixa
d68ae4c76ad6b492e3770eaaf017cd0c;muito bom obrigada.;4;2026-03-24 23:12:33;5.23.1;Caixa
ecdd4fc48d2f870c14a534b800c937b2;ótima em tudo muito satisfeito por ter a caixa na minha vida;5;2026-03-24 22:57:30;5.23.1;Caixa
163f4e79f758efb66262b4dd8580c7d4;otimo;5;2026-03-24 22:41:57;5.22.0;Caixa
8b65ae33cbc59c5a1c286677cdc73bad;muito bom melhor banco;5;2026-03-24 22:32:45;5.23.1;Caixa
37282fb8012384d0fdafa47df7876c00;confiança e segurança;5;2026-03-24 22:15:02;5.23.1;Caixa
d258b3e8e6dc6ae01c1fa5915c028ce7;eunao uso mais vou aprender a fazer pix;3;2026-03-24 22:13:36;N/A;Caixa
b4e3c860e6dcd60b8996f9fab2ac6019;muito difícil de atualizar no aplicativo pois o mesmo não define quando eu finalizo;1;2026-03-24 22:03:01;5.23.1;Caixa
1df7497aa2371e8c9f2747b377c26be0;não gostei porque tem que ir no caixa econômico pra criar a senha de movimentação isso pra mim não faz sentido uma vez que tem a opção de biometria da pessoa muito chato não compensa abrir uma conta e não poder fazer nada;2;2026-03-24 21:48:54;N/A;Caixa
e48f00cba577bc42424dbf3c0c78a905;muito bom;5;2026-03-24 21:41:38;N/A;Caixa
1a5df105c303c2a17a810fa882c1bdf3;melhor banco para tudo;5;2026-03-24 21:26:22;5.23.1;Caixa
4b2f3170059be1449f3872521f25767c;"muito pesado para ""rodar"" em celulares soles e ""fora"" do wi-fi. diversos bancos digitais tem APP Mais Leves !";2;2026-03-24 21:25:53;5.23.1;Caixa
f93f625f11786bbe72cbe4ce8121ec25;caixa não tenha duvida e de mais;5;2026-03-24 21:02:56;5.23.1;Caixa
406b79ce5a6a914a0f7214bf52372f26;horrível, nunca uso, pq sempre deixa na mão;1;2026-03-24 20:44:05;5.23.1;Caixa
4d05fc02395989f1c7632d30b81fb773;já foi bom esse aplicativo;2;2026-03-24 20:34:05;N/A;Caixa
490881f2e197e91d56e549acc76fccc8;A caixa para mim é maravilhosa com funcionários abençoados. já tenho mais de 20 anos já merecia me aposentarem rsrsrs. Deus abençoe e dê muita segurança para o gerente e colegas de trabalho pois estamos no mundo tão difícil e perigoso. Mais Deus é o nosso refúgio. Boa noite 🙏 com Deus no nosso coração;5;2026-03-24 20:11:34;5.23.1;Caixa
d850d30d2eddc0985f92ad8aea2bbc5b;muito bom;5;2026-03-24 20:08:49;5.23.1;Caixa
882b76fe1dac79be91da31214e1ce8f5;muito boa;5;2026-03-24 20:02:59;5.23.1;Caixa
84c7da7847fe88aac71605d0772185a7;até que não eruin;5;2026-03-24 19:51:27;5.23.1;Caixa
38d344d886be8ef310fc50f65e79d3b3;ótimo;5;2026-03-24 19:38:29;5.23.1;Caixa
906b12bb9285d01523c33a12f5904448;este aplicativo é muito bom ajuda bastante estou adorando também recomendo pra outras pessoas já endiquei muitas pessoas. é fácil de ser usado e sem falar que tudo sobre pagamento é outros eu faço sem nenhuma porogracia,está de parabéns e estou satisfeito.;5;2026-03-24 19:34:13;5.23.1;Caixa
e9c9be3493498d3e6b4c446e0ba8a8cf;ótimo serviço;5;2026-03-24 19:30:07;5.23.1;Caixa
1f31174aaf14ae32ca133433e5046daf;é uma dificuldade muito grande de fazer reconhecimento facial;1;2026-03-24 19:22:54;5.23.1;Caixa
8eeec5c8f2368ba1990f21d37b5f6cbb;AMOOO;5;2026-03-24 19:19:36;5.23.1;Caixa
cd55b6649d44526c568c0ee73ee4961c;trava demais,ao fazer um jogo não volta para o mesmo jogo para dar continuidade ao jogo escolhido,volta para tela principal,resumindo péssimo?;2;2026-03-24 19:18:51;5.23.1;Caixa
3447af81b572126a2453056ce96a410f;sempre bem atendido.;5;2026-03-24 19:06:31;5.23.1;Caixa
3b7c97c152380f299a8129a0d5e80a4a;é uma chatice p entrar;2;2026-03-24 19:04:45;N/A;Caixa
092b5a60e49dc3a7344081fcfba9834a;muito bom;5;2026-03-24 19:03:44;5.23.1;Caixa
da5f79f7068a8c98c9580309332c87ea;sim bom;5;2026-03-24 18:53:26;5.23.1;Caixa
facbfc33f3d367d6cd148ba379638fdd;volta o saldo antigo;1;2026-03-24 18:51:33;5.23.1;Caixa
78c714ca934fc4ee40f8496506228fde;demora muito a dar baixa nos pagamentos do cartão de crédito, em outros bancos atualiza na mesma hora , no app da caixa leva 1..2..3 dias;2;2026-03-24 18:49:00;5.23.1;Caixa
ee3b5ee626d2507944d8a9bfbc294411;não gosto do aplicativo da CEF.;1;2026-03-24 18:43:26;N/A;Caixa
cad61cf88e7c65d21672b2cf14b97013;Não está habilitando minha conta do caixa Tem;1;2026-03-24 18:11:31;5.23.1;Caixa
b28fb76d0dfdf6792b2ef30c7c548aad;não consigo usar;1;2026-03-24 18:08:33;5.23.1;Caixa
3c67b50aa7655f46d23051e3f1320638;gosto de usar o app;5;2026-03-24 18:08:04;5.23.1;Caixa
f8a405880a872b7d297d0cc7a2b9edbe;não sei oque tá acontecendo mais de uns dias pra cá ta complicado lidar com este App cai o tempo todo..;1;2026-03-24 17:42:07;5.23.1;Caixa
e60d9b054844db6dd0d44b1c7e370f07;é uma experiência boa;5;2026-03-24 17:25:51;5.23.1;Caixa
7161661eb16adf49d5a3c52b91a4f531;foi boa.;5;2026-03-24 17:23:09;5.23.1;Caixa
c9c57b3290b61b919e594a5360c66bb7;sempre que preciso só atendida com sucesso.;5;2026-03-24 17:22:42;5.23.1;Caixa
ab2c3715251ed279c71ad6d50c7579a5;não consigo entrar na minha conta, sempre inválida minha senha de anos;1;2026-03-24 16:59:23;5.23.1;Caixa
80850a82372060130a0735e9b8101423;receber meu dinheiro pela caixa;5;2026-03-24 16:55:02;5.23.1;Caixa
7b5ffb678cc7a9261e04cdb8c9b03769;cara por que a droga desse aplicativo não libera quando eu tirar minha foto já tirei essa foto centena de vezes e por que é que sempre dá erro dá erro a esse aplicativo para mim não funciona não presta porque eu já bati minha foto minha selfie e sempre dá erro dar erro dá erro Tô de saco cheio já vou deixar só uma estrela😤;1;2026-03-24 16:38:41;5.23.1;Caixa
b2f75e6d5e15e5fda245830d754724be;excelente app app;5;2026-03-24 16:28:23;5.23.1;Caixa
a30ec924b5cfe30a05085d0fa0bed76c;até hoje n consegui acessar, já fui na caixa e disseram p continuar desinstalando e instalando até conseguir absurdo precisar ir lá e não resolver;1;2026-03-24 16:27:58;5.23.1;Caixa
56dad3e4ba3df3f0d93334edd7f3f510;Vocês pedem pra atualizar o cadastro mas nem um hacker consegue atualizar, não entendo o motivo de ser tão difícil, o app não reconhece a facial, solicito ao desenvolvedor solucionar esse erro, é um transtorno.;1;2026-03-24 16:26:25;5.23.1;Caixa
db858ae9529167cc40a3797b873ad93a;profissionalismo e comprometimento;5;2026-03-24 16:25:40;5.23.1;Caixa
375e037d9cd4daaaafd76312ca642073;Não consigo falar com ninguém. Mensagens comunicando telefone errado. Meus informes não indica minha aplicação no Fundo. Quero informar pra imposto de renda;1;2026-03-24 16:17:32;5.23.1;Caixa
0fd23eea9cc757f5cc122641c40189d8;foi difícil mais acho que consegui;5;2026-03-24 16:16:53;5.23.1;Caixa
e2fdbd7068af30ce291de13fcf7857c0;fácil;5;2026-03-24 16:12:36;5.23.1;Caixa
4433b9b9a10a7c46fb45343d75db3d5c;app muito complexo. podia se mais fácil e ágil.;2;2026-03-24 16:05:46;5.23.1;Caixa
927430e7dfb478d8780ce2e204e6ba81;muito boa;5;2026-03-24 16:03:50;5.23.1;Caixa
f3539b84d793c9d7e0273bf2cbb03dd7;muito bom recordar é show;5;2026-03-24 15:55:57;5.23.1;Caixa
579c7c04a9876d17e68d910163b73fde;muito bom.;5;2026-03-24 15:54:11;5.23.1;Caixa
a714f40b78c14b899575f44de7a14716;horrível. sempre bloqueado;1;2026-03-24 15:42:27;N/A;Caixa
edf4c21f20cf2d2c6547ba0e4de2f07a;muito bom;5;2026-03-24 15:39:04;5.23.1;Caixa
085e3ed8ea4ec052cb5402ff1086890b;Sim! Estou abrindo uma conta na Caixa. Obrigada;5;2026-03-24 15:33:35;5.23.1;Caixa
0d13bf40d56adc6669cb5671e9db1a01;muito bom;5;2026-03-24 15:32:27;5.23.1;Caixa
c9045f11511214674eaf8b503841333e;bom atendimento;4;2026-03-24 15:24:56;N/A;Caixa
61026c34846a79917a26a8d66a383f08;Não consigo acessar minha conta pelo APP, sempre dá o erro A-00-000. Já liguei para o banco e não conseguiram resolver. Também já instalei e reinstalei o app e nada.;1;2026-03-24 15:24:19;5.23.1;Caixa
4e8b5aa117e66c771258349beca46508;boa mas precisava melhorar mais;4;2026-03-24 15:18:17;5.23.1;Caixa
f35553ceb9a912840b6826c4f37f4d73;ok atualizar meu aplicativo caixa econômica Federal oke retira as mensagens eletrônica atrasada ok;1;2026-03-24 15:08:54;4.3.1;Caixa
c1d68f67db77127fd73e59bc84c9dac7;O aplicativo me obriga a permitir que ele envie Notificações e controle a minha localização. Até aí tudo bem, de forma forçada, aceitei. Aí ele me obriga ainda a aceitar que o app controle as chamadas do meu celular. Como é um celular que uso apenas em casa, ele não tem chip e nem recebe ligações. Logo, não tenho o direito de usar o app da Caixa. Inacreditável, em pleno ano de 2026 e precisarei ir a uma agência para retirar o comprovante do IR.;2;2026-03-24 15:00:42;5.23.1;Caixa
1c26e02f3e17e76f84214e7dbb4d3174;muito bom;5;2026-03-24 14:44:23;5.23.1;Caixa
373179f3b09461babb9c38788c6b9689;muito boa;3;2026-03-24 14:42:24;5.23.1;Caixa
2e2b5464c307e0646cb1e70dd59f5e7b;Só dou uma estrela pq não pode dar menos. Fazer o pix, passa um tempão para sair da tela de carregamento. Encerra o app a força, limpa o cache e nada. App fuleiro;1;2026-03-24 14:41:39;5.23.1;Caixa
2609a30f88f9c54bbc994221f9e3dfe6;muito bom gostei 👍;5;2026-03-24 14:37:10;5.23.1;Caixa
d1f9f5a37a910830c298cde4fdc0a588;queria atualizar meu caixa tem;5;2026-03-24 14:32:10;5.23.1;Caixa
0d8afbd603a6dd430d40ebda34ff5ede;nota 10;5;2026-03-24 14:26:41;5.23.1;Caixa
de62f3789a365423048b35d059ed5bfd;péssima;1;2026-03-24 14:10:12;5.23.1;Caixa
398b5037d5f4eb7a6d9602e8fddc4edf;gente boa tarde .. eu estou aki para pedir ao banco da caixa q vejam esse comentario pfvr... eu hj dia 24 de marco de 2026 fiz um pix número de uma pessoa q me deu um golpe. pedi ajuda no app mas a menina me disse q eu teria q contestar.. n sei como fazer .. foi 380 reais.. pra mts pd ser pouco mas preciso q retornem esse valor pra mim.. entt pfvr.. fico no aguardo no contato do banco da caixa pra resolver essa situação pra mim.. obridada.;1;2026-03-24 13:52:21;5.23.1;Caixa
20e94986c11cf6c3b8b54e41181acd91;muito bom fácil de mexer;5;2026-03-24 13:36:15;5.23.1;Caixa
26ab5c379d6d4380c68b5d6c611ef286;Porque não esta cadastrando minha biometria ? sempre da erro;2;2026-03-24 13:24:17;5.23.1;Caixa
35bd5cf1df4bcdef935f0ac9bd1951f2;super recomendo muito fácil de manusear.;5;2026-03-24 13:23:52;5.23.1;Caixa
ffba8c85688abd4c37fad4cac22d5e3e;UNICA;5;2026-03-24 13:06:33;5.23.1;Caixa
7820de09447839c86bb80f04d2a6b123;Sistema exige reconhecimento facial e não consegue fazer. No btg ele reconhece no escuro só com a iluminação da tv. Na caixa são sempre umas 5 tentativas.;1;2026-03-24 13:00:25;5.23.1;Caixa
967fce87353bdcd076d9a80d9c77d3e9;BANCO ATRASADO!! sempre que precisa ativar o dispositivo preciso ir a uma agência para liberar o acesso, em pleno 2026 e ainda preciso ir na agência para usar uma conta ?;1;2026-03-24 12:49:33;5.23.1;Caixa
d082f8384c82001a9157fb9b5ee9bd0e;não consigo cadastro mandam código difícil;2;2026-03-24 12:41:22;5.23.1;Caixa
8874b494de709bf374c15bbc8c1fa7ae;sistema muito lento para um banco desse tamanho;1;2026-03-24 12:39:01;5.23.1;Caixa
71eae76775d235c8289146209d1d67e1;boa 🙌;4;2026-03-24 12:36:30;5.23.1;Caixa
ed87a7a3e69c6812cd93124a8f671cb8;a minha experiência que seja muito importante ter uma conta;5;2026-03-24 12:34:24;5.23.1;Caixa
fcd27b942ee1f219e2ce2403632e39e0;tentando atualizar meu cadastro para mudar o email. não consigo.. tinha que ser igual a outro banco digital, logo que a pessoa faz conta digital eles emitem o cartão físico e mandam pro endereço. aqui vc tem que baixar outro aplicativo pra pedir.. não consegui.. vou encerrar a conta.. já que não tem cartão físico.. tá muito mal esse banco;3;2026-03-24 12:33:10;N/A;Caixa
9204d4faaa65659223c21f6f17b2254d;Aplicativo na hora de abertura de conta no momento de mandar a confirmação pelo email apresenta erro A-000-REX . Cara sem base um banco do tamanho da caixa não fazer um aplicativo que funcione para desafogar as agências, em plena era digital em 2026.;1;2026-03-24 12:31:20;5.23.1;Caixa
6afa80b425a4245b170bc444f4fe4b13;Já sou cliente Caixa faz tempo na loteria online da Caixa. Agora resolvi abrir uma conta online na Caixa Econômica e foi super fácil e rápido.;5;2026-03-24 12:31:02;N/A;Caixa
6e5c733572aeb90e7b649f05e2c2d8fe;bom dimais;5;2026-03-24 12:28:07;5.23.1;Caixa
5eb391784045edd144869467d8f4e48a;ótimo 😀;5;2026-03-24 12:22:22;5.23.1;Caixa
d2977f52f51265387b6c48021e0eea43;ótima. experiência;5;2026-03-24 12:21:10;5.23.1;Caixa
0b0a33bed32b0cd3d8d14d669461cbe5;pra abrir conta digital é uma luta ate agora nao passa do reconhecimento pra criar senha so da serviço indisponível;1;2026-03-24 12:20:00;5.23.1;Caixa
23ec9482b976445b8921588150be291c;satisfatória;5;2026-03-24 12:05:07;5.23.1;Caixa
b40af8332c72441506c70e45f2bda72c;estou tentando entrar no app da caixa econômica federal;5;2026-03-24 11:41:02;5.23.1;Caixa
bef79f848ca2be257192eca3bb0ff9f2;ótimo mais prático;5;2026-03-24 11:38:28;5.23.1;Caixa
2dbf2c986b36864b72b7d6484bdc39da;otimo;5;2026-03-24 11:34:34;5.23.1;Caixa
1dc0cf0ddd23c696719eb6668ad1b7ce;não estou conseguindo acessar meu cadastro no meu novo celular 📱 me ajuda aí por favor;1;2026-03-24 11:13:48;5.23.1;Caixa
95f70ae684bb6ab3ee1d992c35d7d865;otima;5;2026-03-24 11:07:33;5.23.1;Caixa
69b192b08ec9cf1ce2802d107241e318;ótimo aplicativo o melhor;5;2026-03-24 10:58:59;5.21.1;Caixa
66c25c5bbd56d9b77b37823b70d9f351;ótima;5;2026-03-24 10:56:57;N/A;Caixa
2dc6bcf74ec7c0355cca3fd58ca1d170;ótimo;5;2026-03-24 10:47:32;5.23.1;Caixa
bcd7ada124736534f209c7554ffda8b0;dahora;5;2026-03-24 10:38:01;N/A;Caixa
72f0aea4798bec02efbff19230381ce6;app ótimo não tenho tido problemas;5;2026-03-24 10:36:36;N/A;Caixa
a6ef94c5967724ef86ab01becb0dd890;ótimo;5;2026-03-24 10:34:12;5.23.1;Caixa
4f42e8eb592e89e38e0051b55feb4b12;ótima;5;2026-03-24 10:32:29;5.23.1;Caixa
f5066d5e778939e1d442bb0444cad9d0;meu Bueno;5;2026-03-24 10:23:57;5.23.1;Caixa
112d5b1764c357fd5878837c9572dd60;muito excelente;5;2026-03-24 10:19:52;5.23.1;Caixa
d839401db5113682eecf8bb9f34f79d1;app, bug toda hora orrrr;3;2026-03-24 10:19:02;N/A;Caixa
dfeee6f09de379961f85fe0a42ce06a4;não gostei, eu peguei o app errado e só quero fazer os jogos de loteria.;1;2026-03-24 10:17:08;N/A;Caixa
9c481c409c3301e320dc0c7518dae908;ótima in;5;2026-03-24 10:11:32;5.23.1;Caixa
5b7074d756077d8e87557a72513ad277;uma aplicativo que não é eficiente e auto explicativo. /intuitivo. Pra achar a movimentação da poupança foi horrível Segunda vez que dá problema na leitura da digital.;3;2026-03-24 10:02:11;5.23.1;Caixa
4bc85d4b4842326d2566d3da6e16dd08;péssimo;1;2026-03-24 09:55:43;5.23.1;Caixa
c34a83d1813843708da8e8cd1d2aa453;boa estou iniciando aqui;5;2026-03-24 09:53:03;5.23.1;Caixa
6244c94f1426b15647a12deea9ec9e3b;muito bom;5;2026-03-24 09:46:16;5.23.1;Caixa
4850790f16ce0af28c900d379a18c755;amo caxa econômica federal;5;2026-03-24 09:45:34;5.23.1;Caixa
3f2aa4691d2ffddbb7bdcc9f1bc19627;não está funcionando ⁉️🤷 tá fora do ar...!!? presiso usar o app e não abre 🤷🤷🤷;1;2026-03-24 09:16:36;5.23.1;Caixa
ee6ca9691baf01255de51ab692379b79;eu preciso do meu cartão caixa pas ra os benéfio s loas e bolsa.familia;5;2026-03-24 09:16:31;5.22.1;Caixa
fb12acf81f2fff5254286b4f179bab7e;muito bom;5;2026-03-24 09:07:04;5.23.1;Caixa
18bb464435b5a561e5f705ae56ad8926;falta opção pra resolver desbloqueio em máquina e App;1;2026-03-24 08:44:12;5.23.1;Caixa
6b8c2e7bda8586d638856cd40c789226;perfeito;5;2026-03-24 08:40:37;5.23.1;Caixa
a9ad4664ed58d0858bb5b3f7c14ed542;Faz uns 15 dias que não consigo acessar a minha conta. Fala que o usuário não existe e necessita de um novo cadastro, ao realizar um novo cadastro e a ativação do novo usuário , volta pro mesmo erro de não existe.;1;2026-03-24 08:25:47;5.23.1;Caixa
d48cc63e9aa35aca88028a8d57b04e2f;Aplicativo lento e muitas vezes nem abre, preciso fechar tudo e abrir novamente umas 3x.;2;2026-03-24 08:09:25;5.23.1;Caixa
4775f16bdc5abb4dd1a15c0f57c1fa7f;quero saber quanto eu tenho na caixa;5;2026-03-24 06:55:22;5.23.1;Caixa
9bb932bee613f6a125848813c4134b61;complicado;3;2026-03-24 06:30:45;5.23.1;Caixa
5f2dbfd600443dbc3609d869001be662;poderia gerar um juros maior a poupança;5;2026-03-24 05:41:13;5.23.1;Caixa
c17b742dc855713e860cc9b9b5f63cd6;aplicativo não quer abrir mim ajudem;5;2026-03-24 05:36:51;5.23.1;Caixa
4ea3058b4a8f7ededa2e1bfd0f1357f1;muito bom;5;2026-03-24 04:07:10;5.23.1;Caixa
e589392a3d488576c8b128457cd803e1;e otima;5;2026-03-24 00:46:09;5.23.1;Caixa
1603ed6e62b68b3c99e4fc2e5abcef29;Sou feliz por ter uma conta na caixa economica!!!!!!!!✌️✌️✌️;5;2026-03-24 00:34:08;5.23.1;Caixa
78e53a7e00518c7d4357515215a54eae;muito boa. e foi fundamental pra mim estou feliz com o resultado.;5;2026-03-24 00:31:08;5.23.1;Caixa
6b9761c28a198561b809a53895b03f50;Bom tambem;5;2026-03-24 00:26:23;5.23.1;Caixa
c68ff1d484e31ad28fcd97ffa9bd929b;não se consegue abrir e operar o app caixa econômica federal, preciso operar minha conta...;2;2026-03-24 00:26:04;5.23.1;Caixa
92aeaaf7de93371f6e45d4464e16c69b;não estou conseguindo abrir o aplicativo!;2;2026-03-24 00:00:38;5.23.1;Caixa
6ff3b0cf87b80c7c1a821b3372514d1d;adoro esse aplicativo,fácil e seguro.;5;2026-03-23 23:58:06;5.22.0;Caixa
77ea2fd5e6bfa170ff52aea63430132e;"Existe um problema com a leitura do QR Code, na conferência de bilhetes, que ainda não foi solucionado. Muitas vezes, nem a Lotérica consegue ler e é necessário digitar o código alfanumérico para conferir o bilhete (opção que foi retirada do APP e que poderia ser implementada novamente). Quando irão solucionar??? 👉 Resposta ao ""desenvolvedor"": O APP está atualizado. Esse problema já é antigo e há relato de vários usuários. Tenho o APP instalado em 3 celulares e o problema ocorre em todos.";3;2026-03-23 23:20:02;5.23.1;Caixa
94e867f7617c3803c1b8582f4bbb4cc6;foi ótima...;5;2026-03-23 22:38:24;5.23.1;Caixa
03fd5e36e2c8289bac24514240acb39f;excelente atendimento;5;2026-03-23 22:30:09;5.23.1;Caixa
096ea721aeba7b3d995f5dc91b4889af;muito chato;5;2026-03-23 22:29:52;N/A;Caixa
b48ea2e1c5f3d530fcfff784943fb27c;não tem modo escuro para pessoas como eu que tem baixa visão ter uma melhor acessibilidade tento fazer empréstimo consignado pelo aplicativo e não funciona na minha opinião cada vez que atualiza fica pior o aplicativo é péssimo ml..... fiz todos os procedimentos que foram indicados o aplicativo está atualizado e continua não funcionando direito não possui acessibilidade o que dificulta muito para pessoas com problema de deficiência visual o suporte manda mensagem mas não procura resolver péssimo;1;2026-03-23 22:16:04;5.23.1;Caixa
c747bef55db033fc4786af2fd0cb9023;ótima;5;2026-03-23 22:12:02;5.23.1;Caixa
6a03ce74032a58d76068b14fe0b9453f;muito bom esse aplicativo da caixa muito simples aqui consigo resolver todos meus pagamentos sem ter que enfrentar filas em lotérica super prático.;5;2026-03-23 21:56:50;5.23.1;Caixa
df795a34d3a0b467dd1cb7c7a9d2c096;muito bom;5;2026-03-23 21:55:32;5.23.1;Caixa
76bbbdc2dda6cbac6639fea8f475b9c4;trava muito;2;2026-03-23 21:49:15;5.23.1;Caixa
fb676a8ef277acb291e336b05503cc89;não consegue entrar no banco;1;2026-03-23 21:45:33;5.23.1;Caixa
c70c1531c0eba2105eb160cffc482647;muito boa 🙂;5;2026-03-23 21:42:06;N/A;Caixa
570bae739670a83a52959138825860dc;otima;5;2026-03-23 21:31:20;5.23.1;Caixa
82c1022515e928e1c7df3b6347642127;ótimo;5;2026-03-23 21:12:46;5.23.1;Caixa
100f41caf699f9adc60ffc3800a9a014;ótimo trabalho;5;2026-03-23 21:12:27;5.23.1;Caixa
98a958f6d82d9f12dd1b25b7596dab0b;não consigo acessar o aplicativo;1;2026-03-23 21:11:54;5.23.1;Caixa
a1e76dbf4cb46e735e4cb97b06ad3bdb;minha conta divirta quê saio;5;2026-03-23 20:44:54;5.23.1;Caixa
8215b99724ea64296cd886cb1ca7f222;carência;3;2026-03-23 20:43:24;5.23.1;Caixa
0b5962064d059e49b52a82951298a499;uso muito pouco;5;2026-03-23 20:42:27;5.22.0;Caixa
87dac53809510c77a2d707b76c172398;não consigo que chegue mensagens nk neu e-mails;1;2026-03-23 20:34:39;5.23.1;Caixa
f5cf785262ac31a693cda836a213b3ba;muito ruim;1;2026-03-23 20:25:16;5.23.1;Caixa
f169b03a6127d74189c1c00b82875d79;Nada funciona! Nem esse app nem o Caixa Tem. Eu sequer consigo acessar minha conta.;1;2026-03-23 20:22:11;5.23.1;Caixa
c4526a5d3e9475a539bc5cfbde4d9be7;boa noite vocês deveriam criar uma forma mais prática para troca de email sem precisar ir em uma agência pra isso tem reconhecimento facial agora .;2;2026-03-23 20:10:53;5.23.1;Caixa
aeb6796fd50ce3a6bd8dce5f56526705;Fica várias vezes impossibilidade de usar, pedem pra tentar mais tarde, isso deixa a gente em situações difíceis na hora de fazer pagamentos.;4;2026-03-23 20:02:53;5.23.1;Caixa
1b2bf82e62325ff3fc2fea7ed2980544;não está funcionando;1;2026-03-23 19:57:54;5.23.1;Caixa
7939d99f664af1d8962d381600c6d294;excelente app;4;2026-03-23 19:52:54;5.23.1;Caixa
764eeb903c9a00888bbc3216c1aed0c6;excelente;5;2026-03-23 19:50:31;5.23.1;Caixa
dc0f31cb2f2189439c086eb7cc0b04b8;aplicativo top 😉😉😉;5;2026-03-23 19:44:37;N/A;Caixa
4956e2ef9d6678a124caea6e5a22b699;Muito útil, fácil acesso! Ótimo!;5;2026-03-23 19:43:34;5.23.1;Caixa
4d2cc0a5eb5304bc77c985f9dc39217a;muito bom a conta corrente;5;2026-03-23 19:41:20;5.23.1;Caixa
9b7977af09b834d829700ce2c09a2a22;Não abre simplesmente da erro e não abre de jeito nenhum.;1;2026-03-23 19:28:41;5.23.1;Caixa
59ebb0045acd660534692cd41052019c;Depois da última atualização, tenho dificuldade de acessar o aplicativo ,principalmente com a biometria fala que o acesso é usuário tá incorreto já várias vezes esse problema;5;2026-03-23 19:25:39;3.11.1;Caixa
7bda22912eecc202521c18c9db21f080;bom brigado;5;2026-03-23 19:16:15;5.22.0;Caixa
41fdc2d39d5e655bad774414e9b9bf86;poseria ser mais rápido;3;2026-03-23 19:13:25;5.17.0;Caixa
e5d13d6def8971531d8d2dd85ed14cdf;muito bom mesmo;5;2026-03-23 19:12:05;5.23.1;Caixa
3401166fc5ebed65b6b8bdcfa7688f90;Acabei de fazer o cadastro para poder ter acesso a minha conta, fiz tudo certo, reconhecimento facial, usuário, senha e quando coloco pra entrar só aparece uma mensagem dizendo que tenho que fazer um novo cadastro, ao tentar fazer novamente ele da erro em reconhecimento facial, isso está horrível, não consigo entrar e nem fazer nada, nem novo cadastro e nem nova senha, pelo amor, não dá pra ficar nesse banco não. Já desinstalei e instalei e continua o mesmo erro, pelo amor.;1;2026-03-23 19:08:31;5.23.1;Caixa
91d8bbbbee3836235ec384bc098888c4;não faz pix;1;2026-03-23 19:06:16;5.23.1;Caixa
f52a5190c057bf30bcab80eb064609c4;Toda vez pede para fazer um novo cadastro. mesmo tendo o cadastro ativo já.;1;2026-03-23 18:52:42;5.23.1;Caixa
56e0ac9db780f1ae3f20f1a6ef4355b5;de fácil acesso, rapidez e abrangência de serviços.;5;2026-03-23 18:49:49;5.23.1;Caixa
0a626998ea4059870c29cd282d4e2fb6;depois da nova atualização finalmente quem estava fora do Brasil agora pode ter acesso a conta em um celular novo. muito obrigada caixa pela atualização do sistema;5;2026-03-23 18:48:44;5.23.1;Caixa
a16982a3c8fa7a1b30cc82fb8b1a2918;excelente;5;2026-03-23 18:43:55;5.23.1;Caixa
17262ba1c4ffa39d88ebfd7377df024a;pinto industrial;5;2026-03-23 18:36:23;5.23.1;Caixa
bdfaf66819eaf0aa87fa175a73f258c3;muito bom fácil acesso;5;2026-03-23 18:25:57;5.23.1;Caixa
9f3730ce0cbb5c4daf9604000aa41e00;Finalmente, o Banco se tornou prático e acessível para todos! Glória a Deus que depois de quase 3 anos a caixa ouviu e melhorou o acesso as pessoas que moram longe das capitais. Até o momento tudo certo. Obrigada.;5;2026-03-23 18:18:51;5.23.1;Caixa
add09c432a8c1d8076028cb485c8a383;muito bom e prático para o dia a dia estou muito satisfeito com o App.;5;2026-03-23 18:02:30;N/A;Caixa
1baa3e80f392da73f7e02e3d993614ea;só quero saber até quando vai o cadastro de leilão de imóveis da caixa;1;2026-03-23 18:01:55;N/A;Caixa
6a08f68823d6a92ef47d623704af2ced;muito bom excelente;5;2026-03-23 17:59:57;5.23.1;Caixa
8d9e1e7311e5278ed6be864430abf18b;eu gostei muito;5;2026-03-23 17:54:17;5.23.1;Caixa
e97a299d41a22f79b2a73da900a08733;boa, bom;5;2026-03-23 17:49:53;5.23.1;Caixa
8be318f1418c1f092ea1b7439558d516;ótimo;5;2026-03-23 17:47:09;5.23.1;Caixa
d9b07e80af91d9a8e90454a3b98db298;e complicado entender o aplicativo;1;2026-03-23 17:40:32;5.23.1;Caixa
2a22e4517f57b413b3cb093c665599dc;ótimo trabalho;5;2026-03-23 17:31:58;5.23.1;Caixa
47cdb0a709c7885f8a449e747820037f;não consigo entrar no aplicativo;5;2026-03-23 17:27:19;5.23.1;Caixa
da7240b9fb60934df3af621c658be45e;esperiencia boa;5;2026-03-23 17:26:31;5.23.1;Caixa
34f6c6d1094879e68cad1896b2f965fd;tenho esse cartão a anos tenho facilidade em acessar só que agora estou com dificuldade em acessar o aplicativo para consultar saldo;5;2026-03-23 17:20:13;5.23.1;Caixa
9fe9ed88091ec37cbf33115c0764890d;excelente;5;2026-03-23 17:15:23;5.23.1;Caixa
d12696bc8e04be01937bb30cca608648;ótimo atendimento;5;2026-03-23 17:14:48;5.23.1;Caixa
242840cd38580df30142fc9a0c3ca056;Muito Bom;5;2026-03-23 17:09:59;5.23.1;Caixa
abbbb1edaa2ea4a26a5dfe378d07cf98;Muito bom este aplicativo, é fácil de achar o que precisa.;5;2026-03-23 17:08:46;5.23.1;Caixa
52c58c3fe50a215c7951b9bc13a1cd97;nao estou conseguindo acessar minha conta, dispositivo inseguro.;3;2026-03-23 17:02:11;5.23.1;Caixa
c1b499486d8ea9aa8b4ecb297401c95f;atendimento ótimo;5;2026-03-23 16:49:22;5.23.1;Caixa
c520b8c97d5569b1d3ce8014a2f0ab7d;APP não funciona. Infelizmente! Sem acesso a conta pelo Aplicativo.;1;2026-03-23 16:32:15;5.23.1;Caixa
13e79009a419b03af8f06cb09dc417d7;muito bom aplicativo;5;2026-03-23 16:31:07;N/A;Caixa
2a1fada9049c415f99ad2f7d21a14e49;muito rápido;5;2026-03-23 16:27:04;5.22.1;Caixa
e201d850dc823321fa3bc00d3986f05f;adorei entrar no seu aplicativo;5;2026-03-23 16:24:35;5.23.1;Caixa
9a48ffc9c9e720d8bac44e5ec20882e2;é muito bom trabalho em casa 2026 ❤️🤑🍀💵🛍️;1;2026-03-23 16:19:27;N/A;Caixa
1066ce651f8dc00c1007ca9ccf577f4d;gostei;5;2026-03-23 16:18:48;5.22.1;Caixa
8d2e9e8086286f9c973f2d670ff68512;APP facil de interagir.;5;2026-03-23 16:14:40;5.23.1;Caixa
31863424837facc56a9daf799281716e;não tô conseguindo, validar o email de cadastro,e não tô conseguindo entrar na minha conta.;5;2026-03-23 16:10:23;5.23.1;Caixa
59598b5ef4b61dfd5beb19df42874c65;não consigo ver meu extrato;5;2026-03-23 16:08:17;5.23.1;Caixa
0d5eeafad7b42b6dffa97fbac5605621;esse aplicativo é péssimo 🤔;1;2026-03-23 16:02:17;5.23.1;Caixa
d35820dabea58bece9cedebe45d18047;pode fazer a facial até de baixo de 45 graus de sol q não sai tudo fala 1 tá escuro ou deu problema no sistema;1;2026-03-23 16:00:50;5.23.1;Caixa
258bfee7bc819de038c1163a0ad66f29;muito prático gostei e satisfeito;5;2026-03-23 16:00:35;5.23.1;Caixa
fee068fa836f16c03d9e7491aa33f31a;preciso de extrato anual de janeiro a dezembro, 2025 e demais anos. Os meses de janeiro a março não abrem no extrato por período. O que vc não entendeu? Estou dizendo que dentro do aplicativo da caixa o extrato não abre nos formatos desejado: anual e se for olhar mês por mês, assim mesmo o aplicativo não disponibiliza os meses de janeiro a março.;1;2026-03-23 15:59:44;5.23.1;Caixa
11c71de873aefc88b93cc495bca6ae56;ótimo;5;2026-03-23 15:50:29;5.23.1;Caixa
3a3c6b1b6bade524b2cbc79f95d83820;excelente;5;2026-03-23 15:42:32;5.22.0;Caixa
22571f2174eb25f4b7f126a1058dcae3;ótimo valeu 👍👍👍👍👍;5;2026-03-23 15:38:44;5.23.1;Caixa
422856ce6a120646de45a9bbee6a3c91;A Caixa Econômica, meu bairro (Fonseca, Niterói, RJ) o atendimento é exemplar.;5;2026-03-23 15:08:35;N/A;Caixa
e943bff285ce12b055a93a16d474bbfc;comeciario;5;2026-03-23 15:00:09;5.23.1;Caixa
263559ab7af105adf724529c85b8fd90;sempre muito rapido e tem tudo que precisamos;5;2026-03-23 14:57:37;5.23.1;Caixa
8a5d423087835b1b20a72ecbfb681886;Demora de abrir TENHO CONTA CORRENTE E SALÁRIO NA CXA ECONOMICA EM SALVADOR AGÊNCIA PERIPERI JERENTE SR JANIO .MAIS ELE NUNCA ME MOSTROU ESSAS VANTAGENS DAI RESOLVI AINDA ESTE MÊS SAIR DESSE HORRÍVEL BANCO CXA ECONOMICA E DESSE JERENTE QUE NÃO AJUDA O CLIENTE SOU UM BOM CORRENTISTA MAS NÃO SOU RECONHECIDO PELO BANCO TÃO POUCO PELO MEU GERENTE;1;2026-03-23 14:55:23;5.23.1;Caixa
b48838ac16b4deed4db668441c00250b;ótimo;5;2026-03-23 14:40:48;N/A;Caixa
b48458a8796efaf103cc5e8fce196e5b;Tudo prático e fácil;5;2026-03-23 14:37:37;5.23.1;Caixa
bf14763e385d031d6ff8426d7420e742;Tá bom por enquanto.;5;2026-03-23 14:36:19;5.23.1;Caixa
28f054ea7b9d0e1aa24aca2609f1bd05;muito bom 😍;5;2026-03-23 14:32:29;5.23.1;Caixa
cd0f05f57db77961da64641b99e72792;pensionista;5;2026-03-23 14:29:43;5.23.1;Caixa
6ce46befdf013cce5a7b61d9b90e6506;ótima. Rápido. Prático e fácil;5;2026-03-23 14:26:52;N/A;Caixa
c3fcf9cc3a1ff737a6254056be5d2cb5;muito burocrático. sempre complicando a vida dos usuários. corrijam esses bugs🙄 péssimo do nada o app bloqueou minha senha.;1;2026-03-23 14:26:41;5.23.1;Caixa
a6b36023f34025c2d315101649cd9b02;Esse app tá um lixo, já refiz o cadastro 3 vezes,pq não sei o motivo q meu cadastro sumiu e nada de conseguir entrar, e eu com contas pra pagar e nao consigo, melhorem;1;2026-03-23 14:23:21;5.23.1;Caixa
7685f9043d9574a1fceb5ef091346bf0;ótimo;5;2026-03-23 14:23:11;5.23.1;Caixa
937a7623d7d4d3a8e83144bc70ad7ccc;chat não tem nossa opção e fica repetitivo;2;2026-03-23 14:21:11;5.23.1;Caixa
f9895f5b22a0aa990ed30757120b5459;muito bom o apricativo eu to m satisfeito;5;2026-03-23 14:13:01;5.22.1;Caixa
e8de2fb4f49867c41265b7797a6905c9;Ótima;5;2026-03-23 14:12:57;5.23.1;Caixa
14771d1c3cec046c47e10ee03db27bd1;ótima;5;2026-03-23 14:11:53;5.23.1;Caixa
4d7820734218254f46fea906527887ed;ótimo 👍;5;2026-03-23 14:11:05;5.23.1;Caixa
94e2905656b67cfbfd074574e0029d14;sistema de fácil acesso e movimentaçãão para pessoa cega.;5;2026-03-23 14:04:19;5.23.1;Caixa
d0d7b01bddddff7ca2ae7dac2e50a199;Pior app de banco que existe. Nada é intuitivo ou rápido, sempre necessário dar vários cliques para acessar qualquer coisa, quando entro pelo suporte via ligação o atendente parece estar com o microfone dentro da boca e não dá para entender nada, findam desligando porque relato não entender direito o que estão falando. É o tipo de aplicativo que só se usa porque é o jeito.;1;2026-03-23 13:58:44;5.23.1;Caixa
a336eed3b1baf9aef7653dd814183c54;otimo;5;2026-03-23 13:41:49;5.21.0;Caixa
797635fe58f4df739af7db0189ea7de2;travou;1;2026-03-23 13:37:09;5.23.1;Caixa
a250722c16241b7da34378091e2b7dbb;hj a gente faz tudo por meio da internet.na caixa complicam tudo .estou parando de trabalhar com a caixa;2;2026-03-23 13:28:27;3.9.2;Caixa
51d9d6e6d66c5230f4ac8ea8ed8a413d;bom demais;5;2026-03-23 13:25:11;5.23.1;Caixa
428d252eb5e9573b070c26e207002e03;muito bom.;5;2026-03-23 13:16:53;5.23.1;Caixa
4c344443711a24709050bc94ed509512;Muito boa a atualização;5;2026-03-23 13:12:25;5.23.1;Caixa
717c1d4dbe08b55a7ef3029ea6b390aa;Excelente aplicativo;5;2026-03-23 13:08:36;5.23.1;Caixa
1414b76887da27f018b164ec3f80220e;obrigado ao desenvolvedor por responder minha questão. vou fazer o que me recomendou.;5;2026-03-23 12:50:02;5.23.1;Caixa
545522684198fb752349baef1d4c6bc0;ajudante geral;5;2026-03-23 12:42:41;5.23.1;Caixa
f6a6f9c3686f7dcc4a1e9727f7c01a8d;aprovei não parou de fazer transferência e Pix e muita burocracia a minha nota e 0;1;2026-03-23 12:41:45;N/A;Caixa
33b533c1692ae3141e72299e78e44e59;Estou com problemas para utilizar o app quando está no 4G. O aplicativo não acessa a conta. O aplicativo só funciona quando está no Wi-fi.;2;2026-03-23 12:38:01;5.23.1;Caixa
ca4f8ae580edfee52bf372ec71021f5f;ótimo;5;2026-03-23 12:37:42;5.23.1;Caixa
86c90fe8de67f3729efd8c7df8a3e459;bom demais;5;2026-03-23 12:33:31;5.23.1;Caixa
e561d9874ab5bb973b55a4e0139e11e9;senhor desenvolvedor resolve a situação desse aplicativo senha de transação bloqueada pedi para ir até o banco não tenho tempo mas fui inserir o cartão minha senha de saque tudo ok no caixa eletrônico mas para desbloquear a senha da internet bank não, quero conforto coloca reconhecimento facial para indicação do proprietário da conta ok vou desinstalar estava tudo certo depois ficou assim eu entro mas não consigo fazer Pix ou investir porque a senha de transação 6 dígitos está bloqueado;1;2026-03-23 12:26:31;5.23.1;Caixa
99ba15584586713f5d925b76b2c991b6;ótimo;5;2026-03-23 12:24:33;5.23.1;Caixa
2b0d6812e784f0daadf6b18a4a255cab;loteria da da da caixa caixa;5;2026-03-23 12:23:38;N/A;Caixa
4a8fe0d3dc27227604445ef2e0ae056f;horrível;1;2026-03-23 12:22:15;N/A;Caixa
cfe0a4aff8f4917836f2aa92667e4b0a;Dei 1 estrela porque não tem como dar zero! A experiência digital da Caixa é horrível! Não consigo fazer o básico que é acessar o app, senha não dá certo, recuperação não dá certo, criação de novo usuário não dá certo, mensagem de sucesso no whatsapp só Deus na causa. Isso e várias outras coisas. E não sou um usuário comum, 18 anos trabalhando com tecnologia, formação em Sistemas, programador, fazendo força aqui e não consigo! Imagina quem precisa ou tem conhecimento básico. Agora é pegar fila.;1;2026-03-23 12:20:36;5.23.1;Caixa
1e87d0a552a283c5caa3a52e55e573c2;muito boa;5;2026-03-23 12:07:09;5.23.1;Caixa
6ca0dc84f5ef9302e7a47c4303802252;excelente muito bom;5;2026-03-23 12:00:14;N/A;Caixa
d1843e18ff5d84a63d66df0ff76abf3c;Ótima;5;2026-03-23 11:57:09;5.23.1;Caixa
a8e98be656e604cc78ef456062be0a03;muito ruim só travando 👎👎👎;1;2026-03-23 11:56:54;5.23.1;Caixa
d411758b0a5e00e9bc787cd5b37987f0;sem informação kit;1;2026-03-23 11:56:15;4.2.0;Caixa
7927ec8982d5d6a5423532109413a6e7;ótimo;4;2026-03-23 11:50:13;5.23.1;Caixa
0e4f42f089cd64fc4d4e3d4694a4f852;eu o cartão até aí está tudo certo já o pix está sendo muito dificultoso para mim?;5;2026-03-23 11:49:10;N/A;Caixa
40c930006d3e61e379756e33fb34ede3;ja bloquei duas vezes meu cartão de crédito e ainda estou pagando anuidade;1;2026-03-23 11:43:52;5.23.1;Caixa
658ea0e4bef808926abb1e9324558d66;Bom 👍;5;2026-03-23 11:36:33;5.23.1;Caixa
08999a7bb2baa6c7d77e28ff4b563f5c;não tem capacidade de fazer um app de celular que preste kkkkkk;1;2026-03-23 11:35:23;N/A;Caixa
2533f8fb4730ebf8166b27b1b8dcd201;muito bom 👍;5;2026-03-23 11:31:56;5.23.1;Caixa
0b9b1c895e5e0de94e152c3411b16edd;não presta;1;2026-03-23 11:30:20;5.23.1;Caixa
d769f73d141a783dd36638bc0a438d47;ótimo;4;2026-03-23 11:27:25;5.23.1;Caixa
a27d7a571cf744b6596c2a9bddc9dd9a;app caixa muitoooooo lentooooo;1;2026-03-23 11:23:22;5.23.1;Caixa
c060df7a59671f7fa42f75dbda323e0e;ótimo atendimento consegui os resultados esperados,fico muito grato em me tornar cliente da caixa há tempo vinha pensando em qual banco ser cliente já que é a primeira experiência.;5;2026-03-23 11:22:30;5.23.1;Caixa
f617cc251f76b73af1e3e8b0a981c769;muito satisfeita;5;2026-03-23 11:16:45;5.22.1;Caixa
a36be7044a3c09e13ee3bfbb7aa8113f;ótima;5;2026-03-23 11:14:22;5.22.0;Caixa
05a9bc716cfe56e6a8c668f694a7f18e;Pelo amor de Deus, estou tentando criar o cadastro e simplesmente o app não sai da fase de verificação facial. Tentei mais de 30 vezes, e simplesmente resume a deu erro e tente novamente mais tarde. Burocratico demais, desisto;1;2026-03-23 11:13:54;5.23.1;Caixa
d936ab6a2b7d872ec154d1599591f377;legal;5;2026-03-23 11:12:57;5.23.1;Caixa
c4cf65de0ed989e577e760ff68bd3528;Ótimo.;5;2026-03-23 10:59:00;N/A;Caixa
c27646c1dee7fe17b92557fd38740b65;é um lixo. cada vez não reconhece a biometria, não consegue cadastrar novamente. só dá erro.;1;2026-03-23 10:50:46;5.23.1;Caixa
d12569422f791cd0fcf9b37ef3cdf6e0;otimo;5;2026-03-23 10:48:41;5.23.1;Caixa
dcfaa1252c4a1294bc0b8929314fe289;app muito bom;3;2026-03-23 10:45:28;5.23.1;Caixa
f0cf4e5b9fe3328ac0485535d4923371;APP travando e reiniciando sempre, favor verificar.;1;2026-03-23 10:37:59;5.23.1;Caixa
760aa20e2e5b5843762a2f92c9c80f8e;muito complicado;1;2026-03-23 10:32:32;5.23.1;Caixa
70392faa6f1a1a429a2540ceb625c693;Simplesmente não fuciona!;1;2026-03-23 10:32:17;5.23.1;Caixa
a44542625ac5b8b0f2e0568af007b355;quero atualizar os meu dados eu não tenho acesso a senha e meu cartão da bloqueado;1;2026-03-23 10:31:50;5.23.1;Caixa
3b2e032e954879ccc259aa8e6afda4d7;aplicativo pesado e trava muito;3;2026-03-23 09:54:42;5.23.1;Caixa
34eae2badffdfdb67d9174adc7757621;muito obrigado pela preocupação que vc e eficiente;5;2026-03-23 09:50:24;5.23.1;Caixa
16d709ef08be6fcfc7566c06722c46bd;muito bom, estamos bem à vontade e com muita facilidade com a caixa.;5;2026-03-23 09:50:22;5.23.1;Caixa
436e92e002a9c74b35e8f55d57138644;bom.;5;2026-03-23 09:43:14;5.23.1;Caixa
96e637a55891be8de72ac375e201a386;estou conhecendo ainda.;3;2026-03-23 09:38:12;5.23.1;Caixa
760cfaba8bfaadced4b39a7108de4d88;queria saber pq meu aplicativo sumiu da tela ?;2;2026-03-23 09:28:36;5.23.1;Caixa
3587be28e130e1947f923d4ff613f912;Excelente 👏🏻😁👏🏻😁👏🏻;5;2026-03-23 09:17:37;5.23.1;Caixa
8c4a6530f4f03aafb439ef301b793512;ótimo;5;2026-03-23 09:05:02;5.23.1;Caixa
cf226bfeed54fdb8dbc5b6890e870302;é muito bom;5;2026-03-23 08:52:09;5.23.1;Caixa
272cac682b6e045cff2c7eced20db187;ótimo 😁;5;2026-03-23 08:43:11;5.23.1;Caixa
c2f49b49f09718e22118e30a24f5d677;funciona 👍;5;2026-03-23 08:40:38;5.23.1;Caixa
822f11c2a1ab83c66393635e7cbbd234;trabalho excelente;5;2026-03-23 08:38:31;5.23.1;Caixa
45d8d4244f7f173f5b9098a5995b5c95;Bom atendimento.;5;2026-03-23 08:34:03;5.23.1;Caixa
b5678aabc9904ea98510bf44c7c537d2;falta melhorar para fazer pagamentos do parcelamento do penhor;5;2026-03-23 08:27:05;5.23.1;Caixa
618cc5767a0a9f82b695cdd33efeef6f;muito exelente;5;2026-03-23 08:15:04;5.23.1;Caixa
27e6c5c2a519dd80e24d65737ae7c478;muito prático;5;2026-03-23 08:14:13;5.23.1;Caixa
53c3fdc2b7a659db9dd1a7f245cf2a16;excelente;5;2026-03-23 08:12:51;5.23.1;Caixa
f7735a92548ceacea9b348e3a7843883;aplicativo lento;3;2026-03-23 07:51:34;5.23.1;Caixa
b9beb04be779724036a9a894f41062f8;legal;5;2026-03-23 07:47:26;5.22.0;Caixa
12d5d33eb408a3a27a2f06eacaaa224e;cada vez que quero abrir o aplicativo tenho wue colocar a senha duas vezes;2;2026-03-23 07:24:44;5.23.1;Caixa
6a7afc50d3f25e815cd968ceced7c64b;otimo;5;2026-03-23 06:21:35;5.23.1;Caixa
5f10ed521f5ee311175ec108609377fd;ótimo;5;2026-03-23 06:20:51;5.19.0;Caixa
7bbd09f486988aed9968428a155709ed;ok, rápido e preciso!;5;2026-03-23 03:10:48;N/A;Caixa
cd1f44f6967983012693225ebd5bb25c;app podre;1;2026-03-23 00:39:02;5.23.1;Caixa
ac498323ae2ca27f4fc645c269c3944b;Mostrar no saldo o valor dos. juros diária nos fundos de. movimentação automático igual o que ocorre no aplicativo do mercado pago;2;2026-03-23 00:14:17;5.23.1;Caixa
17019e011dc31c5083260004ebfdd20e;toda vez q estou simulado algum empréstimo ou algo do tipo,pede pra atualizar meus dados,e eles sempre estão atualizados, aí mesmo assim vou lá e atualizo tudo de novo, refaço de novo a simulação e consta a mesma coisa de q os dados precisam ser atualizados e não deixa eu prosseguir com nenhuma solicitação. sendo q todos os dados estão atualizados e tenho assinatura eletrônica pra fazer tal atualização.E o aplicativo também está atualizado em meu aparelho celular;2;2026-03-22 23:49:21;5.23.1;Caixa
82a36ebec51c41a137f8472ea72ed275;este app da caixa essencial, gostei muito bom.;5;2026-03-22 23:47:18;5.23.1;Caixa
1d7cc7368deeceeab4e531e8cdb6994a;ótimo;5;2026-03-22 23:43:59;5.23.1;Caixa
34d51672a7aa44e8d14875b7adf645da;gostei! atendimento;5;2026-03-22 22:49:11;5.23.1;Caixa
45a728e69fc7de873024a1f8c55e5278;ótimo 👍;5;2026-03-22 22:30:59;5.23.1;Caixa
e9b6542348333ecd6bc7ea2652f94d90;não consigo mais entra no meu aplicativo caixa;1;2026-03-22 22:27:37;5.23.1;Caixa
3ffd00c274256714f8160f7f2d3cdbab;continuem assim!e estão de parabéns muito bom!!!;5;2026-03-22 22:24:51;5.23.1;Caixa
4837156440b10a517e3be6a3352dfb67;ótimo;5;2026-03-22 22:19:41;5.23.1;Caixa
75d185161f47d72ccfd004f7b2adbf4f;ótima;5;2026-03-22 21:55:18;5.23.1;Caixa
9197561e2301b42b54c3f9b8c425e6e9;Que maravilha!! Tudo de bom!!;5;2026-03-22 21:09:50;5.23.1;Caixa
b04ee04c3ed1acfd550dd851a83d47cd;Já é a segunda vez em pouco tempo que vou ter que gastar tempo e dinheiro para ir no caixa eletrônico resolver problemas com esse app. Segunda vez que dá erro B-TZ-BLK-LGN, impedindo que eu entre. Infelizmente vou ter que seguir o conselho dos meus amigos e criar conta em outro banco porque Infelizmente esse app quanto mais atualiza fica mais bugado. obs: Meu app está atualizado.;2;2026-03-22 21:06:22;5.23.1;Caixa
e4aa3d4fd59378367e93ccb64156aaff;Caixa tem o máximo;5;2026-03-22 20:38:33;5.23.1;Caixa
2781e5744d7bd3ce1be7703a049967fc;tudo muito complicado, desde Pix a outros tipos de transações. o pior aplicativo de banco que uso.;1;2026-03-22 20:33:21;5.23.1;Caixa
f276a3cef2d20478c8d97c58f39d639b;otima;5;2026-03-22 20:30:45;5.23.1;Caixa
e4ada318244cadcb3cd929866c1892ee;ruim;1;2026-03-22 20:07:45;5.23.1;Caixa
c668a35bb20029a6cc88f32b3c1d32dd;bloquearam meu cartão podia ser resolvido via whatsapp pois não temos tempo de ir até a agência, a caixa é muito burocrático, Deus é mais;1;2026-03-22 20:07:12;5.23.1;Caixa
68105f3bb5cd96d771b11018856f988f;não aparece na minha tela ,e no Google play. ao consigo desinstalar;1;2026-03-22 19:52:26;5.23.1;Caixa
c8c12a19367024330ab51dae0542f69a;ótima;5;2026-03-22 19:51:40;5.23.1;Caixa
b59fbf67cb9e9ab9f1ad2f39b19626d8;muito boa;5;2026-03-22 19:25:39;5.21.1;Caixa
f2e6615ecc8f907f1968e3de621b8f01;ótima excelente tudo de bom caixa tratamento completo;5;2026-03-22 19:13:26;5.23.1;Caixa
7bda5981573194d8428d735e6400a480;estou satisfeita com o atendimento da empresa, tenho conta lá há mais de 7 anos;5;2026-03-22 19:12:34;5.23.1;Caixa
417fb5db0fdf97a586c961cbe7f291d0;muito bom;4;2026-03-22 19:06:12;5.23.1;Caixa
922ec4d6d4cb86028b8b375c5b07b65d;muito bom;5;2026-03-22 18:55:04;5.23.1;Caixa
0bbaac1afb2ec57593cda7b77353e32c;muito bom;5;2026-03-22 18:29:13;5.23.1;Caixa
da1e98ef17c43e38a697a47acff0d814;muito bom;4;2026-03-22 18:05:12;5.23.1;Caixa
4b7e489aa533474296e86d66d128fd35;eu me sinto muito bem a ser cliente da caixa;5;2026-03-22 17:59:43;N/A;Caixa
956cd195a758f9e69fd39a198340db8b;ótima;5;2026-03-22 17:55:09;4.9.0;Caixa
b88821cbbdc3518cd9a3fd66e73f293f;muito prático e eficiente bom de mas;5;2026-03-22 17:47:52;5.23.1;Caixa
927f3975bd7870c2661c0b388ea831dc;ótimo;5;2026-03-22 17:30:23;5.23.1;Caixa
71cc77da7c5b27dd63794ef49e34b322;muito bom . Nara a reclamar !!!;5;2026-03-22 17:07:46;5.23.1;Caixa
8cdb1d7cfe9e76106f20adfd261ef839;ótima;5;2026-03-22 16:35:46;5.23.1;Caixa
aa6f58777c2a28700c7c907a9dbbfb2c;ótima;5;2026-03-22 16:29:54;5.23.1;Caixa
487169ba4f496705ea5c852c553d15d8;não consegui tirar a foto para ter acesso aos rendimentos 2025 para IR. Faltou conexão!????;1;2026-03-22 16:23:51;5.23.1;Caixa
2abb35d96d907570523bcf909a885712;muito bom;5;2026-03-22 16:11:38;5.23.1;Caixa
a7dbefc9018704ea78cb8c97a8625c2f;ótimo;5;2026-03-22 16:11:06;5.23.1;Caixa
f3dfb53f461b0dec63792745f687ce2d;boa tarde não estou conseguindo entrar no meu aplicativo do caixa tem o que eu faço;1;2026-03-22 16:09:23;5.23.1;Caixa
54a4bf15afe0506b108f3da6873dfd1c;Otimo;5;2026-03-22 16:07:49;5.23.1;Caixa
33bb7617294155d0adecdb1e9d9e9426;muy bueno!me gusta mucho de lo app!;5;2026-03-22 16:02:33;5.22.1;Caixa
9ad4560b2d2ae264b4ae0e400b5efe1a;muito útil;5;2026-03-22 16:01:35;5.23.1;Caixa
8ce8c23d4e36498099dcdd271fe5d454;bom de usar;5;2026-03-22 15:59:26;5.23.1;Caixa
44042a909b0dd738f39a313013c71fcd;pode melhorar!;2;2026-03-22 15:54:37;5.23.1;Caixa
b190a45ee980df7b9ce5d659957f4083;gostei muito bom;5;2026-03-22 15:33:18;5.23.1;Caixa
a0d0ebca89c8dd954c346f6a78377a4c;preciso receber Pix do FGTS 1500;5;2026-03-22 15:18:39;N/A;Caixa
897da7c0a08069d3eb359f638d169bc6;Aparentemente, entre ontem e hoje, muitas pessoas tiveram problema com a senha, tendo as transações bloqueadas, mesmo inserindo a senha corretamente. Agora, para desbloquear, é necessário ir até uma agência. Absurdo! Aplicativo mal feito, mal gerido.;1;2026-03-22 15:15:36;5.23.1;Caixa
db316365511cfba4457356aa07972f61;poupança;5;2026-03-22 14:51:12;5.23.1;Caixa
1b63b2a1d45b67905af36cc73b9b28bb;eu quero saber mas;5;2026-03-22 14:44:50;5.23.1;Caixa
ec42dc5cd8577f6ea7cab1a523549336;só preciso de uma chave pix tod vez que preciso tenho que ligar para saber meu saldo e também não tenho a chave pix para receber ou pagar;5;2026-03-22 14:39:15;5.23.1;Caixa
0aa3a26889c17330f6aa2fc66c276c31;boa. excelente;5;2026-03-22 14:33:48;5.23.1;Caixa
b58d554032be998e02a14a7be0a686bb;sou aposentada desde o ano de 2000 por invalidez me chamo Regina maria da silva batista quero saber se já tenho crédito na caixa econômica de cruzeiro ¿;5;2026-03-22 14:16:25;5.23.1;Caixa
8f0eb3ba6470f55c47324f125b9daa24;gostei muito foi rápido pra cria ah conta só na parte da foto que tava demorando um pouco mais deu serto .;5;2026-03-22 13:50:56;5.23.1;Caixa
ce469e2a7f197ab2fa011c835e6db61f;exelente;5;2026-03-22 13:43:36;5.22.1;Caixa
76812b9f7d0ad2e53d72b12094d81c5d;Em minha opinião, pior app de banco q existe. Não é prático, tudo q vai fazer tem q ir a agência p autorizar no caixa eletrônico, p q existe biometria e reconhecimento facial?;1;2026-03-22 13:08:46;5.23.1;Caixa
d3d3408b0972ba26e93daf623e22d2e3;Horrível;5;2026-03-22 12:48:55;5.23.1;Caixa
e4c92bd90610ad131d4831dc0e49b9ce;dificuldade P acessar meus interesses;3;2026-03-22 12:47:16;5.23.1;Caixa
deff6170f961e710254abcd4cd34c2a0;muito pratico;5;2026-03-22 12:47:15;5.23.1;Caixa
b76fbfd8ba015f11aaef8c45f17f9568;pesma tô tentado entra perde foto e nada abli camara;1;2026-03-22 12:37:49;5.23.1;Caixa
abdad16829e66326ed9c5a431c9ba845;muito boa;5;2026-03-22 12:28:09;5.23.1;Caixa
a9767173f689f24ffcc8c95bd9d8b716;Aplicativo péssimo, não consigo fazer nada, essa nova versão só funciona a tela inicial, agora nem dá pra ver o saldo. Diz saldo indisponível. Se tento atualizar cadastro ou ver extrato, fica recarregando e retorna no início. Não tem funcionalidade nas outras abas.;1;2026-03-22 12:18:22;5.23.1;Caixa
01585124eb2e03dd8a59fd412a298c38;muito bom;5;2026-03-22 11:51:21;5.23.1;Caixa
9b011fc4f6e00408d79a331728f619f6;nota.10;5;2026-03-22 11:40:29;5.23.1;Caixa
9b386f8ffd6a81489d59d7cb44822bfe;Até que enfim consegui abrir a conta pelo celular. Muito bom o app e suas funcionalidades 😃;5;2026-03-22 11:39:03;5.23.1;Caixa
487b5845e0e2f9b7e6ca77c4044ea6a8;ótimo;5;2026-03-22 11:37:41;5.23.1;Caixa
828a685a44fd757938517c3de67e4b7f;recomendo;5;2026-03-22 11:30:15;5.23.1;Caixa
0240a1aa4e99819b13d4c184f1cec355;App Ótimo;5;2026-03-22 11:27:39;5.23.1;Caixa
691b659b2e7b8acd75ceb229478a4769;excelente;5;2026-03-22 11:21:28;5.23.1;Caixa
c8725f120105b6f19c261fb78de3d845;Ainda estou para conhecer um aplicativo pior do que o da caixa econômica. É raro das vezes que funciona normal.;1;2026-03-22 11:07:55;5.23.1;Caixa
f3ad0947f91a834105b8e2e1b315711a;está aparecendo um erro no modo segurança e não consigo baixar.;1;2026-03-22 11:04:50;5.23.1;Caixa
3f0bf526c3acd229df37fe1e4c16e996;Bom !;5;2026-03-22 11:03:52;5.23.1;Caixa
8d34cd6017841f9dc1f4870b9cb32218;Bugado, toda vez que muita gente loga fala que o celular não atende a segurança necessária , simplesmente nunca mais entrou , sendo que entrava normalmente, meu celular não tem nada de apk fora da Playstore, arrumem por favor;3;2026-03-22 10:58:58;5.23.1;Caixa
5926f05f57dda7126201b523d3a25b60;Horrivel. Não se consegue cadastrar, fala que o dispositivo é inseguro. Fica pedindo para se dirigir à agência. Se fosse para se dirigir à agência, por que instalar o aplicativo? Hipocrisia instalar aplicativo e ter que resolver o problema na agência. Caixa está parada no tempo, por isso estão dando tantos golpes em benefícios.;1;2026-03-22 10:49:15;5.23.1;Caixa
bb42e7532d746ef74ed6143a543d958d;muito boa;5;2026-03-22 10:47:17;5.23.1;Caixa
50d4345cf4255d520dd8d454afc2c963;perfeito;5;2026-03-22 10:45:06;N/A;Caixa
172d4e77348e659336751784cdcb3cc2;Melhorar mais;5;2026-03-22 10:19:07;5.23.1;Caixa
11afb163211a6f0c9dba9877f4c9345e;caixa é eficiente.;4;2026-03-22 10:15:02;5.23.1;Caixa
b88224bfe3936ee895e2bc7691e7834f;pessima.;1;2026-03-22 10:00:50;5.23.1;Caixa
9d9a71246588c05e9ee2ed6b1292ffe8;muito bom;5;2026-03-22 09:47:12;5.23.1;Caixa
c081adac4297514e8fdb9292b4ec3683;muito bom;5;2026-03-22 09:37:53;5.23.1;Caixa
4c2ea8b18ffa96ad849d631140d1b218;simplesmente não consigo criar minha conta, pois o app não carrega e da erro a todo momento, por favor arrumem isso.;1;2026-03-22 09:37:44;5.23.1;Caixa
826094fb8a9fcf145d74c2704bec53df;ótimo app;5;2026-03-22 09:35:38;5.23.1;Caixa
68063f800a9e23c43293d2b0e9076785;Atende muito bem.;4;2026-03-22 09:14:10;5.23.1;Caixa
4caca19a888d252860f4d3a932e231a4;bem funcional, fácil de usar;5;2026-03-22 09:12:20;5.23.1;Caixa
bd0f87b07bacf0c46bbb2d3ea07c1a52;preciso de um cartão novo;5;2026-03-22 09:05:28;5.23.1;Caixa
11ce8bb1e2545af664dea410314be535;Bom serviço.;4;2026-03-22 08:54:50;5.23.1;Caixa
0ee0b095a9d668a0cff78c9feebfde49;muito ruim trava não finaliza o serviço o app fica carregando carregando e não vai;1;2026-03-22 08:52:48;N/A;Caixa
