reviewId;content;score;negative;positive;neutral;PIX;Login/Autenticação;Performance;Interface/Usabilidade;Empréstimos/Crédito;Pagamentos/Boletos;Saldo/Extrato;Atendimento;Cadastro/Conta;Investimentos;Segurança;Notificações;Questões geográficas;Placas/Veículos;Tarifas/Cobranças;Outros
a5443542-0724-4fce-ab6c-e29b378323d1;Exatamente;5;0;0;1;0;0;0;0;0;0;0;0;0;0;0;0;0;0;0;0
d9eee916-e0c7-4c0e-a5fd-977b6839fa71;ótimo ☺️;4;0;1;0;0;0;0;0;0;0;0;0;0;0;0;0;0;0;0;0
6bcc0625-f17d-4c1a-a437-86cd4e07073a;ótima;5;0;1;0;0;0;0;0;0;0;0;0;0;0;0;0;0;0;0;0
a3d313af-6be3-4e79-b787-04cecedb7b1e;muito eficiente;5;0;1;0;0;0;1;0;0;0;0;0;0;0;0;0;0;0;0;0
853da04c-9d53-4e02-a320-554cb7d69331;ótimo;5;0;1;0;0;0;0;0;0;0;0;0;0;0;0;0;0;0;0;0
5f71840b-0495-4530-a9b1-01a7ff60dd0b;Muito bom;4;0;1;0;0;0;0;0;0;0;0;0;0;0;0;0;0;0;0;0
dcd18203-c8e5-4ef8-9095-d0da0b8946f5;bom;5;0;1;0;0;0;0;0;0;0;0;0;0;0;0;0;0;0;0;0
0d6fa195-19f8-40de-9959-651416ea8536;ótimo;5;0;1;0;0;0;0;0;0;0;0;0;0;0;0;0;0;0;0;0
c467030a-1a0f-4c27-b38e-324fd7c7d764;bem dinâmica as operações através do aplicativo.;5;0;1;0;0;0;0;1;0;0;0;0;0;0;0;0;0;0;0;0
b46e0508-4ce6-4463-abc9-b436c0a1816e;gostei muito do atendimento e na resolução do meu problema;5;0;1;0;0;0;0;0;0;0;0;1;0;0;0;0;0;0;0;0
1dfd342c-1371-41ed-a1ce-2fbc6f330a52;ótimo;5;0;1;0;0;0;0;0;0;0;0;0;0;0;0;0;0;0;0;0
13c38982-6974-4fc9-a33d-aaf74ed8d665;bom;5;0;1;0;0;0;0;0;0;0;0;0;0;0;0;0;0;0;0;0
45f2e050-d587-4283-8274-0cfaa3996184;Não estou gostando desse aplicativo do banco tá travando demora pra abrir tava bom agora tá muito ruim vou cancelar minha conta só passou raiva não abre;1;1;0;0;0;0;1;0;0;0;0;0;0;0;0;0;0;0;0;0
57c5386c-6fbb-4191-a340-434adfa38206;ótimo;5;0;1;0;0;0;0;0;0;0;0;0;0;0;0;0;0;0;0;0
ae746ca8-ffa2-430d-ae24-eacc8f51d2e7;Nenhuma;4;0;0;1;0;0;0;0;0;0;0;0;0;0;0;0;0;0;0;0
f17a576d-776a-46c0-8f88-945adf83cbf6;banco Santander ótimo de usar;5;0;1;0;0;0;0;0;0;0;0;0;0;0;0;0;0;0;0;0
66255d19-021b-47ca-b05f-e8d197a68cc9;excelente 👏;5;0;1;0;0;0;0;0;0;0;0;0;0;0;0;0;0;0;0;0
4d87baff-44a6-40d6-a0e4-74d6958e4687;achei o app muito bom de usar mas quero cartão com limite q eu não tenho;5;0;1;0;0;0;0;0;1;0;0;0;0;0;0;0;0;0;0;0
12c0c055-16bd-43d5-b7af-1a914db0cfdd;ótimo.;5;0;1;0;0;0;0;0;0;0;0;0;0;0;0;0;0;0;0;0
9a4b6263-1e75-43ce-812d-e3023165547f;fácil de usar e prático;5;0;1;0;0;0;0;1;0;0;0;0;0;0;0;0;0;0;0;0
5d030c10-4e0c-4c2f-bb5f-2b6181036703;ótimo banco bom limite de crédito e aplicativo fácil de mexer;5;0;1;0;0;0;0;1;1;0;0;0;0;0;0;0;0;0;0;0
f1e0a4e3-be34-4d72-9b0f-adc4d8349925;muito bom;5;0;1;0;0;0;0;0;0;0;0;0;0;0;0;0;0;0;0;0
8457c953-8fd1-4cde-a88a-34fbac5e1297;tudo ok 👍;5;0;1;0;0;0;0;0;0;0;0;0;0;0;0;0;0;0;0;0
f90b86a9-d73d-46cd-92c8-1d49a5153d40;muito bom;4;0;1;0;0;0;0;0;0;0;0;0;0;0;0;0;0;0;0;0
aed2c206-b88d-43ee-b9d8-e177fccde1e8;Por muitas vezes trava. Como nesse momento. Tenho que fazer pagamento e.nào.consigo.;4;1;0;0;0;0;1;0;0;1;0;0;0;0;0;0;0;0;0;0
3b895904-0820-4949-9696-68826b246762;bom demais;5;0;1;0;0;0;0;0;0;0;0;0;0;0;0;0;0;0;0;0
c24d1e90-a7f4-49d6-9040-7a4107741abb;legal;3;0;1;0;0;0;0;0;0;0;0;0;0;0;0;0;0;0;0;0
db6bd503-2ebd-4555-893f-52cc5fb731cc;ok;5;0;0;1;0;0;0;0;0;0;0;0;0;0;0;0;0;0;0;0
8ca78827-5a2d-4cf2-a363-2831302d36f4;Bom;4;0;1;0;0;0;0;0;0;0;0;0;0;0;0;0;0;0;0;0
f9f769bb-b38a-4f7e-9e43-e4bc5c9c5862;ótimo app;5;0;1;0;0;0;0;1;0;0;0;0;0;0;0;0;0;0;0;0
2290dc5b-c315-4b60-95dc-7001c2b1f589;ótimo banco;5;0;1;0;0;0;0;0;0;0;0;0;0;0;0;0;0;0;0;0
3173d017-186a-470c-b8a9-6c394a56cfc5;excelente banco ainda não me deu problemas!;5;0;1;0;0;0;0;0;0;0;0;0;0;0;0;0;0;0;0;0
54b91bec-17b7-4234-a698-1bef883880f5;bom de mais;5;0;1;0;0;0;0;0;0;0;0;0;0;0;0;0;0;0;0;0
1d9ae338-909a-4ef6-985e-d5545ab0fa10;ótimo;5;0;1;0;0;0;0;0;0;0;0;0;0;0;0;0;0;0;0;0
fbb0c7f7-d10e-4e7f-9552-9b1024afd7b4;muito bom;4;0;1;0;0;0;0;0;0;0;0;0;0;0;0;0;0;0;0;0
079462ab-2a80-405b-b3fb-edb3c0b720a3;excelente;5;0;1;0;0;0;0;0;0;0;0;0;0;0;0;0;0;0;0;0
8599b3d1-621c-484d-bcc9-df2880b3d09c;muito bom;5;0;1;0;0;0;0;0;0;0;0;0;0;0;0;0;0;0;0;0
f38657ca-7b60-4830-b15c-50e97dd9f862;app muito bom e intuitivo!;5;0;1;0;0;0;0;1;0;0;0;0;0;0;0;0;0;0;0;0
ded5a743-9008-483f-8fd5-a7a60c08712d;eu queria ter um cartão de crédito;5;0;0;1;0;0;0;0;1;0;0;0;0;0;0;0;0;0;0;0
53937fd9-fe18-478f-97e8-18011171877d;atendimento colaborador;5;0;0;1;0;0;0;0;0;0;0;1;0;0;0;0;0;0;0;0
90995256-5a41-4014-937e-6edf99b0cf1b;bom.;4;0;1;0;0;0;0;0;0;0;0;0;0;0;0;0;0;0;0;0
2db4b4dd-ee9f-49f0-86b9-7ed887ee98ed;muito bom;5;0;1;0;0;0;0;0;0;0;0;0;0;0;0;0;0;0;0;0
e948edf8-d20b-4519-a708-682251352bf4;excelente atendimento e responsabilidade.;5;0;1;0;0;0;0;0;0;0;0;1;0;0;0;0;0;0;0;0
0aefb3ed-3c60-4f4f-bb81-2ac666a0d11e;Péssimo! Os boletos DDA não são excluídos após o pagamento mensal. Por conta disso fiz um pagamento em duplicidade.;2;1;0;0;0;0;0;0;0;1;0;0;0;0;0;0;0;0;0;0
d1f54b5f-add6-4903-ba9f-4d1e8bbd0ee6;boa;4;0;1;0;0;0;0;0;0;0;0;0;0;0;0;0;0;0;0;0
ae9f4ca9-035c-4b74-917c-b7fe8e592371;boa;5;0;1;0;0;0;0;0;0;0;0;0;0;0;0;0;0;0;0;0
83445841-3a3f-4faf-9e6b-5e9dda66e0e2;boa;4;0;1;0;0;0;0;0;0;0;0;0;0;0;0;0;0;0;0;0
12b95257-9b96-4b27-b751-78bf79e7cec9;ótimo;5;0;1;0;0;0;0;0;0;0;0;0;0;0;0;0;0;0;0;0
45e4a162-a315-4b46-aa3d-5e7352c950cf;muito bom 👍;5;0;1;0;0;0;0;0;0;0;0;0;0;0;0;0;0;0;0;0
efe2d0f7-d23f-4e53-805b-4499624c6fd8;parece bom;5;0;1;0;0;0;0;0;0;0;0;0;0;0;0;0;0;0;0;0
c9767313-5623-48e6-b8f9-0cf2fccefa4b;Bota a opção de persona as cores o tema do app. Ou deixa todo vermelho. Está feito. Como vou compartilhar meu Pix não tem a opção. Deixa o app melhor pelo amor de Deus;2;1;0;0;1;0;0;1;0;0;0;0;0;0;0;0;0;0;0;0
a7ca086e-e3fc-40ba-a2cb-b21935310d44;maravilhoso;4;0;1;0;0;0;0;0;0;0;0;0;0;0;0;0;0;0;0;0
1d2b7e24-0ea6-4343-9767-eb4f93ca0843;excelente;5;0;1;0;0;0;0;0;0;0;0;0;0;0;0;0;0;0;0;0
bab8dba0-83e3-499c-9ca2-5828a16844de;prática fácil de mexer;5;0;1;0;0;0;0;1;0;0;0;0;0;0;0;0;0;0;0;0
2b6c23a7-1354-422a-8114-242618126d19;otima;5;0;1;0;0;0;0;0;0;0;0;0;0;0;0;0;0;0;0;0
ae08430e-98cc-4891-8068-28b5cb00b672;app adoroo e os atendentes do banco sao maravilhosos;5;0;1;0;0;0;0;0;0;0;0;1;0;0;0;0;0;0;0;0
d3f95c53-c841-4930-8c98-491b1350bb7c;ótimo app;5;0;1;0;0;0;0;1;0;0;0;0;0;0;0;0;0;0;0;0
b5d7fbe3-ed01-4660-a0da-bc67da43743a;o branco para cobrar imposto;3;1;0;0;0;0;0;0;0;0;0;0;0;0;0;0;0;0;1;0
e572396f-4c17-42e5-9af7-60fcd2a2908e;amo os funcionários desse banco;5;0;1;0;0;0;0;0;0;0;0;1;0;0;0;0;0;0;0;0
a1af95aa-fa7c-4205-ba10-5208b681c16a;Ótimo;5;0;1;0;0;0;0;0;0;0;0;0;0;0;0;0;0;0;0;0
bfbd734a-0d9b-4bf1-8c2b-ee675e59a18c;Bom app;4;0;1;0;0;0;0;1;0;0;0;0;0;0;0;0;0;0;0;0
e4f3de74-136d-4398-abbb-22e5d8f0e7a6;muito bom;5;0;1;0;0;0;0;0;0;0;0;0;0;0;0;0;0;0;0;0
4910fc95-72f4-4ce8-b6ce-2c9deb768f5d;Todas as vezes q preciso entrar no meu banco tenho q reiniciar o aparelho. Não sei o porque disso pois antes não era assim. Será do próprio aparelho ou do aplicativo ?;2;1;0;0;0;1;1;0;0;0;0;0;0;0;0;0;0;0;0;1
87f800ff-13c4-4252-baca-97f0cf69314f;O aplicativo não está funcionando só fica dizendo que a senha expirou e o aplicativo nem abre.;1;1;0;0;0;1;1;0;0;0;0;0;0;0;0;0;0;0;0;0
62f6be3d-9239-44ce-b231-165774e812a0;excelente;5;0;1;0;0;0;0;0;0;0;0;0;0;0;0;0;0;0;0;0
f163c7fb-977c-4b32-8720-c349f2c3c566;Não fecha. Que saco;2;1;0;0;0;1;1;0;0;0;0;0;0;0;0;0;0;0;0;0
2c698800-bc57-468b-9716-9e8fa8b98427;top;5;0;1;0;0;0;0;0;0;0;0;0;0;0;0;0;0;0;0;0
bffa989b-a9e1-47eb-8e3e-873580318783;por q o APP tá horrível de abri;1;1;0;0;0;0;1;0;0;0;0;0;0;0;0;0;0;0;0;0
54f05d25-1abb-4e78-a70a-cb8041a690a2;Olá Pessoal uns dos melhores Banco do🇧🇷👑🥰🌎💲🍓🤝;4;0;1;0;0;0;0;0;0;0;0;0;0;0;0;0;0;0;0;0
3e20a934-f93d-4eb9-aada-c8e75c6d16a9;muito bom;4;0;1;0;0;0;0;0;0;0;0;0;0;0;0;0;0;0;0;0
f6416ceb-83a2-4f2e-b801-fe98aa0f8927;E bom;5;0;1;0;0;0;0;0;0;0;0;0;0;0;0;0;0;0;0;0
4abb6b08-bb05-436e-9c6b-088674672d3e;Excelente!;5;0;1;0;0;0;0;0;0;0;0;0;0;0;0;0;0;0;0;0
5b272989-74e2-4d98-b1b4-d1358114c666;praticidade;5;0;1;0;0;0;0;1;0;0;0;0;0;0;0;0;0;0;0;0
a58b2c1a-7032-4145-bb78-06da50624519;ótimo aplicativo;3;0;1;0;0;0;0;1;0;0;0;0;0;0;0;0;0;0;0;0
32d83e4b-173e-40e4-b685-239abba40c31;ótimo;5;0;1;0;0;0;0;0;0;0;0;0;0;0;0;0;0;0;0;0
46710b67-669e-42ef-bd15-a1f1911155eb;👍;5;0;0;1;0;0;0;0;0;0;0;0;0;0;0;0;0;0;0;0
1b90a994-30cc-426a-8b34-3389bd8b9b22;muito bom;5;0;1;0;0;0;0;0;0;0;0;0;0;0;0;0;0;0;0;0
bc2ca90b-4a21-4923-85eb-ec61f752d3f3;otimo;5;0;1;0;0;0;0;0;0;0;0;0;0;0;0;0;0;0;0;0
f8d070cb-fa93-4ada-a0c1-32fb30cfe195;ótimo é sensacional;5;0;1;0;0;0;0;0;0;0;0;0;0;0;0;0;0;0;0;0
b9551a2a-889c-4b70-adfb-b4ffe316ef4f;top;5;0;1;0;0;0;0;0;0;0;0;0;0;0;0;0;0;0;0;0
74823847-c2b1-435b-8075-c14448a03e7a;gosto muito desse banco mas não tava conseguindo fazer a senha mas consegui;5;0;1;0;0;1;0;0;0;0;0;0;0;0;0;0;0;0;0;0
306aa5ce-ca89-464f-9547-902500f6b9bd;excelente banco;5;0;1;0;0;0;0;0;0;0;0;0;0;0;0;0;0;0;0;0
7bc1aab0-f363-4ac7-bffa-5f4dab85a3c7;bom;5;0;1;0;0;0;0;0;0;0;0;0;0;0;0;0;0;0;0;0
5be2f689-03ee-47bb-8837-97b6f5c340c9;péssimo;1;1;0;0;0;0;0;0;0;0;0;0;0;0;0;0;0;0;0;0
553fcb0e-ee07-4b4f-9e18-d164a5f28d88;banco horrível tenho é ódio;1;1;0;0;0;0;0;0;0;0;0;0;0;0;0;0;0;0;0;0
ae07a29b-8a55-41de-a95e-4210239ac846;Não consigo entrar na minha conta;1;1;0;0;0;1;0;1;0;0;0;0;0;0;0;0;0;0;0;0
7cbffcfa-2d7f-435c-9b25-de86eb04afe4;Ótimo;5;0;1;0;0;0;0;0;0;0;0;0;0;0;0;0;0;0;0;0
1e488c98-a299-4cdb-acd9-441c24952956;Ultimamente tá pior que os bancos digitais vive indisponível;1;1;0;0;0;0;1;0;0;0;0;0;0;0;0;0;0;0;0;0
fa8ec45d-b398-4fbb-b02b-ea0c0fa6fa66;Não estou conseguindo acessar a minha conta está horrível;3;1;0;0;0;1;0;0;0;0;0;0;0;0;0;0;0;0;0;0
c6913270-48bd-4488-8598-80fd38e6f5f6;Ruim demais;1;1;0;0;0;0;0;0;0;0;0;0;0;0;0;0;0;0;0;0
de470be2-4757-4098-8165-7fcc5250315a;Aplicativo muito ruim.;1;1;0;0;0;0;0;0;0;0;0;0;0;0;0;0;0;0;0;0
1ca69b3b-d510-49b5-97cf-9c215317658f;Péssimo! Pior app de banco.;1;1;0;0;0;0;0;0;0;0;0;0;0;0;0;0;0;0;0;0
091dc8cb-f5ed-4657-8d10-f90d22631328;De uns dias pra cá o App simplesmente não funciona...fica dando erro dizendo q está sendo solucionado em breve;1;1;0;0;0;0;1;0;0;0;0;0;0;0;0;0;0;0;0;0
72a2b223-67a0-4731-b8c6-fd4d37e05e46;Aplicativo toda hora não permite acesso;1;1;0;0;0;1;1;0;0;0;0;0;0;0;0;0;0;0;0;0
8ef71315-49ba-441d-94f0-903542258948;Tá horrível;1;1;0;0;0;0;0;0;0;0;0;0;0;0;0;0;0;0;0;0
c9bfabc3-66cd-4f02-9449-f38ba806d156;O aplicativo da Santander poderia ter uma opção de excluir os contatos que estão salvos pelo Pix;5;0;1;0;1;0;0;1;0;0;0;0;0;0;0;0;0;0;0;0
b0758e68-6e52-4890-9918-f85ba6171f4e;Quase sempre o App fica fora do ar.;1;1;0;0;0;0;1;0;0;0;0;0;0;0;0;0;0;0;0;0
4176172d-11a0-48c0-bfea-d0d5d3859a41;atende minhas necessidades;5;0;1;0;0;0;0;0;0;0;0;0;0;0;0;0;0;0;0;0
93aba473-6e3b-4a19-aa37-97c0ff448b14;travando direto;3;1;0;0;0;0;1;0;0;0;0;0;0;0;0;0;0;0;0;0
898d81d9-7e0b-4316-9289-94ae862483c5;ótimo app recomendo;5;0;1;0;0;0;0;1;0;0;0;0;0;0;0;0;0;0;0;0
0745edad-cdb7-469d-8be1-ccd7b8f19814;E muito bom mas preciso de mais Crédito;5;1;0;0;0;0;0;0;1;0;0;0;0;0;0;0;0;0;0;0
6f794c75-1cff-4921-a23d-77cd9326dec3;🫤 meh;1;1;0;0;0;0;0;0;0;0;0;0;0;0;0;0;0;0;0;0
afee383c-db05-4eb2-90ae-6e6e5f6df92f;Ruim;2;1;0;0;0;0;0;0;0;0;0;0;0;0;0;0;0;0;0;0
110aa1d6-23e7-4b65-9688-8de2c6a5a7e3;O melhor Banco. Seria bom deixar personalizar o aplicativo as cores o temas etc pôr favor😔. Atualizar uma versão melhor do app atualizar o App para confirmar as transferências confirma pôr biometria ou senha. Alterar nome etc😢;4;1;0;0;0;0;0;1;0;0;0;0;0;0;1;0;0;0;0;0
dcd6f90f-29e3-4613-8606-dfec78127900;nota 10 simples e segura;5;0;1;0;0;0;0;1;0;0;0;0;0;0;1;0;0;0;0;0
2c33824d-e85d-4868-a16b-a713c0a19f2b;ótimo;5;0;1;0;0;0;0;0;0;0;0;0;0;0;0;0;0;0;0;0
771dfda6-9f88-43c2-8cc8-48280fb19e41;Está horrível.. agora pra entrar no app estou tendo que reiniciar o Cel todo hora.. pq não abre se não fizer isso.;2;1;0;0;0;0;1;0;0;0;0;0;0;0;0;0;0;0;0;1
53da6e8a-c98a-4ae9-82b2-6212fc9209f5;app fácil e está ajudando os clientes.;5;0;1;0;0;0;0;1;0;0;0;0;0;0;0;0;0;0;0;0
ca808879-c117-4dee-99c4-be8971e8c3bd;muito bom;5;0;1;0;0;0;0;0;0;0;0;0;0;0;0;0;0;0;0;0
6f284161-7b0f-414e-a737-20396daafc22;Muito bom 👏👏;5;0;1;0;0;0;0;0;0;0;0;0;0;0;0;0;0;0;0;0
89df6327-8428-4e10-adba-b3092bff0539;bom;5;0;1;0;0;0;0;0;0;0;0;0;0;0;0;0;0;0;0;0
d255f1b2-e21e-4364-8fd2-79d1c898d67e;Esta dificil de abrir o aplicativo..pessimo toda hora esta travando;1;1;0;0;0;0;1;0;0;0;0;0;0;0;0;0;0;0;0;0
c40c0a9c-cfd3-4332-bc64-a44c6e02bbd9;Agradável;5;0;1;0;0;0;0;0;0;0;0;0;0;0;0;0;0;0;0;0
ef6e37ce-1c1a-4730-b22c-87274d1f4934;Excelente Atendimento Das Funcionárias Sras: Nathalia E A Sra. Adriana Do Setor Id.;5;0;1;0;0;0;0;0;0;0;0;1;0;0;0;0;0;0;0;0
bfd946a9-946b-4f1e-ba1f-575611f50cab;Otimo;5;0;1;0;0;0;0;0;0;0;0;0;0;0;0;0;0;0;0;0
c74f82be-f47e-467c-8d47-e282a260529c;bom;3;0;1;0;0;0;0;0;0;0;0;0;0;0;0;0;0;0;0;0
fd696189-ac1c-401a-8889-af2924f4fad6;ok;5;0;1;0;0;0;0;0;0;0;0;0;0;0;0;0;0;0;0;0
21dc5c7c-7b78-43ae-b3f5-e529d1ca4e77;preferia senha invés de selfie;5;1;0;0;0;1;0;1;0;0;0;0;0;0;0;0;0;0;0;0
67af28e3-4f5e-4778-8fe9-f3bc22b95158;bom;5;0;1;0;0;0;0;0;0;0;0;0;0;0;0;0;0;0;0;0
b5958263-cd83-4178-8c8e-d3ee91f96a7c;amei apenas espero que aprove o meu emprestimo;5;0;1;0;0;0;0;0;1;0;0;0;0;0;0;0;0;0;0;0
ff786620-c498-4375-9862-44861ee24659;top;5;0;1;0;0;0;0;0;0;0;0;0;0;0;0;0;0;0;0;0
65d1333f-0f99-467c-9de1-e73cea69dd53;Eu quero abrir esse aplicativo Santander Bepkakoti;5;0;0;1;0;0;0;1;0;0;0;0;0;0;0;0;0;0;0;0
cd13a491-a6d2-471d-85cc-519eb957a90d;muito bom gostei muito do Santander;5;0;1;0;0;0;0;0;0;0;0;0;0;0;0;0;0;0;0;0
4dde3c03-e905-497d-815b-350d78b8bc77;muito bom;5;0;1;0;0;0;0;0;0;0;0;0;0;0;0;0;0;0;0;0
8feacdf6-91fe-418d-aa60-de82938ab0d1;otimo;5;0;1;0;0;0;0;0;0;0;0;0;0;0;0;0;0;0;0;0
3468ab7d-bad7-4a18-bcc5-34f37e955eff;excelente;5;0;1;0;0;0;0;0;0;0;0;0;0;0;0;0;0;0;0;0
aea9615f-ea87-4246-b8f8-89f520b9df33;Ótimo 😊;5;0;1;0;0;0;0;0;0;0;0;0;0;0;0;0;0;0;0;0
65680e49-8c93-410b-b642-ca4dac8d8228;Sempre bem atendida pelos funcionários.;5;0;1;0;0;0;0;0;0;0;0;1;0;0;0;0;0;0;0;0
0fb17652-8e40-4bae-94b8-7676565b7650;legal;5;0;1;0;0;0;0;1;0;0;0;0;0;0;0;0;0;0;0;0
57dcb8fc-28da-4562-be5d-54981f80a1bd;são boms porque evita de fica na fila só que precisa entender o apricativo mas ajuda muito i ganha tempo.;5;0;1;0;0;0;0;1;0;0;0;0;0;0;0;0;0;0;0;0
0d1f65b9-d268-4d6e-80da-9e43b74ad752;App simplesmente parou de funcionar não consigo receber e nem mandar pix não consigo sacar dinheiro na poupança e nem nda por favor arrume isso logo muita gente precisa dessas opções;5;1;0;0;1;0;1;0;0;0;0;0;0;0;0;0;0;0;0;0
2c57ea5e-6a35-45ce-9c37-f07092e148f5;Ótimo gostei;5;0;1;0;0;0;0;0;0;0;0;0;0;0;0;0;0;0;0;0
d1bd17d4-0163-452b-af93-c1217ea8eba4;e uma conta boa;5;0;1;0;0;0;0;0;0;0;0;0;0;0;0;0;0;0;0;0
a2376ae2-8d66-49a7-87d4-6c80739f859d;otimo app;5;0;1;0;0;0;0;1;0;0;0;0;0;0;0;0;0;0;0;0
e9244715-22e1-47b5-96a1-52ea42d57584;Bom;5;0;1;0;0;0;0;0;0;0;0;0;0;0;0;0;0;0;0;0
88b4d4a3-8ea2-49cf-b29b-c6a4723929a2;ótimo;5;0;1;0;0;0;0;0;0;0;0;0;0;0;0;0;0;0;0;0
cf535830-b7f6-4f49-8bb5-b2a96ed513cf;top;5;0;1;0;0;0;0;0;0;0;0;0;0;0;0;0;0;0;0;0
c05fd024-2a83-45e1-9f63-13cb7629a128;ótimo;5;0;1;0;0;0;0;0;0;0;0;0;0;0;0;0;0;0;0;0
67d133b5-5dd6-4664-9db1-a0752c1055f4;bem explicado.favorece o cliente.parabens pela iniciativa.;5;0;1;0;0;0;0;1;0;0;0;0;0;0;0;0;0;0;0;0
5bb1146f-7328-4a8a-b25f-4f5a18915566;top;5;0;1;0;0;0;0;0;0;0;0;0;0;0;0;0;0;0;0;0
4fe15854-a1bf-4a10-967d-a486f886afeb;Excelente banco lo recomiendo;5;0;1;0;0;0;0;0;0;0;0;0;0;0;0;0;0;0;0;0
88a12a9f-0175-4541-bc3d-992d4f359c11;ótimo;5;0;1;0;0;0;0;0;0;0;0;0;0;0;0;0;0;0;0;0
7e7d19fa-53fd-46cc-8bb9-e1313785dd1b;Não estou conseguindo acessá mimha conta;1;1;0;0;0;1;0;0;0;0;0;0;0;0;0;0;0;0;0;0
bd429aae-50bf-4ed0-b922-d86d5f72014f;bom de mais já tenho mais de 40000 de crédito;5;0;1;0;0;0;0;0;1;0;0;0;0;0;0;0;0;0;0;0
8f5eb29f-b1f2-4ff6-8bb4-a3b174226821;muito bom;5;0;1;0;0;0;0;0;0;0;0;0;0;0;0;0;0;0;0;0
c5ba2154-5c10-4f0b-9102-b28b29bcb503;ótimo;5;0;1;0;0;0;0;0;0;0;0;0;0;0;0;0;0;0;0;0
a96692a0-36df-478e-aa6b-c43e927750f9;banco Santander esse eu recomendo pra mim é um dos melhores;5;0;1;0;0;0;0;0;0;0;0;0;0;0;0;0;0;0;0;0
15446b6e-08f6-4f48-8590-36241289264a;Muito bom obrigado;5;0;1;0;0;0;0;0;0;0;0;0;0;0;0;0;0;0;0;0
138eb81d-bef6-440f-a6c1-235e93351518;ótimo;5;0;1;0;0;0;0;0;0;0;0;0;0;0;0;0;0;0;0;0
028ceaab-1183-4853-a31b-2dff7d173d8e;muito bom 👍;5;0;1;0;0;0;0;0;0;0;0;0;0;0;0;0;0;0;0;0
2a9fd7fa-350a-448c-a18e-797fe7f87ed5;excelente;5;0;1;0;0;0;0;0;0;0;0;0;0;0;0;0;0;0;0;0
8028f3a4-59a1-4d6c-a8b1-c1e4ddc7c723;muito bom;5;0;1;0;0;0;0;0;0;0;0;0;0;0;0;0;0;0;0;0
1fb6922a-eb17-491a-b1ab-ed7368295ce3;muito bom.super detalhado;5;0;1;0;0;0;0;0;0;0;0;0;0;0;0;0;0;0;0;0
ece64d17-d086-4f54-86fc-71ddbd991bce;Ótimo app;5;0;1;0;0;0;0;1;0;0;0;0;0;0;0;0;0;0;0;0
46567960-334b-48d0-a8b6-003babc64e66;ótimo;5;0;1;0;0;0;0;0;0;0;0;0;0;0;0;0;0;0;0;0
9c941f63-a9ac-4d12-a6d1-80a9fdc2ad9c;Facilidade on LINE..;5;0;1;0;0;0;0;1;0;0;0;0;0;0;0;0;0;0;0;0
e7ef1588-0a13-4c94-9be5-0809cd0ea6bc;aplicativo de fácil manuseio.;5;0;1;0;0;0;0;1;0;0;0;0;0;0;0;0;0;0;0;0
19ac3385-6538-47e5-8598-a2e0700cbbdc;Ótimo...;5;0;1;0;0;0;0;0;0;0;0;0;0;0;0;0;0;0;0;0
145d0059-1152-4881-8be4-5f1d950e2d17;ótima;5;0;1;0;0;0;0;0;0;0;0;0;0;0;0;0;0;0;0;0
f14d7f0c-b9bc-4105-8ea1-48d07dee6d72;muito prático;4;0;1;0;0;0;0;1;0;0;0;0;0;0;0;0;0;0;0;0
6490a2c2-e61d-40ce-bc27-1237a720eb23;ok;5;0;0;1;0;0;0;0;0;0;0;0;0;0;0;0;0;0;0;0
373e9efe-b7e8-49e3-bcb6-c42880707d49;muito bom;5;0;1;0;0;0;0;0;0;0;0;0;0;0;0;0;0;0;0;0
cbd05f40-9a24-4d68-af9e-90a45251308c;top;5;0;1;0;0;0;0;0;0;0;0;0;0;0;0;0;0;0;0;0
f0e60bc1-de85-475c-9cb9-65feb554fc16;Ótima;5;0;1;0;0;0;0;0;0;0;0;0;0;0;0;0;0;0;0;0
f7886f15-efa3-469d-a8d7-70e82c9777c3;ótimo;5;0;1;0;0;0;0;0;0;0;0;0;0;0;0;0;0;0;0;0
92576ded-1de8-4229-b885-b29205d94d95;o melhor banco q eu já tive;5;0;1;0;0;0;0;0;0;0;0;0;0;1;0;0;0;0;0;0
4cc02ddb-723b-4e5f-9d15-8e4f74a5097a;top;5;0;1;0;0;0;0;0;0;0;0;0;0;0;0;0;0;0;0;0
13d2bb1b-62f6-4e5a-bd7f-75fffcb98fa8;muito bom 👍;5;0;1;0;0;0;0;0;0;0;0;0;0;0;0;0;0;0;0;0
ad1014fc-cb78-439a-8728-f4fae05f0525;ótima so faltou um cartão de crédito;5;0;1;0;0;0;0;0;1;0;0;0;0;0;0;0;0;0;0;0
45bb6a01-0548-4bf7-9eb8-bb5322795d09;Excelente;5;0;1;0;0;0;0;0;0;0;0;0;0;0;0;0;0;0;0;0
6aa9cc68-c49e-4e0a-a8d4-9acee3cc20d0;Poderiam colocar senha para as movimentações pia PIX.;3;1;0;0;1;0;0;1;0;0;0;0;0;0;1;0;0;0;0;0
debeca99-4bac-45b3-8d77-29ea0441dc3e;O Santander é um banco sensacional o banco que corre com rico e com pobre para eles todos são iguais Obrigado Santander para eu fazer parte da minha família gratidão sempre a vocês aí uma equipe 100% um atendimento nota 1000 então só motivo de agradecimento Tá bom obrigado;5;0;1;0;0;0;0;0;0;0;0;1;0;0;0;0;0;0;0;0
054d6c0c-1880-44f2-bd66-d20b7288cdbc;atendimento maravilhoso;5;0;1;0;0;0;0;0;0;0;0;1;0;0;0;0;0;0;0;0
806723f6-ce07-46e9-8841-c875cd31918e;ótimo;5;0;1;0;0;0;0;0;0;0;0;0;0;0;0;0;0;0;0;0
30c3df64-3bf9-40f4-8b6f-661291bdc28a;Ótima escolha;5;0;1;0;0;0;0;0;0;0;0;0;0;0;0;0;0;0;0;0
69e7602d-8048-4c14-918e-a08129205ea3;Show de bola 🙂;5;0;1;0;0;0;0;0;0;0;0;0;0;0;0;0;0;0;0;0
33736c0b-ad42-49cc-9990-3477d105f29d;App muito bom e fácil de usar.;5;0;1;0;0;0;0;1;0;0;0;0;0;0;0;0;0;0;0;0
b473dd3f-ee38-454a-a294-a49698a11ca0;Maravilhosa;5;0;1;0;0;0;0;0;0;0;0;0;0;0;0;0;0;0;0;0
f2ca5ba3-b60b-459c-9616-cc56273b98b0;perfeito;5;0;1;0;0;0;0;0;0;0;0;0;0;0;0;0;0;0;0;0
dd09dac8-b26e-44bb-8320-468e70601db7;bom gostei muito obrigado 🙂;5;0;1;0;0;0;0;0;0;0;0;0;0;0;0;0;0;0;0;0
9390df6d-a94d-4431-a77c-3919572a3105;otimo;5;0;1;0;0;0;0;0;0;0;0;0;0;0;0;0;0;0;0;0
497fb1a7-a5f3-474c-9432-f4c89c66a442;Constantemente com problema.;1;1;0;0;0;0;0;0;0;0;0;0;0;0;0;0;0;0;0;0
ee776052-c751-45e8-b48a-8067d2442e6d;Muito 👍;5;0;1;0;0;0;0;0;0;0;0;0;0;0;0;0;0;0;0;0
a6280bf8-33e2-4c00-86b2-8cc6066c5c1f;Esta travando na tela inicial Não vai nem para a frente e nem volta Tenho que desinstalar e reinstalar e instalar pra dar certo ! Complicado Continua travando Está assim faz 2 semana já 06/07/24 Péssimo Continua 09/07;1;1;0;0;0;0;1;0;0;0;0;0;0;0;0;0;0;0;0;0
4b72c973-5f1b-4211-b01e-9a560bae4726;amo meu banco.;5;0;1;0;0;0;0;0;0;0;0;0;0;0;0;0;0;0;0;0
49208721-f488-4a36-97d1-ff0caa6643ad;Péssimo Atendimento.;1;1;0;0;0;0;0;0;0;0;0;1;0;0;0;0;0;0;0;0
360b7872-e336-4756-a375-b7e327e66b24;ótimo 👍 adorei Bom pa;5;0;1;0;0;0;0;0;0;0;0;0;0;0;0;0;0;0;0;0
3c17c530-ca84-4061-9554-addfbbda77fc;Mto ruim 👎;1;1;0;0;0;0;0;0;0;0;0;0;0;0;0;0;0;0;0;0
172d07aa-1298-4201-96e0-ea7a111ab974;ótimo;5;0;1;0;0;0;0;0;0;0;0;0;0;0;0;0;0;0;0;0
f09e840b-9db5-42ec-9b0e-e5c34f97c87c;Perfeito App;5;0;1;0;0;0;0;1;0;0;0;0;0;0;0;0;0;0;0;0
75b09ed6-79fd-4833-b5f8-0f7734a2f6a6;Ruim 👎até hoje não recebi meu cartão.;1;1;0;0;0;0;0;0;1;0;0;0;0;0;0;0;1;0;0;0
0a2e50d3-ff5c-45f5-a992-409ff077a41f;pra mim um dos melhores 👏👏👏;5;0;1;0;0;0;0;0;0;0;0;0;0;0;0;0;0;0;0;0
807ffb6d-1b54-4054-84d3-2e322dcdfe44;amei o aplicativo do banco Santander é prático e rápido de resolver e fazer pix amei de mais;5;0;1;0;1;0;1;1;0;0;0;0;0;0;0;0;0;0;0;0
26eb1a23-6f5f-49d4-8173-db2d8d82e06a;muito bom;5;0;1;0;0;0;0;0;0;0;0;0;0;0;0;0;0;0;0;0
30544a41-4b61-4713-b8ff-9eda15bf2215;Travou do nada sem querer eu fizesse nada um app atrasado;1;1;0;0;0;0;1;0;0;0;0;0;0;0;0;0;0;0;0;0
391d9919-962e-46d5-a351-cad0ad00e965;parabéns;5;0;1;0;0;0;0;0;0;0;0;0;0;0;0;0;0;0;0;0
d7dc3947-f25c-44e5-9c70-31e129747808;Top;5;0;1;0;0;0;0;0;0;0;0;0;0;0;0;0;0;0;0;0
b6f34019-ef97-46bd-9379-0985162184e8;pior banco do planeta;1;1;0;0;0;0;0;0;0;0;0;0;0;0;0;0;0;0;0;0
dc96008d-5700-4b9a-9120-c30d19cb6f44;o melhor banco de todos que eu já tivi 😍😍;5;0;1;0;0;0;0;0;0;0;0;0;0;0;0;0;0;0;0;0
3decf37b-64d1-4e71-bf8c-2b57c9c1d848;bom;5;0;1;0;0;0;0;0;0;0;0;0;0;0;0;0;0;0;0;0
73e5ca73-0c9f-4db8-a44a-69de5ac78def;Péssimo os telefones não funcionam e os atendentes educados;1;1;0;0;0;0;1;0;0;0;0;1;0;0;0;0;0;0;0;0
709d645a-7164-4b63-b0c4-1af2cfb4af8c;Faz tempo q espero ser cliente de vcs é vcs não me aprovam;1;1;0;0;0;0;0;0;1;0;0;1;1;0;0;0;0;0;0;0
e5c439e7-6cbe-4880-b58b-8b88dcc628ed;muito bom;5;0;1;0;0;0;0;0;0;0;0;0;0;0;0;0;0;0;0;0
9e499264-d02d-436a-bf75-f2241a63ebf5;Meu cartão não chegou estou esperando;5;0;0;1;0;0;0;0;1;0;0;0;0;0;0;0;0;0;0;0
e8dc0aff-675c-4e1b-bc9c-82d870791455;otimo;5;0;1;0;0;0;0;0;0;0;0;0;0;0;0;0;0;0;0;0
e70b386c-8fb2-455f-971a-50947357ba97;muito bom excelente;5;0;1;0;0;0;0;0;0;0;0;0;0;0;0;0;0;0;0;0
98395237-a6ba-42a1-90d6-3496bba76550;tô gostando desse banco;5;0;1;0;0;0;0;0;0;0;0;0;0;0;0;0;0;0;0;0
8cac42bd-f4ed-419c-a2d6-97e1e4bfcbd3;muito bom.;5;0;1;0;0;0;0;0;0;0;0;0;0;0;0;0;0;0;0;0
ac487f88-660b-487b-9035-8a95876d395f;muito bom;5;0;1;0;0;0;0;0;0;0;0;0;0;0;0;0;0;0;0;0
5ac1d6a5-c208-4954-bad2-da1089d49f01;muito bom só poderia liberar mais limite pra mim 🥺❤😘;5;0;1;0;0;0;0;0;1;0;0;0;0;0;0;0;0;0;0;0
39a9f84b-d214-4769-873f-f43ece52c82f;muito instável e trava toda hora;2;1;0;0;0;0;1;0;0;0;0;0;0;0;0;0;0;0;0;0
c5ff5280-ba25-4c9e-a52f-e74522074d10;Não estou conseguindo acessar minha conta;5;1;0;0;0;1;0;0;0;0;0;0;0;0;0;0;0;0;0;0
e2493821-7b5e-4e6d-b78b-d6c330320b71;Pra eu entrar no app tenho que reiniciar o celular pra entrar;2;1;0;0;0;0;1;0;0;0;0;0;0;0;0;0;0;0;0;1
dc82d3b6-06be-41c0-b03b-7edd7566e799;ótimo;5;0;1;0;0;0;0;0;0;0;0;0;0;0;0;0;0;0;0;0
fd631c2d-f124-4cc9-8ecf-f247f480b4d2;bom;5;0;1;0;0;0;0;0;0;0;0;0;0;0;0;0;0;0;0;0
c7d14e88-5bed-4595-adfe-0486e0fd32f4;O app está horrível diz q o sistema está indisponível;3;1;0;0;0;0;1;0;0;0;0;0;0;0;0;0;0;0;0;1
8156161f-acca-4b60-b7a6-2d1cd99d3b81;bom;5;0;1;0;0;0;0;0;0;0;0;0;0;0;0;0;0;0;0;0
9a321833-0bfe-4fc8-9c0d-81fa3607c31a;Não pede senha para realizar transferência via pix;2;1;0;0;1;1;0;0;0;0;0;0;0;0;0;0;0;0;0;0
3f9557a6-2e4f-4884-b820-9b266831f2ca;muito bom 😃;5;0;1;0;0;0;0;0;0;0;0;0;0;0;0;0;0;0;0;0
3e5f04f3-d1db-4c69-ba52-e330cf42764e;Se você esquecer agência ou conta tá lascado pq não tem como solicitar pra lembrar.;1;1;0;0;0;1;0;0;0;0;0;0;0;0;0;0;0;0;0;0
2224c2af-2515-48be-9878-19f162bd5056;ótimo app recomendo a todos;5;0;1;0;0;0;0;1;0;0;0;0;0;0;0;0;0;0;0;0
a768ae87-1d6a-408a-9f9a-877258492d9f;ótimo;5;0;1;0;0;0;0;0;0;0;0;0;0;0;0;0;0;0;0;0
60bc8859-3893-4fc5-a5c8-d1f2ad2f26ee;toooop;5;0;1;0;0;0;0;0;0;0;0;0;0;0;0;0;0;0;0;0
86f75200-0630-4313-a463-27c132879177;Excelente atendimento. Rápido e resolvido . Agradecido pelo atendimento.;5;0;1;0;0;0;0;0;0;0;0;1;0;0;0;0;0;0;0;0
dad0390a-9dfb-4f29-9446-0664b3d22965;Boa tarde não consigo entra no app já desinstalei e já estalei de novo e nada de conseguir entra no app;1;1;0;0;1;1;0;0;0;0;0;0;0;0;0;0;0;0;0;0
c7ccc2ba-153f-4749-89d3-db3a2b6991f9;atendimento VIP;5;0;1;0;0;0;0;0;0;0;0;1;0;0;0;0;0;0;0;0
28b895db-24de-438f-8b08-ec74ca749af5;ótima;5;0;1;0;0;0;0;0;0;0;0;0;0;0;0;0;0;0;0;0
6d36e560-3665-431a-bcf0-14c9093d91b0;Não se consegue visualizar valores de empréstimos para quitação.;2;1;0;0;0;0;0;0;1;1;0;0;0;0;0;0;0;0;0;0
dfca193e-9273-4984-b6aa-49ff3f221532;Otimo;5;0;1;0;0;0;0;0;0;0;0;0;0;0;0;0;0;0;0;0
cce567e6-4d5b-4fc1-814f-8d5b327ba4a7;muito bom 👍;5;0;1;0;0;0;0;0;0;0;0;0;0;0;0;0;0;0;0;0
ce08e742-4762-4be6-82ca-6565794e9a06;Oi serviço é ótimo;5;0;1;0;0;0;0;0;0;0;0;0;0;0;0;0;0;0;0;0
ab1edacb-871e-4fc8-ab84-13d2673b0843;gostei;5;0;1;0;0;0;0;0;0;0;0;0;0;0;0;0;0;0;0;0
f85a3ca9-032e-4ba7-ad82-ce4d3cef548b;Boa;5;0;1;0;0;0;0;0;0;0;0;0;0;0;0;0;0;0;0;0
160dffc8-084a-4ca2-acd1-38cb8a4fb7ff;ótimo;5;0;1;0;0;0;0;0;0;0;0;0;0;0;0;0;0;0;0;0
f0b902b5-d73b-43aa-877c-d9459ae525bb;Muito bom;5;0;1;0;0;0;0;0;0;0;0;0;0;0;0;0;0;0;0;0
9337fdee-228d-4424-a36b-838778cdb095;presica travar menos;4;1;0;0;0;0;1;0;0;0;0;0;0;0;0;0;0;0;0;0
c0e525fa-72cf-4a9c-aab6-8320aad59fe9;Sempre fui bem gerenciada pelo Santander;5;0;1;0;0;0;0;0;0;0;0;1;0;0;0;0;0;0;0;0
550efdc9-23a9-4043-b41d-74e0c62bb9c0;Não recebo nenhuma notificação de pix;1;1;0;0;1;0;0;0;0;0;0;0;0;0;0;1;0;0;0;0
9e9cc504-b354-430b-acc4-4441393351e7;Vcs poderiam mudar a tela do aplicativo por uma com menos detalhes e mais serviços básicos;3;1;0;0;0;0;0;1;0;0;0;0;0;0;0;0;0;0;0;0
dd235820-336a-41c5-8d0f-69424cccfbe3;Aplicativo está travando muito tenho que reiniciar o celular toda vez que preciso entrar no aplicativo 😡;1;1;0;0;0;0;1;0;0;0;0;0;0;0;0;0;0;0;0;0
e712f2e8-4ce6-416f-bae5-3a9c37b28f8f;App. Travando toda hora péssimo;2;1;0;0;0;0;1;0;0;0;0;0;0;0;0;0;0;0;0;0
e2658137-37da-42b2-9b81-2c1ba0644cef;Boa essa conta?;5;0;1;0;0;0;0;0;0;0;0;0;0;0;0;0;0;0;0;0
8920ed7f-cd78-4b1a-98b7-4a4e3977b63b;libera nunca o cartão de crédito;4;1;0;0;0;0;0;0;1;0;0;0;0;0;0;0;0;0;0;0
dc2e6193-002d-4d74-8ec8-50f51f170e42;Ruim.;3;1;0;0;0;0;0;0;0;0;0;0;0;0;0;0;0;0;0;0
6a38102b-328f-44f3-adf9-96e16bcd0144;Aplicativo melhorou bastante desde 2021. Hj 2024 dou 5 estrelas para APP.;5;0;1;0;0;0;0;1;0;0;0;0;0;0;0;0;0;0;0;0
27bc0d22-88a1-42ec-aea6-8649478b3135;Tem que tá reiniciando pro aplicativo abrir. Horrível!;1;1;0;0;0;0;1;0;0;0;0;0;0;0;0;0;0;0;0;1
08559c98-0eb2-451c-8186-150df83b6152;Tá travando muito;1;1;0;0;0;0;1;0;0;0;0;0;0;0;0;0;0;0;0;0
5e96077b-2737-40f7-a6c8-ee0694c0fad4;uma excelente instituição 😉;5;0;1;0;0;0;0;0;0;0;0;0;0;0;0;0;0;0;0;0
b677b1cd-c45c-4af7-8d37-268c89b0aba0;Satisfeito;5;0;1;0;0;0;0;0;0;0;0;0;0;0;0;0;0;0;0;0
cd0699a7-0eb8-4226-875c-494effc550ce;Já faz duas semanas que não consigo entrar no aplicativo diz q tenho q buscar uma agência;1;1;0;0;0;1;0;0;0;0;0;0;0;0;0;0;0;0;0;0
fe39e26f-d503-4650-9a9f-f66b51183ef6;ótimo;5;0;1;0;0;0;0;0;0;0;0;0;0;0;0;0;0;0;0;0
1d272080-1839-4fcd-9f01-8a3df7129460;Sempre tá com problemas;1;1;0;0;0;0;1;0;0;0;0;0;0;0;0;0;0;0;0;0
ed49d6b4-e53b-4a29-9fad-9c068f3496c0;bom;5;0;1;0;0;0;0;0;0;0;0;0;0;0;0;0;0;0;0;0
dfa48e22-f331-4ad8-b307-fbe00e55d5c7;muito bom;4;0;1;0;0;0;0;0;0;0;0;0;0;0;0;0;0;0;0;0
de15a5f5-0a9b-4ea9-8e6c-caf62650fdfa;maravilha;5;0;1;0;0;0;0;0;0;0;0;0;0;0;0;0;0;0;0;0
ff1ac383-b278-40d1-8311-78db6e6349bb;foi excelente;5;0;1;0;0;0;0;0;0;0;0;0;0;0;0;0;0;0;0;0
7e11acc2-58f9-4203-a922-93fde36cdecf;muito bom;5;0;1;0;0;0;0;0;0;0;0;0;0;0;0;0;0;0;0;0
4595cd73-57f6-4cee-a85b-0c7e8c714fcc;pecimo;1;1;0;0;0;0;0;0;0;0;0;0;0;0;0;0;0;0;0;0
746d2668-9233-4092-a519-5682333cba50;app muito bom e fácil de acessar .;5;0;1;0;0;0;0;1;0;0;0;0;0;0;0;0;0;0;0;0
b0d95bce-5a9c-4294-ad0c-2c1d705bed8c;Bem satisfeita com meu banco fechei outra conta em outra instituição para ficar com Santander;5;0;1;0;0;0;0;0;0;0;0;0;0;0;0;0;0;0;0;0
f40b4346-8e02-4686-ae05-4cbd632048e6;ótimo;5;0;1;0;0;0;0;0;0;0;0;0;0;0;0;0;0;0;0;0
c461992f-ea80-4c18-be2d-5397cac35dd2;O Santander e um dos melhores bancos;5;0;1;0;0;0;0;0;0;0;0;0;0;0;0;0;0;0;0;0
4edcf0d4-e46a-4f84-b39d-df02a3aaca70;bom;5;0;1;0;0;0;0;0;0;0;0;0;0;0;0;0;0;0;0;0
10d0f0b3-88c5-4a5d-b4f0-8ffa773c7a44;me atende com louvor;5;0;1;0;0;0;0;0;0;0;0;1;0;0;0;0;0;0;0;0
5a44aec5-92d3-4bcc-bec3-a01b58d3c901;Santander é um banco que atende as minhas nesesidade;5;0;1;0;0;0;0;0;0;0;0;0;0;0;0;0;0;0;0;0
386bc5d1-ebfd-4282-a029-4795fe7ac638;muito bom;5;0;1;0;0;0;0;0;0;0;0;0;0;0;0;0;0;0;0;0
0c02a4bf-63b8-4d5d-b136-946d21651722;perfeito 😃;5;0;1;0;0;0;0;0;0;0;0;0;0;0;0;0;0;0;0;0
fb253c5f-753c-42a7-b753-d6c32c2c95c8;bom;4;0;1;0;0;0;0;0;0;0;0;0;0;0;0;0;0;0;0;0
8ca6dadb-ebd8-4821-a1ee-2e01f05e0637;bom;5;0;1;0;0;0;0;0;0;0;0;0;0;0;0;0;0;0;0;0
3625eebd-da3e-4eba-aa07-ed8df74da522;Esse eu confio #santader;5;0;1;0;0;0;0;0;0;0;0;0;0;0;0;0;0;0;0;0
51970f4b-302a-4a8a-856e-327747da3825;Ótima;5;0;1;0;0;0;0;0;0;0;0;0;0;0;0;0;0;0;0;0
1c4bd77b-59da-49d2-a0be-91ec2af66245;É ótima!;5;0;1;0;0;0;0;0;0;0;0;0;0;0;0;0;0;0;0;0
734396df-69d3-4b09-b8bd-ae8b3fc9d566;Um lixo o nubank foi o único que libera cartão de crédito com limite na hora e não tem essas frescura.;2;1;0;0;0;0;0;0;1;0;0;0;0;0;0;0;0;0;0;0
5fea8d3e-9dbf-434a-8807-df96c3670a87;ecelente;5;0;1;0;0;0;0;0;0;0;0;0;0;0;0;0;0;0;0;0
d44bc59c-19b7-4d87-9291-45031f5294ff;excelentemente bem atendida;5;0;1;0;0;0;0;0;0;0;0;1;0;0;0;0;0;0;0;0
4fe18b7f-fae2-40a1-83a4-d8cc76743bd6;ótimo;5;0;1;0;0;0;0;0;0;0;0;0;0;0;0;0;0;0;0;0
4f6761fb-947e-46ef-b994-5c745b7550aa;Excelente banco recomendo;5;0;1;0;0;0;0;0;0;0;0;0;0;0;0;0;0;0;0;0
72d7b224-6f67-42e6-8962-4effc3fb4abb;excelente;5;0;1;0;0;0;0;0;0;0;0;0;0;0;0;0;0;0;0;0
831d968f-9c09-4d13-b4ea-3e5b89cb951b;simples e facil;5;0;1;0;0;0;0;1;0;0;0;0;0;0;0;0;0;0;0;0
d6ef9ff2-6641-4e43-ab1d-3988810eb366;muito bom;5;0;1;0;0;0;0;0;0;0;0;0;0;0;0;0;0;0;0;0
9ba35a76-2363-4a5b-9772-3f6445ef0d45;ótimo;5;0;1;0;0;0;0;0;0;0;0;0;0;0;0;0;0;0;0;0
46791e32-0ef7-4deb-9992-258992b66b6d;ótimo;5;0;1;0;0;0;0;0;0;0;0;0;0;0;0;0;0;0;0;0
5fc9ae59-2c9b-4784-9256-0f7413885359;Esse banco é horrível estou tentando quitar um contrato do próprio banco Santander e nao consigo enquanto isso o juros a cada dia aumenta perdi 3 horas em ligações e app e ninguém resolve nada depois de resolver essa pendência nunca mais usarei esse banco.;1;1;0;0;0;0;0;0;1;0;0;1;0;0;0;0;0;0;1;0
768ecdd2-e62c-49c8-a6dd-b74fb1f3f64b;nunca tive problema com esse APP.agora fica travando.e se não abrir num dia no outro não abre mais....tenho que desinstalar e começar tudo de novo....em uma emergência vai ser complicado fazer isso....fineza verificar pq acontece;2;1;0;0;0;0;1;0;0;0;0;0;0;0;0;0;0;0;0;0
15ff24b6-b9c0-4485-84b9-3c7277e15e93;Espero que seja e continue sempre assim.;5;0;1;0;0;0;0;0;0;0;0;0;0;0;0;0;0;0;0;0
55849d11-d884-4948-b73f-46b7765cbe1c;Banco lixo;1;1;0;0;0;0;0;0;0;0;0;0;0;0;0;0;0;0;0;0
022f62a1-f48f-4c52-8dc4-1d83518a2777;Preciso de mais crédito para investir no meu novo negócio falta estuque pra omenta as vendas;5;1;0;0;0;0;0;0;1;0;0;0;0;1;0;0;0;0;0;0
a86697d9-c2aa-4977-bb6d-a4adf4667031;Simplesmente coloco dinheiro na conta e some do nada coloquei um dinheiro ontem pra pagar o cartão de crédito e o dinheiro sumiu e o pior tô só me individando;1;1;0;0;0;0;0;0;1;0;1;0;0;0;0;0;0;0;0;0
4fc1a53a-9622-4fb2-be48-a0bf2a79335e;banco Excelente;5;0;1;0;0;0;0;0;0;0;0;0;0;0;0;0;0;0;0;0
07e98f2f-6376-4fa3-9865-f3ded1828584;Sempre que vou usar pede pra redefinir a senha. Está insuportável usar esse app.;1;1;0;0;0;1;0;0;0;0;0;0;0;0;0;0;0;0;0;0
7e14f11a-043c-49ff-8ae4-1770eb5c6ee9;gostei muito;5;0;1;0;0;0;0;0;0;0;0;0;0;0;0;0;0;0;0;0
c2a95946-242e-4f72-aaae-22863bf1b329;bom;5;0;1;0;0;0;0;0;0;0;0;0;0;0;0;0;0;0;0;0
b6940efa-76ea-463f-8e01-744f205f963a;Horrível trava não entra no app precisa desinstalar e instalar toda hora horrível;1;1;0;0;0;0;1;0;0;0;0;0;0;0;0;0;0;0;0;0
4fe999b9-d2ce-4276-89d9-29b70d98ae97;estou amando;5;0;1;0;0;0;0;1;0;0;0;0;0;0;0;0;0;0;0;0
44428a78-2c30-4be6-9baf-f9b6f81bbdea;Muito bom;5;0;1;0;0;0;0;0;0;0;0;0;0;0;0;0;0;0;0;0
7b0aea4b-9b44-4e7b-8417-e3825fc5a500;App travando e nao me.permite acessar nada ja faz uns dias...alguém sabe dizer o que esta acontecendo????;3;1;0;0;0;0;1;0;0;0;0;0;0;0;0;0;0;0;0;0
630243c2-8b54-4c15-84f9-8650c58184ec;top;5;0;1;0;0;0;0;0;0;0;0;0;0;0;0;0;0;0;0;0
5855b1d0-41e6-4497-850f-a9e4c8ae82d6;ok bom;5;0;1;0;0;0;0;0;0;0;0;0;0;0;0;0;0;0;0;0
4be56233-71ac-4546-af11-0f187db31a13;Ótimo;5;0;1;0;0;0;0;0;0;0;0;0;0;0;0;0;0;0;0;0
a27f1c34-4807-487c-8ae8-12a8cc6cd6ab;Melhor banco do Brasil;5;0;1;0;0;0;0;0;0;0;0;0;0;0;0;0;0;0;0;0
4f38198e-8d82-4aa0-bd4a-1d30b041215f;bom;5;0;1;0;0;0;0;0;0;0;0;0;0;0;0;0;0;0;0;0
27c041d7-c77b-4ab0-a47b-de8ea9e9690c;Dindin raspadinha só enganação!;5;1;0;0;0;0;0;0;0;0;0;0;0;1;0;0;0;0;0;0
19dc3a18-5045-4d18-a184-2e6650270dc0;O APP péssimo.;1;1;0;0;0;0;0;0;0;0;0;0;0;0;0;0;0;0;0;0
4b33a33f-cd93-401e-a617-6d2635e3d3a4;otimo;4;0;1;0;0;0;0;0;0;0;0;0;0;0;0;0;0;0;0;0
a6bbc37b-09db-4227-ab9d-17c256695afa;Moto boy de peças;5;0;0;1;0;0;0;0;0;0;0;0;0;0;0;0;0;0;0;0
a97c0bca-26a0-4b0e-a647-0be831ffa1b5;melhor banco;5;0;1;0;0;0;0;0;0;0;0;0;0;0;0;0;0;0;0;0
9eff9ed6-5991-4626-b5c0-989967e02ae7;ótimo;5;0;1;0;0;0;0;0;0;0;0;0;0;0;0;0;0;0;0;0
4b884c13-9560-4252-95f4-794135fad223;Preciso de credito mínimo 300;4;1;0;0;0;0;0;0;1;0;0;0;0;0;0;0;0;0;0;0
0b1185da-4634-45f7-8274-490428cdc1b3;Aplicativo super fluido em todas as telas. Com poucos cliques e você tem tudo na mão. Intuitivo e com design bonito tem um excelente desempenho.;5;0;1;0;0;0;1;1;0;0;0;0;0;0;0;0;0;0;0;0
074e27c7-e128-462a-8455-393052664195;Orrivel banco fdp fica quase sempre indisponível;1;1;0;0;0;0;1;0;0;0;0;0;0;0;0;0;0;0;0;0
c7e6def5-ec85-42fd-bbf4-f1a44886e167;Um lixo...A gente precisa fazer um pix urgente o banco funciona....;1;1;0;0;1;0;1;0;0;0;0;0;0;0;0;0;0;0;0;0
965f9472-1f00-41ac-8d18-ed7b06e91e8d;O aplicativo funciona muito bem no meu aparelho. É extremamente rápido e até hoje não tive problemas. Só falta a liberação de um cartão de crédito.;5;0;1;0;0;0;1;1;1;0;0;0;0;0;0;0;0;0;0;0
a27b3258-cf25-4e9c-962c-a5c3561d6503;Quero normaliza meu app;5;1;0;0;0;0;0;0;0;0;0;0;0;0;0;0;0;0;0;1
bd50ac39-8a2d-45f9-8985-9ef059a64161;super bom e indico. de fácil acesso.;5;0;1;0;0;0;0;1;0;0;0;0;0;0;0;0;0;0;0;0
c04c6f60-c238-4158-b7a2-672469327317;Travando muito;1;1;0;0;0;0;1;0;0;0;0;0;0;0;0;0;0;0;0;0
87942b2d-8320-48db-a86c-cdf087a523b8;ótimo legal gostei;5;0;1;0;0;0;0;0;0;0;0;0;0;0;0;0;0;0;0;0
e948e19d-0582-492d-bb6c-80502bde2e09;muito bom;5;0;1;0;0;0;0;0;0;0;0;0;0;0;0;0;0;0;0;0
2ed2dcee-26d9-4deb-8cc3-0ac2c5618f2f;muito prático;5;0;1;0;0;0;0;1;0;0;0;0;0;0;0;0;0;0;0;0
080bc43e-573d-443b-8e3e-7c70448bdc40;até agora bom;3;0;1;0;0;0;0;1;0;0;0;0;0;0;0;0;0;0;0;0
c7a8ad22-5699-4f84-bfaa-f0f9b205c78e;um dos melhores bancos;5;0;1;0;0;0;0;0;0;0;0;0;0;0;0;0;0;0;0;0
82001de7-eaa4-4f15-a679-85f0c563aed8;muito bom show;5;0;1;0;0;0;0;0;0;0;0;0;0;0;0;0;0;0;0;0
49e87128-f96f-403f-99dc-ea4ecf47f28b;BOM;5;0;1;0;0;0;0;0;0;0;0;0;0;0;0;0;0;0;0;0
d7526798-040b-418c-bcc3-455ee452a899;muito obrigado pela atenção ótimo Bom atendimento tudo que precisei fui atendido obrigado pela atenção 🤑🤑🤑🤑;5;0;1;0;0;0;0;0;0;0;0;1;0;0;0;0;0;0;0;0
f816ea37-493b-43e0-9a3f-92d2cfb6d73a;Ele ytrava muito tenho que ficar desestalando sempre que vou usar o APP do banco.;2;1;0;0;0;0;1;0;0;0;0;0;0;0;0;0;0;0;0;0
17b62416-c15b-426c-b3dd-c7eb5112fa0f;muito bom gostei;5;0;1;0;0;0;0;0;0;0;0;0;0;0;0;0;0;0;0;0
9c3b0310-9f8e-4a75-a593-6f0992d6b73b;Não consigo acessar minha conta toda vez tenho que reiniciar o celular;1;1;0;0;0;1;1;0;0;0;0;0;0;0;0;0;0;0;0;0
c9bee8b3-6a9a-47fd-9ae9-8a7cae91d0da;Meu app dis que nao e possivel entrar pelo meu cll;1;1;0;0;0;1;0;0;0;0;0;0;0;0;0;0;0;0;0;0
d7935f03-0f97-4325-a275-17a25ab5ee89;Eles são o melhor banco do Brasil;5;0;1;0;0;0;0;0;0;0;0;0;0;0;0;0;0;0;0;0
f38575b7-8b3a-48ee-89dc-a9f9af2244dd;ótimo;5;0;1;0;0;0;0;0;0;0;0;0;0;0;0;0;0;0;0;0
ba8b15a4-297f-4d80-923d-d1179c3401bd;O aplicativo não tem opção de resgate ou ver contrato do produto DinDin;2;1;0;0;0;0;0;1;0;0;0;0;0;1;0;0;0;0;0;0
45ba7b59-e4fb-4904-8e97-32aa4af7f58c;App muito bom;5;0;1;0;0;0;0;1;0;0;0;0;0;0;0;0;0;0;0;0
bb0f04f2-6c1b-4f8c-bc5f-a5fd187754cd;Excelente App;5;0;1;0;0;0;0;1;0;0;0;0;0;0;0;0;0;0;0;0
2b0c989c-fc6d-4d88-a1b8-cab14e008204;bom;4;0;1;0;0;0;0;0;0;0;0;0;0;0;0;0;0;0;0;0
b7f8eeaa-ca31-43e3-a4d3-5f52e6e0b878;ótimo;5;0;1;0;0;0;0;0;0;0;0;0;0;0;0;0;0;0;0;0
719bb9cc-1715-42b3-b766-7819f2c7d401;Aplicativo simples e eficiente;5;0;1;0;0;0;0;1;0;0;0;0;0;0;0;0;0;0;0;0
63eb6929-efed-4684-ab52-11905e6e64bf;WAY tempo todo indisponível. Perdi promoçao. Prejuízo. Fiz compra com cartão de outro banco. Continuar assim........;2;1;0;0;0;0;1;0;0;0;0;0;0;0;0;0;0;0;0;0
cb8d670d-0ec3-451d-9411-3a8355e43a2c;Horrível;1;1;0;0;0;0;0;0;0;0;0;0;0;0;0;0;0;0;0;0
2a47012c-686f-4102-a392-60f785524b41;muito bom mesmo top ☺️;5;0;1;0;0;0;0;0;0;0;0;0;0;0;0;0;0;0;0;0
249703ff-2b8e-4ae3-ad92-9d4379e0f597;melhor cartão que tem;5;0;1;0;0;0;0;0;1;0;0;0;0;0;0;0;0;0;0;0
70bea6ea-1a1c-408f-b111-7a4bf2c35e53;Quando vamos cancelar um.servico o aplicativo nao funciona .;1;1;0;0;0;1;1;0;0;0;0;0;0;0;0;0;0;0;0;0
f21f5638-0050-4bf7-90c7-2c0bd06d9005;Já tem mais de 6 anos que uso e o limite não sobe nunca;5;1;0;0;0;0;0;0;1;0;0;0;0;0;0;0;0;0;0;0
8d87546f-f270-42ab-a5d6-94175ae8d815;muito bom bom;5;0;1;0;0;0;0;0;0;0;0;0;0;0;0;0;0;0;0;0
48bbf8fa-371c-48b8-9681-918963c663b4;Eu não posso mais deixar dinheiro na conta pois quando quero fazer um pix não estou conseguindo abrir no momento que quero só 3 horas depois ou o dia todo o que está acontecendo com este aplicativo sinceramente estou pensando em sair deste banco pois preciso trabalhar e não estou conseguindo;1;1;0;0;1;0;1;0;0;0;0;0;0;0;0;0;0;0;0;1
9e4336e1-005c-42f6-b1e7-2dbfacd09008;muito bom esse banco recomendo;5;0;1;0;0;0;0;0;0;0;0;0;0;0;0;0;0;0;0;0
21d2381b-283b-4d20-b256-c169dfa6d8ba;Muito bom;5;0;1;0;0;0;0;0;0;0;0;0;0;0;0;0;0;0;0;0
f34faed6-853d-4788-bc84-bc52143086aa;App horrível não entra não dá pra acessar Tem que desinstalar e instalar novamente pra poder conseguir entrar no app;1;1;0;0;0;1;1;0;0;0;0;0;0;0;0;0;0;0;0;0
46936b9a-f86a-4c4d-9a2a-e5b32e1edfe2;ótimo;5;0;1;0;0;0;0;0;0;0;0;0;0;0;0;0;0;0;0;0
e1dd5da0-2b6c-42e9-a522-62e47f6ec157;toda vez que entro tenho que trocar a senha.;1;1;0;0;0;1;0;0;0;0;0;0;0;0;0;0;0;0;0;0
bbd6b178-4745-4a20-bd12-3bc0ee8515df;ótimo atendimento;5;0;1;0;0;0;0;0;0;0;0;1;0;0;0;0;0;0;0;0
75ef0d4a-defe-4ab6-87c4-3f5b80a386bb;muito bom;5;0;1;0;0;0;0;0;0;0;0;0;0;0;0;0;0;0;0;0
c42468ac-7a32-4936-92fb-3d8447f9534c;Vejo as minhas contas no computador e nesse caso preciso do ID e sempre preciso desinstalar e de novo instalar o app. Por isso?;1;1;0;0;0;1;1;0;0;0;0;0;0;0;0;0;0;0;0;0
88c58757-6221-4e8a-a11c-45f7ffd04da1;muito bom mesmo 😊;5;0;1;0;0;0;0;0;0;0;0;0;0;0;0;0;0;0;0;0
748804a5-9323-45d8-88d6-9337ba71ae69;ótimo;5;0;1;0;0;0;0;0;0;0;0;0;0;0;0;0;0;0;0;0
3980faa1-5eb1-4ce3-b2e3-7cde69ba265c;Acabei de baixar o aplicativo e não consigo abrir uma conta salário;1;1;0;0;0;0;0;0;0;0;0;0;1;0;0;0;0;0;0;0
2e0038ee-02da-4d6f-bf7d-3b1f56584adf;lento e fecha várias vezes antes de fazer login;3;1;0;0;0;1;1;0;0;0;0;0;0;0;0;0;0;0;0;0
fc8b8b8a-b306-45c6-9851-78b610bee613;ótimo atendimento!!! estão de parabéns;5;0;1;0;0;0;0;0;0;0;0;1;0;0;0;0;0;0;0;0
dd51cf42-da2c-46b1-a2f5-f8420f3e2cc1;banco lixo;1;1;0;0;0;0;0;0;0;0;0;0;0;0;0;0;0;0;0;0
6602eaba-3a7f-46fc-98d8-2c99343d31ad;Eu estou muito feliz;5;0;1;0;0;0;0;0;0;0;0;0;0;0;0;0;0;0;0;0
a5adc608-86c9-4b1e-ae0f-cecd296d4adb;nota 10;5;0;1;0;0;0;0;0;0;0;0;0;0;0;0;0;0;0;0;0
08b4d0fe-a512-4d5a-bc15-4b4b7f66c7f2;beleza;5;0;1;0;0;0;0;0;0;0;0;0;0;0;0;0;0;0;0;0
ca119903-9ec6-4c6b-9523-3061f07f7796;ótimo 😄;5;0;1;0;0;0;0;0;0;0;0;0;0;0;0;0;0;0;0;0
9a12c673-9e16-47b1-92ad-5d62415320ab;faz tempo que eu uso esse app mais no momento ele tá deixando a desejar;5;1;0;0;0;0;0;0;0;0;0;0;0;0;0;0;0;0;0;0
8b3dfa32-133d-471f-98d1-793921b9a4c3;bem prático.;5;0;1;0;0;0;0;1;0;0;0;0;0;0;0;0;0;0;0;0
82a55746-2d13-4fc2-8754-bf2f4ed070aa;muito boa atenção;5;0;1;0;0;0;0;0;0;0;0;1;0;0;0;0;0;0;0;0
aa9ffd1a-eb92-44e5-8e27-8438d1db3628;Amei;5;0;1;0;0;0;0;0;0;0;0;0;0;0;0;0;0;0;0;0
3ed6e627-e4f6-4c7d-ab30-a764e5a79dac;Eu estou de saco cheio com esse Banco uma hora estou aprovado outra hora não nada tempo de tentativa encerrado ou hora meu cpf não combina com o CPF da conta ja chegar não quero nunca más saber deste banco eu tenho conta agência senha mas nada fociona pra mim certo vou encerrar as duas contas neste banco ok aconta PF também vou encerrar não sulporto mas isso eu estou devendo uma merreca neste banco vou pagar pra nunca mas ouvir nei o nome deste banco;5;1;0;0;0;0;0;0;0;0;0;0;1;0;0;0;0;0;0;0
6ced7077-345f-41b9-8e46-70fac9b9b1b3;Faz dias que não consigo acesso ao aplicativo sem opção de fala com alguém pra resolver horas no SAC falando com ura até cair a ligação sem contato com suporte;1;1;0;0;0;1;0;0;0;0;0;1;0;0;0;0;0;0;0;0
71bea1cd-c5f1-4c2c-a4b5-dfd3bf344071;Muito bom;5;0;1;0;0;0;0;0;0;0;0;0;0;0;0;0;0;0;0;0
34edd4b1-34bf-413e-92e1-72cfefd03488;Péssimo tempo de reposta e fica caindo direto;1;1;0;0;0;0;1;0;0;0;0;1;0;0;0;0;0;0;0;0
1acb1d89-5bd8-4c9d-9e42-97565ea702d5;Nega empréstimo mesmo com garantia um absurdo;1;1;0;0;0;0;0;0;1;0;0;0;0;0;0;0;0;0;0;0
c0765589-3d09-473f-8edb-32e88f809042;ótimo!;5;0;1;0;0;0;0;0;0;0;0;0;0;0;0;0;0;0;0;0
5078dac2-a801-4dd4-9a6e-dadb01f0a1c6;seria bom se desse crédito;4;1;0;0;0;0;0;0;1;0;0;0;0;0;0;0;0;0;0;0
dfade7ee-ad5a-4e2b-b761-6b8e726042aa;a conta é bem definida mais poderia ser mais rápida.;4;1;0;0;0;0;1;0;0;0;0;0;0;0;0;0;0;0;0;0
d83f7a32-7e32-40a4-a268-edf780bbdacd;gostando;3;0;1;0;0;0;0;1;0;0;0;0;0;0;0;0;0;0;0;0
ca52856d-0d29-4b0f-89bc-087a9b4ac5e5;bom;5;0;1;0;0;0;0;0;0;0;0;0;0;0;0;0;0;0;0;0
aca7a50d-c040-499c-8615-5cb0540aa63a;O aplicativo não funciona todas opção só mostra sistema indisponível me ajude a solucionar essa problema por favor;1;1;0;0;0;0;1;0;0;0;0;0;0;0;0;0;0;0;0;0
eeaccd9d-c76c-40ae-a444-895acbcef945;muito bom;5;0;1;0;0;0;0;0;0;0;0;0;0;0;0;0;0;0;0;0
b025fee2-6acb-4b51-82bc-5824d2243571;muito bom;5;0;1;0;0;0;0;0;0;0;0;0;0;0;0;0;0;0;0;0
f827ee55-bff2-492d-9c94-c91be9a965c2;Ótimo!.;5;0;1;0;0;0;0;0;0;0;0;0;0;0;0;0;0;0;0;0
c09706e8-33db-4ebf-bae5-eef7bcc50ea7;App com problema de biometria facial e chave pix;2;1;0;0;1;1;0;0;0;0;0;0;0;0;0;0;0;0;0;0
a0d1d9c6-cd5e-4e2a-abef-7f27794b3d4d;meus parabéns pelo seu serviço prestado tenha uma boa tarde Genivaldo;5;0;1;0;0;0;0;0;0;0;0;1;0;0;0;0;0;0;0;0
426a84de-8709-4c74-bf6b-764240d98691;Bommm;5;0;1;0;0;0;0;0;0;0;0;0;0;0;0;0;0;0;0;0
27e304cb-c32a-46dc-bdb8-682c45d04874;App muito bom;5;0;1;0;0;0;0;1;0;0;0;0;0;0;0;0;0;0;0;0
89212892-2102-4950-b306-363926e91760;melhor Santander de mundo;5;0;1;0;0;0;0;0;0;0;0;0;0;0;0;0;0;0;0;0
27f62184-407a-4e2d-bc90-4d3ee59a5469;Santander o melhor...;5;0;1;0;0;0;0;0;0;0;0;0;0;0;0;0;0;0;0;0
344e51d9-420b-4cb6-b2f9-03f527440013;Horrível;1;1;0;0;0;0;0;0;0;0;0;0;0;0;0;0;0;0;0;0
1335e813-f04c-4dec-bd76-12d58b93e6ff;muito bom very good;5;0;1;0;0;0;0;0;0;0;0;0;0;0;0;0;0;0;0;0
abec7460-b849-4bc7-bce9-9649b651ed0d;ótimo banco;5;0;1;0;0;0;0;0;0;0;0;0;0;0;0;0;0;0;0;0
dad8bfa0-b79f-495e-9cd6-d1071f18a0b2;ótimo;4;0;1;0;0;0;0;0;0;0;0;0;0;0;0;0;0;0;0;0
89dfbbe6-826f-4083-8abe-00943c879a22;top;5;0;1;0;0;0;0;0;0;0;0;0;0;0;0;0;0;0;0;0
fcbb0e50-6a98-4e2f-88c6-85353376cf71;otimo;4;0;1;0;0;0;0;0;0;0;0;0;0;0;0;0;0;0;0;0
43f1fd8a-5388-4f55-b33f-73329508767b;muito bom ☺️;5;0;1;0;0;0;0;0;0;0;0;0;0;0;0;0;0;0;0;0
6b4fda6d-fb38-43db-ac31-44981d2bd1c7;bom;5;0;1;0;0;0;0;0;0;0;0;0;0;0;0;0;0;0;0;0
17e51d48-b05e-4fed-a32b-fd0d6f543c79;Sou cliente desse banco;5;0;0;1;0;0;0;0;0;0;0;0;0;0;0;0;0;0;0;0
d6607a15-7928-4c80-82c2-87eb4a181e7c;Bom atendimento obrigado.;5;0;1;0;0;0;0;0;0;0;0;1;0;0;0;0;0;0;0;0
fd90ba4d-2303-42b8-ac0c-686f55759a5c;ótimo;5;0;1;0;0;0;0;0;0;0;0;0;0;0;0;0;0;0;0;0
68d8f017-31d1-4c2c-bae9-3a6f267fe5dc;bom;4;0;1;0;0;0;0;0;0;0;0;0;0;0;0;0;0;0;0;0
93e2c887-9a18-4489-9f9c-b1d992abb4fb;Não consigo resgatar e reaplicar meus investimentos desde sexta-feira Aplicativo instável;3;1;0;0;0;0;1;0;0;0;0;0;0;1;0;0;0;0;0;0
fe631ee9-affa-481f-8686-f4707336c4a0;bom por enquanto;5;0;1;0;0;0;0;0;0;0;0;0;0;0;0;0;0;0;0;0
86f4b030-18ef-46c2-991c-34469d6e75cd;Esse aplicativo é muito ruim não tem nenhuma opção de encerramento de conta e o banco parece q fica obrigando o usuário a ficar com a conta e o usuário fica preso no aplicativo sem saber o q que fazer.;1;1;0;0;0;0;0;1;0;0;0;0;1;0;0;0;0;0;0;0
d4c20ab3-76df-4e52-9f41-fc6c2320470b;Não consigo abrir o aplicativo. Tenho sempre que reiniciar o celular. Concordo com todas as avaliações dada aqui;2;1;0;0;0;0;1;0;0;0;0;0;0;0;0;0;0;0;0;1
db07b8d4-16b0-4089-98fb-c6401c64115c;ótimo;5;0;1;0;0;0;0;0;0;0;0;0;0;0;0;0;0;0;0;0
624b4851-31cc-43b5-bd56-2d072210c471;ótimo app rápido e não tem delei;5;0;1;0;0;0;1;1;0;0;0;0;0;0;0;0;0;0;0;0
08a42e1f-3508-480f-bc00-c211e935bf4c;Está péssimo foi só elogiar e desandou;2;1;0;0;0;0;1;0;0;0;0;0;0;0;0;0;0;0;0;0
3605d3bb-9890-45d0-95c4-c71d3dcd11c3;O aplicativo está péssimo não está abrindo. Toda vez que é pra abrir tem que desinstalar e estalar de novo.;5;1;0;0;0;0;1;0;0;0;0;0;0;0;0;0;0;0;0;0
8b3238fe-ef69-45dd-a232-1e2ebcfaf85b;bom banco;5;0;1;0;0;0;0;0;0;0;0;0;0;0;0;0;0;0;0;0
b44e78a9-a393-4607-8eab-f63953d6ab08;muito bom esses APP amei só preciso de limite agora pra melhorar;5;0;1;0;0;0;0;1;1;0;0;0;0;0;0;0;0;0;0;0
1708b44f-9924-4c12-b56f-311ffa8c50a4;o dinhero esta sumido da conta;3;1;0;0;0;0;0;0;0;0;1;0;0;0;0;0;0;0;0;0
585237d2-4986-4caf-93a1-8cbd75aacca8;Estou muito insatisfeito com esse banco;1;1;0;0;0;0;0;0;0;0;0;0;0;0;0;0;0;0;0;0
424708da-edf5-423b-ac39-3fd8518ae64f;Quero mais opções. Falar para depositar na conta cambio não concretizado.Estou indignada pelo serviço de câmbio e opções do APP;1;1;0;0;0;0;0;0;0;0;0;0;0;1;0;0;1;0;0;0
0892921e-5520-4a25-ac20-99d4c0cfa5ff;bom;5;0;1;0;0;0;0;0;0;0;0;0;0;0;0;0;0;0;0;0
bbb79a70-91ac-441c-aad1-a13f3bd1907d;péssimas;1;0;1;0;0;0;0;0;0;0;0;0;0;0;0;0;0;0;0;0
1bc7bdb6-a316-4ded-8d26-d7ba6d6dfd52;Tá péssimo;1;1;0;0;0;0;0;0;0;0;0;0;0;0;0;0;0;0;0;0
21b6efc1-a001-410f-a7ec-1501718e8ba1;maravilhoso;5;0;1;0;0;0;0;0;0;0;0;0;0;0;0;0;0;0;0;0
60836751-50d9-489a-814a-59aec3385443;estou satisfeito com o atendimento espero que tenhamos grandes oportunidades de negócios e trabalhar juntos;5;0;1;0;0;0;0;0;0;0;0;1;0;0;0;0;0;0;0;0
5865d84f-51fd-4237-927f-f7e135aaaad2;Excelente;5;0;1;0;0;0;0;0;0;0;0;0;0;0;0;0;0;0;0;0
2fe109a4-d867-41a1-9d16-f3dbff84bb9a;Aplicativo trava de mais;3;1;0;0;0;0;1;0;0;0;0;0;0;0;0;0;0;0;0;0
31c12f4f-0fcd-4a18-a7f9-1c4700b49812;e bom tou espremedor;5;0;0;1;0;0;0;0;0;0;0;0;0;0;0;0;0;0;0;0
8e121b80-e975-43cf-a7e6-723ef83de39f;muito bom;4;0;1;0;0;0;0;0;0;0;0;0;0;0;0;0;0;0;0;0
ae2e85db-f824-4643-84dc-4e15917581bd;em teste;5;0;0;1;0;0;0;1;0;0;0;0;0;0;0;0;0;0;0;0
96db2798-5c3f-4c87-b2b8-5779b7bca620;muito bom;5;0;1;0;0;0;0;0;0;0;0;0;0;0;0;0;0;0;0;0
52c2b206-1cb9-4af3-9ba7-5f489e014c8f;bom;5;0;1;0;0;0;0;0;0;0;0;0;0;0;0;0;0;0;0;0
89d6de8b-ba09-45e1-8a01-d8bb9d7da9f7;excelente APP tudo certo ✔️ obrigada;5;0;1;0;0;0;0;1;0;0;0;0;0;0;0;0;0;0;0;0
1483cc42-03dd-480a-a43d-322cd737c45c;bom de mais;5;0;1;0;0;0;0;0;0;0;0;0;0;0;0;0;0;0;0;0
00535220-d0d9-49c6-a3e5-26ea949d6585;muito obrigado muito bom.....;5;0;1;0;0;0;0;0;0;0;0;0;0;0;0;0;0;0;0;0
b4503df0-8bfd-43b6-a5de-abbc1688985e;boa;5;0;1;0;0;0;0;0;0;0;0;0;0;0;0;0;0;0;0;0
021a77c7-f46f-438d-9a4d-76a581eaa91c;muito prático;5;0;1;0;0;0;0;1;0;0;0;0;0;0;0;0;0;0;0;0
a4680734-93a9-47b7-abae-c450e34ec912;Horrível não funciona nada nesse aplicativo;1;1;0;0;0;0;1;0;0;0;0;0;0;0;0;0;0;0;0;0
4feeb5f0-512c-4cb3-aaab-58d6f8e969a3;Péssimo banco péssimo não recomendo a ninguém faz tempo que tenho a conta e até hoge nda de liberar crêdito nda;1;1;0;0;0;0;0;0;1;0;0;0;0;0;0;0;0;0;0;0
58a55f31-cf94-4a9e-b8ac-151c32f6cd86;Muita dificuldade para conseguir falar com atendente presencial Não tem suporte Péssimo atendimento online A gente liga nunca consegue resultado Não consigo emitir boleto de renegociação tentando falar com alguém até agora nada vai vencer a data;1;1;0;0;0;0;0;0;1;0;0;1;0;0;0;0;0;0;0;0
d8515e25-fe04-4194-a9ea-117eae2b32fd;Estou com problema com banco total insatisfeito pq ninguém resolve o problema;1;1;0;0;0;0;0;0;0;0;0;0;0;0;0;0;0;0;0;0
95eb92a5-2699-4ca6-a27d-48b6f7c93d48;que até aqui tem nos ajudado muito;5;0;1;0;0;0;0;0;0;0;0;0;0;0;0;0;0;0;0;0
0128938e-1082-40d3-a493-d0c6e05bfd06;bom muito bom;5;0;1;0;0;0;0;0;0;0;0;0;0;0;0;0;0;0;0;0
ab55eb6f-90e0-4306-ba50-a23f1e294446;ruim sempre é ajuda nada crédito conta limite 😕;1;1;0;0;0;0;0;0;1;0;0;1;0;0;0;0;0;0;0;0
cbbdabff-60df-4831-9341-9874255113bf;ótimo;5;0;1;0;0;0;0;0;0;0;0;0;0;0;0;0;0;0;0;0
6c1925d9-1e08-43f0-9126-6bdb258ca3aa;ótimo;5;0;1;0;0;0;0;0;0;0;0;0;0;0;0;0;0;0;0;0
ddfeeb04-d5d4-4b00-9231-030fd55081dd;e ótimo recioluciona tudo ótimo app;5;0;1;0;0;0;0;0;0;0;0;0;0;0;0;0;0;0;0;0
6f9791db-98a2-487b-8417-7bb253446c3c;top;5;0;1;0;0;0;0;0;0;0;0;0;0;0;0;0;0;0;0;0
8cfdffc5-afd7-4397-8f94-607889a92205;Excelente aplicativo fácil manuseio.;5;0;1;0;0;0;0;1;0;0;0;0;0;0;0;0;0;0;0;0
87448506-7a42-4573-886c-a91017cf498d;é o melhor banco para se trabalhar!;5;0;1;0;0;0;0;0;0;0;0;0;0;0;0;0;0;0;0;0
971a7765-3abf-4b60-8bad-e74a73cf9ddc;otimo app!;5;0;1;0;0;0;0;1;0;0;0;0;0;0;0;0;0;0;0;0
ff7c9413-2e15-41f1-a35f-d3f396e851b3;simples rápido e fácil top demais;5;0;1;0;0;0;0;1;0;0;0;0;0;0;0;0;0;0;0;0
6e6542f8-c6c1-40be-9442-741c0eb3c0c1;bom;5;0;1;0;0;0;0;0;0;0;0;0;0;0;0;0;0;0;0;0
b945d9d5-cc0a-47b6-b998-c472e901d04b;Excelente app;5;0;1;0;0;0;0;1;0;0;0;0;0;0;0;0;0;0;0;0
d5e50e64-0c95-4bff-9150-12e1c41d8fd4;Muito bom;5;0;1;0;0;0;0;0;0;0;0;0;0;0;0;0;0;0;0;0
cbf7fca1-b66d-42e6-8234-00de98c01c29;Ótimo;5;0;1;0;0;0;0;0;0;0;0;0;0;0;0;0;0;0;0;0
ff1a81b1-1c5a-46f3-ac67-44616a44f24d;estou muito contente com meu banco;5;0;1;0;0;0;0;0;0;0;0;0;0;0;0;0;0;0;0;0
053be0d8-9c75-4fce-914c-429b4cd670d6;excelente;5;0;1;0;0;0;0;0;0;0;0;0;0;0;0;0;0;0;0;0
1f99e692-da53-41a1-bb65-5933d90546d2;ótimo;5;0;1;0;0;0;0;0;0;0;0;0;0;0;0;0;0;0;0;0
7b96a6a4-fe5f-43eb-8816-84652bcd88ad;aplicativo muito bom;5;0;1;0;0;0;0;1;0;0;0;0;0;0;0;0;0;0;0;0
82afa9a9-4cac-4b26-80f0-d726c37ef3a9;O problema é quando eu quero abrir o aplicativo tenho que reiniciar o celular;5;1;0;0;0;0;1;0;0;0;0;0;0;0;0;0;0;0;0;1
e99f5779-1897-4a99-ad13-258c6c50c10c;excelente;5;0;1;0;0;0;0;0;0;0;0;0;0;0;0;0;0;0;0;0
122d53a2-4aec-4096-8e55-d901280cdb17;toda hr tenho que desinstalar e instalar N está funcionando;5;1;0;0;0;0;1;0;0;0;0;0;0;0;0;0;0;0;0;0
8f99e76e-c3f7-4fc9-9051-a18703dc2290;ótimo;4;0;1;0;0;0;0;0;0;0;0;0;0;0;0;0;0;0;0;0
99928a80-e5f5-43d9-a922-4f3c6d736395;Tá um lixo o app de vcs não consigo fazer pix de mizeros 5 reais;5;1;0;0;1;0;1;0;0;0;0;0;0;0;0;0;0;0;0;0
38b0de86-1217-426f-9659-f68c13cdfc90;muito bom 👍;5;0;1;0;0;0;0;0;0;0;0;0;0;0;0;0;0;0;0;0
fb7b53cc-7a04-4d57-a0f9-7291ce8b6c70;muito bom adorei;5;0;1;0;0;0;0;0;0;0;0;0;0;0;0;0;0;0;0;0
01c22fae-7fc1-495e-9a13-8d6154c06bb0;trava muito o app e sempre estar indisponivel achou que vou cáncelar minha conta por não poder usar pela insdispondibilidadé do app;5;1;0;0;0;0;1;0;0;0;0;0;1;0;0;0;0;0;0;0
b9f36e13-b531-476a-b17c-e5d9f51a2a47;muito bom;5;0;1;0;0;0;0;0;0;0;0;0;0;0;0;0;0;0;0;0
3201032a-43dd-4aa3-8b42-fd9eea9c2947;muito bom;5;0;1;0;0;0;0;0;0;0;0;0;0;0;0;0;0;0;0;0
9b92e33a-c8ea-4dc6-8d8d-b9772034e0c1;ótima;5;0;1;0;0;0;0;0;0;0;0;0;0;0;0;0;0;0;0;0
58108c1d-7856-45f7-8d63-2da961fba71a;Ótimo aplicativo;5;0;1;0;0;0;0;1;0;0;0;0;0;0;0;0;0;0;0;0
3faf7e43-d569-431f-94a8-7f9dd69e459a;estou conhecendo pretendo trabalhar com vocês;5;0;1;0;0;0;0;0;0;0;0;0;0;0;0;0;0;0;0;0
c353f7f1-9d5c-49a0-a15a-eb270a23abb3;Excelente;5;0;1;0;0;0;0;0;0;0;0;0;0;0;0;0;0;0;0;0
22d8b9da-23f4-4552-908c-f4165f503b00;Simples e fácil.;5;0;1;0;0;0;0;1;0;0;0;0;0;0;0;0;0;0;0;0
75daaf18-e759-4353-a650-d47e2f178160;ótimo;5;0;1;0;0;0;0;0;0;0;0;0;0;0;0;0;0;0;0;0
85e6ab63-6e71-4859-a333-7ec9432b7186;Ótimo;5;0;1;0;0;0;0;0;0;0;0;0;0;0;0;0;0;0;0;0
7ced0015-5dcc-4a5e-922d-def9ccbbf9d6;Cartao qual limite;5;0;0;1;0;0;0;0;1;0;0;0;0;0;0;0;0;0;0;0
a1d7cec2-09e3-45d0-a645-9c0b1126da42;excelente;5;0;1;0;0;0;0;0;0;0;0;0;0;0;0;0;0;0;0;0
6b816584-1c0c-440a-bff1-80ec43f47fc9;ruim;1;1;0;0;0;0;0;0;0;0;0;0;0;0;0;0;0;0;0;0
eab0043c-2733-453a-abc5-4805e1312a8c;bom;4;0;1;0;0;0;0;0;0;0;0;0;0;0;0;0;0;0;0;0
5b263d51-3362-4f5e-8687-29b0985811f8;muito bom o app;5;0;1;0;0;0;0;1;0;0;0;0;0;0;0;0;0;0;0;0
4d6a9d17-c72b-433a-9f48-dbbf52f012d8;Bom;5;0;1;0;0;0;0;0;0;0;0;0;0;0;0;0;0;0;0;0
4ee7f6b3-f77b-4346-922a-480c63b562d7;Este aplicativo está impedindo de eu abrir uma conta no Santander primeira que é sobrepor aos outros aplicativos depois quer vasculhar o celular da gente todo e tenho que autorizar outros empresas parceiros pode usar meus dados também com pode isso um absurdo esse aplicativo não tenho que autorizar isso e o aplicativo obriga a fazer se quiser usar ele o app então prefiro não abrir minha conta no Santander infelizmente;1;1;0;0;0;0;0;0;0;0;0;0;1;0;1;0;0;0;0;0
accdbbe5-b368-49d2-9a42-d97091eca403;muito bom;5;0;1;0;0;0;0;0;0;0;0;0;0;0;0;0;0;0;0;0
f517c722-9899-4e12-b52c-7b67634091d1;ótimo;5;0;1;0;0;0;0;0;0;0;0;0;0;0;0;0;0;0;0;0
1c5d6d93-8593-49f7-a55b-88735db463e6;bom;5;0;1;0;0;0;0;0;0;0;0;0;0;0;0;0;0;0;0;0
eb6727c8-8004-4347-83d8-bd2e13f179e5;muito bom;5;0;1;0;0;0;0;0;0;0;0;0;0;0;0;0;0;0;0;0
0f6f2bf8-28b9-4b8c-ab62-5467facd3a46;bom;5;0;1;0;0;0;0;0;0;0;0;0;0;0;0;0;0;0;0;0
fbfb0424-9ad2-477e-a106-1d89bef366f5;muito fácil e útil de utilizar;4;0;1;0;0;0;0;1;0;0;0;0;0;0;0;0;0;0;0;0
2276dff2-8508-4e07-ac42-f1aa70ec2bde;estou satisfeita com o aplicativo até agora não tenho reclamação;5;0;1;0;0;0;0;1;0;0;0;0;0;0;0;0;0;0;0;0
2fc640b2-d694-4d63-9f86-1d23377377bb;o melhor aplicativo de banco que já vi..;5;0;1;0;0;0;0;1;0;0;0;0;0;0;0;0;0;0;0;0
02492ad0-442c-45cb-8e36-1e0a5650f9ce;muito bom;5;0;1;0;0;0;0;0;0;0;0;0;0;0;0;0;0;0;0;0
85f8aa41-e5df-440d-8584-92c5a9a9d687;maravilhoso;5;0;1;0;0;0;0;0;0;0;0;0;0;0;0;0;0;0;0;0
ee89cbdf-1934-44e6-ae00-0ce3d62597f5;super fácil e rápido!!;5;0;1;0;0;0;1;1;0;0;0;0;0;0;0;0;0;0;0;0
3082789d-736c-41c3-8a6a-ff294f9aee68;Boa;5;0;1;0;0;0;0;0;0;0;0;0;0;0;0;0;0;0;0;0
97589d7c-aad3-4662-96bb-732cb2bb3548;bom;5;0;1;0;0;0;0;0;0;0;0;0;0;0;0;0;0;0;0;0
27247bf3-ecaa-4437-a0f3-0c73472f2047;muito bom;5;0;1;0;0;0;0;0;0;0;0;0;0;0;0;0;0;0;0;0
7d4b2495-cbe5-4b0e-b285-2f853f8505ce;muito bom 😊😊😊;5;0;1;0;0;0;0;0;0;0;0;0;0;0;0;0;0;0;0;0
0a0bed69-41d4-4afa-9600-4ee455227717;bom;4;0;1;0;0;0;0;0;0;0;0;0;0;0;0;0;0;0;0;0
d971e0f4-b8b3-47e4-bb29-b6dcbfcf374d;Santander é um banco nota 10.;5;0;1;0;0;0;0;0;0;0;0;0;0;0;0;0;0;0;0;0
882b5a98-660b-481c-94cf-2e226c2df186;É bom gostei só as notificações de Pix não tem jeito já fiz de tudo e não resolve;4;1;0;0;1;0;0;0;0;0;0;0;0;0;0;1;0;0;0;0
bff49c2a-667a-46be-98e1-51e4a3f7d678;muito bom;5;0;1;0;0;0;0;0;0;0;0;0;0;0;0;0;0;0;0;0
22d26e5e-43aa-45f1-8806-51b4d517ed6b;muito bom;5;0;1;0;0;0;0;0;0;0;0;0;0;0;0;0;0;0;0;0
dd003256-f61b-4449-8104-2eceaf32a001;prático;5;0;1;0;0;0;0;1;0;0;0;0;0;0;0;0;0;0;0;0
63d8cf62-8116-4e3f-b4a6-11bd1a66ad0d;prático e eficiente. 10 !!! Está com problemas de acesso . Sou obrigado a reiniciar o aparelho para poder acessar o app .;5;0;1;0;0;1;0;1;0;0;0;0;0;0;0;0;0;0;0;0
10fdf220-9aac-41c8-9488-babffcbf8674;é muito bom;5;0;1;0;0;0;0;0;0;0;0;0;0;0;0;0;0;0;0;0
6d47afed-a32d-43df-bed1-e101f641b55e;Arrumem isso ai nao estou conseguindo logar;1;1;0;0;0;1;0;0;0;0;0;0;0;0;0;0;0;0;0;0
9ec40e3a-4674-494e-91dc-2865018939d0;muito bom;5;0;1;0;0;0;0;0;0;0;0;0;0;0;0;0;0;0;0;0
e191c356-539b-4581-b658-488e3d13436a;muito bom;5;0;1;0;0;0;0;0;0;0;0;0;0;0;0;0;0;0;0;0
584c01e2-d60d-4899-9a6d-dcfd60b8894a;Banco de confiança é o Santander gosto muito dele não há burocracia no Santander os atendentes são qualificados e bem educados;5;0;1;0;0;0;0;0;0;0;0;1;0;0;0;0;0;0;0;0
f2d40d1d-cebf-412c-8d46-5244a2eb637d;amei a facilidade para abrir a conta;5;0;1;0;0;0;0;1;0;0;0;0;1;0;0;0;0;0;0;0
5497d61e-0356-43cd-9703-a6dba70e2ec3;ótima;5;0;1;0;0;0;0;0;0;0;0;0;0;0;0;0;0;0;0;0
b0deeec2-9640-4fe8-9646-58be67af18ec;App está péssimo bugado só consigo acessar se reiniciar o celular toda vez;4;1;0;0;0;0;1;0;0;0;0;0;0;0;0;0;0;0;0;0
de31032d-4f0e-4563-8d4e-6a96a54a9d5d;muito bom app recomendo;5;0;1;0;0;0;0;1;0;0;0;0;0;0;0;0;0;0;0;0
3afb1f67-0763-4506-b588-90a800447d93;excelente banco;5;0;1;0;0;0;0;0;0;0;0;0;0;0;0;0;0;0;0;0
733249b8-33ae-4c5b-85cd-2601d303afbc;otimo;5;0;1;0;0;0;0;0;0;0;0;0;0;0;0;0;0;0;0;0
410b37ad-661e-4ee0-b301-22f18a11cec2;muito fácil ótimo adorei;5;0;1;0;0;0;0;1;0;0;0;0;0;0;0;0;0;0;0;0
1a8e6388-e466-45e3-8e4c-f43146f833ca;é Eu quero ser beneficiário do que eu tenho direito amém ❤️ porque todos tem essa sorte é eu não é eu quero os meus direitos de cidadão;5;0;1;0;0;0;0;0;0;0;0;0;0;0;0;0;0;0;0;0
502f1aad-e5f7-4eae-b278-67052cf58cf1;ok;5;0;0;1;0;0;0;0;0;0;0;0;0;0;0;0;0;0;0;0
3e08316a-4af1-401e-9b1d-323fd7293227;♥️;5;0;1;0;0;0;0;0;0;0;0;0;0;0;0;0;0;0;0;0
e3261d84-6205-48e1-95fa-069824a251b8;ok;5;0;0;1;0;0;0;0;0;0;0;0;0;0;0;0;0;0;0;0
32eb8f83-e891-4757-9675-3ef2bc8ed46d;top;5;0;1;0;0;0;0;0;0;0;0;0;0;0;0;0;0;0;0;0
9f20ad0a-2181-4dd3-b963-d508b57659c4;otima;5;0;1;0;0;0;0;0;0;0;0;0;0;0;0;0;0;0;0;0
82c5f186-771a-4854-8641-e944b6960b34;Bomljfdråd pode trocar ela de certeza pelo o cachorrinho dele no chão ele tá ali ó;5;0;0;1;0;0;0;0;0;0;0;0;0;0;0;0;0;0;0;0
daf7f225-f18d-42b7-8c95-79c1b594ffed;muito bom;5;0;1;0;0;0;0;0;0;0;0;0;0;0;0;0;0;0;0;0
66a83956-618b-487e-a70a-d1a8e5203fc4;muito bom;5;0;1;0;0;0;0;0;0;0;0;0;0;0;0;0;0;0;0;0
7c6f3d07-ef5f-427d-b3a1-2412acc01939;Misericórdia... Travando demais... Tenho que desinstalar e instalar novamente toda vez que preciso usar o app... Chato isso...;2;1;0;0;0;0;1;0;0;0;0;0;0;0;0;0;0;0;0;0
b4f7a68f-12ae-46d0-a70e-f25abf8c4278;muito bom;5;0;1;0;0;0;0;0;0;0;0;0;0;0;0;0;0;0;0;0
bad104af-d481-43e2-8128-9121e3f5c443;muito bom;5;0;1;0;0;0;0;0;0;0;0;0;0;0;0;0;0;0;0;0
3465c03d-ddd9-4eb7-82e8-ef8da31d5d7e;show;5;0;1;0;0;0;0;0;0;0;0;0;0;0;0;0;0;0;0;0
ae85909d-1419-4cd7-8396-4148d0bd8ef4;ótimo banco;5;0;1;0;0;0;0;0;0;0;0;0;0;0;0;0;0;0;0;0
cd3fe739-99a3-439e-962a-afdc9527353f;Ótimo;5;0;1;0;0;0;0;0;0;0;0;0;0;0;0;0;0;0;0;0
da25160b-0c30-49c4-8046-fea77687bd06;os extratos não atualizam;4;1;0;0;0;0;0;0;0;0;1;0;0;0;0;0;0;0;0;0
b010ac9b-4e4f-4f53-bd9b-a7a4fd8f6670;muito bom;5;0;1;0;0;0;0;0;0;0;0;0;0;0;0;0;0;0;0;0
8acc67b0-5e80-4aaa-9c69-75e2c0c824a3;agilidade;5;0;1;0;0;0;1;1;0;0;0;0;0;0;0;0;0;0;0;0
17ea597a-077b-44fc-a2d0-537a83afcd2c;Santander nota 10 !;5;0;1;0;0;0;0;0;0;0;0;0;0;0;0;0;0;0;0;0
4790c94e-c4ad-4cbf-abe8-15afdce5320e;APP está cada vez melhor;5;0;1;0;0;0;0;1;0;0;0;0;0;0;0;0;0;0;0;0
657cb2dc-c86a-4741-a50a-efbc588e6e1f;Bom 👍;5;0;1;0;0;0;0;0;0;0;0;0;0;0;0;0;0;0;0;0
174e857f-a99e-42f8-a378-0d37769c5535;Excelente;5;0;1;0;0;0;0;0;0;0;0;0;0;0;0;0;0;0;0;0
aa50e9b6-6d6b-45b3-9fc8-bc45f3aabbdf;Muito bom;5;0;1;0;0;0;0;0;0;0;0;0;0;0;0;0;0;0;0;0
efea3f23-c778-40ae-aabd-a84104af5a9e;Da última atualização pra cá meu app não funciona;5;1;0;0;0;0;1;0;0;0;0;0;0;0;0;0;0;0;0;0
572560c3-c889-4f5b-9375-b81324bfbcb2;muito bom;5;0;1;0;0;0;0;0;0;0;0;0;0;0;0;0;0;0;0;0
2f97d372-73ef-43c0-a94c-a61a42eca23f;muito bom;5;0;1;0;0;0;0;0;0;0;0;0;0;0;0;0;0;0;0;0
2b5cb04b-1b23-4aab-a547-4af2c29afe53;funciona as vezes;4;0;0;1;0;0;0;1;0;0;0;0;0;0;0;0;0;0;0;0
7ee2a19e-6541-4f18-acc4-0fd7156a75b0;Não abre o aplicativo trva;1;1;0;0;0;0;1;0;0;0;0;0;0;0;0;0;0;0;0;0
750807ce-844b-4279-bb1f-ce790eebb2f5;ótimo;5;0;1;0;0;0;0;0;0;0;0;0;0;0;0;0;0;0;0;0
0c135ddc-6408-4caf-b9b0-4d26f3dd65d6;excepcional;5;0;1;0;0;0;0;0;0;0;0;0;0;0;0;0;0;0;0;0
ba341c04-080a-49d3-a751-0d54084d3a5b;Muito bom;5;0;1;0;0;0;0;0;0;0;0;0;0;0;0;0;0;0;0;0
0ed68be6-d6fb-415d-a4e8-c14e7fb3f268;ótimo;5;0;1;0;0;0;0;0;0;0;0;0;0;0;0;0;0;0;0;0
c2dfeeaf-6cde-4158-8312-466243bf1a3f;excelência;5;0;1;0;0;0;0;0;0;0;0;0;0;0;0;0;0;0;0;0
724fa732-1091-46d9-9145-6a8e11f8c8aa;Muito bom transações muito rápida parabéns;5;0;1;0;0;0;1;1;0;0;0;0;0;0;0;0;0;0;0;0
edd36579-26d7-4f45-9092-70f773f28405;boa noite a todos;5;0;1;0;0;0;0;0;0;0;0;0;0;0;0;0;0;0;0;0
b40083b1-f8df-42ac-a851-28aa939ae509;Está péssimo para abrir;2;1;0;0;0;0;1;0;0;0;0;0;0;0;0;0;0;0;0;0
d14cddf3-9978-4704-8a1e-6981044e6aa1;Simples de operar e bom atendimento.;5;0;1;0;0;0;0;1;0;0;0;1;0;0;0;0;0;0;0;0
c07dcd9e-1296-430e-9956-706a8e6dbc03;muito bom;5;0;1;0;0;0;0;0;0;0;0;0;0;0;0;0;0;0;0;0
a34f0a7d-1f0c-4232-b48c-a73c34d3e273;O aplicativo tá péssimo para abrir.;1;1;0;0;0;0;1;0;0;0;0;0;0;0;0;0;0;0;0;0
5582c825-a038-4433-acad-354e2cdcccbe;Excelente;5;0;1;0;0;0;0;0;0;0;0;0;0;0;0;0;0;0;0;0
eb47286f-e7bd-4bde-adac-40911f86f94a;bom;5;0;1;0;0;0;0;0;0;0;0;0;0;0;0;0;0;0;0;0
bbd7be97-9336-4430-9505-301bab4d34c4;ótimo;5;0;1;0;0;0;0;0;0;0;0;0;0;0;0;0;0;0;0;0
86ac2a35-95cd-45c4-8586-a52511c97a92;muito prático;5;0;1;0;0;0;0;1;0;0;0;0;0;0;0;0;0;0;0;0
4fe23bf8-d220-4cf4-9720-d272c87ec9f5;só demora pra liberar um cartão de crédito um empréstimo um cheque especial tô esperando;5;1;0;0;0;0;0;0;1;0;0;0;0;0;0;0;0;0;0;0
695b7f4b-d503-48a8-a173-01a0bc0d8e3c;ótimo atendimento;5;0;1;0;0;0;0;0;0;0;0;1;0;0;0;0;0;0;0;0
203368dd-555b-4888-b988-7f894ac1989d;Excelente;5;0;1;0;0;0;0;0;0;0;0;0;0;0;0;0;0;0;0;0
ec423076-5457-4497-97d9-62d9cfadd954;Pessimo....quero incerrar a conta..;1;1;0;0;0;0;0;0;0;0;0;0;1;0;0;0;0;0;0;0
7d9c3803-1d96-4493-aea8-465971436ca5;ótimo;5;0;1;0;0;0;0;0;0;0;0;0;0;0;0;0;0;0;0;0
f2f41309-af23-45d7-a2e2-d442225a67f7;Tá na hora de melhorarem esse app. Buga quase sempre.;2;1;0;0;0;0;1;0;0;0;0;0;0;0;0;0;0;0;0;0
353b1b38-a972-4759-afd7-46ddfe181fa4;APP fácil de usar;5;0;1;0;0;0;0;1;0;0;0;0;0;0;0;0;0;0;0;0
3c655097-c9cf-458b-8b66-a2dfc6cb1fb0;Muito funcional. *Atualização 07/2024: Bem ruim esse banner logo na abertura do App hein?!;4;1;0;0;0;0;0;1;0;0;0;0;0;0;0;0;0;0;0;0
6c73f754-3ab2-4e66-9100-7eb8144eb84c;É maravilhoso;5;0;1;0;0;0;0;0;0;0;0;0;0;0;0;0;0;0;0;0
975932c2-882c-4c00-8427-16a551ae010a;muito bom;5;0;1;0;0;0;0;0;0;0;0;0;0;0;0;0;0;0;0;0
4d4533ea-ed0d-4ef3-99a8-3a13e029166f;É muito top prático fácil e rápido💋;5;0;1;0;0;0;0;0;0;0;0;0;0;0;0;0;0;0;0;0
c4adf9b4-7dda-4a42-acf1-e8b9b24a4fce;10 muito bom 👍 com Santander;5;0;1;0;0;0;0;0;0;0;0;0;0;0;0;0;0;0;0;0
ab21306d-542f-4758-a9bd-bd05e4108d4f;de vez quando no horário de pico sai fora do ar mas até agora com 2 meses usando ele não tive mais problemas que isso.;5;1;0;0;0;0;1;0;0;0;0;0;0;0;0;0;0;0;0;0
71764309-efc4-4e03-aa0a-4f8bf68ae69e;top;5;0;1;0;0;0;0;0;0;0;0;0;0;0;0;0;0;0;0;0
cf23e796-1d95-4cbc-80bc-f78243e13c90;Péssimo não consigo entrar pra pagar fatura;1;1;0;0;0;0;0;0;0;1;0;0;0;0;0;0;0;0;0;0
b8394ca9-9059-4e9e-bb0b-22ab2f227f85;Muito obrigado;5;0;1;0;0;0;0;0;0;0;0;0;0;0;0;0;0;0;0;0
5485071b-6f8a-4ec7-870a-fbbfbbb17f0b;bom;5;0;1;0;0;0;0;0;0;0;0;0;0;0;0;0;0;0;0;0
70395b56-6ffd-46a5-96d5-e5691a42b179;está péssimo;5;1;0;0;0;0;0;0;0;0;0;0;0;0;0;0;0;0;0;0
d1ecba9e-aff9-4e54-96fe-1ff9fd8deafb;muito bom esse banco;5;0;1;0;0;0;0;0;0;0;0;0;0;0;0;0;0;0;0;0
c7777785-ac96-4d34-aec0-ec4c93fb2b9e;Rápido e pratico;5;0;1;0;0;0;1;1;0;0;0;0;0;0;0;0;0;0;0;0
cc3b9ec4-2f27-458e-890a-dff5484b975f;O app no início era ótimo agora tenho que ficar desligando meu celular sempre quando vo entrar na conta ajuda nos né;2;1;0;0;0;1;1;0;0;0;0;0;0;0;0;0;0;0;0;0
69ab015a-3d96-4558-8cd7-d30e9c6059e3;Muito bom para se trabalhar no agronegócio;5;0;1;0;0;0;0;1;0;0;0;0;0;0;0;0;0;0;0;0
8b3eb118-c14a-4015-acab-647b36da8d60;Nossa eu não tô conseguindo entrar no app do banco meus boletos vão vencer e não consigo entrar;1;1;0;0;0;1;0;0;0;1;0;0;0;0;0;0;0;0;0;0
dd15e6f8-1fc9-4652-ae18-b246e5b83693;um lixo... bloqueio de poupança sem autorização e etc..;1;1;0;0;0;0;0;0;0;0;0;0;1;1;0;0;0;0;0;0
4b2e1168-9699-41ae-8e04-36557bb09553;ótimo graças à Deus;5;0;1;0;0;0;0;0;0;0;0;0;0;0;0;0;0;0;0;0
2e0c3759-142b-43ec-97ae-d177f2b0a49f;ótimo;5;0;1;0;0;0;0;0;0;0;0;0;0;0;0;0;0;0;0;0
4c2c3951-55cf-4706-ba70-c96360a4acce;muito bom mas gostaria de ter o limite de crédito pra facilitar mas;5;0;1;0;0;0;0;0;1;0;0;0;0;0;0;0;0;0;0;0
d3c417da-7087-4160-99af-19826980ed91;Muito fraco não dá alerta de pix;1;1;0;0;1;0;0;0;0;0;0;0;0;0;0;1;0;0;0;0
a5e78c75-5c3c-41df-9043-d868a1bb01fd;por conta que vou começar utilizar agora;3;0;0;1;0;0;0;0;0;0;0;0;0;0;0;0;0;0;0;0
7669748f-2d1d-4248-9778-4effcd36dad3;top;5;0;1;0;0;0;0;0;0;0;0;0;0;0;0;0;0;0;0;0
150c2510-ad9c-461d-aa15-e82d6b2cb4a5;as notificacoes de pix nao funcionam;4;1;0;0;1;0;0;0;0;0;0;0;0;0;0;1;0;0;0;0
4abb4a81-a7cf-4014-b398-e1e8aec74c39;gosto do trabalho de vocês;5;0;1;0;0;0;0;0;0;0;0;1;0;0;0;0;0;0;0;0
33a0ce9f-89f7-4521-a2c1-679638538d2c;maravilhoso EU recomendo muito bom gostei;5;0;1;0;0;0;0;0;0;0;0;0;0;0;0;0;0;0;0;0
2f85efe8-6951-4ea5-a549-93da88c4426e;excelente;5;0;1;0;0;0;0;0;0;0;0;0;0;0;0;0;0;0;0;0
09709c7c-a652-488f-82ab-ad71cc5c45fe;Todo bom legal;5;0;1;0;0;0;0;0;0;0;0;0;0;0;0;0;0;0;0;0
00857645-f23f-47ae-8e23-6e5025f60cca;Está tudo certo.;5;0;1;0;0;0;0;0;0;0;0;0;0;0;0;0;0;0;0;0
f03db650-4cce-49fa-afaf-a57ee4591ed7;muito bom para transferência super recomendo banco Santander ☺️☺️;5;0;1;0;0;0;0;1;0;0;0;0;0;0;0;0;0;0;0;0
ce23079e-60be-4f04-ba38-ab03e6702f20;bom de mais;5;0;1;0;0;0;0;0;0;0;0;0;0;0;0;0;0;0;0;0
60d8ae97-aa70-4310-8cab-549972f17ea7;Pessimo app sempre trava e pede confirmação de senha de cartão deixando assim com duvidas se é o banco ou golpe !;1;1;0;0;0;0;1;0;0;0;0;0;0;0;1;0;0;0;0;0
d5721250-04dc-4116-8e2a-a18003b5bfca;muito bom 👍;5;0;1;0;0;0;0;0;0;0;0;0;0;0;0;0;0;0;0;0
28cbfc40-37bc-4729-abfa-fb006ea60c89;muito bom;5;0;1;0;0;0;0;0;0;0;0;0;0;0;0;0;0;0;0;0
c67190e5-6386-42ac-baee-dd752148039e;até agora não deu problema nenhum tá tudo certo;5;0;1;0;0;0;0;1;0;0;0;0;0;0;0;0;0;0;0;0
1d76307c-3a86-45dd-8364-0082806e662f;Conseguimos resolver tudo está valendo a pena;4;0;1;0;0;0;0;0;0;0;0;0;0;0;0;0;0;0;0;0
b9f0d41a-ba9a-4661-9bdf-4449b20d1ad6;bom;5;0;1;0;0;0;0;0;0;0;0;0;0;0;0;0;0;0;0;0
8544c5cf-a3ae-41ac-b73a-c6f1d281433d;muito bom;5;0;1;0;0;0;0;0;0;0;0;0;0;0;0;0;0;0;0;0
4d10f269-453d-4e95-a26f-3abdc1805c54;Ótimo;5;0;1;0;0;0;0;0;0;0;0;0;0;0;0;0;0;0;0;0
f9f2fb6f-df60-412d-baf7-906ae1885ccc;Músico e Escritor;5;0;0;1;0;0;0;0;0;0;0;0;0;0;0;0;0;0;0;0
707272ff-e224-405e-a837-b87496415e78;Não entra quando preciso.;1;1;0;0;0;1;1;0;0;0;0;0;0;0;0;0;0;0;0;0
559c3b4a-1bd7-49b8-b2bd-ca3ed4006e26;ótima;5;0;1;0;0;0;0;0;0;0;0;0;0;0;0;0;0;0;0;0
6588228d-69e9-48aa-aa35-50b75ebcdb54;Só ter dinheiro na conta que o app para de funcionar do nada;1;1;0;0;0;0;1;0;0;0;0;0;0;0;0;0;0;0;0;0
14961b03-269d-4f61-80f1-1fa280ef72f1;Péssimo banco;1;1;0;0;0;0;0;0;0;0;0;0;0;0;0;0;0;0;0;0
20549bc5-a215-4ead-aef9-3164e657ac39;😎;5;0;1;0;0;0;0;0;0;0;0;0;0;0;0;0;0;0;0;0
7f04ac0d-c4cc-4998-a370-13fe36988349;Só me liberou um cartão vei de débito pra mim serve pra que? Aff;1;1;0;0;0;0;0;0;1;0;0;0;0;0;0;0;0;0;0;0
d5d19fcf-cb0b-4c1f-8c95-0edc2dbb9567;top;5;0;1;0;0;0;0;0;0;0;0;0;0;0;0;0;0;0;0;0
5c04b635-eb5b-430c-b025-8d532176f770;muito bom.;5;0;1;0;0;0;0;0;0;0;0;0;0;0;0;0;0;0;0;0
00af05d7-45aa-4a84-938f-0fe36c97c50c;Odiei;1;1;0;0;0;0;0;0;0;0;0;0;0;0;0;0;0;0;0;0
22c4ea9b-8550-43e2-aa22-6d833d36b305;excelentes;5;0;1;0;0;0;0;0;0;0;0;1;0;0;0;0;0;0;0;0
22cc5ee6-e534-4534-8459-a8e490ae65a3;😤;1;1;0;0;0;0;0;0;0;0;0;0;0;0;0;0;0;0;0;0
eca7b640-b4ce-4fa8-9019-c64dad1faeed;muito bom;5;0;1;0;0;0;0;0;0;0;0;0;0;0;0;0;0;0;0;0
6ab4eeb3-d3e7-4071-a75d-30833322b77f;Deus ilumine todos;5;0;0;1;0;0;0;0;0;0;0;0;0;0;0;0;0;0;0;0
3080655d-5cf5-46e1-85b8-57d3bee473a5;Já foi melhor;4;1;0;0;0;0;0;0;0;0;0;0;0;0;0;0;0;0;0;0
926c99ba-726d-483c-ac0e-8e3354bd3cb2;bom;4;0;1;0;0;0;0;0;0;0;0;0;0;0;0;0;0;0;0;0
0f01110c-3676-4372-908f-e722523ec46d;ótimo;5;0;1;0;0;0;0;0;0;0;0;0;0;0;0;0;0;0;0;0
c4fd8e0e-abfe-4ec2-b41c-bc9346aea46c;Com a nova atualizacao o aplicativo fica travando nao abre o aplicativo;1;1;0;0;0;0;1;0;0;0;0;0;0;0;0;0;0;0;0;0
a68278df-e3c4-4cd6-844d-49c752bf84fb;Não dá limite. Tenho a a mais de 2 anos;2;1;0;0;0;0;0;0;1;0;0;0;0;0;0;0;0;0;0;0
6a9a0f11-5329-42f8-81f9-0355da832145;e muito bom;5;0;1;0;0;0;0;0;0;0;0;0;0;0;0;0;0;0;0;0
fd152e95-ecc3-479f-b35e-ae8ef1a7c4b7;bom;5;0;1;0;0;0;0;0;0;0;0;0;0;0;0;0;0;0;0;0
a8fca1f1-be4c-4e9a-ab1e-257007b5f07a;Excelente aplicativo;5;0;1;0;0;0;0;1;0;0;0;0;0;0;0;0;0;0;0;0
0caa8ae5-ae6c-427e-a4c5-f169780df1b2;banco perfeito nota mil;5;0;1;0;0;0;0;0;0;0;0;0;0;0;0;0;0;0;0;0
32f9fe71-fb68-4913-bb67-3e34f533e11a;bom dia ótimo;4;0;1;0;0;0;0;0;0;0;0;0;0;0;0;0;0;0;0;0
3a4ae635-b244-46a2-bac2-df7b0304eb2b;fui muito bem atendida 🙏❤️ deu tudo certo 🙏;5;0;1;0;0;0;0;0;0;0;0;1;0;0;0;0;0;0;0;0
efccb51e-fe70-47ca-8b69-02042394e3bd;Ele está travando muito vou pagar uma conta não da trava;2;1;0;0;0;0;1;0;0;0;0;0;0;0;0;0;0;0;0;0
7c9b099c-8ab6-46bd-a2a2-95957072934a;Não consegui encontrar na conta não consegui fazer outra senha 😡;1;1;0;0;0;1;0;0;0;0;0;0;0;0;0;0;0;0;0;0
06a4ace1-22f4-4049-8763-99ff850d493e;Excelente;5;0;1;0;0;0;0;0;0;0;0;0;0;0;0;0;0;0;0;0
af1fd563-1b1f-4f23-abcd-543ae40ffbba;Depois da última atualização o App está travando todas as vezes quando fecho. Para utilizar novamente preciso desinstalar ou reiniciar meu celular. Preciso que vejam o que está acontecendo.;2;1;0;0;0;0;1;0;0;0;0;0;0;0;0;0;0;0;0;0
811d5f4f-5b56-44a3-9b08-fbcb50a08996;muitos erros;1;1;0;0;0;0;0;0;0;0;0;0;0;0;0;0;0;0;0;0
33476fb8-8d31-4c34-8d1b-9a60ac57ac19;ótimo;5;0;1;0;0;0;0;0;0;0;0;0;0;0;0;0;0;0;0;0
d0493833-e6db-4dbe-85c9-e1e1c3970aeb;ótimo;5;0;1;0;0;0;0;0;0;0;0;0;0;0;0;0;0;0;0;0
301a63c3-def6-49b7-b7e6-0d0b70043bd1;Minha senha do aplicativo esta bloqueado;5;1;0;0;0;1;0;0;0;0;0;0;0;0;0;0;0;0;0;0
4c7ff86a-204d-48e1-978e-247708d9b891;lento;1;1;0;0;0;0;1;0;0;0;0;0;0;0;0;0;0;0;0;0
3e3411c5-6050-4a30-8325-bcf953b23d7d;ótimo;5;0;1;0;0;0;0;0;0;0;0;0;0;0;0;0;0;0;0;0
e0d228eb-5fcf-48fd-9dda-4c6e716a7afc;muito boa;4;0;1;0;0;0;0;0;0;0;0;0;0;0;0;0;0;0;0;0
58f18633-db94-4fb3-82ef-56e447bb9400;Muito bom!;4;0;1;0;0;0;0;0;0;0;0;0;0;0;0;0;0;0;0;0
b68281d1-3aa9-4fbb-90f0-17b2b5a18047;muito bom;5;0;1;0;0;0;0;0;0;0;0;0;0;0;0;0;0;0;0;0
1f31f192-91f8-489f-b18f-3771a71c7ee0;top;5;0;1;0;0;0;0;0;0;0;0;0;0;0;0;0;0;0;0;0
79f76dd6-8770-456a-84be-18dca50d4c84;ótimo app;5;0;1;0;0;0;0;1;0;0;0;0;0;0;0;0;0;0;0;0
d0afe42d-5fcc-493b-a3e2-32a19273a35a;Bom;5;0;1;0;0;0;0;0;0;0;0;0;0;0;0;0;0;0;0;0
c03b3740-34f1-4010-af46-c380c2aff904;Uma droga este aplicativo vive travando quando mais preciso fazer pix;1;1;0;0;1;0;1;0;0;0;0;0;0;0;0;0;0;0;0;0
15f35b7d-1374-4733-b9f5-b94be1da7406;ótimo;5;0;1;0;0;0;0;0;0;0;0;0;0;0;0;0;0;0;0;0
1aa715da-8bca-4ba9-b826-0c7985150427;O app não funciona;1;1;0;0;0;0;1;0;0;0;0;0;0;0;0;0;0;0;0;1
660a7610-45ff-45f1-b30b-527df38a1a67;bom;3;0;1;0;0;0;0;0;0;0;0;0;0;0;0;0;0;0;0;0
f5f627b5-f57a-4138-b20c-14378ea06034;Good app;5;0;1;0;0;0;0;1;0;0;0;0;0;0;0;0;0;0;0;0
4816bc79-ccc0-4daa-8a37-9fa9f2c3e370;muito boa;5;0;1;0;0;0;0;0;0;0;0;0;0;0;0;0;0;0;0;0
a4f4621c-0848-49ae-8dac-8040908eb9f6;Uma dificuldade pra abrir o aplicativo;1;1;0;0;0;0;1;0;0;0;0;0;0;0;0;0;0;0;0;0
1bd4b742-57d5-40d3-903d-8f0b82c7a17c;Estou com dificuldade para acessar o APP;1;1;0;0;0;1;0;0;0;0;0;0;0;0;0;0;0;0;0;0
cb2ab8b3-4153-45e4-9c42-c6e384456474;maravilhosa app super indico 😜;5;0;1;0;0;0;0;1;0;0;0;0;0;0;0;0;0;0;0;0
553c2bb4-0c85-4ef8-919b-c4bf14c4d42f;banco ladrão;1;1;0;0;0;0;0;0;0;0;0;0;0;0;0;0;0;0;0;0
7691c4cd-b0bd-4ed4-bee7-31cbc4f52a52;bom d+;5;0;1;0;0;0;0;0;0;0;0;0;0;0;0;0;0;0;0;0
ebd7fe6c-8256-4847-ac1f-7c503196aae9;bom;5;0;1;0;0;0;0;0;0;0;0;0;0;0;0;0;0;0;0;0
03efcf48-c2f3-440b-ab72-0db05f90cd89;QUANDO CHEGA A NOITE NÃO CONSIGO ENTRAR NO APP NEM FAZER PIX É A TREVA;4;1;0;0;1;1;1;0;0;0;0;0;0;0;0;0;0;0;0;0
b4b32d43-0154-4cee-be83-040e18f38113;ótimo 😁;5;0;1;0;0;0;0;0;0;0;0;0;0;0;0;0;0;0;0;0
d0c80d8f-65b7-48e7-8650-dc20e4b6b3e7;O app para de funcionar e me da o erro lclrp0005 e não me deixa entrar na conta. péssimo serviço;1;1;0;0;0;1;1;0;0;0;0;0;0;0;0;0;0;0;0;0
51f3107e-1c7f-40a6-8970-9dd23306a661;Quero crédito;5;1;0;0;0;0;0;0;1;0;0;0;0;0;0;0;0;0;0;0
8370a8a1-c25d-4772-a5f4-756eea73101f;Sistema péssimo fui ontem sair para jantar fui usar app indispensável uma vergonha como banco segunda feira conta encerrda;1;1;0;0;0;0;1;0;0;0;0;1;1;0;0;0;0;0;0;0
7353b7b7-abdf-4dcc-bb0c-674d030c0e61;Fica fora de sistema não consigo acessar nada;1;1;0;0;0;1;1;0;0;0;0;0;0;0;0;0;0;0;0;0
467fdbab-baee-48a7-8397-0d88ba8ed5e7;Agora mesmo estou precisando efetuar o pagamento e não estou conseguindo isso vêm acontecendo toda noite;1;1;0;0;0;0;1;1;0;1;0;0;0;0;0;0;0;0;0;0
bce647b0-6dd8-414c-9156-1e4b4ef21965;lixo de aplicativo. Toda hora em manutenção. Deixa você na mão se precisar fazer pagamentos.;1;1;0;0;0;0;1;0;0;1;0;0;0;0;0;0;0;0;0;0
4c37e980-9ea2-4119-b298-4657f4b7f67a;Um lixo toda hora fora do ar.;1;1;0;0;0;0;1;0;0;0;0;0;0;0;0;0;0;0;0;0
baa63806-2cd6-4ded-99e3-89bdaf069631;Aplicativo está péssimo não se consegue resolver nada a mensagem tente mais tarde é constante;1;1;0;0;0;0;1;0;0;0;0;1;0;0;0;0;0;0;0;0
0b2ec8a1-ab5d-4ef0-a289-e14db823b4c9;O aplicativo era ótimo. Depois da ultima atualização só vem deixando na mão ..... Ta horrível;1;1;0;0;0;0;1;0;0;0;0;0;0;0;0;0;0;0;0;0
e88d385f-0d8c-4c8a-bcc6-5173b692af72;Não consigo validar o reconhecimento facial pois quando chega na parte de iniciar ele trava e volta pra tela de habilitar uso total da conta;1;1;0;0;0;1;1;0;0;0;0;0;0;0;0;0;0;0;0;0
dd9915f5-d1d7-4c06-8902-8f69b6b19424;Estou tendo problemas com app.;1;1;0;0;0;0;1;0;0;0;0;0;0;0;0;0;0;0;0;1
ac1a22d4-b04a-4f96-a011-79a5cff0284d;Muito otimo;5;0;1;0;0;0;0;0;0;0;0;0;0;0;0;0;0;0;0;0
1e1452ed-77df-4842-b6cc-bfd76015aa8b;5 Boa;5;0;1;0;0;0;0;0;0;0;0;0;0;0;0;0;0;0;0;0
6321a9e6-c655-4677-bcc0-ed1a43bc3285;rapidez e agilidade;5;0;1;0;0;0;1;0;0;0;0;0;0;0;0;0;0;0;0;0
eba66632-807f-4c76-83ab-fa7b94074d40;top;5;0;1;0;0;0;0;0;0;0;0;0;0;0;0;0;0;0;0;0
470be902-d13a-4051-a296-9a86613fedac;bom demais;5;0;1;0;0;0;0;0;0;0;0;0;0;0;0;0;0;0;0;0
5ccf98e1-7064-4612-bbc9-f597e1656410;muito bom;5;0;1;0;0;0;0;0;0;0;0;0;0;0;0;0;0;0;0;0
b16edeb2-764f-41ea-9a58-da0dae6342a2;muito bom;5;0;1;0;0;0;0;0;0;0;0;0;0;0;0;0;0;0;0;0
6ff59a93-8266-4d39-b69f-dfe3356a014a;ótima;5;0;1;0;0;0;0;0;0;0;0;0;0;0;0;0;0;0;0;0
5eabbab0-e1fc-45c5-8238-8e1b871f8e0d;bom muito bom;5;0;1;0;0;0;0;0;0;0;0;0;0;0;0;0;0;0;0;0
dbd02346-6802-45af-872f-7d570ee51004;melhor banco. nacional e in ternacional;5;0;1;0;0;0;0;0;0;0;0;0;0;0;0;0;0;0;0;0
c99a8bfc-0c2e-4192-8da0-e4b7c338dc37;Difícil abrir sempre com problemas.;3;1;0;0;0;0;1;0;0;0;0;0;0;0;0;0;0;0;0;0
65b40450-bc31-4294-971c-b02f215c5962;bom;5;0;1;0;0;0;0;0;0;0;0;0;0;0;0;0;0;0;0;0
5a6b6bb7-db13-4f12-a461-9ba1eef7d9e1;Horrível Precisei ligar na central e não me deram assistência;1;1;0;0;0;0;0;0;0;0;0;1;0;0;0;0;0;0;0;0
a14bcc46-0ba6-422d-9c1a-e8e57e9e161b;bom;5;0;1;0;0;0;0;0;0;0;0;0;0;0;0;0;0;0;0;0
2e8c0876-0a05-432b-a9a6-2dfe99539124;Péssimo.;1;1;0;0;0;0;0;0;0;0;0;0;0;0;0;0;0;0;0;0
fd87a1cf-f743-4f08-a7d0-c9247c5ccf03;Nota 10 no atendimento eu amei;5;0;1;0;0;0;0;0;0;0;0;1;0;0;0;0;0;0;0;0
33e37ef9-f199-4d9c-9cdb-ad09628d7c8a;sem crédito;1;1;0;0;0;0;0;0;1;0;0;0;0;0;0;0;0;0;0;0
efe50d10-b6da-478b-9818-2f0112d9137e;Estou adorando este aplicativo;5;0;1;0;0;0;0;1;0;0;0;0;0;0;0;0;0;0;0;0
e370d3ed-3270-417e-9b87-141eabc6518c;ótimo;5;0;1;0;0;0;0;0;0;0;0;0;0;0;0;0;0;0;0;0
2628cc76-5677-4af9-ab21-efbc7fe228ef;Bom;5;0;1;0;0;0;0;0;0;0;0;0;0;0;0;0;0;0;0;0
f94f2258-4572-40de-9b5f-1276a1286855;top;5;0;1;0;0;0;0;0;0;0;0;0;0;0;0;0;0;0;0;0
ebcc8a4c-b8db-405e-bf33-2e71f7aaf977;e muito bom pode confiar e seguro pra mim é pra eles também;5;0;1;0;0;0;0;0;0;0;0;0;0;0;1;0;0;0;0;0
d46f59a3-23e7-4316-a6fe-5cdc91f20abb;me cobrando tarifa de quê não uso;1;1;0;0;0;0;0;0;0;0;1;0;0;0;0;0;0;0;1;0
835316aa-f096-4aee-a609-6fa8051b55f2;ótima;5;0;1;0;0;0;0;0;0;0;0;0;0;0;0;0;0;0;0;0
220e4ce5-707f-4705-ae2c-b1b98cccfc5e;esse banco é top;5;0;1;0;0;0;0;0;0;0;0;0;0;0;0;0;0;0;0;0
49848dfc-4998-468f-b4b8-4fbb30a74655;nota 1.000;5;0;1;0;0;0;0;0;0;0;0;0;0;0;0;0;0;0;0;0
f6f3b77e-c55f-4e21-97e4-47b39d6352c6;Tudo bem até agora 👍;5;0;1;0;0;0;0;0;0;0;0;0;0;0;0;0;0;0;0;0
1e9a719f-b1ff-4d71-afba-a9f14cc7dd74;O app não volta e nem abri precisa reiniciar o celular pra o app abri;1;1;0;0;0;0;1;0;0;0;0;0;0;0;0;0;0;0;0;1
e2356e7c-8a22-4cf6-818e-a4fdd6248e49;O Santander É U Dia Melhores Bancos Que Ja Existiu e Existe. Pela Credibilidade e Confiança Qie Deposita Em Seus Clientes. Minha Filha eu Adoramos.;5;0;1;0;0;0;0;0;0;0;0;0;0;0;1;0;0;0;0;0
cb8c8152-546f-4f1e-9c61-db7968f2ea33;Ótimo;5;0;1;0;0;0;0;0;0;0;0;0;0;0;0;0;0;0;0;0
9e4ec1b3-2bfd-49d8-bd28-7b8a14142240;muito bom;5;0;1;0;0;0;0;0;0;0;0;0;0;0;0;0;0;0;0;0
3e06a0ef-a004-4833-b16f-3d43fe89230a;falta transparências;2;1;0;0;0;0;0;1;0;0;0;0;0;0;0;0;0;0;0;0
168397a9-c009-4659-98ca-ee6fd9138b40;melhor banco;5;0;1;0;0;0;0;0;0;0;0;0;0;0;0;0;0;0;0;0
2e9d7d67-40e5-4df1-be97-c28a7d37ef79;o extrato de investimento não atende as minhas expectativas;4;1;0;0;0;0;0;0;0;0;1;0;0;1;0;0;0;0;0;0
ee441c3a-69c1-454e-9db0-8c6a75ac38fc;Muito ruim;1;1;0;0;0;0;0;0;0;0;0;0;0;0;0;0;0;0;0;0
e75c0cbd-854a-46ae-9543-8706d1f0fed4;Bom;4;0;1;0;0;0;0;0;0;0;0;0;0;0;0;0;0;0;0;0
417ab387-a0bc-41f8-9070-e93a1dd94097;muito bom;5;0;1;0;0;0;0;0;0;0;0;0;0;0;0;0;0;0;0;0
7012f418-a857-4c46-bb8d-5ddf92564f46;Dois dias que não consigo abrir o app.;2;1;0;0;0;0;1;0;0;0;0;0;0;0;0;0;0;0;0;1
65b22461-c32b-4bfc-893c-624eb6306208;muito bom;5;0;1;0;0;0;0;0;0;0;0;0;0;0;0;0;0;0;0;0
a199a706-f22a-42f3-b072-cffecf72ce73;gostei 👍;5;0;1;0;0;0;0;0;0;0;0;0;0;0;0;0;0;0;0;0
c47c2bf2-2c91-4f78-9244-39e2493a9aae;Amei;5;0;1;0;0;0;0;0;0;0;0;0;0;0;0;0;0;0;0;0
a53e2760-1cac-4f0b-8f56-1b920ea1a927;App ruim.;1;1;0;0;0;0;1;0;0;0;0;0;0;0;0;0;0;0;0;0
f1a0afbb-82ea-4755-85af-7d548f316e1e;pessimo nao funciona um lixo;1;1;0;0;0;0;1;0;0;0;0;0;0;0;0;0;0;0;0;0
1168550d-38ad-4ecd-8fd7-db8496a9ff24;Muita instabilidade bando horrível;1;1;0;0;0;0;1;0;0;0;0;0;0;0;0;0;0;0;0;0
2eb49e21-80cc-47e5-a292-435cfa62e556;O pior está roubando meu dinheiro cobrando oq eu não devo esse AP e um roubo;1;1;0;0;0;0;0;0;0;0;1;0;0;0;0;0;0;0;1;0
d8860dd7-1b83-4d48-b3bc-4ea624879521;As vezes que mais preciso fazer um pix está fora do ar;3;1;0;0;1;0;1;0;0;0;0;0;0;0;0;0;0;0;0;0
906f99ab-fe7d-4115-a454-e9f186e839f6;Demora muito;1;1;0;0;0;0;1;0;0;0;0;0;0;0;0;0;0;0;0;0
8a2cb131-03be-4002-a07a-5a1a2979d069;Travando feito louco;2;1;0;0;0;0;1;0;0;0;0;0;0;0;0;0;0;0;0;0
009d1c66-a0bc-432d-9159-9fc856f3505a;Tá muito ruim só trava e muito lento;2;1;0;0;0;0;1;0;0;0;0;0;0;0;0;0;0;0;0;0
cefa56fb-edeb-4ef1-a1fb-b1b884e1a858;Tá devagar demais pra carregar as coisas;4;1;0;0;0;0;1;0;0;0;0;0;0;0;0;0;0;0;0;0
a625bb3d-235f-4876-86c2-245c15395345;Não estou conseguindo entrar no meu aplicativo está aparecendo que está indisponível por favor me expliquem o que está acontecendo por favor;1;1;0;0;0;1;1;0;0;0;0;0;0;0;0;0;0;0;0;0
1c82ce15-36f3-4f5c-8a2c-6d4661b30a27;não consigo acessar a conta.;5;1;0;0;0;1;0;0;0;0;0;0;0;0;0;0;0;0;0;0
2dc395fe-0793-437b-bd71-0507093320f2;Estarei encerrando minha conta quando preciso usar o app ele não está disponível além do banco reduzir meu limite do cheque especial. Lamentável;1;1;0;0;0;0;1;0;1;0;1;0;1;0;0;0;0;0;0;0
9e6e9ee2-7a47-43df-91c1-f933dd15b932;Péssimo .;1;1;0;0;0;0;0;0;0;0;0;0;0;0;0;0;0;0;0;0
2fde9996-9b9b-4cf0-9741-b238399def79;O aplicativo está muito lento e trava demais;2;1;0;0;0;0;1;0;0;0;0;0;0;0;0;0;0;0;0;0
2c1296de-df03-45e7-b8d1-bec89c164235;Tá muito ruim não abre;1;1;0;0;0;0;1;0;0;0;0;0;0;0;0;0;0;0;0;0
def9411a-6c1c-4c01-9476-bd9a18f5e039;Top eu recomendo;5;0;1;0;0;0;0;0;0;0;0;0;0;0;0;0;0;0;0;0
8a6111bc-d637-495d-972a-b7086929e2bd;Fica apresentado erro e não entra na conta.;1;1;0;0;0;1;1;0;0;0;0;0;0;0;0;0;0;0;0;0
3f656324-f2f8-43aa-91b0-48be8e6d9a67;Muita falha pra entrar no aplicativo;1;1;0;0;0;1;1;0;0;0;0;0;0;0;0;0;0;0;0;0
7e0cef3f-94d3-45d6-96eb-afd381ab51e7;Um lixo;1;1;0;0;0;0;0;0;0;0;0;0;0;0;0;0;0;0;0;0
71969fa7-490b-4c8f-91e7-718a4493508c;Demora muito;3;1;0;0;0;0;1;0;0;0;0;0;0;0;0;0;0;0;0;0
b31f7f27-5de4-46ab-833e-688cfd84a6f4;Há dias que o aplicativo não está funcionando direito. Já reclamei através do atendente e nada ficou resolvido. Descaso total com o cliente. José Carlos;1;1;0;0;0;0;1;0;0;0;0;1;0;0;0;0;0;0;0;0
7f998de8-2e29-4f5d-96e9-c0837502dd36;Sistema de habilitação de id péssimo. Simplesmente não reconhece nosso aparelho. Pra habilitar ficar pedindo pra baixarmos o app mesmo isso já tendo sido feito;1;1;0;0;0;1;0;0;0;0;0;0;0;0;0;0;0;0;0;0
be2d24d9-bcba-496d-87a1-29d8a9fda702;Trava muito app muito pesado;1;1;0;0;0;0;1;0;0;0;0;0;0;0;0;0;0;0;0;0
d4a12473-57bb-43be-a61b-6da018491f46;Só fica carregando e pede para tenta novamente mais tarde;2;1;0;0;0;0;1;0;0;0;0;0;0;0;0;0;0;0;0;0
af93850c-6201-48ff-872d-8904d8f12d24;O App bloqueou meu ID me impossibilitado fazer transações após atualização.;1;1;0;0;0;1;0;0;0;0;0;0;0;0;0;0;0;0;0;0
6e483819-3283-4e65-ac1d-82ca1aedb9ac;Muito ruim. Trava muito;1;1;0;0;0;0;1;0;0;0;0;0;0;0;0;0;0;0;0;0
7b1b5acc-a7ef-4512-9c9c-02d150332148;ótimo;4;0;1;0;0;0;0;0;0;0;0;0;0;0;0;0;0;0;0;0
f3151ec7-4a6a-4d50-b85f-b37da407eef4;Com a nova atualização ficou horrível p acessar;3;1;0;0;0;1;0;0;0;0;0;0;0;0;0;0;0;0;0;1
336a9118-aa85-4664-81b4-41ca23fee3e5;excelente aplicativo;5;0;1;0;0;0;0;1;0;0;0;0;0;0;0;0;0;0;0;0
af771bfc-3e34-4b39-8e99-d19bd824a4e4;bom;5;0;1;0;0;0;0;0;0;0;0;0;0;0;0;0;0;0;0;0
184dffef-7cf7-419a-94b8-8a1b561237de;App não está funcionando 05/07. Fica dando falha na comunicação toda vez q tento fazer alguma transação.;1;1;0;0;0;0;1;0;0;0;0;0;0;0;0;0;0;0;0;0
d14a4911-6439-4a8f-9b47-a599c2f8a461;muito bom;5;0;1;0;0;0;0;0;0;0;0;0;0;0;0;0;0;0;0;0
9f4a5229-3d78-4ac4-93a0-9283663a2125;excelente;5;0;1;0;0;0;0;0;0;0;0;0;0;0;0;0;0;0;0;0
9a3ac5a4-3a51-4371-b166-5e90775245e0;excelente;5;0;1;0;0;0;0;0;0;0;0;0;0;0;0;0;0;0;0;0
13539892-c3e4-4e5a-a181-5a97a86fc317;App ótimo não tenho do que reclamar;5;0;1;0;0;0;0;1;0;0;0;0;0;0;0;0;0;0;0;0
f29e411a-8f7b-4225-a740-c56226a039e2;muito bom o aplicativo..;5;0;1;0;0;0;0;1;0;0;0;0;0;0;0;0;0;0;0;0
555dd951-abfd-4a72-8fe9-776487592d67;Péssimo atendimento por ligação;1;1;0;0;0;0;0;0;0;0;0;1;0;0;0;0;0;0;0;0
6dd18c52-1856-4a3a-9899-4b3fb5a2c87d;o app até que funciona! mas é muito lento pra abrir no celular...;4;1;0;0;0;0;1;0;0;0;0;0;0;0;0;0;0;0;0;0
d1c6ab36-9c79-46a8-8c44-d59fc0548b0c;Excelente!!;5;0;1;0;0;0;0;0;0;0;0;0;0;0;0;0;0;0;0;0
523f1213-d9c1-4c7c-bff9-266ab26662ce;Muito bom o aplicativo;5;0;1;0;0;0;0;1;0;0;0;0;0;0;0;0;0;0;0;0
98094d42-7c34-478e-8e11-a8aa194e903e;pior banco que existe horrível demais não carrega nem pra ver a quantidade de dinheiro horrível;1;1;0;0;0;0;1;0;0;0;1;0;0;0;0;0;0;0;0;0
9555d7ea-ad40-4d1b-88c4-d3b06e2f8d2b;Excelência em atendimento!;5;0;1;0;0;0;0;0;0;0;0;1;0;0;0;0;0;0;0;0
fe111677-9d94-4547-890b-ed791f2da778;sem dúvidas é o melhor banco e tem os melhores APP rápidos e fáceis de usar e muito eficiente;5;0;1;0;0;0;1;1;0;0;0;0;0;0;0;0;0;0;0;0
6f7dd70e-2c45-4304-84e3-a97ac9e5dcde;otimo;5;0;1;0;0;0;0;0;0;0;0;0;0;0;0;0;0;0;0;0
45e15266-4bed-4a05-a1c7-b497af3b3341;Era muito bom mas de um tempo pra cá nem Pix consigo fazer tá horrível;2;1;0;0;1;0;0;0;0;0;0;0;0;0;0;0;0;0;0;0
89b9117d-c5f8-4e0b-b251-12844c253b35;melhor aplicativo de todos;5;0;1;0;0;0;0;1;0;0;0;0;0;0;0;0;0;0;0;0
8a1f2e7e-4ef1-4659-9609-051cdaad7847;bom;5;0;1;0;0;0;0;0;0;0;0;0;0;0;0;0;0;0;0;0
5a75ec28-e029-436f-98a4-239356d7b7fa;muito bom aplicativo 😁;5;0;1;0;0;0;0;1;0;0;0;0;0;0;0;0;0;0;0;0
5afb6dd5-0d02-4427-b602-6c59a9155862;O aplicativo está muito ruim péssimo trava não dá pra acessar não dá pra entrar na conta vê se conserta isso.;1;1;0;0;0;1;1;0;0;0;0;0;0;0;0;0;0;0;0;0
9791751e-ddc6-4a98-9507-a411466eff4e;Pessimo;1;1;0;0;0;0;0;0;0;0;0;0;0;0;0;0;0;0;0;0
e2059aca-771a-4fea-9e3a-44db2afd3f42;trava toda hora muito devagar;1;1;0;0;0;0;1;0;0;0;0;0;0;0;0;0;0;0;0;0
74e1e021-7e4b-4ebc-ae68-587b3df50cc3;A configuração de notificações não serve para nada!!! Toda hora recebo mensagens de produtos que nem quero saber!!! Uma falta de respeito!!!;2;1;0;0;0;0;0;0;0;0;0;0;0;0;0;1;0;0;0;0
f7604f9d-ea33-4b45-8a10-7158b7e9433e;MUITO BOM.;5;0;1;0;0;0;0;0;0;0;0;0;0;0;0;0;0;0;0;0
40a01753-5f82-402f-91c8-388ba5a57d6f;ótimo aplicativo;5;0;1;0;0;0;0;1;0;0;0;0;0;0;0;0;0;0;0;0
83a3c89e-dd21-46ee-90e9-af0b5f40c321;excelente;5;0;1;0;0;0;0;0;0;0;0;0;0;0;0;0;0;0;0;0
3d002656-6e7a-403b-ab91-128d6f2f4d78;sensacional @;5;0;1;0;0;0;0;0;0;0;0;0;0;0;0;0;0;0;0;0
8aa9b662-a72b-4f17-b1ed-369f92a1437f;otima;4;0;1;0;0;0;0;0;0;0;0;0;0;0;0;0;0;0;0;0
18eebe31-4e50-4e0a-8ea0-230564f7072a;ótimo;5;0;1;0;0;0;0;0;0;0;0;0;0;0;0;0;0;0;0;0
c5b1d7c1-1cf2-42f1-b497-bce4e6934d91;Fui entrar no aplicativo e simplesmente não funciona o aplicativo e fica loop pedindo redefinição de senha.;1;1;0;0;0;1;1;0;0;0;0;0;0;0;0;0;0;0;0;0
56074b1b-d829-4265-91ed-81c56235ea6e;banco desabilitado o 🆔 sozinho dando erro o que tá acontecendo Santander;1;1;0;0;0;1;0;0;0;0;0;0;0;0;0;0;0;0;0;0
57c56e82-4714-49d8-acf0-daed20a13788;Excelente ❤️🥰;5;0;1;0;0;0;0;0;0;0;0;0;0;0;0;0;0;0;0;0
d85e300c-eb3f-4006-9263-2117fa2f6678;App travando. Tudo vez que precisar usar o app tenho que reiniciar o aparelho. Tá difícil.;1;1;0;0;0;0;1;0;0;0;0;0;0;0;0;0;0;0;0;0
2625fc49-d84e-4842-b1e8-c3bcdff9ff7a;Muito bomm;5;0;1;0;0;0;0;0;0;0;0;0;0;0;0;0;0;0;0;0
f2bb63bb-dba2-4c7d-b20d-9b008e11156e;muito bom;5;0;1;0;0;0;0;0;0;0;0;0;0;0;0;0;0;0;0;0
1ec565b0-1a07-4fd0-b083-29424fc8b927;ótimo;4;0;1;0;0;0;0;0;0;0;0;0;0;0;0;0;0;0;0;0
3a7eb35c-72c8-442f-a7c6-26cb60c82429;ótimo ok;5;0;1;0;0;0;0;0;0;0;0;0;0;0;0;0;0;0;0;0
abf03ab2-bbf4-4a7b-8474-0d0e50cc3ad5;bom;5;0;1;0;0;0;0;0;0;0;0;0;0;0;0;0;0;0;0;0
03b3018a-ee52-454b-9cd2-c0db4463c759;eficiente;5;0;1;0;0;0;0;0;0;0;0;0;0;0;0;0;0;0;0;0
e5d7266f-2819-4f11-a423-bf7298c595fc;muito top e os atendimentos muito bom de verdade;5;0;1;0;0;0;0;0;0;0;0;1;0;0;0;0;0;0;0;0
8674f080-da17-4d3c-b8e8-a8e60b624abf;ok;5;0;0;1;0;0;0;0;0;0;0;0;0;0;0;0;0;0;0;0
7a92a424-0ce6-4019-9c84-b0e20ea2beb4;nunca consigo entrar no aplicativo pq diz que a senha expirou e quando tento fazer uma nova senha o serviço está indisponível. ligo para o banco e a ligação caiu e não ligam de volta. resumindo o aplicativo é inútil;1;1;0;0;0;1;0;0;0;0;0;1;0;0;0;0;0;0;0;0
72ab542c-c7d7-4ec7-bade-8e1ade9845c4;ótimo;4;0;1;0;0;0;0;0;0;0;0;0;0;0;0;0;0;0;0;0
d31cbca3-2509-4aea-bcc2-54df09822b91;só falta um cartão de crédito.;5;1;0;0;0;0;0;0;1;0;0;0;0;0;0;0;0;0;0;0
8a0ac917-2d68-405d-b9a0-41eea21aba73;Esse pior que ruim não consigo acessar nada péssimo....... por esse motivo muitos não quer Santander.;1;1;0;0;0;1;1;0;0;0;0;0;0;0;0;0;0;0;0;0
0eecc830-5322-4586-9a79-c92c51f37e39;Não sei o que aconteceu com o aplicativo eu não consegui entrar no aplicativo;2;1;0;0;0;1;0;0;0;0;0;0;0;0;0;0;0;0;0;0
774d887f-346f-4126-aea3-6426aa0bf63b;Expira impressão digital toda semana pede senha número de conta e manda ir na agência resolver as falhas de sistema.Aplicativo não funciona bem como os outros bancos. Um saco isso!;1;1;0;0;0;1;0;0;0;0;0;1;0;0;0;0;0;0;0;0
ebf43056-796b-4de4-b103-734b6501fb61;Não estou conseguindo acessar o APP;5;1;0;0;0;0;0;0;0;0;0;0;0;0;0;0;0;0;0;1
27a054eb-7d42-496e-ae3a-3493851b1c0f;Paguei a conta da fatura e ainda parece que eu não paguei Outra coisa quando faço compra não chega notificação na mesma hora e no app não mostra a compra só depois de horas;1;1;0;0;0;0;0;0;0;1;0;0;0;0;0;1;0;0;0;0
636f8d51-11ea-488e-a72e-af3ee45ffd97;Porque o aplicativo não manda uma notificação quando entre e sai valor na conta. Eu tenho que ficar indo no aplicativo toda hora pra ver se entro salário ou pix recebidos;2;1;0;0;1;0;0;0;0;0;0;0;0;0;0;1;0;0;0;0
8bcf4a1f-15cb-4f0e-b5a0-5e7a757bc727;Mui bom o app;4;0;1;0;0;0;0;1;0;0;0;0;0;0;0;0;0;0;0;0
773b3b03-b4b2-409b-b6be-6a2820374446;Nos serve bem obrigada;5;0;1;0;0;0;0;0;0;0;0;0;0;0;0;0;0;0;0;0
19a6d48a-dc97-48dc-aa11-25ba2d942ea4;ótimo aplicativo parabéns;5;0;1;0;0;0;0;1;0;0;0;0;0;0;0;0;0;0;0;0
d92cc9c3-cb1c-4119-a456-b14fce94b16f;tô gostando do app. obrigada;5;0;1;0;0;0;0;1;0;0;0;0;0;0;0;0;0;0;0;0
c85f9019-9fd8-4941-9022-86eeeea1a0d1;não consigo fazer pix depois dessa última atualização por favor arrumem isso está dando erro no reconhecimento facial;1;1;0;0;1;0;0;0;0;0;0;0;0;0;0;0;0;0;0;0
527cf293-dceb-4e29-be15-3ad048a8b777;bom;5;0;1;0;0;0;0;0;0;0;0;0;0;0;0;0;0;0;0;0
490eea21-dbfc-4f08-bb4c-a842e34b43ce;ótimo banco;5;0;1;0;0;0;0;0;0;0;0;0;0;0;0;0;0;0;0;0
bfa379c0-895c-4630-aa61-8fca8861c562;ótimo aplicativo muito obrigado;5;0;1;0;0;0;0;1;0;0;0;0;0;0;0;0;0;0;0;0
48556009-5af7-4162-9be7-540ed1e19f5e;bom;5;0;1;0;0;0;0;0;0;0;0;0;0;0;0;0;0;0;0;0
5f66a235-69b7-46e0-8f46-0d1d0273a31e;gostei do app fácil e simples de utilizar;5;0;1;0;0;0;0;1;0;0;0;0;0;0;0;0;0;0;0;0
ca6a69a9-9edd-47d6-a4f5-bcde55d7a45f;app de fácil manuseio muito bom;5;0;1;0;0;0;0;1;0;0;0;0;0;0;0;0;0;0;0;0
a9f445f0-c51f-4ca4-85a4-9f97468ac760;Eu não sei oq tá acontecendo mas tá ficando complicado assar o aplicativo Santander déjà de ontem não tô conseguindo entrar no aplicativo Santander oq tá acontecendo;5;1;0;0;0;1;0;1;0;0;0;0;0;0;0;0;0;0;0;0
7bc6995a-d940-432f-8c24-bb81d96ea5e8;bom app;5;0;1;0;0;0;0;1;0;0;0;0;0;0;0;0;0;0;0;0
98b14e0b-2335-4a90-a8d8-9bc1ff77f6d2;Muito bom!;5;0;1;0;0;0;0;0;0;0;0;0;0;0;0;0;0;0;0;0
fabcddf7-2b26-4e1e-ba90-9d15a73b51b4;Cada dia pior pirou mais nem fazer pix consigo;1;1;0;0;1;0;0;0;0;0;0;0;0;0;0;0;0;0;0;0
3dad2385-94c3-48a3-ac0c-89074ec82108;Boa;5;0;1;0;0;0;0;0;0;0;0;0;0;0;0;0;0;0;0;0
13ba7229-1c95-4e04-932f-6d05f0eff2ea;Meu marido está tentando excluir a conta e não consegue o atendimento no telefone fala que vai transferir aí cai e não retornam mas aí no aplicativo não consegui pois perdeu o cartão e não consegui entrar no aplicativo atendimento horrível 😤😤;1;1;0;0;0;0;0;1;0;0;0;1;1;0;1;0;0;0;0;0
3e15f038-8913-4e5f-b8a7-fd9eaffe104f;Banco 5 estrelas alta competência;5;0;1;0;0;0;0;0;0;0;0;0;0;0;0;0;0;0;0;0
401bea9b-3d39-40cb-8617-e50a9f349a16;Atualizar esse aplicativo deixa opção como personalizar temas cores etc seria ótimo está muito ruim de navegar 😭;3;1;0;0;0;0;0;1;0;0;0;0;0;0;0;0;0;0;0;0
65334778-d3b6-4d41-b88f-e5f0a46ba997;Ótimo;5;0;1;0;0;0;0;0;0;0;0;0;0;0;0;0;0;0;0;0
bb5a6350-18a1-443a-b2c1-51f87c948666;Péssimo pra abrir toda vez tenho q reiniciar o celular;5;1;0;0;0;0;1;0;0;0;0;0;0;0;0;0;0;0;0;1
03bee446-2471-4f9c-a5bb-2939bedea187;App melhorou muito;4;0;1;0;0;0;0;1;0;0;0;0;0;0;0;0;0;0;0;0
356123c7-a999-4be2-9f82-599fef432041;É incrível que sempre que eu preciso pagar alguma coisa com esse app ele não tá funcionando. Precisando pedir meh almoço e cadê que eu consigo fazer pix? Depois eles perdem o cliente pra outro banco e acham ruim;1;1;0;0;1;0;0;0;0;0;0;0;0;0;0;0;0;0;0;0
41e73bcf-9881-41f3-9034-39ac9b5fa4df;Bugado;1;1;0;0;0;0;1;0;0;0;0;0;0;0;0;0;0;0;0;0
0f233292-e19b-4be1-ad52-dc17569cd42d;Falha de vez em quando.;4;1;0;0;0;0;1;0;0;0;0;0;0;0;0;0;0;0;0;0
42aa7ddb-11cf-412d-ae05-7c0632a68c15;Não tô conseguindo fazer Pix fala que por motivos de segurança para entrar em contato pelos telefones mais não atende.;1;1;0;0;1;1;0;0;0;0;0;1;0;0;1;0;0;0;0;0
22a96fa2-b836-4130-a95b-7250095497fc;Ótimo;5;0;1;0;0;0;0;0;0;0;0;0;0;0;0;0;0;0;0;0
8cbf269c-ed0f-4724-801d-e586386413fc;muito bom;5;0;1;0;0;0;0;0;0;0;0;0;0;0;0;0;0;0;0;0
0da53d47-d2c6-436e-9ea6-87a21ddd3374;👍;5;0;1;0;0;0;0;0;0;0;0;0;0;0;0;0;0;0;0;0
cbe1fb81-5d2d-4fbb-8626-ff26ee3402b6;Muito bom;5;0;1;0;0;0;0;0;0;0;0;0;0;0;0;0;0;0;0;0
90f67af5-28ee-4acd-8267-1707fb8cca74;Não consigo usar o aplicativo tá difícil viu;1;1;0;0;0;0;1;1;0;0;0;0;0;0;0;0;0;0;0;0
252af57b-db15-486e-9e42-f1cbdf2373a3;muito boa;5;0;1;0;0;0;0;0;0;0;0;0;0;0;0;0;0;0;0;0
40ae017d-29a8-436e-91a1-cc4bda8e5b8c;Tem que desinstalar e instalar dinovo trava todo dia.;3;1;0;0;0;0;1;0;0;0;0;0;0;0;0;0;0;0;0;0
6f1ba08e-f32e-4192-84a1-4224e00f4518;Se não estou escostegui acessar meu aplicativo;1;1;0;0;0;1;0;0;0;0;0;0;0;0;0;0;0;0;0;0
99f87211-b233-4374-93d7-738dc1583175;Santander é um banco muito bom;5;0;1;0;0;0;0;0;0;0;0;0;0;0;0;0;0;0;0;0
0e46e35d-78e8-4c05-8ce6-ea0f074a10ae;top dms;5;0;1;0;0;0;0;0;0;0;0;0;0;0;0;0;0;0;0;0
5aad0ce2-0297-45a9-9e46-54af4a3301b0;Ótimo atendimento;5;0;1;0;0;0;0;0;0;0;0;1;0;0;0;0;0;0;0;0
9b740bb0-77c2-4292-a601-a81d73fc8e24;ok;5;0;0;1;0;0;0;0;0;0;0;0;0;0;0;0;0;0;0;0
26335f14-b87d-4447-8b6b-86d384c0340c;muito satisfeito obrigado;5;0;1;0;0;0;0;0;0;0;0;0;0;0;0;0;0;0;0;0
72d17fe9-28f5-4ac4-af19-4fb17a6a1bfc;o aplicativo abre bem rápido...parabéns.;5;0;1;0;0;0;1;1;0;0;0;0;0;0;0;0;0;0;0;0
47b70d4f-8b60-4a1c-acde-154791d32c37;Ótimo 👍;5;0;1;0;0;0;0;0;0;0;0;0;0;0;0;0;0;0;0;0
8aa18064-c68b-4c7e-8a4e-2933878c5523;ótimo app;5;0;1;0;0;0;0;1;0;0;0;0;0;0;0;0;0;0;0;0
9c19f9be-924c-4e5d-bc4d-dccf1b0c8713;Não consegui mais entrar no aplicativo não sei mais o fazer porque não consigo redefinir a senha pra entrar no aplicativo gostaria de ter ajuda pra fazer isso;3;1;0;0;0;1;0;0;0;0;0;1;0;0;0;0;0;0;0;0
6a5b80cc-3977-4840-80a5-f075317d572a;recomendo;5;0;1;0;0;0;0;0;0;0;0;0;0;0;0;0;0;0;0;0
84d092c8-71e1-49ca-94c1-ef2098f02bbf;Só cliente e venho por esse meio espor minha satisfação sobre o app Santander pelo amor de deus esse aplicativo e péssimo não tem velocidade para as informações em que nós clientes tenta fazer.o Pix e uma demora que chega até desisti de fazer o pix vamos melhorar Santander Deus me livre;1;1;0;0;1;0;1;0;0;0;0;0;0;0;0;0;0;0;0;0
d9671e75-5522-47df-950b-51cb22e48a04;Está ficando fora de operação várias vezes por dia... Não consigo acessar... Tenho q desinstalar e instalar sempre q vou usar;3;1;0;0;0;1;1;0;0;0;0;0;0;0;0;0;0;0;0;1
6280dc43-63ae-4aff-84c1-5435eef3b482;Deveria ter no mínimo chat ou um atendente para no mínimo resolver o problema dos clientes estão deixando a desejar...;1;1;0;0;0;0;0;0;0;0;0;1;0;0;0;0;0;0;0;0
47ceaf0c-bce9-4c2a-a105-3843f8c74161;Ótimo;5;0;1;0;0;0;0;0;0;0;0;0;0;0;0;0;0;0;0;0
89b31362-c545-4e35-9e8f-6361e550e62b;Top;5;0;1;0;0;0;0;0;0;0;0;0;0;0;0;0;0;0;0;0
21a6ba79-214a-4719-97a6-24f83e68ffa0;Melhor;5;0;1;0;0;0;0;0;0;0;0;0;0;0;0;0;0;0;0;0
1a49107b-822a-4160-a760-7eeed9854804;Ola bom dia muito Ótima Obrigada mesmo;5;0;1;0;0;0;0;0;0;0;0;0;0;0;0;0;0;0;0;0
6bb99189-d85d-4098-8325-21f45693038e;não consigo entra no app santader way para abrir uma conta;4;1;0;0;0;0;0;0;0;0;0;0;1;0;0;0;0;0;0;0
aa31af5e-6f04-490d-9ebf-332bda139167;muito bom;5;0;1;0;0;0;0;0;0;0;0;0;0;0;0;0;0;0;0;0
b7fce637-9e7f-497c-8cd4-0daecc5c49d7;boas alternativas;4;0;1;0;0;0;0;0;0;0;0;0;0;0;0;0;0;0;0;0
c122f576-0253-42ae-8cc3-71fc72efd138;ótimo;5;0;1;0;0;0;0;0;0;0;0;0;0;0;0;0;0;0;0;0
793b8b7f-4853-4507-a78b-64fd4c244dd2;show;5;0;1;0;0;0;0;0;0;0;0;0;0;0;0;0;0;0;0;0
27bdd8e8-2d7d-4b0f-9cda-6e7c57085f34;topp;5;0;1;0;0;0;0;0;0;0;0;0;0;0;0;0;0;0;0;0
cc6e2f7d-ab51-4bce-a8b9-913bc011707e;bom app;5;0;1;0;0;0;0;1;0;0;0;0;0;0;0;0;0;0;0;0
026a1edc-b36e-4bf7-943e-9108ddd232db;Muito bom;5;0;1;0;0;0;0;0;0;0;0;0;0;0;0;0;0;0;0;0
cecfd8de-fe79-4b9d-95d3-e995fb22828f;o melhor que tem❤️;1;0;1;0;0;0;0;0;0;0;0;0;0;0;0;0;0;0;0;0
d8d61ee8-c019-4d09-bf9d-62e8d1a62d16;bom;5;0;1;0;0;0;0;0;0;0;0;0;0;0;0;0;0;0;0;0
9b3a2144-4e6d-440f-b8fc-2705f11dff69;✌️;5;0;1;0;0;0;0;0;0;0;0;0;0;0;0;0;0;0;0;0
64d3df2c-33aa-47fe-a160-05a238c1a6e7;bom;4;0;1;0;0;0;0;0;0;0;0;0;0;0;0;0;0;0;0;0
44f35791-6a28-4c6e-9711-e70155fef8bb;muito bom;5;0;1;0;0;0;0;0;0;0;0;0;0;0;0;0;0;0;0;0
8569b7ed-c405-4e18-b7d3-d9c0f062192d;Otimo;5;0;1;0;0;0;0;0;0;0;0;0;0;0;0;0;0;0;0;0
d340828b-bd95-40c8-9bbf-9b65b3ae5ca0;Não consigo acessar minha conta. Fiz o pedido de abertura e ainda não tive um retorno.;2;1;0;0;0;0;0;0;0;0;0;1;1;0;0;0;0;0;0;0
59d9e2a0-f0de-4fc6-aec5-4ae8128a2acc;bom;5;0;1;0;0;0;0;0;0;0;0;0;0;0;0;0;0;0;0;0
529970a6-e859-4943-a5fd-10cf960d978e;melhor banco;5;0;1;0;0;0;0;0;0;0;0;0;0;0;0;0;0;0;0;0
6742c7b3-619c-45e1-87ae-5ee10dfb3807;ótimo;5;0;1;0;0;0;0;0;0;0;0;0;0;0;0;0;0;0;0;0
28ca7611-dacf-44b9-8669-a8f8d3343dee;o Santander é maravilhoso;5;0;1;0;0;0;0;0;0;0;0;0;0;0;0;0;0;0;0;0
9c79ebc6-90e9-439a-b78d-b18d5895f94a;Sempre perde a senha da digital e tem que ficar confirmando dados da conta. Senha da Internet não pode usar senha anteriores . Muito ruim;1;1;0;0;0;1;0;0;0;0;0;0;0;0;1;0;0;0;0;0
159f6e59-ef5e-4855-8b96-16db2177856c;o Santander é um ótimo Banco!!!;5;0;1;0;0;0;0;0;0;0;0;0;0;0;0;0;0;0;0;0
cde7ec31-b0ed-4803-8a3b-b6988cce4a64;péssimo tarifa muito alta e cobra juros sem vc tá usando não recomendo;1;1;0;0;0;0;0;0;0;1;0;0;0;0;0;0;0;0;1;0
b2781873-fac9-40b7-9eb5-de6a2a7ac14f;otimo banco sempre me ajudou nas transações;5;0;1;0;0;0;0;1;0;0;0;0;0;0;0;0;0;0;0;0
8fd26169-5617-43e2-badc-f3b0303bc88a;Aplicativo Muito bom 👍;5;0;1;0;0;0;0;1;0;0;0;0;0;0;0;0;0;0;0;0
895957a2-438d-4205-890f-f09185d64b9e;muito bom;5;0;1;0;0;0;0;0;0;0;0;0;0;0;0;0;0;0;0;0
30e5f07a-5ef5-4ffb-8407-91679a04b8c4;Ótimo app 🤩;5;0;1;0;0;0;0;1;0;0;0;0;0;0;0;0;0;0;0;0
3f749431-d053-4c1a-82c4-e8c785e8e822;ótimo e fácil de trabalhar;5;0;1;0;0;0;0;1;0;0;0;0;0;0;0;0;0;0;0;0
af20c399-9808-45fe-9fdd-d9a2e53f5047;muito bom;5;0;1;0;0;0;0;0;0;0;0;0;0;0;0;0;0;0;0;0
618298bc-5f4c-45aa-a677-a86ec1f5cc54;O aplicativo trava muito em algumas época. Nessa ultima semana não consigo abrir de jeito nenhum. Já desistalei 2 vezes e nada funciona.;2;1;0;0;0;0;1;0;0;0;0;0;0;0;0;0;0;0;0;0
e16e5964-2a62-4495-918e-b2aa0159336f;otimo;5;0;1;0;0;0;0;0;0;0;0;0;0;0;0;0;0;0;0;0
445f9b07-b1af-4428-a5c4-7c13a6293f4d;bom bom;5;0;1;0;0;0;0;0;0;0;0;0;0;0;0;0;0;0;0;0
cb2475ee-0e2a-4e67-8ae9-e462f713f977;ótimo;5;0;1;0;0;0;0;0;0;0;0;0;0;0;0;0;0;0;0;0
901fd2c7-4865-4459-b523-ea8f425ad008;Ele e um app ótimo;5;0;1;0;0;0;0;0;0;0;0;0;0;0;0;0;0;0;0;0
037042b9-65cf-4a80-b230-6a70cee3d489;gostei parabéns 👏🏾;5;0;1;0;0;0;0;0;0;0;0;0;0;0;0;0;0;0;0;0
b054e9f1-1738-42c7-b2af-e7020aa5e0a7;o aplicativo é muito bom obrigado Santo André nota 10;5;0;1;0;0;0;0;1;0;0;0;0;0;0;0;0;0;0;0;0
6b7bf6e0-4913-4118-8ae7-7ac703e53d38;Esse é o pior app comparado a outros bancos. Travando ou tá fora do ar....;3;1;0;0;0;0;1;0;0;0;0;0;0;0;0;0;0;0;0;0
d46f691d-825f-44f3-a5a3-414e59ccb7e8;otima;5;0;1;0;0;0;0;0;0;0;0;0;0;0;0;0;0;0;0;0
9c30fcfe-000e-46bb-a5df-46a5d624aa07;O aplicativo é um saco e toda vez que tento habilitar a funções de transferência me aparece erro 74832 e digo cadê o suporte necessário para isso? É meu dinheiro e fico totalmente a mercê de um banco e seu aplicativo horrível!;1;1;0;0;0;0;1;0;0;1;0;1;0;0;0;0;0;0;0;0
7a8ed553-1e5d-4b86-b5a1-b0b38781f3b4;pouco complicado;4;1;0;0;0;0;0;1;0;0;0;0;0;0;0;0;0;0;0;0
5e0e17d2-e18b-45b8-b313-30764aadc24a;ótimo 👍;5;0;1;0;0;0;0;0;0;0;0;0;0;0;0;0;0;0;0;0
bad72ee0-646a-40bc-980c-9470fa00f1e3;Está falando que minha conta está bloqueada.. mesmo sem estar.. e com isso não estou conseguindo fazer nenhuma transferência;2;1;0;0;0;1;0;0;0;0;0;0;1;0;1;0;0;0;0;1
e10b2d39-8f50-47ea-996f-6ab1ca119444;muito bom;5;0;1;0;0;0;0;0;0;0;0;0;0;0;0;0;0;0;0;0
ca525c91-9bf4-471b-8ec8-7513effd3bc4;excelente;5;0;1;0;0;0;0;0;0;0;0;0;0;0;0;0;0;0;0;0
bd21e88e-de5a-4fe7-82d3-4a07e83556e6;🐻🐺🎶;5;0;0;1;0;0;0;0;0;0;0;0;0;0;0;0;0;0;0;0
9542bbe0-d5bc-46bc-9978-b3817fe991db;bom;5;0;1;0;0;0;0;0;0;0;0;0;0;0;0;0;0;0;0;0
6dc80921-73f8-4a5a-97e7-fb281dbb856b;Preciso bloquear um cartão urgente e não acho o caminho.;1;1;0;0;0;0;0;1;0;0;0;0;0;0;1;0;0;0;0;0
2d460303-1332-4f32-b9a8-d9b48f17e5aa;ótimo app;4;0;1;0;0;0;0;1;0;0;0;0;0;0;0;0;0;0;0;0
39032409-7916-4e85-9901-d7996ec3d10f;Boa;5;0;1;0;0;0;0;0;0;0;0;0;0;0;0;0;0;0;0;0
136de8b2-61ab-43fc-b908-d3462ca8bbb4;obrigada pela atenção de todos;5;0;1;0;0;0;0;0;0;0;0;1;0;0;0;0;0;0;0;0
157da739-6990-4f97-9e3e-c3065b220fcd;Muito ruim e complicado de mexer;1;1;0;0;0;0;0;1;0;0;0;0;0;0;0;0;0;0;0;0
1fb2ea28-af3d-493c-8e8d-d27c3451aeab;Um dos piores banco que já tive o desprazer de ter uma conta!;1;1;0;0;0;0;0;0;0;0;0;0;0;0;0;0;0;0;0;0
623aeafd-3fb0-4881-8f85-7beb026b6e09;Bom!;5;0;1;0;0;0;0;0;0;0;0;0;0;0;0;0;0;0;0;0
f55c2453-f9af-4f57-a23e-9725e8674fe7;Esse última semana tá terrível;1;1;0;0;0;0;1;0;0;0;0;0;0;0;0;0;0;0;0;0
55390a1b-b9c8-4d67-9f19-6d842d058927;otimo;5;0;1;0;0;0;0;0;0;0;0;0;0;0;0;0;0;0;0;0
5c2601fe-3125-49cf-bb8f-321dc029128c;muito satisfeito!;5;0;1;0;0;0;0;0;0;0;0;0;0;0;0;0;0;0;0;0
1cd83274-bea8-4111-8374-6c7634ea5b2c;ótimo app;5;0;1;0;0;0;0;1;0;0;0;0;0;0;0;0;0;0;0;0
961a7e15-fcb1-4b4e-9148-0177305c86b3;bom;5;0;1;0;0;0;0;0;0;0;0;0;0;0;0;0;0;0;0;0
71ecad9f-3fe9-4cbd-be8b-f43d63d37d6f;excelente;5;0;1;0;0;0;0;0;0;0;0;0;0;0;0;0;0;0;0;0
8c7a3caf-9ac9-4a02-af25-3c8b1ee2eb4f;melhor banco 🏦💸;5;0;1;0;0;0;0;0;0;0;0;0;0;0;0;0;0;0;0;0
2a35164e-51a7-41e2-a87d-69157e5f9bda;ótimo;5;0;1;0;0;0;0;0;0;0;0;0;0;0;0;0;0;0;0;0
cfb402d5-b867-44df-afa8-368532ffab5a;nota 10;5;0;1;0;0;0;0;0;0;0;0;0;0;0;0;0;0;0;0;0
9d2e8130-27ca-4c02-8147-2912e8cee3b5;O aplicativo não tem funcionado e deixando a desejar. Só trava e precisa ficar reiniciando o celular. PÉSSIMO;1;1;0;0;0;0;1;0;0;0;0;0;0;0;0;0;0;0;0;0
21358cb1-13a3-4817-aa4a-6346069aacf5;já faz 20 dias que não consigo abrir o aplicativo;1;1;0;0;0;1;1;0;0;0;0;0;0;0;0;0;0;0;0;0
e29c555a-900e-4ac5-b4e1-e42c86fe215e;como a recém estou usando estou em experiência ainda depois dou mais estrelas;2;0;0;1;0;0;0;0;0;0;0;0;0;0;0;0;0;0;0;0
2030dc4d-c205-4cb2-8d25-1a3e14249fbb;ótimo incomparável🎊🎊🎊🎉🎉🎉🎉❤️❤️;5;0;1;0;0;0;0;0;0;0;0;0;0;0;0;0;0;0;0;0
b581a842-346f-4874-bc53-6119a23ed22f;top;5;0;1;0;0;0;0;0;0;0;0;0;0;0;0;0;0;0;0;0
e8ec625a-944d-41de-9f9b-8712b2eb4d12;Até o momento está funcionando mmuito bem mais alguns dias não abre o de diz asesar sua conta;5;1;0;0;0;1;1;0;0;0;0;0;0;0;0;0;0;0;0;0
20a75336-749c-4901-abd6-4d49ab71ee02;excelente;5;0;1;0;0;0;0;0;0;0;0;0;0;0;0;0;0;0;0;0
a46ebcd8-6e1f-4174-ac4b-f332ba9c4751;Como demora a abrir;4;1;0;0;0;0;1;0;0;0;0;0;0;0;0;0;0;0;0;0
ad7833fa-645c-4278-921e-eade1418d46d;Otimo;5;0;1;0;0;0;0;0;0;0;0;0;0;0;0;0;0;0;0;0
e9444956-8614-47f0-8d29-bb1469de300a;Ha alguns dias não consigo acessar o app ficou muito ruim depois da ultima atualização. É preciso reiniciar o cel todas as vezes.;5;1;0;0;0;0;0;1;0;0;0;0;0;0;0;0;0;0;0;1
63d23301-2da4-4dbe-8fd0-5e83b388aa0b;ótima;5;0;1;0;0;0;0;0;0;0;0;0;0;0;0;0;0;0;0;0
a5e37ad4-7355-45c7-ae67-5bcc664aa41d;bom;4;0;1;0;0;0;0;0;0;0;0;0;0;0;0;0;0;0;0;0
53fc1ab4-897a-4f93-bb74-33c1731cd860;gostei muito;5;0;1;0;0;0;0;0;0;0;0;0;0;0;0;0;0;0;0;0
8c887835-7d7e-4bf0-b135-8d56c666331b;o app fácil debusar!;5;0;1;0;0;0;0;1;0;0;0;0;0;0;0;0;0;0;0;0
5370871c-89f5-483b-84be-ef45ac6941f2;Ótimo;5;0;1;0;0;0;0;0;0;0;0;0;0;0;0;0;0;0;0;0
e857c5cd-167e-4fb9-b453-009e565a11b4;excelente app e fui atendido muito bem hoje pela gerência do banco! parabéns!;5;0;1;0;0;0;0;1;0;0;0;1;0;0;0;0;0;0;0;0
4b6978a8-64d5-49b8-a955-67ed8424af8a;otimo;5;0;1;0;0;0;0;0;0;0;0;0;0;0;0;0;0;0;0;0
64861903-7cc3-46e1-9e80-096d2e268b6b;Muito bom;5;0;1;0;0;0;0;0;0;0;0;0;0;0;0;0;0;0;0;0
e86616f3-a599-4888-8aea-167ca9398ea5;Bom 👍;5;0;1;0;0;0;0;0;0;0;0;0;0;0;0;0;0;0;0;0
79bb09ca-e825-4c2d-9a02-4f07b6d016b7;Muito Bom;5;0;1;0;0;0;0;0;0;0;0;0;0;0;0;0;0;0;0;0
010950e4-7124-4d3b-b630-8073324c7c9e;bom 👍 🦸‍♂️ 👍;5;0;1;0;0;0;0;0;0;0;0;0;0;0;0;0;0;0;0;0
bdb4a1bb-db83-4929-a072-e5548ba4bfea;muito bom.;5;0;1;0;0;0;0;0;0;0;0;0;0;0;0;0;0;0;0;0
25bdc4ca-b1ff-48a3-a672-85e3c7c8444b;top 💞💞;5;0;1;0;0;0;0;0;0;0;0;0;0;0;0;0;0;0;0;0
c56cf393-d156-4477-8d83-f112ec084d33;um ótimo banco;5;0;1;0;0;0;0;0;0;0;0;0;0;0;0;0;0;0;0;0
025d2c64-9588-4397-aadc-bc8c681d958c;Não está funcionando.;2;1;0;0;0;1;1;0;0;0;0;0;0;0;0;0;0;0;0;0
5d6152ee-91b9-4088-9777-c4bf07521e43;É o pior banco que não aprova ninguém no cartão de crédito nem no limite de cheque especial Santander pior banco nota zero 0000000🤮🤮🤮🤮🤮🤮🤮🤮🤮🤮🤮🤮;1;1;0;0;0;0;0;0;1;0;0;0;0;0;0;0;0;0;0;0
1f7014db-14a6-4c3b-bf77-28b143582ed0;Muito bom o aplicativo;5;0;1;0;0;0;0;1;0;0;0;0;0;0;0;0;0;0;0;0
e894533e-1de5-4050-88ed-f6b93c814d46;ótimo banco;5;0;1;0;0;0;0;0;0;0;0;0;0;0;0;0;0;0;0;0
13970af9-2211-4ddf-8516-836cebfb7b28;muito bom;5;0;1;0;0;0;0;0;0;0;0;0;0;0;0;0;0;0;0;0
3976efc2-b67c-4ac9-a97e-2c0532e3dc6f;O pior app de banco que já vi na vida sério mesmo .;1;1;0;0;0;0;0;0;0;0;0;0;0;0;0;0;0;0;0;0
d7653dbd-2340-47c6-9d1f-73b4811b4d96;funciona perfeitamente;5;0;1;0;0;0;0;1;0;0;0;0;0;0;0;0;0;0;0;0
86d14aa2-05e5-4d00-b3f5-6e52145536f3;App está dando erro desinstalei para ver se resolve e agora não instala não é nada que precise atualizar já verifiquei ele simplesmente não acessa a conta e agora nem instalando está;1;1;0;0;0;1;1;0;0;0;0;0;0;0;0;0;0;0;0;0
0db95f0e-897f-4351-b537-1f8540907324;muito bom ese app;5;0;1;0;0;0;0;1;0;0;0;0;0;0;0;0;0;0;0;0
3eaec148-287a-46c7-bbad-170e79d15f49;bom;5;0;1;0;0;0;0;0;0;0;0;0;0;0;0;0;0;0;0;0
4f68586c-3c9b-47a7-967a-7211368572ae;bom;5;0;1;0;0;0;0;0;0;0;0;0;0;0;0;0;0;0;0;0
95a378b7-6fcb-4737-a3a6-1786a05e42c3;ótimo;5;0;1;0;0;0;0;0;0;0;0;0;0;0;0;0;0;0;0;0
5fde3b30-78f4-4594-af32-686ec6cd62d9;até o momento estou gostando muito;4;0;1;0;0;0;0;1;0;0;0;0;0;0;0;0;0;0;0;0
93c1ebc8-53af-412d-8b69-7af4b4d069ce;Faz uma semana que está difícil lidar com este aplicativo se quiser pagar contas tem que desinstalar e instalar de novo assim não dá até quando vamos ter dificuldade com o aplicativo!;4;1;0;0;0;0;1;0;0;1;0;0;0;0;0;0;0;0;0;0
3ef825c8-e91e-4601-a9a0-886155f2b650;péssima;1;1;0;0;0;0;0;0;0;0;0;0;0;0;0;0;0;0;0;0
b4ce1ea3-e3f7-4438-aa29-c9527116c145;sou novata aqui não tenho muito o que falar;3;0;0;1;0;0;0;0;0;0;0;0;0;0;0;0;0;0;0;0
16b46f34-b5f2-4afd-a751-9cc543bfb94a;Bom seria se o aplicativo operasse sempre que necessário.;2;1;0;0;0;0;1;0;0;0;0;0;0;0;0;0;0;0;0;0
d97e0bea-e2b5-43e2-9819-83d879be416a;ótimo app;5;0;1;0;0;0;0;1;0;0;0;0;0;0;0;0;0;0;0;0
e250c9ce-0eda-4f00-8c26-926b4a0a1fc1;otima;5;0;1;0;0;0;0;0;0;0;0;0;0;0;0;0;0;0;0;0
f3b3ee1a-9e0d-43d7-a9f9-7ed62ebd4f44;O aplicativo tá horrível não abre tenho que reiniciar o cel.para poder acessar Afinal o que está acontecendo. Porque esse problema já não foi resolvido?;1;1;0;0;0;0;1;0;0;0;0;0;0;0;0;0;0;0;0;1
811e5028-2178-4382-b8f8-ca6ce813fca1;otimo e facil de manusear.;5;0;1;0;0;0;0;1;0;0;0;0;0;0;0;0;0;0;0;0
c25bc681-2441-466c-aaee-4e6f74d90f49;ótimo;5;0;1;0;0;0;0;0;0;0;0;0;0;0;0;0;0;0;0;0
4755de3d-67d8-423f-9f46-fc88e45d6cc5;Muito bom;1;0;1;0;0;0;0;0;0;0;0;0;0;0;0;0;0;0;0;0
6efacc53-4a8a-4d76-85ed-7393e0a8d8da;Melhorou muito sem precisar ir na agência pra liberar o uso em novo dispositivo.;5;0;1;0;0;0;0;1;0;0;0;0;0;0;0;0;0;0;0;0
6104048d-9232-4d2a-9e60-0a1e58d400d6;Excelente;5;0;1;0;0;0;0;0;0;0;0;0;0;0;0;0;0;0;0;0
d3fe373f-8a5d-4966-aae0-02753a8c382b;Bom atendimento pessoas prestativas e rapidez no processo;5;0;1;0;0;0;0;0;0;0;0;1;0;0;0;0;0;0;0;0
556f54ae-2e59-4bb7-b366-428208a690ec;fácil!;5;0;1;0;0;0;0;1;0;0;0;0;0;0;0;0;0;0;0;0
26adfaf4-c307-4c23-937d-a1a6e426a156;Muito boa;5;0;1;0;0;0;0;0;0;0;0;0;0;0;0;0;0;0;0;0
dfbe1109-961e-45eb-aa73-787a40bd2ba2;ótimo atendimento;5;0;1;0;0;0;0;0;0;0;0;1;0;0;0;0;0;0;0;0
d024620c-f3e8-4744-a9da-8cd8e090c674;De junho a julho 2024 o aplicativo está com instabilidade ou seja não consigo entrar na maioria das vezes;4;1;0;0;0;0;1;0;0;0;0;0;0;0;0;0;0;0;0;0
aa45aa16-3b7d-4d3a-b570-b45b798649f5;ótimo;5;0;1;0;0;0;0;0;0;0;0;0;0;0;0;0;0;0;0;0
9e470f88-9a07-4bb0-b281-cb8f227934c0;esse banco e top e ajuda seus clientes;5;0;1;0;0;0;0;0;0;0;0;0;0;0;0;0;0;0;0;0
eab3b693-1d67-47d2-9edc-b25944487138;Gosto muito.mas as vezes está travando;5;1;0;0;0;0;1;0;0;0;0;0;0;0;0;0;0;0;0;0
36f5d1d1-7f3e-4b99-a4e4-011f2bd44e08;Muito ruim péssimo;1;1;0;0;0;0;0;0;0;0;0;0;0;0;0;0;0;0;0;0
b6f30192-c9bf-4003-8bb5-6008f2770f2e;sonho;5;0;1;0;0;0;0;0;0;0;0;0;0;0;0;0;0;0;0;0
fc4d906c-2649-4cb3-890d-99dd419059e1;maravilhoso;5;0;1;0;0;0;0;0;0;0;0;0;0;0;0;0;0;0;0;0
b5d20a2a-a5b2-4822-9ac1-0a122b7eb03a;muito cocota liberar o meu limite;5;1;0;0;0;0;0;0;1;0;0;0;0;0;0;0;0;0;0;0
ccbe1d95-287d-4439-a67e-05d7671147d0;Gostei fui muito bem atendido obrigado;5;0;1;0;0;0;0;0;0;0;0;1;0;0;0;0;0;0;0;0
6de5ae35-bbf5-421f-8806-468172fc0a5a;ok;5;0;0;1;0;0;0;0;0;0;0;0;0;0;0;0;0;0;0;0
d920e756-cf4b-4f92-948d-8c19868cb848;amei perfeito;5;0;1;0;0;0;0;0;0;0;0;0;0;0;0;0;0;0;0;0
6406de86-680d-4cc2-ab50-2d0a08161c76;Muito prático e fácil de usar!!!;5;0;1;0;0;0;0;1;0;0;0;0;0;0;0;0;0;0;0;0
0154729d-37ed-4a35-a1da-edb200e19c88;Otimo banco fisico e online;5;0;1;0;0;0;0;0;0;0;0;0;0;0;0;0;0;0;0;0
341ac181-bb71-4210-a7c5-931aeea07d31;Parabens;5;0;1;0;0;0;0;0;0;0;0;0;0;0;0;0;0;0;0;0
7cf01f6f-06f3-42d1-b5ab-53684f478145;nota 10;5;0;1;0;0;0;0;0;0;0;0;0;0;0;0;0;0;0;0;0
728ece28-18ff-4569-b585-a79da4d1fc8a;lento;4;1;0;0;0;0;1;0;0;0;0;0;0;0;0;0;0;0;0;0
7a45c40c-ab17-4bb5-a35e-ddb3f2c6bce3;gostei muito;5;0;1;0;0;0;0;0;0;0;0;0;0;0;0;0;0;0;0;0
e669f3c9-df30-42c7-baa3-9898c02deb27;Boa;4;0;1;0;0;0;0;0;0;0;0;0;0;0;0;0;0;0;0;0
d25db692-f771-48a9-8c07-c638dddc0f79;O aplicativo está fechando sozinho!;3;1;0;0;0;0;1;0;0;0;0;0;0;0;0;0;0;0;0;0
4111d4bc-b8cc-48d5-82c0-77523da5a12c;ótimo;5;0;1;0;0;0;0;0;0;0;0;0;0;0;0;0;0;0;0;0
fee48144-1126-4ac1-b296-10470d9befb3;Tem um bug que não consigo mais acessar meus investimentos;1;1;0;0;0;0;1;0;0;0;0;0;0;1;0;0;0;0;0;0
bd610719-95a9-4f14-8e4c-2fcf4cc72ff1;O Santander é uma conta boa mas em alguns aspectos deixa a desejar... tenho mais de 20 mil em investimento no Santander e até agora só me liberou o cartão sx com 830 reais de limite acho que vou mudar de banco talvez em outro consigo coisa melhor....mas ainda sim gosto do Santander ainda não sai de lá devido a isso....;1;1;0;0;0;0;0;0;1;0;0;0;0;1;0;0;0;0;0;0
6837ea71-29f2-4471-9898-92ea67eab427;aplicativo com deficiência travando muito;2;1;0;0;0;0;1;0;0;0;0;0;0;0;0;0;0;0;0;0
dc66901a-e664-4c85-b7ef-89d631821d93;muito bom;5;0;1;0;0;0;0;0;0;0;0;0;0;0;0;0;0;0;0;0
362bbb25-6078-4708-9d5c-970caaf73cae;Pede para colocar numero da conta corrente pois nao existe no cartão;1;1;0;0;0;1;0;0;0;0;0;0;1;0;0;0;0;0;0;0
0df18fb9-22b1-4b68-8aba-643414d27eaa;Prático e seguro;5;0;1;0;0;0;0;1;0;0;0;0;0;0;1;0;0;0;0;0
01729dd4-bef6-4302-8346-4cbb9cd2ef85;até agora tudo bem;5;0;1;0;0;0;0;1;0;0;0;0;0;0;0;0;0;0;0;0
9cb8a32d-3fa5-425e-94c2-e78a8a05b522;ótimo;5;0;1;0;0;0;0;0;0;0;0;0;0;0;0;0;0;0;0;0
a6979ef1-9eda-4de6-90de-0174c5ac58a0;A última atualização deixou o app péssimo. Não consigo acessar mais minha conta pelo app. Fica inviável continuar utilizando esse banco...;1;1;0;0;0;1;1;0;0;0;0;0;0;0;0;0;0;0;0;0
9e5d3588-d699-446a-8a3b-4c96230462d2;Aplicativo e uma disgraçar. Toda hora tem atualiza;1;1;0;0;0;0;1;0;0;0;0;0;0;0;0;0;0;0;0;0
013809fe-5566-47f1-afca-905ec62d6a3e;eficiência;5;0;1;0;0;0;0;0;0;0;0;0;0;0;0;0;0;0;0;0
da6a1462-2ea0-461c-b2c7-9bf661c56877;Que App Horrível Não Consigo entra para ter Acesso a Minha Conta.;1;1;0;0;0;1;0;0;0;0;0;0;0;0;0;0;0;0;0;0
8ac2e432-8f31-4dd7-83ba-68c15f4c51d6;funcionária que me atendeu foi super rápida e eficiente.;5;0;1;0;0;0;0;0;0;0;0;1;0;0;0;0;0;0;0;0
9ededf2f-c872-4e71-9de6-aa6f053729c4;excelente atendimento;5;0;1;0;0;0;0;0;0;0;0;1;0;0;0;0;0;0;0;0
1ced90ba-dcf6-4e2e-b873-553fcd4594a9;bom;5;0;1;0;0;0;0;0;0;0;0;0;0;0;0;0;0;0;0;0
2c4e10e1-fe51-47f9-8853-46d574964d38;excelente atendimento;5;0;1;0;0;0;0;0;0;0;0;1;0;0;0;0;0;0;0;0
de3de30e-64de-4109-b61f-dee346043274;Rapidez e eficiência;5;0;1;0;0;0;1;1;0;0;0;0;0;0;0;0;0;0;0;0
d6cb6cb0-365f-437a-877d-33d50f3f72fa;Estou ligando mas não atendem. A três meses não mandam fatura da minha renegociação até junho paguei com o código enviado por SMS mas julho ainda não mandaram e não atendem a ligação. Está muito bagunçado o atendimento renegociação Santander!;1;1;0;0;0;0;0;0;1;1;0;1;0;0;0;0;0;0;0;0
37c7f770-1038-49fe-8026-ffd4701c0531;Muito bom 👍;4;0;1;0;0;0;0;0;0;0;0;0;0;0;0;0;0;0;0;0
af2b1ceb-2ce1-46d0-a188-8ac202f09a2b;Boa.;1;0;1;0;0;0;0;0;0;0;0;0;0;0;0;0;0;0;0;0
92c7eb4f-1998-44c5-91db-50712a2745b9;top de linha;5;0;1;0;0;0;0;0;0;0;0;0;0;0;0;0;0;0;0;0
64a16f58-c469-4caf-8df5-507f929c0f9b;muito bom 😃;5;0;1;0;0;0;0;0;0;0;0;0;0;0;0;0;0;0;0;0
882c51bb-47b5-4d5f-8d35-f022969c513c;ótimo;5;0;1;0;0;0;0;0;0;0;0;0;0;0;0;0;0;0;0;0
a842869c-c96e-414e-928e-5aad9e97b5d5;App fácil e auto intuitivo.;5;0;1;0;0;0;0;1;0;0;0;0;0;0;0;0;0;0;0;0
c6a78ca5-3c50-4970-a9f8-52e2df29b735;Demora demais em tudo inclusivé para acessar a conta.;3;1;0;0;0;1;1;0;0;0;0;0;0;0;0;0;0;0;0;0
34351129-5bcd-4437-bdc4-505347676ef0;Otimo;5;0;1;0;0;0;0;0;0;0;0;0;0;0;0;0;0;0;0;0
ab7ee7c6-37ae-442b-b0bb-f5e3442f9745;Ruim;1;1;0;0;0;0;0;0;0;0;0;0;0;0;0;0;0;0;0;0
6e8b9c68-3686-418c-a5c2-22b9fd47d1bf;ótimo 😊;5;0;1;0;0;0;0;0;0;0;0;0;0;0;0;0;0;0;0;0
af5f0802-92d5-4a87-91bb-5cb92389b7c7;ótima;5;0;1;0;0;0;0;0;0;0;0;0;0;0;0;0;0;0;0;0
faa439d6-15c9-4684-8f86-60298f9bd399;muito bom eu recomendo;5;0;1;0;0;0;0;0;0;0;0;0;0;0;0;0;0;0;0;0
e2713486-09cb-4298-a3ea-5029bdbbad21;Porque o app nunca me notifica quando recebo pix?todas as opções de notificação estão ativadas,tanto no cel quanto no app,vem mensagem o dia todo oferecendo produtos,mas pra ver pix so acessando o app;5;1;0;0;1;0;0;0;0;0;0;0;0;0;0;1;0;0;0;0
93019381-c706-4c68-bc1a-a292f20b6fe8;Ótimo 5 estrelas;5;0;1;0;0;0;0;0;0;0;0;0;0;0;0;0;0;0;0;0
